<?xml version="1.0" encoding="UTF-8"?>
<gpx version="1.1" creator="phone" xmlns="http://www.topografix.com/GPX/1/1">
<trk><name>Steve</name><trkseg>
<trkpt lat="53.649357" lon="-3.011275"><time>2026-09-20T10:30:00Z</time></trkpt>
<trkpt lat="53.649370" lon="-3.011254"><time>2026-09-20T10:30:01Z</time></trkpt>
<trkpt lat="53.649371" lon="-3.011223"><time>2026-09-20T10:30:02Z</time></trkpt>
<trkpt lat="53.649378" lon="-3.011195"><time>2026-09-20T10:30:03Z</time></trkpt>
<trkpt lat="53.649387" lon="-3.011180"><time>2026-09-20T10:30:04Z</time></trkpt>
<trkpt lat="53.649397" lon="-3.011146"><time>2026-09-20T10:30:05Z</time></trkpt>
<trkpt lat="53.649403" lon="-3.011122"><time>2026-09-20T10:30:06Z</time></trkpt>
<trkpt lat="53.649407" lon="-3.011084"><time>2026-09-20T10:30:07Z</time></trkpt>
<trkpt lat="53.649412" lon="-3.011066"><time>2026-09-20T10:30:08Z</time></trkpt>
<trkpt lat="53.649426" lon="-3.011047"><time>2026-09-20T10:30:09Z</time></trkpt>
<trkpt lat="53.649430" lon="-3.011010"><time>2026-09-20T10:30:10Z</time></trkpt>
<trkpt lat="53.649439" lon="-3.010993"><time>2026-09-20T10:30:11Z</time></trkpt>
<trkpt lat="53.649438" lon="-3.010965"><time>2026-09-20T10:30:12Z</time></trkpt>
<trkpt lat="53.649447" lon="-3.010930"><time>2026-09-20T10:30:13Z</time></trkpt>
<trkpt lat="53.649453" lon="-3.010896"><time>2026-09-20T10:30:14Z</time></trkpt>
<trkpt lat="53.649464" lon="-3.010877"><time>2026-09-20T10:30:15Z</time></trkpt>
<trkpt lat="53.649468" lon="-3.010851"><time>2026-09-20T10:30:16Z</time></trkpt>
<trkpt lat="53.649475" lon="-3.010829"><time>2026-09-20T10:30:17Z</time></trkpt>
<trkpt lat="53.649483" lon="-3.010795"><time>2026-09-20T10:30:18Z</time></trkpt>
<trkpt lat="53.649486" lon="-3.010776"><time>2026-09-20T10:30:19Z</time></trkpt>
<trkpt lat="53.649494" lon="-3.010746"><time>2026-09-20T10:30:20Z</time></trkpt>
<trkpt lat="53.649504" lon="-3.010727"><time>2026-09-20T10:30:21Z</time></trkpt>
<trkpt lat="53.649511" lon="-3.010703"><time>2026-09-20T10:30:22Z</time></trkpt>
<trkpt lat="53.649514" lon="-3.010668"><time>2026-09-20T10:30:23Z</time></trkpt>
<trkpt lat="53.649524" lon="-3.010651"><time>2026-09-20T10:30:24Z</time></trkpt>
<trkpt lat="53.649524" lon="-3.010628"><time>2026-09-20T10:30:25Z</time></trkpt>
<trkpt lat="53.649528" lon="-3.010594"><time>2026-09-20T10:30:26Z</time></trkpt>
<trkpt lat="53.649534" lon="-3.010573"><time>2026-09-20T10:30:27Z</time></trkpt>
<trkpt lat="53.649548" lon="-3.010557"><time>2026-09-20T10:30:28Z</time></trkpt>
<trkpt lat="53.649547" lon="-3.010522"><time>2026-09-20T10:30:29Z</time></trkpt>
<trkpt lat="53.649559" lon="-3.010496"><time>2026-09-20T10:30:30Z</time></trkpt>
<trkpt lat="53.649564" lon="-3.010472"><time>2026-09-20T10:30:31Z</time></trkpt>
<trkpt lat="53.649566" lon="-3.010450"><time>2026-09-20T10:30:32Z</time></trkpt>
<trkpt lat="53.649577" lon="-3.010433"><time>2026-09-20T10:30:33Z</time></trkpt>
<trkpt lat="53.649585" lon="-3.010414"><time>2026-09-20T10:30:34Z</time></trkpt>
<trkpt lat="53.649582" lon="-3.010373"><time>2026-09-20T10:30:35Z</time></trkpt>
<trkpt lat="53.649594" lon="-3.010366"><time>2026-09-20T10:30:36Z</time></trkpt>
<trkpt lat="53.649598" lon="-3.010327"><time>2026-09-20T10:30:37Z</time></trkpt>
<trkpt lat="53.649602" lon="-3.010305"><time>2026-09-20T10:30:38Z</time></trkpt>
<trkpt lat="53.649608" lon="-3.010293"><time>2026-09-20T10:30:39Z</time></trkpt>
<trkpt lat="53.649619" lon="-3.010265"><time>2026-09-20T10:30:40Z</time></trkpt>
<trkpt lat="53.649622" lon="-3.010232"><time>2026-09-20T10:30:41Z</time></trkpt>
<trkpt lat="53.649630" lon="-3.010208"><time>2026-09-20T10:30:42Z</time></trkpt>
<trkpt lat="53.649635" lon="-3.010199"><time>2026-09-20T10:30:43Z</time></trkpt>
<trkpt lat="53.649637" lon="-3.010172"><time>2026-09-20T10:30:44Z</time></trkpt>
<trkpt lat="53.649644" lon="-3.010147"><time>2026-09-20T10:30:45Z</time></trkpt>
<trkpt lat="53.649656" lon="-3.010123"><time>2026-09-20T10:30:46Z</time></trkpt>
<trkpt lat="53.649656" lon="-3.010087"><time>2026-09-20T10:30:47Z</time></trkpt>
<trkpt lat="53.649661" lon="-3.010061"><time>2026-09-20T10:30:48Z</time></trkpt>
<trkpt lat="53.649665" lon="-3.010047"><time>2026-09-20T10:30:49Z</time></trkpt>
<trkpt lat="53.649680" lon="-3.010018"><time>2026-09-20T10:30:50Z</time></trkpt>
<trkpt lat="53.649685" lon="-3.009992"><time>2026-09-20T10:30:51Z</time></trkpt>
<trkpt lat="53.649691" lon="-3.009966"><time>2026-09-20T10:30:52Z</time></trkpt>
<trkpt lat="53.649693" lon="-3.009951"><time>2026-09-20T10:30:53Z</time></trkpt>
<trkpt lat="53.649697" lon="-3.009920"><time>2026-09-20T10:30:54Z</time></trkpt>
<trkpt lat="53.649707" lon="-3.009892"><time>2026-09-20T10:30:55Z</time></trkpt>
<trkpt lat="53.649712" lon="-3.009867"><time>2026-09-20T10:30:56Z</time></trkpt>
<trkpt lat="53.649723" lon="-3.009845"><time>2026-09-20T10:30:57Z</time></trkpt>
<trkpt lat="53.649728" lon="-3.009808"><time>2026-09-20T10:30:58Z</time></trkpt>
<trkpt lat="53.649736" lon="-3.009782"><time>2026-09-20T10:30:59Z</time></trkpt>
<trkpt lat="53.649747" lon="-3.009758"><time>2026-09-20T10:31:00Z</time></trkpt>
<trkpt lat="53.649754" lon="-3.009722"><time>2026-09-20T10:31:01Z</time></trkpt>
<trkpt lat="53.649757" lon="-3.009702"><time>2026-09-20T10:31:02Z</time></trkpt>
<trkpt lat="53.649766" lon="-3.009677"><time>2026-09-20T10:31:03Z</time></trkpt>
<trkpt lat="53.649765" lon="-3.009651"><time>2026-09-20T10:31:04Z</time></trkpt>
<trkpt lat="53.649777" lon="-3.009616"><time>2026-09-20T10:31:05Z</time></trkpt>
<trkpt lat="53.649789" lon="-3.009602"><time>2026-09-20T10:31:06Z</time></trkpt>
<trkpt lat="53.649794" lon="-3.009604"><time>2026-09-20T10:31:07Z</time></trkpt>
<trkpt lat="53.649804" lon="-3.009611"><time>2026-09-20T10:31:08Z</time></trkpt>
<trkpt lat="53.649814" lon="-3.009631"><time>2026-09-20T10:31:09Z</time></trkpt>
<trkpt lat="53.649824" lon="-3.009621"><time>2026-09-20T10:31:10Z</time></trkpt>
<trkpt lat="53.649838" lon="-3.009638"><time>2026-09-20T10:31:11Z</time></trkpt>
<trkpt lat="53.649856" lon="-3.009648"><time>2026-09-20T10:31:12Z</time></trkpt>
<trkpt lat="53.649875" lon="-3.009644"><time>2026-09-20T10:31:13Z</time></trkpt>
<trkpt lat="53.649888" lon="-3.009658"><time>2026-09-20T10:31:14Z</time></trkpt>
<trkpt lat="53.649901" lon="-3.009672"><time>2026-09-20T10:31:15Z</time></trkpt>
<trkpt lat="53.649925" lon="-3.009667"><time>2026-09-20T10:31:16Z</time></trkpt>
<trkpt lat="53.649937" lon="-3.009675"><time>2026-09-20T10:31:17Z</time></trkpt>
<trkpt lat="53.649946" lon="-3.009684"><time>2026-09-20T10:31:18Z</time></trkpt>
<trkpt lat="53.649964" lon="-3.009695"><time>2026-09-20T10:31:19Z</time></trkpt>
<trkpt lat="53.649979" lon="-3.009713"><time>2026-09-20T10:31:20Z</time></trkpt>
<trkpt lat="53.649996" lon="-3.009707"><time>2026-09-20T10:31:21Z</time></trkpt>
<trkpt lat="53.650017" lon="-3.009727"><time>2026-09-20T10:31:22Z</time></trkpt>
<trkpt lat="53.650023" lon="-3.009726"><time>2026-09-20T10:31:23Z</time></trkpt>
<trkpt lat="53.650045" lon="-3.009745"><time>2026-09-20T10:31:24Z</time></trkpt>
<trkpt lat="53.650063" lon="-3.009751"><time>2026-09-20T10:31:25Z</time></trkpt>
<trkpt lat="53.650071" lon="-3.009747"><time>2026-09-20T10:31:26Z</time></trkpt>
<trkpt lat="53.650085" lon="-3.009768"><time>2026-09-20T10:31:27Z</time></trkpt>
<trkpt lat="53.650104" lon="-3.009773"><time>2026-09-20T10:31:28Z</time></trkpt>
<trkpt lat="53.650113" lon="-3.009770"><time>2026-09-20T10:31:29Z</time></trkpt>
<trkpt lat="53.650128" lon="-3.009793"><time>2026-09-20T10:31:30Z</time></trkpt>
<trkpt lat="53.650141" lon="-3.009801"><time>2026-09-20T10:31:31Z</time></trkpt>
<trkpt lat="53.650160" lon="-3.009804"><time>2026-09-20T10:31:32Z</time></trkpt>
<trkpt lat="53.650175" lon="-3.009815"><time>2026-09-20T10:31:33Z</time></trkpt>
<trkpt lat="53.650191" lon="-3.009822"><time>2026-09-20T10:31:34Z</time></trkpt>
<trkpt lat="53.650206" lon="-3.009816"><time>2026-09-20T10:31:35Z</time></trkpt>
<trkpt lat="53.650213" lon="-3.009826"><time>2026-09-20T10:31:36Z</time></trkpt>
<trkpt lat="53.650231" lon="-3.009837"><time>2026-09-20T10:31:37Z</time></trkpt>
<trkpt lat="53.650243" lon="-3.009849"><time>2026-09-20T10:31:38Z</time></trkpt>
<trkpt lat="53.650265" lon="-3.009848"><time>2026-09-20T10:31:39Z</time></trkpt>
<trkpt lat="53.650275" lon="-3.009854"><time>2026-09-20T10:31:40Z</time></trkpt>
<trkpt lat="53.650290" lon="-3.009859"><time>2026-09-20T10:31:41Z</time></trkpt>
<trkpt lat="53.650311" lon="-3.009867"><time>2026-09-20T10:31:42Z</time></trkpt>
<trkpt lat="53.650326" lon="-3.009890"><time>2026-09-20T10:31:43Z</time></trkpt>
<trkpt lat="53.650339" lon="-3.009899"><time>2026-09-20T10:31:44Z</time></trkpt>
<trkpt lat="53.650349" lon="-3.009900"><time>2026-09-20T10:31:45Z</time></trkpt>
<trkpt lat="53.650372" lon="-3.009903"><time>2026-09-20T10:31:46Z</time></trkpt>
<trkpt lat="53.650378" lon="-3.009922"><time>2026-09-20T10:31:47Z</time></trkpt>
<trkpt lat="53.650399" lon="-3.009931"><time>2026-09-20T10:31:48Z</time></trkpt>
<trkpt lat="53.650413" lon="-3.009923"><time>2026-09-20T10:31:49Z</time></trkpt>
<trkpt lat="53.650433" lon="-3.009943"><time>2026-09-20T10:31:50Z</time></trkpt>
<trkpt lat="53.650449" lon="-3.009956"><time>2026-09-20T10:31:51Z</time></trkpt>
<trkpt lat="53.650461" lon="-3.009957"><time>2026-09-20T10:31:52Z</time></trkpt>
<trkpt lat="53.650483" lon="-3.009955"><time>2026-09-20T10:31:53Z</time></trkpt>
<trkpt lat="53.650491" lon="-3.009978"><time>2026-09-20T10:31:54Z</time></trkpt>
<trkpt lat="53.650510" lon="-3.009975"><time>2026-09-20T10:31:55Z</time></trkpt>
<trkpt lat="53.650525" lon="-3.009998"><time>2026-09-20T10:31:56Z</time></trkpt>
<trkpt lat="53.650540" lon="-3.010006"><time>2026-09-20T10:31:57Z</time></trkpt>
<trkpt lat="53.650563" lon="-3.010007"><time>2026-09-20T10:31:58Z</time></trkpt>
<trkpt lat="53.650575" lon="-3.010015"><time>2026-09-20T10:31:59Z</time></trkpt>
<trkpt lat="53.650594" lon="-3.010032"><time>2026-09-20T10:32:00Z</time></trkpt>
<trkpt lat="53.650611" lon="-3.010027"><time>2026-09-20T10:32:01Z</time></trkpt>
<trkpt lat="53.650626" lon="-3.010045"><time>2026-09-20T10:32:02Z</time></trkpt>
<trkpt lat="53.650646" lon="-3.010048"><time>2026-09-20T10:32:03Z</time></trkpt>
<trkpt lat="53.650665" lon="-3.010054"><time>2026-09-20T10:32:04Z</time></trkpt>
<trkpt lat="53.650681" lon="-3.010069"><time>2026-09-20T10:32:05Z</time></trkpt>
<trkpt lat="53.650696" lon="-3.010080"><time>2026-09-20T10:32:06Z</time></trkpt>
<trkpt lat="53.650713" lon="-3.010092"><time>2026-09-20T10:32:07Z</time></trkpt>
<trkpt lat="53.650722" lon="-3.010093"><time>2026-09-20T10:32:08Z</time></trkpt>
<trkpt lat="53.650744" lon="-3.010106"><time>2026-09-20T10:32:09Z</time></trkpt>
<trkpt lat="53.650760" lon="-3.010104"><time>2026-09-20T10:32:10Z</time></trkpt>
<trkpt lat="53.650775" lon="-3.010113"><time>2026-09-20T10:32:11Z</time></trkpt>
<trkpt lat="53.650797" lon="-3.010132"><time>2026-09-20T10:32:12Z</time></trkpt>
<trkpt lat="53.650805" lon="-3.010136"><time>2026-09-20T10:32:13Z</time></trkpt>
<trkpt lat="53.650819" lon="-3.010149"><time>2026-09-20T10:32:14Z</time></trkpt>
<trkpt lat="53.650843" lon="-3.010155"><time>2026-09-20T10:32:15Z</time></trkpt>
<trkpt lat="53.650849" lon="-3.010150"><time>2026-09-20T10:32:16Z</time></trkpt>
<trkpt lat="53.650871" lon="-3.010163"><time>2026-09-20T10:32:17Z</time></trkpt>
<trkpt lat="53.650889" lon="-3.010182"><time>2026-09-20T10:32:18Z</time></trkpt>
<trkpt lat="53.650902" lon="-3.010179"><time>2026-09-20T10:32:19Z</time></trkpt>
<trkpt lat="53.650918" lon="-3.010188"><time>2026-09-20T10:32:20Z</time></trkpt>
<trkpt lat="53.650925" lon="-3.010202"><time>2026-09-20T10:32:21Z</time></trkpt>
<trkpt lat="53.650948" lon="-3.010198"><time>2026-09-20T10:32:22Z</time></trkpt>
<trkpt lat="53.650964" lon="-3.010217"><time>2026-09-20T10:32:23Z</time></trkpt>
<trkpt lat="53.650976" lon="-3.010227"><time>2026-09-20T10:32:24Z</time></trkpt>
<trkpt lat="53.650990" lon="-3.010227"><time>2026-09-20T10:32:25Z</time></trkpt>
<trkpt lat="53.651008" lon="-3.010234"><time>2026-09-20T10:32:26Z</time></trkpt>
<trkpt lat="53.651022" lon="-3.010242"><time>2026-09-20T10:32:27Z</time></trkpt>
<trkpt lat="53.651028" lon="-3.010241"><time>2026-09-20T10:32:28Z</time></trkpt>
<trkpt lat="53.651046" lon="-3.010260"><time>2026-09-20T10:32:29Z</time></trkpt>
<trkpt lat="53.651062" lon="-3.010260"><time>2026-09-20T10:32:30Z</time></trkpt>
<trkpt lat="53.651080" lon="-3.010272"><time>2026-09-20T10:32:31Z</time></trkpt>
<trkpt lat="53.651088" lon="-3.010283"><time>2026-09-20T10:32:32Z</time></trkpt>
<trkpt lat="53.651104" lon="-3.010286"><time>2026-09-20T10:32:33Z</time></trkpt>
<trkpt lat="53.651125" lon="-3.010299"><time>2026-09-20T10:32:34Z</time></trkpt>
<trkpt lat="53.651137" lon="-3.010307"><time>2026-09-20T10:32:35Z</time></trkpt>
<trkpt lat="53.651152" lon="-3.010307"><time>2026-09-20T10:32:36Z</time></trkpt>
<trkpt lat="53.651170" lon="-3.010326"><time>2026-09-20T10:32:37Z</time></trkpt>
<trkpt lat="53.651179" lon="-3.010331"><time>2026-09-20T10:32:38Z</time></trkpt>
<trkpt lat="53.651193" lon="-3.010333"><time>2026-09-20T10:32:39Z</time></trkpt>
<trkpt lat="53.651208" lon="-3.010336"><time>2026-09-20T10:32:40Z</time></trkpt>
<trkpt lat="53.651225" lon="-3.010356"><time>2026-09-20T10:32:41Z</time></trkpt>
<trkpt lat="53.651242" lon="-3.010348"><time>2026-09-20T10:32:42Z</time></trkpt>
<trkpt lat="53.651253" lon="-3.010363"><time>2026-09-20T10:32:43Z</time></trkpt>
<trkpt lat="53.651269" lon="-3.010372"><time>2026-09-20T10:32:44Z</time></trkpt>
<trkpt lat="53.651290" lon="-3.010373"><time>2026-09-20T10:32:45Z</time></trkpt>
<trkpt lat="53.651303" lon="-3.010383"><time>2026-09-20T10:32:46Z</time></trkpt>
<trkpt lat="53.651318" lon="-3.010400"><time>2026-09-20T10:32:47Z</time></trkpt>
<trkpt lat="53.651329" lon="-3.010380"><time>2026-09-20T10:32:48Z</time></trkpt>
<trkpt lat="53.651326" lon="-3.010370"><time>2026-09-20T10:32:49Z</time></trkpt>
<trkpt lat="53.651335" lon="-3.010359"><time>2026-09-20T10:32:50Z</time></trkpt>
<trkpt lat="53.651336" lon="-3.010332"><time>2026-09-20T10:32:51Z</time></trkpt>
<trkpt lat="53.651348" lon="-3.010307"><time>2026-09-20T10:32:52Z</time></trkpt>
<trkpt lat="53.651353" lon="-3.010285"><time>2026-09-20T10:32:53Z</time></trkpt>
<trkpt lat="53.651353" lon="-3.010270"><time>2026-09-20T10:32:54Z</time></trkpt>
<trkpt lat="53.651363" lon="-3.010236"><time>2026-09-20T10:32:55Z</time></trkpt>
<trkpt lat="53.651372" lon="-3.010217"><time>2026-09-20T10:32:56Z</time></trkpt>
<trkpt lat="53.651378" lon="-3.010189"><time>2026-09-20T10:32:57Z</time></trkpt>
<trkpt lat="53.651380" lon="-3.010153"><time>2026-09-20T10:32:58Z</time></trkpt>
<trkpt lat="53.651387" lon="-3.010128"><time>2026-09-20T10:32:59Z</time></trkpt>
<trkpt lat="53.651401" lon="-3.010100"><time>2026-09-20T10:33:00Z</time></trkpt>
<trkpt lat="53.651403" lon="-3.010084"><time>2026-09-20T10:33:01Z</time></trkpt>
<trkpt lat="53.651406" lon="-3.010059"><time>2026-09-20T10:33:02Z</time></trkpt>
<trkpt lat="53.651417" lon="-3.010027"><time>2026-09-20T10:33:03Z</time></trkpt>
<trkpt lat="53.651419" lon="-3.010000"><time>2026-09-20T10:33:04Z</time></trkpt>
<trkpt lat="53.651431" lon="-3.009978"><time>2026-09-20T10:33:05Z</time></trkpt>
<trkpt lat="53.651434" lon="-3.009947"><time>2026-09-20T10:33:06Z</time></trkpt>
<trkpt lat="53.651444" lon="-3.009913"><time>2026-09-20T10:33:07Z</time></trkpt>
<trkpt lat="53.651454" lon="-3.009896"><time>2026-09-20T10:33:08Z</time></trkpt>
<trkpt lat="53.651455" lon="-3.009871"><time>2026-09-20T10:33:09Z</time></trkpt>
<trkpt lat="53.651468" lon="-3.009837"><time>2026-09-20T10:33:10Z</time></trkpt>
<trkpt lat="53.651468" lon="-3.009820"><time>2026-09-20T10:33:11Z</time></trkpt>
<trkpt lat="53.651481" lon="-3.009798"><time>2026-09-20T10:33:12Z</time></trkpt>
<trkpt lat="53.651487" lon="-3.009761"><time>2026-09-20T10:33:13Z</time></trkpt>
<trkpt lat="53.651490" lon="-3.009747"><time>2026-09-20T10:33:14Z</time></trkpt>
<trkpt lat="53.651496" lon="-3.009718"><time>2026-09-20T10:33:15Z</time></trkpt>
<trkpt lat="53.651500" lon="-3.009694"><time>2026-09-20T10:33:16Z</time></trkpt>
<trkpt lat="53.651505" lon="-3.009672"><time>2026-09-20T10:33:17Z</time></trkpt>
<trkpt lat="53.651519" lon="-3.009649"><time>2026-09-20T10:33:18Z</time></trkpt>
<trkpt lat="53.651521" lon="-3.009610"><time>2026-09-20T10:33:19Z</time></trkpt>
<trkpt lat="53.651521" lon="-3.009596"><time>2026-09-20T10:33:20Z</time></trkpt>
<trkpt lat="53.651534" lon="-3.009563"><time>2026-09-20T10:33:21Z</time></trkpt>
<trkpt lat="53.651532" lon="-3.009549"><time>2026-09-20T10:33:22Z</time></trkpt>
<trkpt lat="53.651547" lon="-3.009521"><time>2026-09-20T10:33:23Z</time></trkpt>
<trkpt lat="53.651549" lon="-3.009495"><time>2026-09-20T10:33:24Z</time></trkpt>
<trkpt lat="53.651555" lon="-3.009467"><time>2026-09-20T10:33:25Z</time></trkpt>
<trkpt lat="53.651566" lon="-3.009459"><time>2026-09-20T10:33:26Z</time></trkpt>
<trkpt lat="53.651569" lon="-3.009430"><time>2026-09-20T10:33:27Z</time></trkpt>
<trkpt lat="53.651570" lon="-3.009403"><time>2026-09-20T10:33:28Z</time></trkpt>
<trkpt lat="53.651583" lon="-3.009376"><time>2026-09-20T10:33:29Z</time></trkpt>
<trkpt lat="53.651590" lon="-3.009363"><time>2026-09-20T10:33:30Z</time></trkpt>
<trkpt lat="53.651593" lon="-3.009327"><time>2026-09-20T10:33:31Z</time></trkpt>
<trkpt lat="53.651599" lon="-3.009317"><time>2026-09-20T10:33:32Z</time></trkpt>
<trkpt lat="53.651599" lon="-3.009280"><time>2026-09-20T10:33:33Z</time></trkpt>
<trkpt lat="53.651607" lon="-3.009261"><time>2026-09-20T10:33:34Z</time></trkpt>
<trkpt lat="53.651616" lon="-3.009241"><time>2026-09-20T10:33:35Z</time></trkpt>
<trkpt lat="53.651618" lon="-3.009220"><time>2026-09-20T10:33:36Z</time></trkpt>
<trkpt lat="53.651631" lon="-3.009183"><time>2026-09-20T10:33:37Z</time></trkpt>
<trkpt lat="53.651634" lon="-3.009173"><time>2026-09-20T10:33:38Z</time></trkpt>
<trkpt lat="53.651644" lon="-3.009143"><time>2026-09-20T10:33:39Z</time></trkpt>
<trkpt lat="53.651645" lon="-3.009109"><time>2026-09-20T10:33:40Z</time></trkpt>
<trkpt lat="53.651658" lon="-3.009088"><time>2026-09-20T10:33:41Z</time></trkpt>
<trkpt lat="53.651655" lon="-3.009071"><time>2026-09-20T10:33:42Z</time></trkpt>
<trkpt lat="53.651661" lon="-3.009046"><time>2026-09-20T10:33:43Z</time></trkpt>
<trkpt lat="53.651672" lon="-3.009004"><time>2026-09-20T10:33:44Z</time></trkpt>
<trkpt lat="53.651676" lon="-3.008978"><time>2026-09-20T10:33:45Z</time></trkpt>
<trkpt lat="53.651689" lon="-3.008964"><time>2026-09-20T10:33:46Z</time></trkpt>
<trkpt lat="53.651689" lon="-3.008928"><time>2026-09-20T10:33:47Z</time></trkpt>
<trkpt lat="53.651697" lon="-3.008902"><time>2026-09-20T10:33:48Z</time></trkpt>
<trkpt lat="53.651704" lon="-3.008869"><time>2026-09-20T10:33:49Z</time></trkpt>
<trkpt lat="53.651717" lon="-3.008842"><time>2026-09-20T10:33:50Z</time></trkpt>
<trkpt lat="53.651716" lon="-3.008832"><time>2026-09-20T10:33:51Z</time></trkpt>
<trkpt lat="53.651731" lon="-3.008804"><time>2026-09-20T10:33:52Z</time></trkpt>
<trkpt lat="53.651733" lon="-3.008771"><time>2026-09-20T10:33:53Z</time></trkpt>
<trkpt lat="53.651736" lon="-3.008742"><time>2026-09-20T10:33:54Z</time></trkpt>
<trkpt lat="53.651749" lon="-3.008719"><time>2026-09-20T10:33:55Z</time></trkpt>
<trkpt lat="53.651753" lon="-3.008692"><time>2026-09-20T10:33:56Z</time></trkpt>
<trkpt lat="53.651760" lon="-3.008665"><time>2026-09-20T10:33:57Z</time></trkpt>
<trkpt lat="53.651769" lon="-3.008644"><time>2026-09-20T10:33:58Z</time></trkpt>
<trkpt lat="53.651774" lon="-3.008608"><time>2026-09-20T10:33:59Z</time></trkpt>
<trkpt lat="53.651779" lon="-3.008578"><time>2026-09-20T10:34:00Z</time></trkpt>
<trkpt lat="53.651785" lon="-3.008546"><time>2026-09-20T10:34:01Z</time></trkpt>
<trkpt lat="53.651799" lon="-3.008521"><time>2026-09-20T10:34:02Z</time></trkpt>
<trkpt lat="53.651795" lon="-3.008501"><time>2026-09-20T10:34:03Z</time></trkpt>
<trkpt lat="53.651803" lon="-3.008478"><time>2026-09-20T10:34:04Z</time></trkpt>
<trkpt lat="53.651817" lon="-3.008441"><time>2026-09-20T10:34:05Z</time></trkpt>
<trkpt lat="53.651818" lon="-3.008432"><time>2026-09-20T10:34:06Z</time></trkpt>
<trkpt lat="53.651831" lon="-3.008398"><time>2026-09-20T10:34:07Z</time></trkpt>
<trkpt lat="53.651828" lon="-3.008370"><time>2026-09-20T10:34:08Z</time></trkpt>
<trkpt lat="53.651838" lon="-3.008354"><time>2026-09-20T10:34:09Z</time></trkpt>
<trkpt lat="53.651846" lon="-3.008325"><time>2026-09-20T10:34:10Z</time></trkpt>
<trkpt lat="53.651855" lon="-3.008307"><time>2026-09-20T10:34:11Z</time></trkpt>
<trkpt lat="53.651853" lon="-3.008268"><time>2026-09-20T10:34:12Z</time></trkpt>
<trkpt lat="53.651868" lon="-3.008243"><time>2026-09-20T10:34:13Z</time></trkpt>
<trkpt lat="53.651866" lon="-3.008227"><time>2026-09-20T10:34:14Z</time></trkpt>
<trkpt lat="53.651874" lon="-3.008195"><time>2026-09-20T10:34:15Z</time></trkpt>
<trkpt lat="53.651886" lon="-3.008171"><time>2026-09-20T10:34:16Z</time></trkpt>
<trkpt lat="53.651885" lon="-3.008150"><time>2026-09-20T10:34:17Z</time></trkpt>
<trkpt lat="53.651897" lon="-3.008135"><time>2026-09-20T10:34:18Z</time></trkpt>
<trkpt lat="53.651896" lon="-3.008100"><time>2026-09-20T10:34:19Z</time></trkpt>
<trkpt lat="53.651910" lon="-3.008079"><time>2026-09-20T10:34:20Z</time></trkpt>
<trkpt lat="53.651910" lon="-3.008058"><time>2026-09-20T10:34:21Z</time></trkpt>
<trkpt lat="53.651917" lon="-3.008032"><time>2026-09-20T10:34:22Z</time></trkpt>
<trkpt lat="53.651922" lon="-3.008003"><time>2026-09-20T10:34:23Z</time></trkpt>
<trkpt lat="53.651931" lon="-3.007996"><time>2026-09-20T10:34:24Z</time></trkpt>
<trkpt lat="53.651941" lon="-3.007967"><time>2026-09-20T10:34:25Z</time></trkpt>
<trkpt lat="53.651940" lon="-3.007937"><time>2026-09-20T10:34:26Z</time></trkpt>
<trkpt lat="53.651952" lon="-3.007922"><time>2026-09-20T10:34:27Z</time></trkpt>
<trkpt lat="53.651949" lon="-3.007900"><time>2026-09-20T10:34:28Z</time></trkpt>
<trkpt lat="53.651964" lon="-3.007907"><time>2026-09-20T10:34:29Z</time></trkpt>
<trkpt lat="53.651970" lon="-3.007902"><time>2026-09-20T10:34:30Z</time></trkpt>
<trkpt lat="53.651984" lon="-3.007913"><time>2026-09-20T10:34:31Z</time></trkpt>
<trkpt lat="53.651990" lon="-3.007914"><time>2026-09-20T10:34:32Z</time></trkpt>
<trkpt lat="53.652000" lon="-3.007916"><time>2026-09-20T10:34:33Z</time></trkpt>
<trkpt lat="53.652022" lon="-3.007932"><time>2026-09-20T10:34:34Z</time></trkpt>
<trkpt lat="53.652033" lon="-3.007942"><time>2026-09-20T10:34:35Z</time></trkpt>
<trkpt lat="53.652045" lon="-3.007950"><time>2026-09-20T10:34:36Z</time></trkpt>
<trkpt lat="53.652061" lon="-3.007953"><time>2026-09-20T10:34:37Z</time></trkpt>
<trkpt lat="53.652084" lon="-3.007960"><time>2026-09-20T10:34:38Z</time></trkpt>
<trkpt lat="53.652100" lon="-3.007960"><time>2026-09-20T10:34:39Z</time></trkpt>
<trkpt lat="53.652115" lon="-3.007977"><time>2026-09-20T10:34:40Z</time></trkpt>
<trkpt lat="53.652131" lon="-3.007982"><time>2026-09-20T10:34:41Z</time></trkpt>
<trkpt lat="53.652143" lon="-3.008001"><time>2026-09-20T10:34:42Z</time></trkpt>
<trkpt lat="53.652165" lon="-3.007999"><time>2026-09-20T10:34:43Z</time></trkpt>
<trkpt lat="53.652180" lon="-3.008007"><time>2026-09-20T10:34:44Z</time></trkpt>
<trkpt lat="53.652195" lon="-3.008018"><time>2026-09-20T10:34:45Z</time></trkpt>
<trkpt lat="53.652213" lon="-3.008029"><time>2026-09-20T10:34:46Z</time></trkpt>
<trkpt lat="53.652225" lon="-3.008037"><time>2026-09-20T10:34:47Z</time></trkpt>
<trkpt lat="53.652248" lon="-3.008052"><time>2026-09-20T10:34:48Z</time></trkpt>
<trkpt lat="53.652256" lon="-3.008056"><time>2026-09-20T10:34:49Z</time></trkpt>
<trkpt lat="53.652279" lon="-3.008064"><time>2026-09-20T10:34:50Z</time></trkpt>
<trkpt lat="53.652288" lon="-3.008066"><time>2026-09-20T10:34:51Z</time></trkpt>
<trkpt lat="53.652306" lon="-3.008088"><time>2026-09-20T10:34:52Z</time></trkpt>
<trkpt lat="53.652324" lon="-3.008090"><time>2026-09-20T10:34:53Z</time></trkpt>
<trkpt lat="53.652340" lon="-3.008090"><time>2026-09-20T10:34:54Z</time></trkpt>
<trkpt lat="53.652362" lon="-3.008103"><time>2026-09-20T10:34:55Z</time></trkpt>
<trkpt lat="53.652374" lon="-3.008120"><time>2026-09-20T10:34:56Z</time></trkpt>
<trkpt lat="53.652393" lon="-3.008113"><time>2026-09-20T10:34:57Z</time></trkpt>
<trkpt lat="53.652406" lon="-3.008123"><time>2026-09-20T10:34:58Z</time></trkpt>
<trkpt lat="53.652423" lon="-3.008145"><time>2026-09-20T10:34:59Z</time></trkpt>
<trkpt lat="53.652442" lon="-3.008146"><time>2026-09-20T10:35:00Z</time></trkpt>
<trkpt lat="53.652457" lon="-3.008162"><time>2026-09-20T10:35:01Z</time></trkpt>
<trkpt lat="53.652472" lon="-3.008171"><time>2026-09-20T10:35:02Z</time></trkpt>
<trkpt lat="53.652491" lon="-3.008177"><time>2026-09-20T10:35:03Z</time></trkpt>
<trkpt lat="53.652508" lon="-3.008185"><time>2026-09-20T10:35:04Z</time></trkpt>
<trkpt lat="53.652519" lon="-3.008183"><time>2026-09-20T10:35:05Z</time></trkpt>
<trkpt lat="53.652536" lon="-3.008196"><time>2026-09-20T10:35:06Z</time></trkpt>
<trkpt lat="53.652554" lon="-3.008208"><time>2026-09-20T10:35:07Z</time></trkpt>
<trkpt lat="53.652564" lon="-3.008212"><time>2026-09-20T10:35:08Z</time></trkpt>
<trkpt lat="53.652583" lon="-3.008225"><time>2026-09-20T10:35:09Z</time></trkpt>
<trkpt lat="53.652592" lon="-3.008224"><time>2026-09-20T10:35:10Z</time></trkpt>
<trkpt lat="53.652610" lon="-3.008240"><time>2026-09-20T10:35:11Z</time></trkpt>
<trkpt lat="53.652627" lon="-3.008247"><time>2026-09-20T10:35:12Z</time></trkpt>
<trkpt lat="53.652643" lon="-3.008247"><time>2026-09-20T10:35:13Z</time></trkpt>
<trkpt lat="53.652653" lon="-3.008249"><time>2026-09-20T10:35:14Z</time></trkpt>
<trkpt lat="53.652670" lon="-3.008259"><time>2026-09-20T10:35:15Z</time></trkpt>
<trkpt lat="53.652688" lon="-3.008275"><time>2026-09-20T10:35:16Z</time></trkpt>
<trkpt lat="53.652700" lon="-3.008274"><time>2026-09-20T10:35:17Z</time></trkpt>
<trkpt lat="53.652716" lon="-3.008289"><time>2026-09-20T10:35:18Z</time></trkpt>
<trkpt lat="53.652725" lon="-3.008302"><time>2026-09-20T10:35:19Z</time></trkpt>
<trkpt lat="53.652740" lon="-3.008294"><time>2026-09-20T10:35:20Z</time></trkpt>
<trkpt lat="53.652752" lon="-3.008301"><time>2026-09-20T10:35:21Z</time></trkpt>
<trkpt lat="53.652774" lon="-3.008315"><time>2026-09-20T10:35:22Z</time></trkpt>
<trkpt lat="53.652788" lon="-3.008325"><time>2026-09-20T10:35:23Z</time></trkpt>
<trkpt lat="53.652801" lon="-3.008339"><time>2026-09-20T10:35:24Z</time></trkpt>
<trkpt lat="53.652816" lon="-3.008345"><time>2026-09-20T10:35:25Z</time></trkpt>
<trkpt lat="53.652828" lon="-3.008341"><time>2026-09-20T10:35:26Z</time></trkpt>
<trkpt lat="53.652849" lon="-3.008362"><time>2026-09-20T10:35:27Z</time></trkpt>
<trkpt lat="53.652860" lon="-3.008370"><time>2026-09-20T10:35:28Z</time></trkpt>
<trkpt lat="53.652877" lon="-3.008376"><time>2026-09-20T10:35:29Z</time></trkpt>
<trkpt lat="53.652889" lon="-3.008384"><time>2026-09-20T10:35:30Z</time></trkpt>
<trkpt lat="53.652905" lon="-3.008386"><time>2026-09-20T10:35:31Z</time></trkpt>
<trkpt lat="53.652917" lon="-3.008403"><time>2026-09-20T10:35:32Z</time></trkpt>
<trkpt lat="53.652933" lon="-3.008394"><time>2026-09-20T10:35:33Z</time></trkpt>
<trkpt lat="53.652953" lon="-3.008407"><time>2026-09-20T10:35:34Z</time></trkpt>
<trkpt lat="53.652969" lon="-3.008423"><time>2026-09-20T10:35:35Z</time></trkpt>
<trkpt lat="53.652986" lon="-3.008426"><time>2026-09-20T10:35:36Z</time></trkpt>
<trkpt lat="53.652996" lon="-3.008441"><time>2026-09-20T10:35:37Z</time></trkpt>
<trkpt lat="53.653011" lon="-3.008444"><time>2026-09-20T10:35:38Z</time></trkpt>
<trkpt lat="53.653032" lon="-3.008448"><time>2026-09-20T10:35:39Z</time></trkpt>
<trkpt lat="53.653049" lon="-3.008469"><time>2026-09-20T10:35:40Z</time></trkpt>
<trkpt lat="53.653065" lon="-3.008464"><time>2026-09-20T10:35:41Z</time></trkpt>
<trkpt lat="53.653080" lon="-3.008482"><time>2026-09-20T10:35:42Z</time></trkpt>
<trkpt lat="53.653102" lon="-3.008492"><time>2026-09-20T10:35:43Z</time></trkpt>
<trkpt lat="53.653111" lon="-3.008491"><time>2026-09-20T10:35:44Z</time></trkpt>
<trkpt lat="53.653128" lon="-3.008500"><time>2026-09-20T10:35:45Z</time></trkpt>
<trkpt lat="53.653146" lon="-3.008479"><time>2026-09-20T10:35:46Z</time></trkpt>
<trkpt lat="53.653149" lon="-3.008440"><time>2026-09-20T10:35:47Z</time></trkpt>
<trkpt lat="53.653157" lon="-3.008410"><time>2026-09-20T10:35:48Z</time></trkpt>
<trkpt lat="53.653169" lon="-3.008366"><time>2026-09-20T10:35:49Z</time></trkpt>
<trkpt lat="53.653180" lon="-3.008331"><time>2026-09-20T10:35:50Z</time></trkpt>
<trkpt lat="53.653187" lon="-3.008284"><time>2026-09-20T10:35:51Z</time></trkpt>
<trkpt lat="53.653201" lon="-3.008259"><time>2026-09-20T10:35:52Z</time></trkpt>
<trkpt lat="53.653215" lon="-3.008206"><time>2026-09-20T10:35:53Z</time></trkpt>
<trkpt lat="53.653221" lon="-3.008170"><time>2026-09-20T10:35:54Z</time></trkpt>
<trkpt lat="53.653228" lon="-3.008147"><time>2026-09-20T10:35:55Z</time></trkpt>
<trkpt lat="53.653233" lon="-3.008108"><time>2026-09-20T10:35:56Z</time></trkpt>
<trkpt lat="53.653249" lon="-3.008058"><time>2026-09-20T10:35:57Z</time></trkpt>
<trkpt lat="53.653254" lon="-3.008029"><time>2026-09-20T10:35:58Z</time></trkpt>
<trkpt lat="53.653264" lon="-3.007998"><time>2026-09-20T10:35:59Z</time></trkpt>
<trkpt lat="53.653269" lon="-3.007958"><time>2026-09-20T10:36:00Z</time></trkpt>
<trkpt lat="53.653287" lon="-3.007921"><time>2026-09-20T10:36:01Z</time></trkpt>
<trkpt lat="53.653289" lon="-3.007879"><time>2026-09-20T10:36:02Z</time></trkpt>
<trkpt lat="53.653298" lon="-3.007858"><time>2026-09-20T10:36:03Z</time></trkpt>
<trkpt lat="53.653310" lon="-3.007824"><time>2026-09-20T10:36:04Z</time></trkpt>
<trkpt lat="53.653312" lon="-3.007791"><time>2026-09-20T10:36:05Z</time></trkpt>
<trkpt lat="53.653289" lon="-3.007800"><time>2026-09-20T10:36:06Z</time></trkpt>
<trkpt lat="53.653273" lon="-3.007791"><time>2026-09-20T10:36:07Z</time></trkpt>
<trkpt lat="53.653258" lon="-3.007804"><time>2026-09-20T10:36:08Z</time></trkpt>
<trkpt lat="53.653238" lon="-3.007807"><time>2026-09-20T10:36:09Z</time></trkpt>
<trkpt lat="53.653221" lon="-3.007809"><time>2026-09-20T10:36:10Z</time></trkpt>
<trkpt lat="53.653197" lon="-3.007798"><time>2026-09-20T10:36:11Z</time></trkpt>
<trkpt lat="53.653184" lon="-3.007815"><time>2026-09-20T10:36:12Z</time></trkpt>
<trkpt lat="53.653160" lon="-3.007812"><time>2026-09-20T10:36:13Z</time></trkpt>
<trkpt lat="53.653145" lon="-3.007806"><time>2026-09-20T10:36:14Z</time></trkpt>
<trkpt lat="53.653130" lon="-3.007820"><time>2026-09-20T10:36:15Z</time></trkpt>
<trkpt lat="53.653112" lon="-3.007805"><time>2026-09-20T10:36:16Z</time></trkpt>
<trkpt lat="53.653091" lon="-3.007815"><time>2026-09-20T10:36:17Z</time></trkpt>
<trkpt lat="53.653077" lon="-3.007818"><time>2026-09-20T10:36:18Z</time></trkpt>
<trkpt lat="53.653063" lon="-3.007816"><time>2026-09-20T10:36:19Z</time></trkpt>
<trkpt lat="53.653037" lon="-3.007818"><time>2026-09-20T10:36:20Z</time></trkpt>
<trkpt lat="53.653018" lon="-3.007814"><time>2026-09-20T10:36:21Z</time></trkpt>
<trkpt lat="53.653006" lon="-3.007821"><time>2026-09-20T10:36:22Z</time></trkpt>
<trkpt lat="53.652989" lon="-3.007818"><time>2026-09-20T10:36:23Z</time></trkpt>
<trkpt lat="53.652965" lon="-3.007833"><time>2026-09-20T10:36:24Z</time></trkpt>
<trkpt lat="53.652950" lon="-3.007832"><time>2026-09-20T10:36:25Z</time></trkpt>
<trkpt lat="53.652929" lon="-3.007829"><time>2026-09-20T10:36:26Z</time></trkpt>
<trkpt lat="53.652917" lon="-3.007825"><time>2026-09-20T10:36:27Z</time></trkpt>
<trkpt lat="53.652894" lon="-3.007830"><time>2026-09-20T10:36:28Z</time></trkpt>
<trkpt lat="53.652879" lon="-3.007827"><time>2026-09-20T10:36:29Z</time></trkpt>
<trkpt lat="53.652861" lon="-3.007842"><time>2026-09-20T10:36:30Z</time></trkpt>
<trkpt lat="53.652841" lon="-3.007844"><time>2026-09-20T10:36:31Z</time></trkpt>
<trkpt lat="53.652820" lon="-3.007831"><time>2026-09-20T10:36:32Z</time></trkpt>
<trkpt lat="53.652800" lon="-3.007847"><time>2026-09-20T10:36:33Z</time></trkpt>
<trkpt lat="53.652777" lon="-3.007844"><time>2026-09-20T10:36:34Z</time></trkpt>
<trkpt lat="53.652766" lon="-3.007838"><time>2026-09-20T10:36:35Z</time></trkpt>
<trkpt lat="53.652742" lon="-3.007837"><time>2026-09-20T10:36:36Z</time></trkpt>
<trkpt lat="53.652717" lon="-3.007845"><time>2026-09-20T10:36:37Z</time></trkpt>
<trkpt lat="53.652707" lon="-3.007850"><time>2026-09-20T10:36:38Z</time></trkpt>
<trkpt lat="53.652684" lon="-3.007857"><time>2026-09-20T10:36:39Z</time></trkpt>
<trkpt lat="53.652658" lon="-3.007856"><time>2026-09-20T10:36:40Z</time></trkpt>
<trkpt lat="53.652645" lon="-3.007855"><time>2026-09-20T10:36:41Z</time></trkpt>
<trkpt lat="53.652619" lon="-3.007861"><time>2026-09-20T10:36:42Z</time></trkpt>
<trkpt lat="53.652598" lon="-3.007849"><time>2026-09-20T10:36:43Z</time></trkpt>
<trkpt lat="53.652582" lon="-3.007868"><time>2026-09-20T10:36:44Z</time></trkpt>
<trkpt lat="53.652558" lon="-3.007856"><time>2026-09-20T10:36:45Z</time></trkpt>
<trkpt lat="53.652539" lon="-3.007858"><time>2026-09-20T10:36:46Z</time></trkpt>
<trkpt lat="53.652525" lon="-3.007863"><time>2026-09-20T10:36:47Z</time></trkpt>
<trkpt lat="53.652498" lon="-3.007868"><time>2026-09-20T10:36:48Z</time></trkpt>
<trkpt lat="53.652480" lon="-3.007860"><time>2026-09-20T10:36:49Z</time></trkpt>
<trkpt lat="53.652463" lon="-3.007861"><time>2026-09-20T10:36:50Z</time></trkpt>
<trkpt lat="53.652437" lon="-3.007867"><time>2026-09-20T10:36:51Z</time></trkpt>
<trkpt lat="53.652418" lon="-3.007870"><time>2026-09-20T10:36:52Z</time></trkpt>
<trkpt lat="53.652403" lon="-3.007884"><time>2026-09-20T10:36:53Z</time></trkpt>
<trkpt lat="53.652380" lon="-3.007886"><time>2026-09-20T10:36:54Z</time></trkpt>
<trkpt lat="53.652368" lon="-3.007883"><time>2026-09-20T10:36:55Z</time></trkpt>
<trkpt lat="53.652348" lon="-3.007886"><time>2026-09-20T10:36:56Z</time></trkpt>
<trkpt lat="53.652326" lon="-3.007875"><time>2026-09-20T10:36:57Z</time></trkpt>
<trkpt lat="53.652302" lon="-3.007876"><time>2026-09-20T10:36:58Z</time></trkpt>
<trkpt lat="53.652287" lon="-3.007888"><time>2026-09-20T10:36:59Z</time></trkpt>
<trkpt lat="53.652265" lon="-3.007885"><time>2026-09-20T10:37:00Z</time></trkpt>
<trkpt lat="53.652254" lon="-3.007894"><time>2026-09-20T10:37:01Z</time></trkpt>
<trkpt lat="53.652228" lon="-3.007886"><time>2026-09-20T10:37:02Z</time></trkpt>
<trkpt lat="53.652216" lon="-3.007898"><time>2026-09-20T10:37:03Z</time></trkpt>
<trkpt lat="53.652196" lon="-3.007886"><time>2026-09-20T10:37:04Z</time></trkpt>
<trkpt lat="53.652181" lon="-3.007889"><time>2026-09-20T10:37:05Z</time></trkpt>
<trkpt lat="53.652164" lon="-3.007894"><time>2026-09-20T10:37:06Z</time></trkpt>
<trkpt lat="53.652140" lon="-3.007905"><time>2026-09-20T10:37:07Z</time></trkpt>
<trkpt lat="53.652125" lon="-3.007902"><time>2026-09-20T10:37:08Z</time></trkpt>
<trkpt lat="53.652109" lon="-3.007905"><time>2026-09-20T10:37:09Z</time></trkpt>
<trkpt lat="53.652093" lon="-3.007908"><time>2026-09-20T10:37:10Z</time></trkpt>
<trkpt lat="53.652074" lon="-3.007898"><time>2026-09-20T10:37:11Z</time></trkpt>
<trkpt lat="53.652051" lon="-3.007915"><time>2026-09-20T10:37:12Z</time></trkpt>
<trkpt lat="53.652040" lon="-3.007908"><time>2026-09-20T10:37:13Z</time></trkpt>
<trkpt lat="53.652017" lon="-3.007913"><time>2026-09-20T10:37:14Z</time></trkpt>
<trkpt lat="53.652007" lon="-3.007917"><time>2026-09-20T10:37:15Z</time></trkpt>
<trkpt lat="53.651985" lon="-3.007917"><time>2026-09-20T10:37:16Z</time></trkpt>
<trkpt lat="53.651967" lon="-3.007916"><time>2026-09-20T10:37:17Z</time></trkpt>
<trkpt lat="53.651944" lon="-3.007914"><time>2026-09-20T10:37:18Z</time></trkpt>
<trkpt lat="53.651929" lon="-3.007926"><time>2026-09-20T10:37:19Z</time></trkpt>
<trkpt lat="53.651912" lon="-3.007918"><time>2026-09-20T10:37:20Z</time></trkpt>
<trkpt lat="53.651894" lon="-3.007913"><time>2026-09-20T10:37:21Z</time></trkpt>
<trkpt lat="53.651876" lon="-3.007915"><time>2026-09-20T10:37:22Z</time></trkpt>
<trkpt lat="53.651860" lon="-3.007924"><time>2026-09-20T10:37:23Z</time></trkpt>
<trkpt lat="53.651836" lon="-3.007933"><time>2026-09-20T10:37:24Z</time></trkpt>
<trkpt lat="53.651823" lon="-3.007932"><time>2026-09-20T10:37:25Z</time></trkpt>
<trkpt lat="53.651803" lon="-3.007928"><time>2026-09-20T10:37:26Z</time></trkpt>
<trkpt lat="53.651788" lon="-3.007934"><time>2026-09-20T10:37:27Z</time></trkpt>
<trkpt lat="53.651761" lon="-3.007937"><time>2026-09-20T10:37:28Z</time></trkpt>
<trkpt lat="53.651749" lon="-3.007939"><time>2026-09-20T10:37:29Z</time></trkpt>
<trkpt lat="53.651728" lon="-3.007937"><time>2026-09-20T10:37:30Z</time></trkpt>
<trkpt lat="53.651704" lon="-3.007929"><time>2026-09-20T10:37:31Z</time></trkpt>
<trkpt lat="53.651685" lon="-3.007936"><time>2026-09-20T10:37:32Z</time></trkpt>
<trkpt lat="53.651668" lon="-3.007945"><time>2026-09-20T10:37:33Z</time></trkpt>
<trkpt lat="53.651646" lon="-3.007942"><time>2026-09-20T10:37:34Z</time></trkpt>
<trkpt lat="53.651629" lon="-3.007939"><time>2026-09-20T10:37:35Z</time></trkpt>
<trkpt lat="53.651606" lon="-3.007946"><time>2026-09-20T10:37:36Z</time></trkpt>
<trkpt lat="53.651591" lon="-3.007950"><time>2026-09-20T10:37:37Z</time></trkpt>
<trkpt lat="53.651564" lon="-3.007949"><time>2026-09-20T10:37:38Z</time></trkpt>
<trkpt lat="53.651544" lon="-3.007957"><time>2026-09-20T10:37:39Z</time></trkpt>
<trkpt lat="53.651531" lon="-3.007948"><time>2026-09-20T10:37:40Z</time></trkpt>
<trkpt lat="53.651508" lon="-3.007959"><time>2026-09-20T10:37:41Z</time></trkpt>
<trkpt lat="53.651484" lon="-3.007964"><time>2026-09-20T10:37:42Z</time></trkpt>
<trkpt lat="53.651468" lon="-3.007953"><time>2026-09-20T10:37:43Z</time></trkpt>
<trkpt lat="53.651447" lon="-3.007959"><time>2026-09-20T10:37:44Z</time></trkpt>
<trkpt lat="53.651437" lon="-3.007971"><time>2026-09-20T10:37:45Z</time></trkpt>
<trkpt lat="53.651431" lon="-3.007993"><time>2026-09-20T10:37:46Z</time></trkpt>
<trkpt lat="53.651421" lon="-3.008002"><time>2026-09-20T10:37:47Z</time></trkpt>
<trkpt lat="53.651406" lon="-3.008019"><time>2026-09-20T10:37:48Z</time></trkpt>
<trkpt lat="53.651400" lon="-3.008052"><time>2026-09-20T10:37:49Z</time></trkpt>
<trkpt lat="53.651390" lon="-3.008066"><time>2026-09-20T10:37:50Z</time></trkpt>
<trkpt lat="53.651371" lon="-3.008082"><time>2026-09-20T10:37:51Z</time></trkpt>
<trkpt lat="53.651364" lon="-3.008117"><time>2026-09-20T10:37:52Z</time></trkpt>
<trkpt lat="53.651355" lon="-3.008139"><time>2026-09-20T10:37:53Z</time></trkpt>
<trkpt lat="53.651335" lon="-3.008150"><time>2026-09-20T10:37:54Z</time></trkpt>
<trkpt lat="53.651329" lon="-3.008188"><time>2026-09-20T10:37:55Z</time></trkpt>
<trkpt lat="53.651308" lon="-3.008206"><time>2026-09-20T10:37:56Z</time></trkpt>
<trkpt lat="53.651304" lon="-3.008227"><time>2026-09-20T10:37:57Z</time></trkpt>
<trkpt lat="53.651285" lon="-3.008250"><time>2026-09-20T10:37:58Z</time></trkpt>
<trkpt lat="53.651275" lon="-3.008263"><time>2026-09-20T10:37:59Z</time></trkpt>
<trkpt lat="53.651265" lon="-3.008286"><time>2026-09-20T10:38:00Z</time></trkpt>
<trkpt lat="53.651251" lon="-3.008316"><time>2026-09-20T10:38:01Z</time></trkpt>
<trkpt lat="53.651243" lon="-3.008345"><time>2026-09-20T10:38:02Z</time></trkpt>
<trkpt lat="53.651224" lon="-3.008368"><time>2026-09-20T10:38:03Z</time></trkpt>
<trkpt lat="53.651217" lon="-3.008383"><time>2026-09-20T10:38:04Z</time></trkpt>
<trkpt lat="53.651204" lon="-3.008398"><time>2026-09-20T10:38:05Z</time></trkpt>
<trkpt lat="53.651185" lon="-3.008421"><time>2026-09-20T10:38:06Z</time></trkpt>
<trkpt lat="53.651176" lon="-3.008448"><time>2026-09-20T10:38:07Z</time></trkpt>
<trkpt lat="53.651169" lon="-3.008477"><time>2026-09-20T10:38:08Z</time></trkpt>
<trkpt lat="53.651155" lon="-3.008486"><time>2026-09-20T10:38:09Z</time></trkpt>
<trkpt lat="53.651140" lon="-3.008510"><time>2026-09-20T10:38:10Z</time></trkpt>
<trkpt lat="53.651126" lon="-3.008536"><time>2026-09-20T10:38:11Z</time></trkpt>
<trkpt lat="53.651113" lon="-3.008558"><time>2026-09-20T10:38:12Z</time></trkpt>
<trkpt lat="53.651103" lon="-3.008582"><time>2026-09-20T10:38:13Z</time></trkpt>
<trkpt lat="53.651095" lon="-3.008595"><time>2026-09-20T10:38:14Z</time></trkpt>
<trkpt lat="53.651076" lon="-3.008626"><time>2026-09-20T10:38:15Z</time></trkpt>
<trkpt lat="53.651067" lon="-3.008635"><time>2026-09-20T10:38:16Z</time></trkpt>
<trkpt lat="53.651055" lon="-3.008672"><time>2026-09-20T10:38:17Z</time></trkpt>
<trkpt lat="53.651041" lon="-3.008686"><time>2026-09-20T10:38:18Z</time></trkpt>
<trkpt lat="53.651030" lon="-3.008717"><time>2026-09-20T10:38:19Z</time></trkpt>
<trkpt lat="53.651016" lon="-3.008726"><time>2026-09-20T10:38:20Z</time></trkpt>
<trkpt lat="53.651006" lon="-3.008749"><time>2026-09-20T10:38:21Z</time></trkpt>
<trkpt lat="53.650994" lon="-3.008780"><time>2026-09-20T10:38:22Z</time></trkpt>
<trkpt lat="53.650978" lon="-3.008796"><time>2026-09-20T10:38:23Z</time></trkpt>
<trkpt lat="53.650963" lon="-3.008828"><time>2026-09-20T10:38:24Z</time></trkpt>
<trkpt lat="53.650957" lon="-3.008852"><time>2026-09-20T10:38:25Z</time></trkpt>
<trkpt lat="53.650946" lon="-3.008874"><time>2026-09-20T10:38:26Z</time></trkpt>
<trkpt lat="53.650928" lon="-3.008890"><time>2026-09-20T10:38:27Z</time></trkpt>
<trkpt lat="53.650912" lon="-3.008916"><time>2026-09-20T10:38:28Z</time></trkpt>
<trkpt lat="53.650906" lon="-3.008952"><time>2026-09-20T10:38:29Z</time></trkpt>
<trkpt lat="53.650884" lon="-3.008977"><time>2026-09-20T10:38:30Z</time></trkpt>
<trkpt lat="53.650871" lon="-3.008992"><time>2026-09-20T10:38:31Z</time></trkpt>
<trkpt lat="53.650862" lon="-3.009013"><time>2026-09-20T10:38:32Z</time></trkpt>
<trkpt lat="53.650847" lon="-3.009050"><time>2026-09-20T10:38:33Z</time></trkpt>
<trkpt lat="53.650831" lon="-3.009071"><time>2026-09-20T10:38:34Z</time></trkpt>
<trkpt lat="53.650823" lon="-3.009089"><time>2026-09-20T10:38:35Z</time></trkpt>
<trkpt lat="53.650801" lon="-3.009124"><time>2026-09-20T10:38:36Z</time></trkpt>
<trkpt lat="53.650790" lon="-3.009144"><time>2026-09-20T10:38:37Z</time></trkpt>
<trkpt lat="53.650775" lon="-3.009175"><time>2026-09-20T10:38:38Z</time></trkpt>
<trkpt lat="53.650763" lon="-3.009191"><time>2026-09-20T10:38:39Z</time></trkpt>
<trkpt lat="53.650752" lon="-3.009218"><time>2026-09-20T10:38:40Z</time></trkpt>
<trkpt lat="53.650733" lon="-3.009237"><time>2026-09-20T10:38:41Z</time></trkpt>
<trkpt lat="53.650720" lon="-3.009270"><time>2026-09-20T10:38:42Z</time></trkpt>
<trkpt lat="53.650709" lon="-3.009299"><time>2026-09-20T10:38:43Z</time></trkpt>
<trkpt lat="53.650695" lon="-3.009325"><time>2026-09-20T10:38:44Z</time></trkpt>
<trkpt lat="53.650680" lon="-3.009344"><time>2026-09-20T10:38:45Z</time></trkpt>
<trkpt lat="53.650675" lon="-3.009357"><time>2026-09-20T10:38:46Z</time></trkpt>
<trkpt lat="53.650660" lon="-3.009383"><time>2026-09-20T10:38:47Z</time></trkpt>
<trkpt lat="53.650644" lon="-3.009407"><time>2026-09-20T10:38:48Z</time></trkpt>
<trkpt lat="53.650632" lon="-3.009434"><time>2026-09-20T10:38:49Z</time></trkpt>
<trkpt lat="53.650617" lon="-3.009461"><time>2026-09-20T10:38:50Z</time></trkpt>
<trkpt lat="53.650608" lon="-3.009486"><time>2026-09-20T10:38:51Z</time></trkpt>
<trkpt lat="53.650597" lon="-3.009513"><time>2026-09-20T10:38:52Z</time></trkpt>
<trkpt lat="53.650581" lon="-3.009526"><time>2026-09-20T10:38:53Z</time></trkpt>
<trkpt lat="53.650567" lon="-3.009546"><time>2026-09-20T10:38:54Z</time></trkpt>
<trkpt lat="53.650554" lon="-3.009581"><time>2026-09-20T10:38:55Z</time></trkpt>
<trkpt lat="53.650543" lon="-3.009595"><time>2026-09-20T10:38:56Z</time></trkpt>
<trkpt lat="53.650529" lon="-3.009610"><time>2026-09-20T10:38:57Z</time></trkpt>
<trkpt lat="53.650519" lon="-3.009639"><time>2026-09-20T10:38:58Z</time></trkpt>
<trkpt lat="53.650504" lon="-3.009672"><time>2026-09-20T10:38:59Z</time></trkpt>
<trkpt lat="53.650488" lon="-3.009689"><time>2026-09-20T10:39:00Z</time></trkpt>
<trkpt lat="53.650482" lon="-3.009704"><time>2026-09-20T10:39:01Z</time></trkpt>
<trkpt lat="53.650470" lon="-3.009726"><time>2026-09-20T10:39:02Z</time></trkpt>
<trkpt lat="53.650457" lon="-3.009755"><time>2026-09-20T10:39:03Z</time></trkpt>
<trkpt lat="53.650442" lon="-3.009768"><time>2026-09-20T10:39:04Z</time></trkpt>
<trkpt lat="53.650433" lon="-3.009795"><time>2026-09-20T10:39:05Z</time></trkpt>
<trkpt lat="53.650420" lon="-3.009823"><time>2026-09-20T10:39:06Z</time></trkpt>
<trkpt lat="53.650408" lon="-3.009846"><time>2026-09-20T10:39:07Z</time></trkpt>
<trkpt lat="53.650398" lon="-3.009863"><time>2026-09-20T10:39:08Z</time></trkpt>
<trkpt lat="53.650388" lon="-3.009873"><time>2026-09-20T10:39:09Z</time></trkpt>
<trkpt lat="53.650371" lon="-3.009909"><time>2026-09-20T10:39:10Z</time></trkpt>
<trkpt lat="53.650366" lon="-3.009929"><time>2026-09-20T10:39:11Z</time></trkpt>
<trkpt lat="53.650354" lon="-3.009941"><time>2026-09-20T10:39:12Z</time></trkpt>
<trkpt lat="53.650338" lon="-3.009969"><time>2026-09-20T10:39:13Z</time></trkpt>
<trkpt lat="53.650322" lon="-3.009982"><time>2026-09-20T10:39:14Z</time></trkpt>
<trkpt lat="53.650311" lon="-3.010009"><time>2026-09-20T10:39:15Z</time></trkpt>
<trkpt lat="53.650302" lon="-3.010040"><time>2026-09-20T10:39:16Z</time></trkpt>
<trkpt lat="53.650290" lon="-3.010037"><time>2026-09-20T10:39:17Z</time></trkpt>
<trkpt lat="53.650280" lon="-3.010031"><time>2026-09-20T10:39:18Z</time></trkpt>
<trkpt lat="53.650263" lon="-3.010037"><time>2026-09-20T10:39:19Z</time></trkpt>
<trkpt lat="53.650248" lon="-3.010036"><time>2026-09-20T10:39:20Z</time></trkpt>
<trkpt lat="53.650236" lon="-3.010047"><time>2026-09-20T10:39:21Z</time></trkpt>
<trkpt lat="53.650218" lon="-3.010049"><time>2026-09-20T10:39:22Z</time></trkpt>
<trkpt lat="53.650205" lon="-3.010046"><time>2026-09-20T10:39:23Z</time></trkpt>
<trkpt lat="53.650182" lon="-3.010043"><time>2026-09-20T10:39:24Z</time></trkpt>
<trkpt lat="53.650156" lon="-3.010041"><time>2026-09-20T10:39:25Z</time></trkpt>
<trkpt lat="53.650141" lon="-3.010040"><time>2026-09-20T10:39:26Z</time></trkpt>
<trkpt lat="53.650126" lon="-3.010056"><time>2026-09-20T10:39:27Z</time></trkpt>
<trkpt lat="53.650101" lon="-3.010049"><time>2026-09-20T10:39:28Z</time></trkpt>
<trkpt lat="53.650076" lon="-3.010058"><time>2026-09-20T10:39:29Z</time></trkpt>
<trkpt lat="53.650057" lon="-3.010050"><time>2026-09-20T10:39:30Z</time></trkpt>
<trkpt lat="53.650043" lon="-3.010061"><time>2026-09-20T10:39:31Z</time></trkpt>
<trkpt lat="53.650023" lon="-3.010064"><time>2026-09-20T10:39:32Z</time></trkpt>
<trkpt lat="53.650001" lon="-3.010054"><time>2026-09-20T10:39:33Z</time></trkpt>
<trkpt lat="53.649981" lon="-3.010054"><time>2026-09-20T10:39:34Z</time></trkpt>
<trkpt lat="53.649962" lon="-3.010067"><time>2026-09-20T10:39:35Z</time></trkpt>
<trkpt lat="53.649942" lon="-3.010065"><time>2026-09-20T10:39:36Z</time></trkpt>
<trkpt lat="53.649925" lon="-3.010067"><time>2026-09-20T10:39:37Z</time></trkpt>
<trkpt lat="53.649899" lon="-3.010077"><time>2026-09-20T10:39:38Z</time></trkpt>
<trkpt lat="53.649884" lon="-3.010065"><time>2026-09-20T10:39:39Z</time></trkpt>
<trkpt lat="53.649854" lon="-3.010066"><time>2026-09-20T10:39:40Z</time></trkpt>
<trkpt lat="53.649840" lon="-3.010083"><time>2026-09-20T10:39:41Z</time></trkpt>
<trkpt lat="53.649821" lon="-3.010070"><time>2026-09-20T10:39:42Z</time></trkpt>
<trkpt lat="53.649806" lon="-3.010081"><time>2026-09-20T10:39:43Z</time></trkpt>
<trkpt lat="53.649778" lon="-3.010082"><time>2026-09-20T10:39:44Z</time></trkpt>
<trkpt lat="53.649759" lon="-3.010090"><time>2026-09-20T10:39:45Z</time></trkpt>
<trkpt lat="53.649740" lon="-3.010092"><time>2026-09-20T10:39:46Z</time></trkpt>
<trkpt lat="53.649723" lon="-3.010087"><time>2026-09-20T10:39:47Z</time></trkpt>
<trkpt lat="53.649708" lon="-3.010084"><time>2026-09-20T10:39:48Z</time></trkpt>
<trkpt lat="53.649689" lon="-3.010085"><time>2026-09-20T10:39:49Z</time></trkpt>
<trkpt lat="53.649667" lon="-3.010092"><time>2026-09-20T10:39:50Z</time></trkpt>
<trkpt lat="53.649649" lon="-3.010084"><time>2026-09-20T10:39:51Z</time></trkpt>
<trkpt lat="53.649632" lon="-3.010095"><time>2026-09-20T10:39:52Z</time></trkpt>
<trkpt lat="53.649613" lon="-3.010096"><time>2026-09-20T10:39:53Z</time></trkpt>
<trkpt lat="53.649598" lon="-3.010094"><time>2026-09-20T10:39:54Z</time></trkpt>
<trkpt lat="53.649575" lon="-3.010099"><time>2026-09-20T10:39:55Z</time></trkpt>
<trkpt lat="53.649563" lon="-3.010090"><time>2026-09-20T10:39:56Z</time></trkpt>
<trkpt lat="53.649541" lon="-3.010101"><time>2026-09-20T10:39:57Z</time></trkpt>
<trkpt lat="53.649527" lon="-3.010100"><time>2026-09-20T10:39:58Z</time></trkpt>
<trkpt lat="53.649501" lon="-3.010097"><time>2026-09-20T10:39:59Z</time></trkpt>
<trkpt lat="53.649491" lon="-3.010103"><time>2026-09-20T10:40:00Z</time></trkpt>
<trkpt lat="53.649470" lon="-3.010106"><time>2026-09-20T10:40:01Z</time></trkpt>
<trkpt lat="53.649450" lon="-3.010112"><time>2026-09-20T10:40:02Z</time></trkpt>
<trkpt lat="53.649438" lon="-3.010102"><time>2026-09-20T10:40:03Z</time></trkpt>
<trkpt lat="53.649422" lon="-3.010105"><time>2026-09-20T10:40:04Z</time></trkpt>
<trkpt lat="53.649399" lon="-3.010106"><time>2026-09-20T10:40:05Z</time></trkpt>
<trkpt lat="53.649383" lon="-3.010110"><time>2026-09-20T10:40:06Z</time></trkpt>
<trkpt lat="53.649369" lon="-3.010119"><time>2026-09-20T10:40:07Z</time></trkpt>
<trkpt lat="53.649343" lon="-3.010114"><time>2026-09-20T10:40:08Z</time></trkpt>
<trkpt lat="53.649331" lon="-3.010117"><time>2026-09-20T10:40:09Z</time></trkpt>
<trkpt lat="53.649313" lon="-3.010116"><time>2026-09-20T10:40:10Z</time></trkpt>
<trkpt lat="53.649293" lon="-3.010125"><time>2026-09-20T10:40:11Z</time></trkpt>
<trkpt lat="53.649272" lon="-3.010130"><time>2026-09-20T10:40:12Z</time></trkpt>
<trkpt lat="53.649256" lon="-3.010135"><time>2026-09-20T10:40:13Z</time></trkpt>
<trkpt lat="53.649240" lon="-3.010120"><time>2026-09-20T10:40:14Z</time></trkpt>
<trkpt lat="53.649225" lon="-3.010128"><time>2026-09-20T10:40:15Z</time></trkpt>
<trkpt lat="53.649204" lon="-3.010133"><time>2026-09-20T10:40:16Z</time></trkpt>
<trkpt lat="53.649180" lon="-3.010130"><time>2026-09-20T10:40:17Z</time></trkpt>
<trkpt lat="53.649163" lon="-3.010131"><time>2026-09-20T10:40:18Z</time></trkpt>
<trkpt lat="53.649140" lon="-3.010135"><time>2026-09-20T10:40:19Z</time></trkpt>
<trkpt lat="53.649121" lon="-3.010136"><time>2026-09-20T10:40:20Z</time></trkpt>
<trkpt lat="53.649103" lon="-3.010134"><time>2026-09-20T10:40:21Z</time></trkpt>
<trkpt lat="53.649085" lon="-3.010135"><time>2026-09-20T10:40:22Z</time></trkpt>
<trkpt lat="53.649066" lon="-3.010146"><time>2026-09-20T10:40:23Z</time></trkpt>
<trkpt lat="53.649045" lon="-3.010136"><time>2026-09-20T10:40:24Z</time></trkpt>
<trkpt lat="53.649021" lon="-3.010138"><time>2026-09-20T10:40:25Z</time></trkpt>
<trkpt lat="53.649009" lon="-3.010141"><time>2026-09-20T10:40:26Z</time></trkpt>
<trkpt lat="53.648988" lon="-3.010157"><time>2026-09-20T10:40:27Z</time></trkpt>
<trkpt lat="53.648961" lon="-3.010144"><time>2026-09-20T10:40:28Z</time></trkpt>
<trkpt lat="53.648941" lon="-3.010161"><time>2026-09-20T10:40:29Z</time></trkpt>
<trkpt lat="53.648922" lon="-3.010163"><time>2026-09-20T10:40:30Z</time></trkpt>
<trkpt lat="53.648906" lon="-3.010159"><time>2026-09-20T10:40:31Z</time></trkpt>
<trkpt lat="53.648885" lon="-3.010158"><time>2026-09-20T10:40:32Z</time></trkpt>
<trkpt lat="53.648859" lon="-3.010162"><time>2026-09-20T10:40:33Z</time></trkpt>
<trkpt lat="53.648848" lon="-3.010167"><time>2026-09-20T10:40:34Z</time></trkpt>
<trkpt lat="53.648827" lon="-3.010170"><time>2026-09-20T10:40:35Z</time></trkpt>
<trkpt lat="53.648803" lon="-3.010164"><time>2026-09-20T10:40:36Z</time></trkpt>
<trkpt lat="53.648788" lon="-3.010161"><time>2026-09-20T10:40:37Z</time></trkpt>
<trkpt lat="53.648766" lon="-3.010174"><time>2026-09-20T10:40:38Z</time></trkpt>
<trkpt lat="53.648742" lon="-3.010176"><time>2026-09-20T10:40:39Z</time></trkpt>
<trkpt lat="53.648721" lon="-3.010172"><time>2026-09-20T10:40:40Z</time></trkpt>
<trkpt lat="53.648711" lon="-3.010170"><time>2026-09-20T10:40:41Z</time></trkpt>
<trkpt lat="53.648686" lon="-3.010180"><time>2026-09-20T10:40:42Z</time></trkpt>
<trkpt lat="53.648665" lon="-3.010170"><time>2026-09-20T10:40:43Z</time></trkpt>
<trkpt lat="53.648649" lon="-3.010178"><time>2026-09-20T10:40:44Z</time></trkpt>
<trkpt lat="53.648634" lon="-3.010186"><time>2026-09-20T10:40:45Z</time></trkpt>
<trkpt lat="53.648616" lon="-3.010195"><time>2026-09-20T10:40:46Z</time></trkpt>
<trkpt lat="53.648606" lon="-3.010205"><time>2026-09-20T10:40:47Z</time></trkpt>
<trkpt lat="53.648599" lon="-3.010222"><time>2026-09-20T10:40:48Z</time></trkpt>
<trkpt lat="53.648593" lon="-3.010232"><time>2026-09-20T10:40:49Z</time></trkpt>
<trkpt lat="53.648586" lon="-3.010246"><time>2026-09-20T10:40:50Z</time></trkpt>
<trkpt lat="53.648570" lon="-3.010269"><time>2026-09-20T10:40:51Z</time></trkpt>
<trkpt lat="53.648563" lon="-3.010287"><time>2026-09-20T10:40:52Z</time></trkpt>
<trkpt lat="53.648557" lon="-3.010310"><time>2026-09-20T10:40:53Z</time></trkpt>
<trkpt lat="53.648539" lon="-3.010325"><time>2026-09-20T10:40:54Z</time></trkpt>
<trkpt lat="53.648523" lon="-3.010349"><time>2026-09-20T10:40:55Z</time></trkpt>
<trkpt lat="53.648511" lon="-3.010371"><time>2026-09-20T10:40:56Z</time></trkpt>
<trkpt lat="53.648503" lon="-3.010388"><time>2026-09-20T10:40:57Z</time></trkpt>
<trkpt lat="53.648496" lon="-3.010408"><time>2026-09-20T10:40:58Z</time></trkpt>
<trkpt lat="53.648481" lon="-3.010430"><time>2026-09-20T10:40:59Z</time></trkpt>
<trkpt lat="53.648467" lon="-3.010454"><time>2026-09-20T10:41:00Z</time></trkpt>
<trkpt lat="53.648453" lon="-3.010476"><time>2026-09-20T10:41:01Z</time></trkpt>
<trkpt lat="53.648441" lon="-3.010511"><time>2026-09-20T10:41:02Z</time></trkpt>
<trkpt lat="53.648429" lon="-3.010519"><time>2026-09-20T10:41:03Z</time></trkpt>
<trkpt lat="53.648419" lon="-3.010556"><time>2026-09-20T10:41:04Z</time></trkpt>
<trkpt lat="53.648409" lon="-3.010574"><time>2026-09-20T10:41:05Z</time></trkpt>
<trkpt lat="53.648399" lon="-3.010586"><time>2026-09-20T10:41:06Z</time></trkpt>
<trkpt lat="53.648385" lon="-3.010616"><time>2026-09-20T10:41:07Z</time></trkpt>
<trkpt lat="53.648369" lon="-3.010632"><time>2026-09-20T10:41:08Z</time></trkpt>
<trkpt lat="53.648355" lon="-3.010658"><time>2026-09-20T10:41:09Z</time></trkpt>
<trkpt lat="53.648350" lon="-3.010688"><time>2026-09-20T10:41:10Z</time></trkpt>
<trkpt lat="53.648329" lon="-3.010708"><time>2026-09-20T10:41:11Z</time></trkpt>
<trkpt lat="53.648320" lon="-3.010734"><time>2026-09-20T10:41:12Z</time></trkpt>
<trkpt lat="53.648310" lon="-3.010751"><time>2026-09-20T10:41:13Z</time></trkpt>
<trkpt lat="53.648293" lon="-3.010783"><time>2026-09-20T10:41:14Z</time></trkpt>
<trkpt lat="53.648284" lon="-3.010801"><time>2026-09-20T10:41:15Z</time></trkpt>
<trkpt lat="53.648268" lon="-3.010819"><time>2026-09-20T10:41:16Z</time></trkpt>
<trkpt lat="53.648256" lon="-3.010841"><time>2026-09-20T10:41:17Z</time></trkpt>
<trkpt lat="53.648235" lon="-3.010863"><time>2026-09-20T10:41:18Z</time></trkpt>
<trkpt lat="53.648226" lon="-3.010900"><time>2026-09-20T10:41:19Z</time></trkpt>
<trkpt lat="53.648211" lon="-3.010921"><time>2026-09-20T10:41:20Z</time></trkpt>
<trkpt lat="53.648205" lon="-3.010945"><time>2026-09-20T10:41:21Z</time></trkpt>
<trkpt lat="53.648185" lon="-3.010971"><time>2026-09-20T10:41:22Z</time></trkpt>
<trkpt lat="53.648168" lon="-3.010988"><time>2026-09-20T10:41:23Z</time></trkpt>
<trkpt lat="53.648159" lon="-3.011014"><time>2026-09-20T10:41:24Z</time></trkpt>
<trkpt lat="53.648149" lon="-3.011050"><time>2026-09-20T10:41:25Z</time></trkpt>
<trkpt lat="53.648131" lon="-3.011070"><time>2026-09-20T10:41:26Z</time></trkpt>
<trkpt lat="53.648112" lon="-3.011088"><time>2026-09-20T10:41:27Z</time></trkpt>
<trkpt lat="53.648101" lon="-3.011116"><time>2026-09-20T10:41:28Z</time></trkpt>
<trkpt lat="53.648087" lon="-3.011152"><time>2026-09-20T10:41:29Z</time></trkpt>
<trkpt lat="53.648079" lon="-3.011161"><time>2026-09-20T10:41:30Z</time></trkpt>
<trkpt lat="53.648062" lon="-3.011187"><time>2026-09-20T10:41:31Z</time></trkpt>
<trkpt lat="53.648050" lon="-3.011217"><time>2026-09-20T10:41:32Z</time></trkpt>
<trkpt lat="53.648038" lon="-3.011250"><time>2026-09-20T10:41:33Z</time></trkpt>
<trkpt lat="53.648023" lon="-3.011259"><time>2026-09-20T10:41:34Z</time></trkpt>
<trkpt lat="53.648008" lon="-3.011287"><time>2026-09-20T10:41:35Z</time></trkpt>
<trkpt lat="53.647996" lon="-3.011309"><time>2026-09-20T10:41:36Z</time></trkpt>
<trkpt lat="53.647984" lon="-3.011345"><time>2026-09-20T10:41:37Z</time></trkpt>
<trkpt lat="53.647972" lon="-3.011360"><time>2026-09-20T10:41:38Z</time></trkpt>
<trkpt lat="53.647959" lon="-3.011383"><time>2026-09-20T10:41:39Z</time></trkpt>
<trkpt lat="53.647940" lon="-3.011411"><time>2026-09-20T10:41:40Z</time></trkpt>
<trkpt lat="53.647935" lon="-3.011430"><time>2026-09-20T10:41:41Z</time></trkpt>
<trkpt lat="53.647917" lon="-3.011455"><time>2026-09-20T10:41:42Z</time></trkpt>
<trkpt lat="53.647903" lon="-3.011485"><time>2026-09-20T10:41:43Z</time></trkpt>
<trkpt lat="53.647894" lon="-3.011504"><time>2026-09-20T10:41:44Z</time></trkpt>
<trkpt lat="53.647879" lon="-3.011519"><time>2026-09-20T10:41:45Z</time></trkpt>
<trkpt lat="53.647866" lon="-3.011548"><time>2026-09-20T10:41:46Z</time></trkpt>
<trkpt lat="53.647856" lon="-3.011568"><time>2026-09-20T10:41:47Z</time></trkpt>
<trkpt lat="53.647847" lon="-3.011592"><time>2026-09-20T10:41:48Z</time></trkpt>
<trkpt lat="53.647832" lon="-3.011610"><time>2026-09-20T10:41:49Z</time></trkpt>
<trkpt lat="53.647823" lon="-3.011633"><time>2026-09-20T10:41:50Z</time></trkpt>
<trkpt lat="53.647810" lon="-3.011658"><time>2026-09-20T10:41:51Z</time></trkpt>
<trkpt lat="53.647795" lon="-3.011671"><time>2026-09-20T10:41:52Z</time></trkpt>
<trkpt lat="53.647786" lon="-3.011699"><time>2026-09-20T10:41:53Z</time></trkpt>
<trkpt lat="53.647768" lon="-3.011729"><time>2026-09-20T10:41:54Z</time></trkpt>
<trkpt lat="53.647753" lon="-3.011737"><time>2026-09-20T10:41:55Z</time></trkpt>
<trkpt lat="53.647744" lon="-3.011770"><time>2026-09-20T10:41:56Z</time></trkpt>
<trkpt lat="53.647734" lon="-3.011794"><time>2026-09-20T10:41:57Z</time></trkpt>
<trkpt lat="53.647726" lon="-3.011805"><time>2026-09-20T10:41:58Z</time></trkpt>
<trkpt lat="53.647713" lon="-3.011827"><time>2026-09-20T10:41:59Z</time></trkpt>
<trkpt lat="53.647698" lon="-3.011852"><time>2026-09-20T10:42:00Z</time></trkpt>
<trkpt lat="53.647686" lon="-3.011874"><time>2026-09-20T10:42:01Z</time></trkpt>
<trkpt lat="53.647676" lon="-3.011891"><time>2026-09-20T10:42:02Z</time></trkpt>
<trkpt lat="53.647665" lon="-3.011913"><time>2026-09-20T10:42:03Z</time></trkpt>
<trkpt lat="53.647647" lon="-3.011936"><time>2026-09-20T10:42:04Z</time></trkpt>
<trkpt lat="53.647638" lon="-3.011967"><time>2026-09-20T10:42:05Z</time></trkpt>
<trkpt lat="53.647625" lon="-3.011992"><time>2026-09-20T10:42:06Z</time></trkpt>
<trkpt lat="53.647615" lon="-3.012002"><time>2026-09-20T10:42:07Z</time></trkpt>
<trkpt lat="53.647599" lon="-3.012026"><time>2026-09-20T10:42:08Z</time></trkpt>
<trkpt lat="53.647582" lon="-3.012048"><time>2026-09-20T10:42:09Z</time></trkpt>
<trkpt lat="53.647564" lon="-3.012060"><time>2026-09-20T10:42:10Z</time></trkpt>
<trkpt lat="53.647538" lon="-3.012045"><time>2026-09-20T10:42:11Z</time></trkpt>
<trkpt lat="53.647525" lon="-3.012044"><time>2026-09-20T10:42:12Z</time></trkpt>
<trkpt lat="53.647500" lon="-3.012028"><time>2026-09-20T10:42:13Z</time></trkpt>
<trkpt lat="53.647479" lon="-3.012010"><time>2026-09-20T10:42:14Z</time></trkpt>
<trkpt lat="53.647455" lon="-3.012007"><time>2026-09-20T10:42:15Z</time></trkpt>
<trkpt lat="53.647427" lon="-3.011998"><time>2026-09-20T10:42:16Z</time></trkpt>
<trkpt lat="53.647403" lon="-3.011987"><time>2026-09-20T10:42:17Z</time></trkpt>
<trkpt lat="53.647382" lon="-3.011970"><time>2026-09-20T10:42:18Z</time></trkpt>
<trkpt lat="53.647357" lon="-3.011957"><time>2026-09-20T10:42:19Z</time></trkpt>
<trkpt lat="53.647334" lon="-3.011946"><time>2026-09-20T10:42:20Z</time></trkpt>
<trkpt lat="53.647314" lon="-3.011944"><time>2026-09-20T10:42:21Z</time></trkpt>
<trkpt lat="53.647312" lon="-3.011937"><time>2026-09-20T10:42:22Z</time></trkpt>
<trkpt lat="53.647326" lon="-3.011944"><time>2026-09-20T10:42:23Z</time></trkpt>
<trkpt lat="53.647343" lon="-3.011961"><time>2026-09-20T10:42:24Z</time></trkpt>
<trkpt lat="53.647358" lon="-3.011967"><time>2026-09-20T10:42:25Z</time></trkpt>
<trkpt lat="53.647382" lon="-3.011968"><time>2026-09-20T10:42:26Z</time></trkpt>
<trkpt lat="53.647395" lon="-3.011978"><time>2026-09-20T10:42:27Z</time></trkpt>
<trkpt lat="53.647407" lon="-3.011991"><time>2026-09-20T10:42:28Z</time></trkpt>
<trkpt lat="53.647426" lon="-3.012001"><time>2026-09-20T10:42:29Z</time></trkpt>
<trkpt lat="53.647448" lon="-3.012014"><time>2026-09-20T10:42:30Z</time></trkpt>
<trkpt lat="53.647464" lon="-3.012025"><time>2026-09-20T10:42:31Z</time></trkpt>
<trkpt lat="53.647479" lon="-3.012017"><time>2026-09-20T10:42:32Z</time></trkpt>
<trkpt lat="53.647496" lon="-3.012025"><time>2026-09-20T10:42:33Z</time></trkpt>
<trkpt lat="53.647512" lon="-3.012042"><time>2026-09-20T10:42:34Z</time></trkpt>
<trkpt lat="53.647523" lon="-3.012042"><time>2026-09-20T10:42:35Z</time></trkpt>
<trkpt lat="53.647543" lon="-3.012066"><time>2026-09-20T10:42:36Z</time></trkpt>
<trkpt lat="53.647553" lon="-3.012072"><time>2026-09-20T10:42:37Z</time></trkpt>
<trkpt lat="53.647573" lon="-3.012077"><time>2026-09-20T10:42:38Z</time></trkpt>
<trkpt lat="53.647583" lon="-3.012088"><time>2026-09-20T10:42:39Z</time></trkpt>
<trkpt lat="53.647604" lon="-3.012081"><time>2026-09-20T10:42:40Z</time></trkpt>
<trkpt lat="53.647620" lon="-3.012096"><time>2026-09-20T10:42:41Z</time></trkpt>
<trkpt lat="53.647637" lon="-3.012113"><time>2026-09-20T10:42:42Z</time></trkpt>
<trkpt lat="53.647643" lon="-3.012114"><time>2026-09-20T10:42:43Z</time></trkpt>
<trkpt lat="53.647662" lon="-3.012116"><time>2026-09-20T10:42:44Z</time></trkpt>
<trkpt lat="53.647680" lon="-3.012123"><time>2026-09-20T10:42:45Z</time></trkpt>
<trkpt lat="53.647686" lon="-3.012139"><time>2026-09-20T10:42:46Z</time></trkpt>
<trkpt lat="53.647703" lon="-3.012143"><time>2026-09-20T10:42:47Z</time></trkpt>
<trkpt lat="53.647721" lon="-3.012160"><time>2026-09-20T10:42:48Z</time></trkpt>
<trkpt lat="53.647736" lon="-3.012166"><time>2026-09-20T10:42:49Z</time></trkpt>
<trkpt lat="53.647745" lon="-3.012172"><time>2026-09-20T10:42:50Z</time></trkpt>
<trkpt lat="53.647761" lon="-3.012181"><time>2026-09-20T10:42:51Z</time></trkpt>
<trkpt lat="53.647781" lon="-3.012172"><time>2026-09-20T10:42:52Z</time></trkpt>
<trkpt lat="53.647796" lon="-3.012193"><time>2026-09-20T10:42:53Z</time></trkpt>
<trkpt lat="53.647812" lon="-3.012196"><time>2026-09-20T10:42:54Z</time></trkpt>
<trkpt lat="53.647825" lon="-3.012203"><time>2026-09-20T10:42:55Z</time></trkpt>
<trkpt lat="53.647842" lon="-3.012206"><time>2026-09-20T10:42:56Z</time></trkpt>
<trkpt lat="53.647851" lon="-3.012220"><time>2026-09-20T10:42:57Z</time></trkpt>
<trkpt lat="53.647869" lon="-3.012231"><time>2026-09-20T10:42:58Z</time></trkpt>
<trkpt lat="53.647880" lon="-3.012238"><time>2026-09-20T10:42:59Z</time></trkpt>
<trkpt lat="53.647902" lon="-3.012246"><time>2026-09-20T10:43:00Z</time></trkpt>
<trkpt lat="53.647916" lon="-3.012248"><time>2026-09-20T10:43:01Z</time></trkpt>
<trkpt lat="53.647922" lon="-3.012258"><time>2026-09-20T10:43:02Z</time></trkpt>
<trkpt lat="53.647939" lon="-3.012257"><time>2026-09-20T10:43:03Z</time></trkpt>
<trkpt lat="53.647953" lon="-3.012282"><time>2026-09-20T10:43:04Z</time></trkpt>
<trkpt lat="53.647974" lon="-3.012283"><time>2026-09-20T10:43:05Z</time></trkpt>
<trkpt lat="53.647990" lon="-3.012290"><time>2026-09-20T10:43:06Z</time></trkpt>
<trkpt lat="53.648000" lon="-3.012295"><time>2026-09-20T10:43:07Z</time></trkpt>
<trkpt lat="53.648022" lon="-3.012308"><time>2026-09-20T10:43:08Z</time></trkpt>
<trkpt lat="53.648033" lon="-3.012307"><time>2026-09-20T10:43:09Z</time></trkpt>
<trkpt lat="53.648050" lon="-3.012316"><time>2026-09-20T10:43:10Z</time></trkpt>
<trkpt lat="53.648069" lon="-3.012324"><time>2026-09-20T10:43:11Z</time></trkpt>
<trkpt lat="53.648083" lon="-3.012335"><time>2026-09-20T10:43:12Z</time></trkpt>
<trkpt lat="53.648106" lon="-3.012356"><time>2026-09-20T10:43:13Z</time></trkpt>
<trkpt lat="53.648119" lon="-3.012360"><time>2026-09-20T10:43:14Z</time></trkpt>
<trkpt lat="53.648139" lon="-3.012357"><time>2026-09-20T10:43:15Z</time></trkpt>
<trkpt lat="53.648145" lon="-3.012381"><time>2026-09-20T10:43:16Z</time></trkpt>
<trkpt lat="53.648168" lon="-3.012380"><time>2026-09-20T10:43:17Z</time></trkpt>
<trkpt lat="53.648178" lon="-3.012387"><time>2026-09-20T10:43:18Z</time></trkpt>
<trkpt lat="53.648197" lon="-3.012395"><time>2026-09-20T10:43:19Z</time></trkpt>
<trkpt lat="53.648216" lon="-3.012401"><time>2026-09-20T10:43:20Z</time></trkpt>
<trkpt lat="53.648239" lon="-3.012407"><time>2026-09-20T10:43:21Z</time></trkpt>
<trkpt lat="53.648251" lon="-3.012422"><time>2026-09-20T10:43:22Z</time></trkpt>
<trkpt lat="53.648271" lon="-3.012429"><time>2026-09-20T10:43:23Z</time></trkpt>
<trkpt lat="53.648279" lon="-3.012448"><time>2026-09-20T10:43:24Z</time></trkpt>
<trkpt lat="53.648305" lon="-3.012448"><time>2026-09-20T10:43:25Z</time></trkpt>
<trkpt lat="53.648315" lon="-3.012452"><time>2026-09-20T10:43:26Z</time></trkpt>
<trkpt lat="53.648338" lon="-3.012465"><time>2026-09-20T10:43:27Z</time></trkpt>
<trkpt lat="53.648353" lon="-3.012468"><time>2026-09-20T10:43:28Z</time></trkpt>
<trkpt lat="53.648365" lon="-3.012477"><time>2026-09-20T10:43:29Z</time></trkpt>
<trkpt lat="53.648378" lon="-3.012488"><time>2026-09-20T10:43:30Z</time></trkpt>
<trkpt lat="53.648401" lon="-3.012498"><time>2026-09-20T10:43:31Z</time></trkpt>
<trkpt lat="53.648415" lon="-3.012509"><time>2026-09-20T10:43:32Z</time></trkpt>
<trkpt lat="53.648425" lon="-3.012523"><time>2026-09-20T10:43:33Z</time></trkpt>
<trkpt lat="53.648443" lon="-3.012520"><time>2026-09-20T10:43:34Z</time></trkpt>
<trkpt lat="53.648456" lon="-3.012528"><time>2026-09-20T10:43:35Z</time></trkpt>
<trkpt lat="53.648472" lon="-3.012544"><time>2026-09-20T10:43:36Z</time></trkpt>
<trkpt lat="53.648493" lon="-3.012540"><time>2026-09-20T10:43:37Z</time></trkpt>
<trkpt lat="53.648505" lon="-3.012564"><time>2026-09-20T10:43:38Z</time></trkpt>
<trkpt lat="53.648522" lon="-3.012569"><time>2026-09-20T10:43:39Z</time></trkpt>
<trkpt lat="53.648541" lon="-3.012573"><time>2026-09-20T10:43:40Z</time></trkpt>
<trkpt lat="53.648549" lon="-3.012572"><time>2026-09-20T10:43:41Z</time></trkpt>
<trkpt lat="53.648556" lon="-3.012561"><time>2026-09-20T10:43:42Z</time></trkpt>
<trkpt lat="53.648563" lon="-3.012553"><time>2026-09-20T10:43:43Z</time></trkpt>
<trkpt lat="53.648560" lon="-3.012542"><time>2026-09-20T10:43:44Z</time></trkpt>
<trkpt lat="53.648572" lon="-3.012524"><time>2026-09-20T10:43:45Z</time></trkpt>
<trkpt lat="53.648570" lon="-3.012504"><time>2026-09-20T10:43:46Z</time></trkpt>
<trkpt lat="53.648580" lon="-3.012479"><time>2026-09-20T10:43:47Z</time></trkpt>
<trkpt lat="53.648585" lon="-3.012464"><time>2026-09-20T10:43:48Z</time></trkpt>
<trkpt lat="53.648587" lon="-3.012443"><time>2026-09-20T10:43:49Z</time></trkpt>
<trkpt lat="53.648593" lon="-3.012414"><time>2026-09-20T10:43:50Z</time></trkpt>
<trkpt lat="53.648604" lon="-3.012388"><time>2026-09-20T10:43:51Z</time></trkpt>
<trkpt lat="53.648608" lon="-3.012362"><time>2026-09-20T10:43:52Z</time></trkpt>
<trkpt lat="53.648608" lon="-3.012347"><time>2026-09-20T10:43:53Z</time></trkpt>
<trkpt lat="53.648618" lon="-3.012323"><time>2026-09-20T10:43:54Z</time></trkpt>
<trkpt lat="53.648623" lon="-3.012287"><time>2026-09-20T10:43:55Z</time></trkpt>
<trkpt lat="53.648631" lon="-3.012263"><time>2026-09-20T10:43:56Z</time></trkpt>
<trkpt lat="53.648639" lon="-3.012246"><time>2026-09-20T10:43:57Z</time></trkpt>
<trkpt lat="53.648645" lon="-3.012214"><time>2026-09-20T10:43:58Z</time></trkpt>
<trkpt lat="53.648645" lon="-3.012203"><time>2026-09-20T10:43:59Z</time></trkpt>
<trkpt lat="53.648657" lon="-3.012162"><time>2026-09-20T10:44:00Z</time></trkpt>
<trkpt lat="53.648666" lon="-3.012148"><time>2026-09-20T10:44:01Z</time></trkpt>
<trkpt lat="53.648670" lon="-3.012114"><time>2026-09-20T10:44:02Z</time></trkpt>
<trkpt lat="53.648677" lon="-3.012090"><time>2026-09-20T10:44:03Z</time></trkpt>
<trkpt lat="53.648680" lon="-3.012078"><time>2026-09-20T10:44:04Z</time></trkpt>
<trkpt lat="53.648689" lon="-3.012047"><time>2026-09-20T10:44:05Z</time></trkpt>
<trkpt lat="53.648696" lon="-3.012021"><time>2026-09-20T10:44:06Z</time></trkpt>
<trkpt lat="53.648704" lon="-3.011999"><time>2026-09-20T10:44:07Z</time></trkpt>
<trkpt lat="53.648709" lon="-3.011965"><time>2026-09-20T10:44:08Z</time></trkpt>
<trkpt lat="53.648710" lon="-3.011931"><time>2026-09-20T10:44:09Z</time></trkpt>
<trkpt lat="53.648722" lon="-3.011908"><time>2026-09-20T10:44:10Z</time></trkpt>
<trkpt lat="53.648723" lon="-3.011883"><time>2026-09-20T10:44:11Z</time></trkpt>
<trkpt lat="53.648735" lon="-3.011860"><time>2026-09-20T10:44:12Z</time></trkpt>
<trkpt lat="53.648736" lon="-3.011839"><time>2026-09-20T10:44:13Z</time></trkpt>
<trkpt lat="53.648742" lon="-3.011812"><time>2026-09-20T10:44:14Z</time></trkpt>
<trkpt lat="53.648757" lon="-3.011773"><time>2026-09-20T10:44:15Z</time></trkpt>
<trkpt lat="53.648763" lon="-3.011750"><time>2026-09-20T10:44:16Z</time></trkpt>
<trkpt lat="53.648763" lon="-3.011721"><time>2026-09-20T10:44:17Z</time></trkpt>
<trkpt lat="53.648776" lon="-3.011688"><time>2026-09-20T10:44:18Z</time></trkpt>
<trkpt lat="53.648784" lon="-3.011671"><time>2026-09-20T10:44:19Z</time></trkpt>
<trkpt lat="53.648788" lon="-3.011640"><time>2026-09-20T10:44:20Z</time></trkpt>
<trkpt lat="53.648797" lon="-3.011616"><time>2026-09-20T10:44:21Z</time></trkpt>
<trkpt lat="53.648806" lon="-3.011580"><time>2026-09-20T10:44:22Z</time></trkpt>
<trkpt lat="53.648808" lon="-3.011557"><time>2026-09-20T10:44:23Z</time></trkpt>
<trkpt lat="53.648813" lon="-3.011540"><time>2026-09-20T10:44:24Z</time></trkpt>
<trkpt lat="53.648825" lon="-3.011499"><time>2026-09-20T10:44:25Z</time></trkpt>
<trkpt lat="53.648832" lon="-3.011482"><time>2026-09-20T10:44:26Z</time></trkpt>
<trkpt lat="53.648833" lon="-3.011461"><time>2026-09-20T10:44:27Z</time></trkpt>
<trkpt lat="53.648846" lon="-3.011428"><time>2026-09-20T10:44:28Z</time></trkpt>
<trkpt lat="53.648853" lon="-3.011412"><time>2026-09-20T10:44:29Z</time></trkpt>
<trkpt lat="53.648852" lon="-3.011379"><time>2026-09-20T10:44:30Z</time></trkpt>
<trkpt lat="53.648860" lon="-3.011353"><time>2026-09-20T10:44:31Z</time></trkpt>
<trkpt lat="53.648867" lon="-3.011328"><time>2026-09-20T10:44:32Z</time></trkpt>
<trkpt lat="53.648877" lon="-3.011300"><time>2026-09-20T10:44:33Z</time></trkpt>
<trkpt lat="53.648880" lon="-3.011274"><time>2026-09-20T10:44:34Z</time></trkpt>
<trkpt lat="53.648890" lon="-3.011278"><time>2026-09-20T10:44:35Z</time></trkpt>
<trkpt lat="53.648919" lon="-3.011288"><time>2026-09-20T10:44:36Z</time></trkpt>
<trkpt lat="53.648940" lon="-3.011297"><time>2026-09-20T10:44:37Z</time></trkpt>
<trkpt lat="53.648958" lon="-3.011317"><time>2026-09-20T10:44:38Z</time></trkpt>
<trkpt lat="53.648974" lon="-3.011320"><time>2026-09-20T10:44:39Z</time></trkpt>
<trkpt lat="53.648998" lon="-3.011324"><time>2026-09-20T10:44:40Z</time></trkpt>
<trkpt lat="53.649021" lon="-3.011336"><time>2026-09-20T10:44:41Z</time></trkpt>
<trkpt lat="53.649039" lon="-3.011360"><time>2026-09-20T10:44:42Z</time></trkpt>
<trkpt lat="53.649058" lon="-3.011369"><time>2026-09-20T10:44:43Z</time></trkpt>
<trkpt lat="53.649083" lon="-3.011366"><time>2026-09-20T10:44:44Z</time></trkpt>
<trkpt lat="53.649104" lon="-3.011383"><time>2026-09-20T10:44:45Z</time></trkpt>
<trkpt lat="53.649116" lon="-3.011392"><time>2026-09-20T10:44:46Z</time></trkpt>
<trkpt lat="53.649142" lon="-3.011407"><time>2026-09-20T10:44:47Z</time></trkpt>
<trkpt lat="53.649158" lon="-3.011420"><time>2026-09-20T10:44:48Z</time></trkpt>
<trkpt lat="53.649186" lon="-3.011420"><time>2026-09-20T10:44:49Z</time></trkpt>
<trkpt lat="53.649207" lon="-3.011444"><time>2026-09-20T10:44:50Z</time></trkpt>
<trkpt lat="53.649225" lon="-3.011454"><time>2026-09-20T10:44:51Z</time></trkpt>
<trkpt lat="53.649243" lon="-3.011460"><time>2026-09-20T10:44:52Z</time></trkpt>
<trkpt lat="53.649262" lon="-3.011474"><time>2026-09-20T10:44:53Z</time></trkpt>
<trkpt lat="53.649290" lon="-3.011484"><time>2026-09-20T10:44:54Z</time></trkpt>
<trkpt lat="53.649305" lon="-3.011491"><time>2026-09-20T10:44:55Z</time></trkpt>
<trkpt lat="53.649328" lon="-3.011508"><time>2026-09-20T10:44:56Z</time></trkpt>
<trkpt lat="53.649355" lon="-3.011511"><time>2026-09-20T10:44:57Z</time></trkpt>
<trkpt lat="53.649368" lon="-3.011527"><time>2026-09-20T10:44:58Z</time></trkpt>
<trkpt lat="53.649397" lon="-3.011527"><time>2026-09-20T10:44:59Z</time></trkpt>
<trkpt lat="53.649396" lon="-3.011511"><time>2026-09-20T10:45:00Z</time></trkpt>
<trkpt lat="53.649406" lon="-3.011475"><time>2026-09-20T10:45:01Z</time></trkpt>
<trkpt lat="53.649407" lon="-3.011445"><time>2026-09-20T10:45:02Z</time></trkpt>
<trkpt lat="53.649414" lon="-3.011433"><time>2026-09-20T10:45:03Z</time></trkpt>
<trkpt lat="53.649424" lon="-3.011402"><time>2026-09-20T10:45:04Z</time></trkpt>
<trkpt lat="53.649429" lon="-3.011367"><time>2026-09-20T10:45:05Z</time></trkpt>
<trkpt lat="53.649443" lon="-3.011349"><time>2026-09-20T10:45:06Z</time></trkpt>
<trkpt lat="53.649442" lon="-3.011330"><time>2026-09-20T10:45:07Z</time></trkpt>
<trkpt lat="53.649457" lon="-3.011297"><time>2026-09-20T10:45:08Z</time></trkpt>
<trkpt lat="53.649455" lon="-3.011260"><time>2026-09-20T10:45:09Z</time></trkpt>
<trkpt lat="53.649464" lon="-3.011247"><time>2026-09-20T10:45:10Z</time></trkpt>
<trkpt lat="53.649476" lon="-3.011209"><time>2026-09-20T10:45:11Z</time></trkpt>
<trkpt lat="53.649477" lon="-3.011178"><time>2026-09-20T10:45:12Z</time></trkpt>
<trkpt lat="53.649485" lon="-3.011154"><time>2026-09-20T10:45:13Z</time></trkpt>
<trkpt lat="53.649491" lon="-3.011136"><time>2026-09-20T10:45:14Z</time></trkpt>
<trkpt lat="53.649496" lon="-3.011111"><time>2026-09-20T10:45:15Z</time></trkpt>
<trkpt lat="53.649507" lon="-3.011087"><time>2026-09-20T10:45:16Z</time></trkpt>
<trkpt lat="53.649509" lon="-3.011056"><time>2026-09-20T10:45:17Z</time></trkpt>
<trkpt lat="53.649519" lon="-3.011025"><time>2026-09-20T10:45:18Z</time></trkpt>
<trkpt lat="53.649522" lon="-3.010995"><time>2026-09-20T10:45:19Z</time></trkpt>
<trkpt lat="53.649534" lon="-3.010977"><time>2026-09-20T10:45:20Z</time></trkpt>
<trkpt lat="53.649540" lon="-3.010952"><time>2026-09-20T10:45:21Z</time></trkpt>
<trkpt lat="53.649549" lon="-3.010914"><time>2026-09-20T10:45:22Z</time></trkpt>
<trkpt lat="53.649551" lon="-3.010887"><time>2026-09-20T10:45:23Z</time></trkpt>
<trkpt lat="53.649557" lon="-3.010864"><time>2026-09-20T10:45:24Z</time></trkpt>
<trkpt lat="53.649566" lon="-3.010835"><time>2026-09-20T10:45:25Z</time></trkpt>
<trkpt lat="53.649577" lon="-3.010818"><time>2026-09-20T10:45:26Z</time></trkpt>
<trkpt lat="53.649579" lon="-3.010782"><time>2026-09-20T10:45:27Z</time></trkpt>
<trkpt lat="53.649586" lon="-3.010766"><time>2026-09-20T10:45:28Z</time></trkpt>
<trkpt lat="53.649592" lon="-3.010746"><time>2026-09-20T10:45:29Z</time></trkpt>
<trkpt lat="53.649594" lon="-3.010706"><time>2026-09-20T10:45:30Z</time></trkpt>
<trkpt lat="53.649601" lon="-3.010695"><time>2026-09-20T10:45:31Z</time></trkpt>
<trkpt lat="53.649612" lon="-3.010671"><time>2026-09-20T10:45:32Z</time></trkpt>
<trkpt lat="53.649619" lon="-3.010646"><time>2026-09-20T10:45:33Z</time></trkpt>
<trkpt lat="53.649627" lon="-3.010609"><time>2026-09-20T10:45:34Z</time></trkpt>
<trkpt lat="53.649633" lon="-3.010594"><time>2026-09-20T10:45:35Z</time></trkpt>
<trkpt lat="53.649634" lon="-3.010572"><time>2026-09-20T10:45:36Z</time></trkpt>
<trkpt lat="53.649644" lon="-3.010554"><time>2026-09-20T10:45:37Z</time></trkpt>
<trkpt lat="53.649646" lon="-3.010518"><time>2026-09-20T10:45:38Z</time></trkpt>
<trkpt lat="53.649650" lon="-3.010494"><time>2026-09-20T10:45:39Z</time></trkpt>
<trkpt lat="53.649659" lon="-3.010467"><time>2026-09-20T10:45:40Z</time></trkpt>
<trkpt lat="53.649661" lon="-3.010458"><time>2026-09-20T10:45:41Z</time></trkpt>
<trkpt lat="53.649670" lon="-3.010427"><time>2026-09-20T10:45:42Z</time></trkpt>
<trkpt lat="53.649677" lon="-3.010399"><time>2026-09-20T10:45:43Z</time></trkpt>
<trkpt lat="53.649681" lon="-3.010387"><time>2026-09-20T10:45:44Z</time></trkpt>
<trkpt lat="53.649684" lon="-3.010359"><time>2026-09-20T10:45:45Z</time></trkpt>
<trkpt lat="53.649692" lon="-3.010338"><time>2026-09-20T10:45:46Z</time></trkpt>
<trkpt lat="53.649699" lon="-3.010310"><time>2026-09-20T10:45:47Z</time></trkpt>
<trkpt lat="53.649708" lon="-3.010286"><time>2026-09-20T10:45:48Z</time></trkpt>
<trkpt lat="53.649715" lon="-3.010264"><time>2026-09-20T10:45:49Z</time></trkpt>
<trkpt lat="53.649713" lon="-3.010245"><time>2026-09-20T10:45:50Z</time></trkpt>
<trkpt lat="53.649720" lon="-3.010210"><time>2026-09-20T10:45:51Z</time></trkpt>
<trkpt lat="53.649726" lon="-3.010180"><time>2026-09-20T10:45:52Z</time></trkpt>
<trkpt lat="53.649738" lon="-3.010165"><time>2026-09-20T10:45:53Z</time></trkpt>
<trkpt lat="53.649740" lon="-3.010132"><time>2026-09-20T10:45:54Z</time></trkpt>
<trkpt lat="53.649746" lon="-3.010118"><time>2026-09-20T10:45:55Z</time></trkpt>
<trkpt lat="53.649756" lon="-3.010096"><time>2026-09-20T10:45:56Z</time></trkpt>
<trkpt lat="53.649765" lon="-3.010058"><time>2026-09-20T10:45:57Z</time></trkpt>
<trkpt lat="53.649769" lon="-3.010040"><time>2026-09-20T10:45:58Z</time></trkpt>
<trkpt lat="53.649774" lon="-3.010002"><time>2026-09-20T10:45:59Z</time></trkpt>
<trkpt lat="53.649778" lon="-3.009986"><time>2026-09-20T10:46:00Z</time></trkpt>
<trkpt lat="53.649793" lon="-3.009957"><time>2026-09-20T10:46:01Z</time></trkpt>
<trkpt lat="53.649793" lon="-3.009939"><time>2026-09-20T10:46:02Z</time></trkpt>
<trkpt lat="53.649803" lon="-3.009904"><time>2026-09-20T10:46:03Z</time></trkpt>
<trkpt lat="53.649807" lon="-3.009872"><time>2026-09-20T10:46:04Z</time></trkpt>
<trkpt lat="53.649812" lon="-3.009847"><time>2026-09-20T10:46:05Z</time></trkpt>
<trkpt lat="53.649822" lon="-3.009821"><time>2026-09-20T10:46:06Z</time></trkpt>
<trkpt lat="53.649827" lon="-3.009802"><time>2026-09-20T10:46:07Z</time></trkpt>
<trkpt lat="53.649834" lon="-3.009765"><time>2026-09-20T10:46:08Z</time></trkpt>
<trkpt lat="53.649843" lon="-3.009738"><time>2026-09-20T10:46:09Z</time></trkpt>
<trkpt lat="53.649847" lon="-3.009723"><time>2026-09-20T10:46:10Z</time></trkpt>
<trkpt lat="53.649861" lon="-3.009693"><time>2026-09-20T10:46:11Z</time></trkpt>
<trkpt lat="53.649864" lon="-3.009667"><time>2026-09-20T10:46:12Z</time></trkpt>
<trkpt lat="53.649865" lon="-3.009634"><time>2026-09-20T10:46:13Z</time></trkpt>
<trkpt lat="53.649878" lon="-3.009616"><time>2026-09-20T10:46:14Z</time></trkpt>
<trkpt lat="53.649882" lon="-3.009582"><time>2026-09-20T10:46:15Z</time></trkpt>
<trkpt lat="53.649887" lon="-3.009551"><time>2026-09-20T10:46:16Z</time></trkpt>
<trkpt lat="53.649894" lon="-3.009533"><time>2026-09-20T10:46:17Z</time></trkpt>
<trkpt lat="53.649904" lon="-3.009510"><time>2026-09-20T10:46:18Z</time></trkpt>
<trkpt lat="53.649916" lon="-3.009513"><time>2026-09-20T10:46:19Z</time></trkpt>
<trkpt lat="53.649922" lon="-3.009528"><time>2026-09-20T10:46:20Z</time></trkpt>
<trkpt lat="53.649931" lon="-3.009536"><time>2026-09-20T10:46:21Z</time></trkpt>
<trkpt lat="53.649950" lon="-3.009528"><time>2026-09-20T10:46:22Z</time></trkpt>
<trkpt lat="53.649964" lon="-3.009544"><time>2026-09-20T10:46:23Z</time></trkpt>
<trkpt lat="53.649972" lon="-3.009545"><time>2026-09-20T10:46:24Z</time></trkpt>
<trkpt lat="53.649987" lon="-3.009556"><time>2026-09-20T10:46:25Z</time></trkpt>
<trkpt lat="53.649997" lon="-3.009561"><time>2026-09-20T10:46:26Z</time></trkpt>
<trkpt lat="53.650018" lon="-3.009579"><time>2026-09-20T10:46:27Z</time></trkpt>
<trkpt lat="53.650037" lon="-3.009586"><time>2026-09-20T10:46:28Z</time></trkpt>
<trkpt lat="53.650044" lon="-3.009594"><time>2026-09-20T10:46:29Z</time></trkpt>
<trkpt lat="53.650063" lon="-3.009592"><time>2026-09-20T10:46:30Z</time></trkpt>
<trkpt lat="53.650073" lon="-3.009609"><time>2026-09-20T10:46:31Z</time></trkpt>
<trkpt lat="53.650096" lon="-3.009616"><time>2026-09-20T10:46:32Z</time></trkpt>
<trkpt lat="53.650110" lon="-3.009607"><time>2026-09-20T10:46:33Z</time></trkpt>
<trkpt lat="53.650125" lon="-3.009629"><time>2026-09-20T10:46:34Z</time></trkpt>
<trkpt lat="53.650138" lon="-3.009631"><time>2026-09-20T10:46:35Z</time></trkpt>
<trkpt lat="53.650152" lon="-3.009635"><time>2026-09-20T10:46:36Z</time></trkpt>
<trkpt lat="53.650161" lon="-3.009647"><time>2026-09-20T10:46:37Z</time></trkpt>
<trkpt lat="53.650182" lon="-3.009653"><time>2026-09-20T10:46:38Z</time></trkpt>
<trkpt lat="53.650194" lon="-3.009663"><time>2026-09-20T10:46:39Z</time></trkpt>
<trkpt lat="53.650210" lon="-3.009663"><time>2026-09-20T10:46:40Z</time></trkpt>
<trkpt lat="53.650226" lon="-3.009681"><time>2026-09-20T10:46:41Z</time></trkpt>
<trkpt lat="53.650234" lon="-3.009680"><time>2026-09-20T10:46:42Z</time></trkpt>
<trkpt lat="53.650251" lon="-3.009685"><time>2026-09-20T10:46:43Z</time></trkpt>
<trkpt lat="53.650263" lon="-3.009701"><time>2026-09-20T10:46:44Z</time></trkpt>
<trkpt lat="53.650279" lon="-3.009708"><time>2026-09-20T10:46:45Z</time></trkpt>
<trkpt lat="53.650299" lon="-3.009712"><time>2026-09-20T10:46:46Z</time></trkpt>
<trkpt lat="53.650313" lon="-3.009719"><time>2026-09-20T10:46:47Z</time></trkpt>
<trkpt lat="53.650327" lon="-3.009731"><time>2026-09-20T10:46:48Z</time></trkpt>
<trkpt lat="53.650337" lon="-3.009734"><time>2026-09-20T10:46:49Z</time></trkpt>
<trkpt lat="53.650353" lon="-3.009737"><time>2026-09-20T10:46:50Z</time></trkpt>
<trkpt lat="53.650376" lon="-3.009752"><time>2026-09-20T10:46:51Z</time></trkpt>
<trkpt lat="53.650390" lon="-3.009764"><time>2026-09-20T10:46:52Z</time></trkpt>
<trkpt lat="53.650405" lon="-3.009777"><time>2026-09-20T10:46:53Z</time></trkpt>
<trkpt lat="53.650415" lon="-3.009776"><time>2026-09-20T10:46:54Z</time></trkpt>
<trkpt lat="53.650440" lon="-3.009793"><time>2026-09-20T10:46:55Z</time></trkpt>
<trkpt lat="53.650448" lon="-3.009796"><time>2026-09-20T10:46:56Z</time></trkpt>
<trkpt lat="53.650470" lon="-3.009812"><time>2026-09-20T10:46:57Z</time></trkpt>
<trkpt lat="53.650488" lon="-3.009807"><time>2026-09-20T10:46:58Z</time></trkpt>
<trkpt lat="53.650505" lon="-3.009818"><time>2026-09-20T10:46:59Z</time></trkpt>
<trkpt lat="53.650517" lon="-3.009837"><time>2026-09-20T10:47:00Z</time></trkpt>
<trkpt lat="53.650529" lon="-3.009837"><time>2026-09-20T10:47:01Z</time></trkpt>
<trkpt lat="53.650555" lon="-3.009851"><time>2026-09-20T10:47:02Z</time></trkpt>
<trkpt lat="53.650569" lon="-3.009847"><time>2026-09-20T10:47:03Z</time></trkpt>
<trkpt lat="53.650579" lon="-3.009858"><time>2026-09-20T10:47:04Z</time></trkpt>
<trkpt lat="53.650596" lon="-3.009863"><time>2026-09-20T10:47:05Z</time></trkpt>
<trkpt lat="53.650614" lon="-3.009882"><time>2026-09-20T10:47:06Z</time></trkpt>
<trkpt lat="53.650634" lon="-3.009882"><time>2026-09-20T10:47:07Z</time></trkpt>
<trkpt lat="53.650653" lon="-3.009899"><time>2026-09-20T10:47:08Z</time></trkpt>
<trkpt lat="53.650663" lon="-3.009909"><time>2026-09-20T10:47:09Z</time></trkpt>
<trkpt lat="53.650680" lon="-3.009919"><time>2026-09-20T10:47:10Z</time></trkpt>
<trkpt lat="53.650702" lon="-3.009920"><time>2026-09-20T10:47:11Z</time></trkpt>
<trkpt lat="53.650718" lon="-3.009931"><time>2026-09-20T10:47:12Z</time></trkpt>
<trkpt lat="53.650735" lon="-3.009946"><time>2026-09-20T10:47:13Z</time></trkpt>
<trkpt lat="53.650753" lon="-3.009954"><time>2026-09-20T10:47:14Z</time></trkpt>
<trkpt lat="53.650771" lon="-3.009953"><time>2026-09-20T10:47:15Z</time></trkpt>
<trkpt lat="53.650777" lon="-3.009966"><time>2026-09-20T10:47:16Z</time></trkpt>
<trkpt lat="53.650800" lon="-3.009970"><time>2026-09-20T10:47:17Z</time></trkpt>
<trkpt lat="53.650815" lon="-3.009989"><time>2026-09-20T10:47:18Z</time></trkpt>
<trkpt lat="53.650831" lon="-3.009981"><time>2026-09-20T10:47:19Z</time></trkpt>
<trkpt lat="53.650846" lon="-3.010001"><time>2026-09-20T10:47:20Z</time></trkpt>
<trkpt lat="53.650857" lon="-3.010000"><time>2026-09-20T10:47:21Z</time></trkpt>
<trkpt lat="53.650877" lon="-3.010004"><time>2026-09-20T10:47:22Z</time></trkpt>
<trkpt lat="53.650889" lon="-3.010021"><time>2026-09-20T10:47:23Z</time></trkpt>
<trkpt lat="53.650908" lon="-3.010019"><time>2026-09-20T10:47:24Z</time></trkpt>
<trkpt lat="53.650918" lon="-3.010039"><time>2026-09-20T10:47:25Z</time></trkpt>
<trkpt lat="53.650934" lon="-3.010041"><time>2026-09-20T10:47:26Z</time></trkpt>
<trkpt lat="53.650951" lon="-3.010054"><time>2026-09-20T10:47:27Z</time></trkpt>
<trkpt lat="53.650965" lon="-3.010051"><time>2026-09-20T10:47:28Z</time></trkpt>
<trkpt lat="53.650982" lon="-3.010071"><time>2026-09-20T10:47:29Z</time></trkpt>
<trkpt lat="53.650990" lon="-3.010077"><time>2026-09-20T10:47:30Z</time></trkpt>
<trkpt lat="53.651013" lon="-3.010078"><time>2026-09-20T10:47:31Z</time></trkpt>
<trkpt lat="53.651026" lon="-3.010084"><time>2026-09-20T10:47:32Z</time></trkpt>
<trkpt lat="53.651035" lon="-3.010090"><time>2026-09-20T10:47:33Z</time></trkpt>
<trkpt lat="53.651050" lon="-3.010104"><time>2026-09-20T10:47:34Z</time></trkpt>
<trkpt lat="53.651070" lon="-3.010109"><time>2026-09-20T10:47:35Z</time></trkpt>
<trkpt lat="53.651079" lon="-3.010121"><time>2026-09-20T10:47:36Z</time></trkpt>
<trkpt lat="53.651092" lon="-3.010121"><time>2026-09-20T10:47:37Z</time></trkpt>
<trkpt lat="53.651106" lon="-3.010136"><time>2026-09-20T10:47:38Z</time></trkpt>
<trkpt lat="53.651129" lon="-3.010147"><time>2026-09-20T10:47:39Z</time></trkpt>
<trkpt lat="53.651136" lon="-3.010149"><time>2026-09-20T10:47:40Z</time></trkpt>
<trkpt lat="53.651155" lon="-3.010155"><time>2026-09-20T10:47:41Z</time></trkpt>
<trkpt lat="53.651172" lon="-3.010157"><time>2026-09-20T10:47:42Z</time></trkpt>
<trkpt lat="53.651184" lon="-3.010177"><time>2026-09-20T10:47:43Z</time></trkpt>
<trkpt lat="53.651196" lon="-3.010179"><time>2026-09-20T10:47:44Z</time></trkpt>
<trkpt lat="53.651219" lon="-3.010195"><time>2026-09-20T10:47:45Z</time></trkpt>
<trkpt lat="53.651227" lon="-3.010201"><time>2026-09-20T10:47:46Z</time></trkpt>
<trkpt lat="53.651241" lon="-3.010206"><time>2026-09-20T10:47:47Z</time></trkpt>
<trkpt lat="53.651263" lon="-3.010215"><time>2026-09-20T10:47:48Z</time></trkpt>
<trkpt lat="53.651273" lon="-3.010211"><time>2026-09-20T10:47:49Z</time></trkpt>
<trkpt lat="53.651287" lon="-3.010233"><time>2026-09-20T10:47:50Z</time></trkpt>
<trkpt lat="53.651310" lon="-3.010228"><time>2026-09-20T10:47:51Z</time></trkpt>
<trkpt lat="53.651320" lon="-3.010241"><time>2026-09-20T10:47:52Z</time></trkpt>
<trkpt lat="53.651342" lon="-3.010259"><time>2026-09-20T10:47:53Z</time></trkpt>
<trkpt lat="53.651358" lon="-3.010266"><time>2026-09-20T10:47:54Z</time></trkpt>
<trkpt lat="53.651373" lon="-3.010272"><time>2026-09-20T10:47:55Z</time></trkpt>
<trkpt lat="53.651391" lon="-3.010280"><time>2026-09-20T10:47:56Z</time></trkpt>
<trkpt lat="53.651405" lon="-3.010292"><time>2026-09-20T10:47:57Z</time></trkpt>
<trkpt lat="53.651419" lon="-3.010301"><time>2026-09-20T10:47:58Z</time></trkpt>
<trkpt lat="53.651434" lon="-3.010310"><time>2026-09-20T10:47:59Z</time></trkpt>
<trkpt lat="53.651447" lon="-3.010286"><time>2026-09-20T10:48:00Z</time></trkpt>
<trkpt lat="53.651448" lon="-3.010280"><time>2026-09-20T10:48:01Z</time></trkpt>
<trkpt lat="53.651454" lon="-3.010261"><time>2026-09-20T10:48:02Z</time></trkpt>
<trkpt lat="53.651459" lon="-3.010245"><time>2026-09-20T10:48:03Z</time></trkpt>
<trkpt lat="53.651461" lon="-3.010228"><time>2026-09-20T10:48:04Z</time></trkpt>
<trkpt lat="53.651469" lon="-3.010199"><time>2026-09-20T10:48:05Z</time></trkpt>
<trkpt lat="53.651480" lon="-3.010166"><time>2026-09-20T10:48:06Z</time></trkpt>
<trkpt lat="53.651484" lon="-3.010152"><time>2026-09-20T10:48:07Z</time></trkpt>
<trkpt lat="53.651493" lon="-3.010112"><time>2026-09-20T10:48:08Z</time></trkpt>
<trkpt lat="53.651497" lon="-3.010087"><time>2026-09-20T10:48:09Z</time></trkpt>
<trkpt lat="53.651508" lon="-3.010075"><time>2026-09-20T10:48:10Z</time></trkpt>
<trkpt lat="53.651510" lon="-3.010040"><time>2026-09-20T10:48:11Z</time></trkpt>
<trkpt lat="53.651514" lon="-3.010010"><time>2026-09-20T10:48:12Z</time></trkpt>
<trkpt lat="53.651527" lon="-3.009988"><time>2026-09-20T10:48:13Z</time></trkpt>
<trkpt lat="53.651528" lon="-3.009959"><time>2026-09-20T10:48:14Z</time></trkpt>
<trkpt lat="53.651534" lon="-3.009939"><time>2026-09-20T10:48:15Z</time></trkpt>
<trkpt lat="53.651548" lon="-3.009904"><time>2026-09-20T10:48:16Z</time></trkpt>
<trkpt lat="53.651554" lon="-3.009895"><time>2026-09-20T10:48:17Z</time></trkpt>
<trkpt lat="53.651554" lon="-3.009867"><time>2026-09-20T10:48:18Z</time></trkpt>
<trkpt lat="53.651564" lon="-3.009832"><time>2026-09-20T10:48:19Z</time></trkpt>
<trkpt lat="53.651567" lon="-3.009812"><time>2026-09-20T10:48:20Z</time></trkpt>
<trkpt lat="53.651578" lon="-3.009795"><time>2026-09-20T10:48:21Z</time></trkpt>
<trkpt lat="53.651583" lon="-3.009758"><time>2026-09-20T10:48:22Z</time></trkpt>
<trkpt lat="53.651585" lon="-3.009734"><time>2026-09-20T10:48:23Z</time></trkpt>
<trkpt lat="53.651593" lon="-3.009718"><time>2026-09-20T10:48:24Z</time></trkpt>
<trkpt lat="53.651597" lon="-3.009688"><time>2026-09-20T10:48:25Z</time></trkpt>
<trkpt lat="53.651607" lon="-3.009659"><time>2026-09-20T10:48:26Z</time></trkpt>
<trkpt lat="53.651605" lon="-3.009648"><time>2026-09-20T10:48:27Z</time></trkpt>
<trkpt lat="53.651616" lon="-3.009614"><time>2026-09-20T10:48:28Z</time></trkpt>
<trkpt lat="53.651624" lon="-3.009589"><time>2026-09-20T10:48:29Z</time></trkpt>
<trkpt lat="53.651626" lon="-3.009568"><time>2026-09-20T10:48:30Z</time></trkpt>
<trkpt lat="53.651638" lon="-3.009544"><time>2026-09-20T10:48:31Z</time></trkpt>
<trkpt lat="53.651638" lon="-3.009516"><time>2026-09-20T10:48:32Z</time></trkpt>
<trkpt lat="53.651645" lon="-3.009507"><time>2026-09-20T10:48:33Z</time></trkpt>
<trkpt lat="53.651656" lon="-3.009471"><time>2026-09-20T10:48:34Z</time></trkpt>
<trkpt lat="53.651661" lon="-3.009447"><time>2026-09-20T10:48:35Z</time></trkpt>
<trkpt lat="53.651665" lon="-3.009432"><time>2026-09-20T10:48:36Z</time></trkpt>
<trkpt lat="53.651667" lon="-3.009410"><time>2026-09-20T10:48:37Z</time></trkpt>
<trkpt lat="53.651674" lon="-3.009388"><time>2026-09-20T10:48:38Z</time></trkpt>
<trkpt lat="53.651685" lon="-3.009355"><time>2026-09-20T10:48:39Z</time></trkpt>
<trkpt lat="53.651692" lon="-3.009327"><time>2026-09-20T10:48:40Z</time></trkpt>
<trkpt lat="53.651697" lon="-3.009301"><time>2026-09-20T10:48:41Z</time></trkpt>
<trkpt lat="53.651702" lon="-3.009276"><time>2026-09-20T10:48:42Z</time></trkpt>
<trkpt lat="53.651711" lon="-3.009268"><time>2026-09-20T10:48:43Z</time></trkpt>
<trkpt lat="53.651716" lon="-3.009230"><time>2026-09-20T10:48:44Z</time></trkpt>
<trkpt lat="53.651717" lon="-3.009211"><time>2026-09-20T10:48:45Z</time></trkpt>
<trkpt lat="53.651729" lon="-3.009185"><time>2026-09-20T10:48:46Z</time></trkpt>
<trkpt lat="53.651733" lon="-3.009160"><time>2026-09-20T10:48:47Z</time></trkpt>
<trkpt lat="53.651744" lon="-3.009127"><time>2026-09-20T10:48:48Z</time></trkpt>
<trkpt lat="53.651744" lon="-3.009106"><time>2026-09-20T10:48:49Z</time></trkpt>
<trkpt lat="53.651752" lon="-3.009072"><time>2026-09-20T10:48:50Z</time></trkpt>
<trkpt lat="53.651764" lon="-3.009055"><time>2026-09-20T10:48:51Z</time></trkpt>
<trkpt lat="53.651768" lon="-3.009018"><time>2026-09-20T10:48:52Z</time></trkpt>
<trkpt lat="53.651776" lon="-3.009000"><time>2026-09-20T10:48:53Z</time></trkpt>
<trkpt lat="53.651784" lon="-3.008970"><time>2026-09-20T10:48:54Z</time></trkpt>
<trkpt lat="53.651786" lon="-3.008940"><time>2026-09-20T10:48:55Z</time></trkpt>
<trkpt lat="53.651791" lon="-3.008922"><time>2026-09-20T10:48:56Z</time></trkpt>
<trkpt lat="53.651798" lon="-3.008888"><time>2026-09-20T10:48:57Z</time></trkpt>
<trkpt lat="53.651802" lon="-3.008861"><time>2026-09-20T10:48:58Z</time></trkpt>
<trkpt lat="53.651813" lon="-3.008833"><time>2026-09-20T10:48:59Z</time></trkpt>
<trkpt lat="53.651818" lon="-3.008819"><time>2026-09-20T10:49:00Z</time></trkpt>
<trkpt lat="53.651826" lon="-3.008788"><time>2026-09-20T10:49:01Z</time></trkpt>
<trkpt lat="53.651837" lon="-3.008759"><time>2026-09-20T10:49:02Z</time></trkpt>
<trkpt lat="53.651845" lon="-3.008723"><time>2026-09-20T10:49:03Z</time></trkpt>
<trkpt lat="53.651842" lon="-3.008696"><time>2026-09-20T10:49:04Z</time></trkpt>
<trkpt lat="53.651856" lon="-3.008684"><time>2026-09-20T10:49:05Z</time></trkpt>
<trkpt lat="53.651861" lon="-3.008652"><time>2026-09-20T10:49:06Z</time></trkpt>
<trkpt lat="53.651869" lon="-3.008621"><time>2026-09-20T10:49:07Z</time></trkpt>
<trkpt lat="53.651875" lon="-3.008596"><time>2026-09-20T10:49:08Z</time></trkpt>
<trkpt lat="53.651881" lon="-3.008577"><time>2026-09-20T10:49:09Z</time></trkpt>
<trkpt lat="53.651881" lon="-3.008548"><time>2026-09-20T10:49:10Z</time></trkpt>
<trkpt lat="53.651897" lon="-3.008519"><time>2026-09-20T10:49:11Z</time></trkpt>
<trkpt lat="53.651900" lon="-3.008498"><time>2026-09-20T10:49:12Z</time></trkpt>
<trkpt lat="53.651909" lon="-3.008468"><time>2026-09-20T10:49:13Z</time></trkpt>
<trkpt lat="53.651910" lon="-3.008451"><time>2026-09-20T10:49:14Z</time></trkpt>
<trkpt lat="53.651914" lon="-3.008416"><time>2026-09-20T10:49:15Z</time></trkpt>
<trkpt lat="53.651929" lon="-3.008389"><time>2026-09-20T10:49:16Z</time></trkpt>
<trkpt lat="53.651934" lon="-3.008368"><time>2026-09-20T10:49:17Z</time></trkpt>
<trkpt lat="53.651937" lon="-3.008341"><time>2026-09-20T10:49:18Z</time></trkpt>
<trkpt lat="53.651947" lon="-3.008326"><time>2026-09-20T10:49:19Z</time></trkpt>
<trkpt lat="53.651949" lon="-3.008294"><time>2026-09-20T10:49:20Z</time></trkpt>
<trkpt lat="53.651960" lon="-3.008268"><time>2026-09-20T10:49:21Z</time></trkpt>
<trkpt lat="53.651959" lon="-3.008240"><time>2026-09-20T10:49:22Z</time></trkpt>
<trkpt lat="53.651962" lon="-3.008229"><time>2026-09-20T10:49:23Z</time></trkpt>
<trkpt lat="53.651976" lon="-3.008192"><time>2026-09-20T10:49:24Z</time></trkpt>
<trkpt lat="53.651984" lon="-3.008170"><time>2026-09-20T10:49:25Z</time></trkpt>
<trkpt lat="53.651983" lon="-3.008159"><time>2026-09-20T10:49:26Z</time></trkpt>
<trkpt lat="53.651994" lon="-3.008131"><time>2026-09-20T10:49:27Z</time></trkpt>
<trkpt lat="53.652002" lon="-3.008106"><time>2026-09-20T10:49:28Z</time></trkpt>
<trkpt lat="53.652006" lon="-3.008085"><time>2026-09-20T10:49:29Z</time></trkpt>
<trkpt lat="53.652008" lon="-3.008051"><time>2026-09-20T10:49:30Z</time></trkpt>
<trkpt lat="53.652012" lon="-3.008046"><time>2026-09-20T10:49:31Z</time></trkpt>
<trkpt lat="53.652021" lon="-3.008008"><time>2026-09-20T10:49:32Z</time></trkpt>
<trkpt lat="53.652024" lon="-3.007995"><time>2026-09-20T10:49:33Z</time></trkpt>
<trkpt lat="53.652032" lon="-3.007965"><time>2026-09-20T10:49:34Z</time></trkpt>
<trkpt lat="53.652042" lon="-3.007940"><time>2026-09-20T10:49:35Z</time></trkpt>
<trkpt lat="53.652046" lon="-3.007918"><time>2026-09-20T10:49:36Z</time></trkpt>
<trkpt lat="53.652050" lon="-3.007885"><time>2026-09-20T10:49:37Z</time></trkpt>
<trkpt lat="53.652052" lon="-3.007858"><time>2026-09-20T10:49:38Z</time></trkpt>
<trkpt lat="53.652062" lon="-3.007835"><time>2026-09-20T10:49:39Z</time></trkpt>
<trkpt lat="53.652070" lon="-3.007824"><time>2026-09-20T10:49:40Z</time></trkpt>
<trkpt lat="53.652074" lon="-3.007809"><time>2026-09-20T10:49:41Z</time></trkpt>
<trkpt lat="53.652086" lon="-3.007802"><time>2026-09-20T10:49:42Z</time></trkpt>
<trkpt lat="53.652096" lon="-3.007812"><time>2026-09-20T10:49:43Z</time></trkpt>
<trkpt lat="53.652108" lon="-3.007820"><time>2026-09-20T10:49:44Z</time></trkpt>
<trkpt lat="53.652123" lon="-3.007829"><time>2026-09-20T10:49:45Z</time></trkpt>
<trkpt lat="53.652131" lon="-3.007824"><time>2026-09-20T10:49:46Z</time></trkpt>
<trkpt lat="53.652152" lon="-3.007841"><time>2026-09-20T10:49:47Z</time></trkpt>
<trkpt lat="53.652162" lon="-3.007850"><time>2026-09-20T10:49:48Z</time></trkpt>
<trkpt lat="53.652176" lon="-3.007847"><time>2026-09-20T10:49:49Z</time></trkpt>
<trkpt lat="53.652193" lon="-3.007854"><time>2026-09-20T10:49:50Z</time></trkpt>
<trkpt lat="53.652216" lon="-3.007863"><time>2026-09-20T10:49:51Z</time></trkpt>
<trkpt lat="53.652226" lon="-3.007877"><time>2026-09-20T10:49:52Z</time></trkpt>
<trkpt lat="53.652244" lon="-3.007896"><time>2026-09-20T10:49:53Z</time></trkpt>
<trkpt lat="53.652261" lon="-3.007894"><time>2026-09-20T10:49:54Z</time></trkpt>
<trkpt lat="53.652276" lon="-3.007906"><time>2026-09-20T10:49:55Z</time></trkpt>
<trkpt lat="53.652295" lon="-3.007917"><time>2026-09-20T10:49:56Z</time></trkpt>
<trkpt lat="53.652313" lon="-3.007920"><time>2026-09-20T10:49:57Z</time></trkpt>
<trkpt lat="53.652331" lon="-3.007926"><time>2026-09-20T10:49:58Z</time></trkpt>
<trkpt lat="53.652344" lon="-3.007932"><time>2026-09-20T10:49:59Z</time></trkpt>
<trkpt lat="53.652363" lon="-3.007950"><time>2026-09-20T10:50:00Z</time></trkpt>
<trkpt lat="53.652373" lon="-3.007965"><time>2026-09-20T10:50:01Z</time></trkpt>
<trkpt lat="53.652392" lon="-3.007964"><time>2026-09-20T10:50:02Z</time></trkpt>
<trkpt lat="53.652406" lon="-3.007965"><time>2026-09-20T10:50:03Z</time></trkpt>
<trkpt lat="53.652425" lon="-3.007974"><time>2026-09-20T10:50:04Z</time></trkpt>
<trkpt lat="53.652447" lon="-3.007992"><time>2026-09-20T10:50:05Z</time></trkpt>
<trkpt lat="53.652460" lon="-3.008002"><time>2026-09-20T10:50:06Z</time></trkpt>
<trkpt lat="53.652469" lon="-3.008008"><time>2026-09-20T10:50:07Z</time></trkpt>
<trkpt lat="53.652491" lon="-3.008015"><time>2026-09-20T10:50:08Z</time></trkpt>
<trkpt lat="53.652511" lon="-3.008016"><time>2026-09-20T10:50:09Z</time></trkpt>
<trkpt lat="53.652519" lon="-3.008032"><time>2026-09-20T10:50:10Z</time></trkpt>
<trkpt lat="53.652538" lon="-3.008046"><time>2026-09-20T10:50:11Z</time></trkpt>
<trkpt lat="53.652547" lon="-3.008045"><time>2026-09-20T10:50:12Z</time></trkpt>
<trkpt lat="53.652570" lon="-3.008047"><time>2026-09-20T10:50:13Z</time></trkpt>
<trkpt lat="53.652578" lon="-3.008062"><time>2026-09-20T10:50:14Z</time></trkpt>
<trkpt lat="53.652595" lon="-3.008061"><time>2026-09-20T10:50:15Z</time></trkpt>
<trkpt lat="53.652615" lon="-3.008069"><time>2026-09-20T10:50:16Z</time></trkpt>
<trkpt lat="53.652632" lon="-3.008086"><time>2026-09-20T10:50:17Z</time></trkpt>
<trkpt lat="53.652638" lon="-3.008097"><time>2026-09-20T10:50:18Z</time></trkpt>
<trkpt lat="53.652658" lon="-3.008094"><time>2026-09-20T10:50:19Z</time></trkpt>
<trkpt lat="53.652666" lon="-3.008115"><time>2026-09-20T10:50:20Z</time></trkpt>
<trkpt lat="53.652685" lon="-3.008119"><time>2026-09-20T10:50:21Z</time></trkpt>
<trkpt lat="53.652702" lon="-3.008127"><time>2026-09-20T10:50:22Z</time></trkpt>
<trkpt lat="53.652712" lon="-3.008133"><time>2026-09-20T10:50:23Z</time></trkpt>
<trkpt lat="53.652724" lon="-3.008140"><time>2026-09-20T10:50:24Z</time></trkpt>
<trkpt lat="53.652748" lon="-3.008145"><time>2026-09-20T10:50:25Z</time></trkpt>
<trkpt lat="53.652760" lon="-3.008153"><time>2026-09-20T10:50:26Z</time></trkpt>
<trkpt lat="53.652771" lon="-3.008156"><time>2026-09-20T10:50:27Z</time></trkpt>
<trkpt lat="53.652786" lon="-3.008166"><time>2026-09-20T10:50:28Z</time></trkpt>
<trkpt lat="53.652803" lon="-3.008168"><time>2026-09-20T10:50:29Z</time></trkpt>
<trkpt lat="53.652812" lon="-3.008183"><time>2026-09-20T10:50:30Z</time></trkpt>
<trkpt lat="53.652829" lon="-3.008192"><time>2026-09-20T10:50:31Z</time></trkpt>
<trkpt lat="53.652849" lon="-3.008203"><time>2026-09-20T10:50:32Z</time></trkpt>
<trkpt lat="53.652857" lon="-3.008197"><time>2026-09-20T10:50:33Z</time></trkpt>
<trkpt lat="53.652878" lon="-3.008218"><time>2026-09-20T10:50:34Z</time></trkpt>
<trkpt lat="53.652887" lon="-3.008216"><time>2026-09-20T10:50:35Z</time></trkpt>
<trkpt lat="53.652905" lon="-3.008228"><time>2026-09-20T10:50:36Z</time></trkpt>
<trkpt lat="53.652917" lon="-3.008236"><time>2026-09-20T10:50:37Z</time></trkpt>
<trkpt lat="53.652941" lon="-3.008242"><time>2026-09-20T10:50:38Z</time></trkpt>
<trkpt lat="53.652954" lon="-3.008246"><time>2026-09-20T10:50:39Z</time></trkpt>
<trkpt lat="53.652968" lon="-3.008256"><time>2026-09-20T10:50:40Z</time></trkpt>
<trkpt lat="53.652981" lon="-3.008269"><time>2026-09-20T10:50:41Z</time></trkpt>
<trkpt lat="53.652999" lon="-3.008286"><time>2026-09-20T10:50:42Z</time></trkpt>
<trkpt lat="53.653019" lon="-3.008292"><time>2026-09-20T10:50:43Z</time></trkpt>
<trkpt lat="53.653035" lon="-3.008287"><time>2026-09-20T10:50:44Z</time></trkpt>
<trkpt lat="53.653048" lon="-3.008305"><time>2026-09-20T10:50:45Z</time></trkpt>
<trkpt lat="53.653070" lon="-3.008312"><time>2026-09-20T10:50:46Z</time></trkpt>
<trkpt lat="53.653080" lon="-3.008318"><time>2026-09-20T10:50:47Z</time></trkpt>
<trkpt lat="53.653099" lon="-3.008327"><time>2026-09-20T10:50:48Z</time></trkpt>
<trkpt lat="53.653119" lon="-3.008342"><time>2026-09-20T10:50:49Z</time></trkpt>
<trkpt lat="53.653131" lon="-3.008343"><time>2026-09-20T10:50:50Z</time></trkpt>
<trkpt lat="53.653146" lon="-3.008354"><time>2026-09-20T10:50:51Z</time></trkpt>
<trkpt lat="53.653171" lon="-3.008357"><time>2026-09-20T10:50:52Z</time></trkpt>
<trkpt lat="53.653183" lon="-3.008333"><time>2026-09-20T10:50:53Z</time></trkpt>
<trkpt lat="53.653190" lon="-3.008308"><time>2026-09-20T10:50:54Z</time></trkpt>
<trkpt lat="53.653194" lon="-3.008257"><time>2026-09-20T10:50:55Z</time></trkpt>
<trkpt lat="53.653201" lon="-3.008223"><time>2026-09-20T10:50:56Z</time></trkpt>
<trkpt lat="53.653216" lon="-3.008187"><time>2026-09-20T10:50:57Z</time></trkpt>
<trkpt lat="53.653228" lon="-3.008154"><time>2026-09-20T10:50:58Z</time></trkpt>
<trkpt lat="53.653230" lon="-3.008109"><time>2026-09-20T10:50:59Z</time></trkpt>
<trkpt lat="53.653247" lon="-3.008067"><time>2026-09-20T10:51:00Z</time></trkpt>
<trkpt lat="53.653247" lon="-3.008040"><time>2026-09-20T10:51:01Z</time></trkpt>
<trkpt lat="53.653261" lon="-3.008009"><time>2026-09-20T10:51:02Z</time></trkpt>
<trkpt lat="53.653267" lon="-3.007972"><time>2026-09-20T10:51:03Z</time></trkpt>
<trkpt lat="53.653278" lon="-3.007934"><time>2026-09-20T10:51:04Z</time></trkpt>
<trkpt lat="53.653286" lon="-3.007902"><time>2026-09-20T10:51:05Z</time></trkpt>
<trkpt lat="53.653300" lon="-3.007863"><time>2026-09-20T10:51:06Z</time></trkpt>
<trkpt lat="53.653312" lon="-3.007832"><time>2026-09-20T10:51:07Z</time></trkpt>
<trkpt lat="53.653310" lon="-3.007797"><time>2026-09-20T10:51:08Z</time></trkpt>
<trkpt lat="53.653297" lon="-3.007801"><time>2026-09-20T10:51:09Z</time></trkpt>
<trkpt lat="53.653291" lon="-3.007791"><time>2026-09-20T10:51:10Z</time></trkpt>
<trkpt lat="53.653272" lon="-3.007795"><time>2026-09-20T10:51:11Z</time></trkpt>
<trkpt lat="53.653260" lon="-3.007796"><time>2026-09-20T10:51:12Z</time></trkpt>
<trkpt lat="53.653251" lon="-3.007805"><time>2026-09-20T10:51:13Z</time></trkpt>
<trkpt lat="53.653237" lon="-3.007809"><time>2026-09-20T10:51:14Z</time></trkpt>
<trkpt lat="53.653214" lon="-3.007809"><time>2026-09-20T10:51:15Z</time></trkpt>
<trkpt lat="53.653198" lon="-3.007811"><time>2026-09-20T10:51:16Z</time></trkpt>
<trkpt lat="53.653182" lon="-3.007798"><time>2026-09-20T10:51:17Z</time></trkpt>
<trkpt lat="53.653162" lon="-3.007805"><time>2026-09-20T10:51:18Z</time></trkpt>
<trkpt lat="53.653152" lon="-3.007815"><time>2026-09-20T10:51:19Z</time></trkpt>
<trkpt lat="53.653124" lon="-3.007808"><time>2026-09-20T10:51:20Z</time></trkpt>
<trkpt lat="53.653110" lon="-3.007817"><time>2026-09-20T10:51:21Z</time></trkpt>
<trkpt lat="53.653091" lon="-3.007809"><time>2026-09-20T10:51:22Z</time></trkpt>
<trkpt lat="53.653080" lon="-3.007816"><time>2026-09-20T10:51:23Z</time></trkpt>
<trkpt lat="53.653063" lon="-3.007822"><time>2026-09-20T10:51:24Z</time></trkpt>
<trkpt lat="53.653042" lon="-3.007815"><time>2026-09-20T10:51:25Z</time></trkpt>
<trkpt lat="53.653020" lon="-3.007821"><time>2026-09-20T10:51:26Z</time></trkpt>
<trkpt lat="53.653005" lon="-3.007822"><time>2026-09-20T10:51:27Z</time></trkpt>
<trkpt lat="53.652992" lon="-3.007826"><time>2026-09-20T10:51:28Z</time></trkpt>
<trkpt lat="53.652966" lon="-3.007827"><time>2026-09-20T10:51:29Z</time></trkpt>
<trkpt lat="53.652950" lon="-3.007835"><time>2026-09-20T10:51:30Z</time></trkpt>
<trkpt lat="53.652937" lon="-3.007820"><time>2026-09-20T10:51:31Z</time></trkpt>
<trkpt lat="53.652914" lon="-3.007835"><time>2026-09-20T10:51:32Z</time></trkpt>
<trkpt lat="53.652894" lon="-3.007831"><time>2026-09-20T10:51:33Z</time></trkpt>
<trkpt lat="53.652881" lon="-3.007837"><time>2026-09-20T10:51:34Z</time></trkpt>
<trkpt lat="53.652856" lon="-3.007832"><time>2026-09-20T10:51:35Z</time></trkpt>
<trkpt lat="53.652837" lon="-3.007846"><time>2026-09-20T10:51:36Z</time></trkpt>
<trkpt lat="53.652816" lon="-3.007833"><time>2026-09-20T10:51:37Z</time></trkpt>
<trkpt lat="53.652797" lon="-3.007838"><time>2026-09-20T10:51:38Z</time></trkpt>
<trkpt lat="53.652783" lon="-3.007849"><time>2026-09-20T10:51:39Z</time></trkpt>
<trkpt lat="53.652760" lon="-3.007842"><time>2026-09-20T10:51:40Z</time></trkpt>
<trkpt lat="53.652745" lon="-3.007852"><time>2026-09-20T10:51:41Z</time></trkpt>
<trkpt lat="53.652722" lon="-3.007855"><time>2026-09-20T10:51:42Z</time></trkpt>
<trkpt lat="53.652706" lon="-3.007853"><time>2026-09-20T10:51:43Z</time></trkpt>
<trkpt lat="53.652685" lon="-3.007850"><time>2026-09-20T10:51:44Z</time></trkpt>
<trkpt lat="53.652665" lon="-3.007858"><time>2026-09-20T10:51:45Z</time></trkpt>
<trkpt lat="53.652641" lon="-3.007855"><time>2026-09-20T10:51:46Z</time></trkpt>
<trkpt lat="53.652626" lon="-3.007849"><time>2026-09-20T10:51:47Z</time></trkpt>
<trkpt lat="53.652597" lon="-3.007854"><time>2026-09-20T10:51:48Z</time></trkpt>
<trkpt lat="53.652584" lon="-3.007866"><time>2026-09-20T10:51:49Z</time></trkpt>
<trkpt lat="53.652563" lon="-3.007868"><time>2026-09-20T10:51:50Z</time></trkpt>
<trkpt lat="53.652539" lon="-3.007861"><time>2026-09-20T10:51:51Z</time></trkpt>
<trkpt lat="53.652516" lon="-3.007869"><time>2026-09-20T10:51:52Z</time></trkpt>
<trkpt lat="53.652505" lon="-3.007858"><time>2026-09-20T10:51:53Z</time></trkpt>
<trkpt lat="53.652483" lon="-3.007863"><time>2026-09-20T10:51:54Z</time></trkpt>
<trkpt lat="53.652456" lon="-3.007876"><time>2026-09-20T10:51:55Z</time></trkpt>
<trkpt lat="53.652443" lon="-3.007881"><time>2026-09-20T10:51:56Z</time></trkpt>
<trkpt lat="53.652420" lon="-3.007870"><time>2026-09-20T10:51:57Z</time></trkpt>
<trkpt lat="53.652398" lon="-3.007876"><time>2026-09-20T10:51:58Z</time></trkpt>
<trkpt lat="53.652378" lon="-3.007884"><time>2026-09-20T10:51:59Z</time></trkpt>
<trkpt lat="53.652363" lon="-3.007880"><time>2026-09-20T10:52:00Z</time></trkpt>
<trkpt lat="53.652343" lon="-3.007876"><time>2026-09-20T10:52:01Z</time></trkpt>
<trkpt lat="53.652321" lon="-3.007880"><time>2026-09-20T10:52:02Z</time></trkpt>
<trkpt lat="53.652308" lon="-3.007876"><time>2026-09-20T10:52:03Z</time></trkpt>
<trkpt lat="53.652285" lon="-3.007890"><time>2026-09-20T10:52:04Z</time></trkpt>
<trkpt lat="53.652269" lon="-3.007883"><time>2026-09-20T10:52:05Z</time></trkpt>
<trkpt lat="53.652255" lon="-3.007888"><time>2026-09-20T10:52:06Z</time></trkpt>
<trkpt lat="53.652227" lon="-3.007894"><time>2026-09-20T10:52:07Z</time></trkpt>
<trkpt lat="53.652216" lon="-3.007884"><time>2026-09-20T10:52:08Z</time></trkpt>
<trkpt lat="53.652193" lon="-3.007897"><time>2026-09-20T10:52:09Z</time></trkpt>
<trkpt lat="53.652181" lon="-3.007900"><time>2026-09-20T10:52:10Z</time></trkpt>
<trkpt lat="53.652158" lon="-3.007894"><time>2026-09-20T10:52:11Z</time></trkpt>
<trkpt lat="53.652141" lon="-3.007903"><time>2026-09-20T10:52:12Z</time></trkpt>
<trkpt lat="53.652128" lon="-3.007906"><time>2026-09-20T10:52:13Z</time></trkpt>
<trkpt lat="53.652112" lon="-3.007901"><time>2026-09-20T10:52:14Z</time></trkpt>
<trkpt lat="53.652091" lon="-3.007902"><time>2026-09-20T10:52:15Z</time></trkpt>
<trkpt lat="53.652076" lon="-3.007897"><time>2026-09-20T10:52:16Z</time></trkpt>
<trkpt lat="53.652056" lon="-3.007915"><time>2026-09-20T10:52:17Z</time></trkpt>
<trkpt lat="53.652035" lon="-3.007915"><time>2026-09-20T10:52:18Z</time></trkpt>
<trkpt lat="53.652021" lon="-3.007901"><time>2026-09-20T10:52:19Z</time></trkpt>
<trkpt lat="53.652002" lon="-3.007904"><time>2026-09-20T10:52:20Z</time></trkpt>
<trkpt lat="53.651980" lon="-3.007904"><time>2026-09-20T10:52:21Z</time></trkpt>
<trkpt lat="53.651964" lon="-3.007907"><time>2026-09-20T10:52:22Z</time></trkpt>
<trkpt lat="53.651952" lon="-3.007925"><time>2026-09-20T10:52:23Z</time></trkpt>
<trkpt lat="53.651933" lon="-3.007922"><time>2026-09-20T10:52:24Z</time></trkpt>
<trkpt lat="53.651916" lon="-3.007912"><time>2026-09-20T10:52:25Z</time></trkpt>
<trkpt lat="53.651892" lon="-3.007927"><time>2026-09-20T10:52:26Z</time></trkpt>
<trkpt lat="53.651881" lon="-3.007928"><time>2026-09-20T10:52:27Z</time></trkpt>
<trkpt lat="53.651857" lon="-3.007920"><time>2026-09-20T10:52:28Z</time></trkpt>
<trkpt lat="53.651838" lon="-3.007924"><time>2026-09-20T10:52:29Z</time></trkpt>
<trkpt lat="53.651818" lon="-3.007925"><time>2026-09-20T10:52:30Z</time></trkpt>
<trkpt lat="53.651806" lon="-3.007930"><time>2026-09-20T10:52:31Z</time></trkpt>
<trkpt lat="53.651786" lon="-3.007939"><time>2026-09-20T10:52:32Z</time></trkpt>
<trkpt lat="53.651761" lon="-3.007936"><time>2026-09-20T10:52:33Z</time></trkpt>
<trkpt lat="53.651749" lon="-3.007935"><time>2026-09-20T10:52:34Z</time></trkpt>
<trkpt lat="53.651730" lon="-3.007943"><time>2026-09-20T10:52:35Z</time></trkpt>
<trkpt lat="53.651710" lon="-3.007942"><time>2026-09-20T10:52:36Z</time></trkpt>
<trkpt lat="53.651682" lon="-3.007941"><time>2026-09-20T10:52:37Z</time></trkpt>
<trkpt lat="53.651665" lon="-3.007935"><time>2026-09-20T10:52:38Z</time></trkpt>
<trkpt lat="53.651642" lon="-3.007936"><time>2026-09-20T10:52:39Z</time></trkpt>
<trkpt lat="53.651625" lon="-3.007950"><time>2026-09-20T10:52:40Z</time></trkpt>
<trkpt lat="53.651607" lon="-3.007953"><time>2026-09-20T10:52:41Z</time></trkpt>
<trkpt lat="53.651583" lon="-3.007946"><time>2026-09-20T10:52:42Z</time></trkpt>
<trkpt lat="53.651564" lon="-3.007943"><time>2026-09-20T10:52:43Z</time></trkpt>
<trkpt lat="53.651544" lon="-3.007944"><time>2026-09-20T10:52:44Z</time></trkpt>
<trkpt lat="53.651528" lon="-3.007952"><time>2026-09-20T10:52:45Z</time></trkpt>
<trkpt lat="53.651506" lon="-3.007964"><time>2026-09-20T10:52:46Z</time></trkpt>
<trkpt lat="53.651487" lon="-3.007951"><time>2026-09-20T10:52:47Z</time></trkpt>
<trkpt lat="53.651468" lon="-3.007963"><time>2026-09-20T10:52:48Z</time></trkpt>
<trkpt lat="53.651447" lon="-3.007960"><time>2026-09-20T10:52:49Z</time></trkpt>
<trkpt lat="53.651433" lon="-3.007978"><time>2026-09-20T10:52:50Z</time></trkpt>
<trkpt lat="53.651425" lon="-3.007989"><time>2026-09-20T10:52:51Z</time></trkpt>
<trkpt lat="53.651424" lon="-3.008013"><time>2026-09-20T10:52:52Z</time></trkpt>
<trkpt lat="53.651404" lon="-3.008021"><time>2026-09-20T10:52:53Z</time></trkpt>
<trkpt lat="53.651400" lon="-3.008042"><time>2026-09-20T10:52:54Z</time></trkpt>
<trkpt lat="53.651391" lon="-3.008072"><time>2026-09-20T10:52:55Z</time></trkpt>
<trkpt lat="53.651377" lon="-3.008092"><time>2026-09-20T10:52:56Z</time></trkpt>
<trkpt lat="53.651362" lon="-3.008106"><time>2026-09-20T10:52:57Z</time></trkpt>
<trkpt lat="53.651349" lon="-3.008138"><time>2026-09-20T10:52:58Z</time></trkpt>
<trkpt lat="53.651336" lon="-3.008158"><time>2026-09-20T10:52:59Z</time></trkpt>
<trkpt lat="53.651328" lon="-3.008181"><time>2026-09-20T10:53:00Z</time></trkpt>
<trkpt lat="53.651311" lon="-3.008206"><time>2026-09-20T10:53:01Z</time></trkpt>
<trkpt lat="53.651293" lon="-3.008225"><time>2026-09-20T10:53:02Z</time></trkpt>
<trkpt lat="53.651286" lon="-3.008245"><time>2026-09-20T10:53:03Z</time></trkpt>
<trkpt lat="53.651277" lon="-3.008267"><time>2026-09-20T10:53:04Z</time></trkpt>
<trkpt lat="53.651263" lon="-3.008290"><time>2026-09-20T10:53:05Z</time></trkpt>
<trkpt lat="53.651254" lon="-3.008322"><time>2026-09-20T10:53:06Z</time></trkpt>
<trkpt lat="53.651234" lon="-3.008337"><time>2026-09-20T10:53:07Z</time></trkpt>
<trkpt lat="53.651221" lon="-3.008351"><time>2026-09-20T10:53:08Z</time></trkpt>
<trkpt lat="53.651211" lon="-3.008389"><time>2026-09-20T10:53:09Z</time></trkpt>
<trkpt lat="53.651203" lon="-3.008400"><time>2026-09-20T10:53:10Z</time></trkpt>
<trkpt lat="53.651189" lon="-3.008416"><time>2026-09-20T10:53:11Z</time></trkpt>
<trkpt lat="53.651175" lon="-3.008443"><time>2026-09-20T10:53:12Z</time></trkpt>
<trkpt lat="53.651164" lon="-3.008470"><time>2026-09-20T10:53:13Z</time></trkpt>
<trkpt lat="53.651157" lon="-3.008482"><time>2026-09-20T10:53:14Z</time></trkpt>
<trkpt lat="53.651141" lon="-3.008504"><time>2026-09-20T10:53:15Z</time></trkpt>
<trkpt lat="53.651129" lon="-3.008542"><time>2026-09-20T10:53:16Z</time></trkpt>
<trkpt lat="53.651115" lon="-3.008552"><time>2026-09-20T10:53:17Z</time></trkpt>
<trkpt lat="53.651102" lon="-3.008582"><time>2026-09-20T10:53:18Z</time></trkpt>
<trkpt lat="53.651092" lon="-3.008602"><time>2026-09-20T10:53:19Z</time></trkpt>
<trkpt lat="53.651084" lon="-3.008621"><time>2026-09-20T10:53:20Z</time></trkpt>
<trkpt lat="53.651064" lon="-3.008645"><time>2026-09-20T10:53:21Z</time></trkpt>
<trkpt lat="53.651055" lon="-3.008666"><time>2026-09-20T10:53:22Z</time></trkpt>
<trkpt lat="53.651038" lon="-3.008689"><time>2026-09-20T10:53:23Z</time></trkpt>
<trkpt lat="53.651035" lon="-3.008707"><time>2026-09-20T10:53:24Z</time></trkpt>
<trkpt lat="53.651019" lon="-3.008729"><time>2026-09-20T10:53:25Z</time></trkpt>
<trkpt lat="53.651002" lon="-3.008750"><time>2026-09-20T10:53:26Z</time></trkpt>
<trkpt lat="53.650996" lon="-3.008784"><time>2026-09-20T10:53:27Z</time></trkpt>
<trkpt lat="53.650982" lon="-3.008811"><time>2026-09-20T10:53:28Z</time></trkpt>
<trkpt lat="53.650969" lon="-3.008818"><time>2026-09-20T10:53:29Z</time></trkpt>
<trkpt lat="53.650958" lon="-3.008848"><time>2026-09-20T10:53:30Z</time></trkpt>
<trkpt lat="53.650939" lon="-3.008876"><time>2026-09-20T10:53:31Z</time></trkpt>
<trkpt lat="53.650925" lon="-3.008893"><time>2026-09-20T10:53:32Z</time></trkpt>
<trkpt lat="53.650909" lon="-3.008927"><time>2026-09-20T10:53:33Z</time></trkpt>
<trkpt lat="53.650900" lon="-3.008954"><time>2026-09-20T10:53:34Z</time></trkpt>
<trkpt lat="53.650890" lon="-3.008968"><time>2026-09-20T10:53:35Z</time></trkpt>
<trkpt lat="53.650873" lon="-3.008997"><time>2026-09-20T10:53:36Z</time></trkpt>
<trkpt lat="53.650863" lon="-3.009015"><time>2026-09-20T10:53:37Z</time></trkpt>
<trkpt lat="53.650849" lon="-3.009053"><time>2026-09-20T10:53:38Z</time></trkpt>
<trkpt lat="53.650835" lon="-3.009069"><time>2026-09-20T10:53:39Z</time></trkpt>
<trkpt lat="53.650822" lon="-3.009097"><time>2026-09-20T10:53:40Z</time></trkpt>
<trkpt lat="53.650804" lon="-3.009123"><time>2026-09-20T10:53:41Z</time></trkpt>
<trkpt lat="53.650786" lon="-3.009142"><time>2026-09-20T10:53:42Z</time></trkpt>
<trkpt lat="53.650776" lon="-3.009172"><time>2026-09-20T10:53:43Z</time></trkpt>
<trkpt lat="53.650763" lon="-3.009196"><time>2026-09-20T10:53:44Z</time></trkpt>
<trkpt lat="53.650749" lon="-3.009220"><time>2026-09-20T10:53:45Z</time></trkpt>
<trkpt lat="53.650734" lon="-3.009250"><time>2026-09-20T10:53:46Z</time></trkpt>
<trkpt lat="53.650727" lon="-3.009264"><time>2026-09-20T10:53:47Z</time></trkpt>
<trkpt lat="53.650705" lon="-3.009301"><time>2026-09-20T10:53:48Z</time></trkpt>
<trkpt lat="53.650699" lon="-3.009326"><time>2026-09-20T10:53:49Z</time></trkpt>
<trkpt lat="53.650677" lon="-3.009345"><time>2026-09-20T10:53:50Z</time></trkpt>
<trkpt lat="53.650670" lon="-3.009362"><time>2026-09-20T10:53:51Z</time></trkpt>
<trkpt lat="53.650654" lon="-3.009387"><time>2026-09-20T10:53:52Z</time></trkpt>
<trkpt lat="53.650639" lon="-3.009419"><time>2026-09-20T10:53:53Z</time></trkpt>
<trkpt lat="53.650633" lon="-3.009438"><time>2026-09-20T10:53:54Z</time></trkpt>
<trkpt lat="53.650619" lon="-3.009459"><time>2026-09-20T10:53:55Z</time></trkpt>
<trkpt lat="53.650598" lon="-3.009479"><time>2026-09-20T10:53:56Z</time></trkpt>
<trkpt lat="53.650585" lon="-3.009505"><time>2026-09-20T10:53:57Z</time></trkpt>
<trkpt lat="53.650581" lon="-3.009530"><time>2026-09-20T10:53:58Z</time></trkpt>
<trkpt lat="53.650565" lon="-3.009561"><time>2026-09-20T10:53:59Z</time></trkpt>
<trkpt lat="53.650553" lon="-3.009581"><time>2026-09-20T10:54:00Z</time></trkpt>
<trkpt lat="53.650539" lon="-3.009597"><time>2026-09-20T10:54:01Z</time></trkpt>
<trkpt lat="53.650529" lon="-3.009629"><time>2026-09-20T10:54:02Z</time></trkpt>
<trkpt lat="53.650520" lon="-3.009635"><time>2026-09-20T10:54:03Z</time></trkpt>
<trkpt lat="53.650508" lon="-3.009661"><time>2026-09-20T10:54:04Z</time></trkpt>
<trkpt lat="53.650492" lon="-3.009688"><time>2026-09-20T10:54:05Z</time></trkpt>
<trkpt lat="53.650474" lon="-3.009710"><time>2026-09-20T10:54:06Z</time></trkpt>
<trkpt lat="53.650463" lon="-3.009726"><time>2026-09-20T10:54:07Z</time></trkpt>
<trkpt lat="53.650451" lon="-3.009753"><time>2026-09-20T10:54:08Z</time></trkpt>
<trkpt lat="53.650443" lon="-3.009766"><time>2026-09-20T10:54:09Z</time></trkpt>
<trkpt lat="53.650433" lon="-3.009798"><time>2026-09-20T10:54:10Z</time></trkpt>
<trkpt lat="53.650423" lon="-3.009815"><time>2026-09-20T10:54:11Z</time></trkpt>
<trkpt lat="53.650409" lon="-3.009839"><time>2026-09-20T10:54:12Z</time></trkpt>
<trkpt lat="53.650395" lon="-3.009852"><time>2026-09-20T10:54:13Z</time></trkpt>
<trkpt lat="53.650378" lon="-3.009888"><time>2026-09-20T10:54:14Z</time></trkpt>
<trkpt lat="53.650371" lon="-3.009905"><time>2026-09-20T10:54:15Z</time></trkpt>
<trkpt lat="53.650362" lon="-3.009918"><time>2026-09-20T10:54:16Z</time></trkpt>
<trkpt lat="53.650343" lon="-3.009951"><time>2026-09-20T10:54:17Z</time></trkpt>
<trkpt lat="53.650337" lon="-3.009975"><time>2026-09-20T10:54:18Z</time></trkpt>
<trkpt lat="53.650324" lon="-3.009997"><time>2026-09-20T10:54:19Z</time></trkpt>
<trkpt lat="53.650309" lon="-3.010010"><time>2026-09-20T10:54:20Z</time></trkpt>
<trkpt lat="53.650294" lon="-3.010040"><time>2026-09-20T10:54:21Z</time></trkpt>
<trkpt lat="53.650281" lon="-3.010036"><time>2026-09-20T10:54:22Z</time></trkpt>
<trkpt lat="53.650270" lon="-3.010037"><time>2026-09-20T10:54:23Z</time></trkpt>
<trkpt lat="53.650261" lon="-3.010041"><time>2026-09-20T10:54:24Z</time></trkpt>
<trkpt lat="53.650247" lon="-3.010040"><time>2026-09-20T10:54:25Z</time></trkpt>
<trkpt lat="53.650236" lon="-3.010043"><time>2026-09-20T10:54:26Z</time></trkpt>
<trkpt lat="53.650217" lon="-3.010049"><time>2026-09-20T10:54:27Z</time></trkpt>
<trkpt lat="53.650198" lon="-3.010035"><time>2026-09-20T10:54:28Z</time></trkpt>
<trkpt lat="53.650182" lon="-3.010043"><time>2026-09-20T10:54:29Z</time></trkpt>
<trkpt lat="53.650162" lon="-3.010044"><time>2026-09-20T10:54:30Z</time></trkpt>
<trkpt lat="53.650139" lon="-3.010049"><time>2026-09-20T10:54:31Z</time></trkpt>
<trkpt lat="53.650113" lon="-3.010044"><time>2026-09-20T10:54:32Z</time></trkpt>
<trkpt lat="53.650098" lon="-3.010051"><time>2026-09-20T10:54:33Z</time></trkpt>
<trkpt lat="53.650079" lon="-3.010058"><time>2026-09-20T10:54:34Z</time></trkpt>
<trkpt lat="53.650058" lon="-3.010053"><time>2026-09-20T10:54:35Z</time></trkpt>
<trkpt lat="53.650038" lon="-3.010057"><time>2026-09-20T10:54:36Z</time></trkpt>
<trkpt lat="53.650021" lon="-3.010055"><time>2026-09-20T10:54:37Z</time></trkpt>
<trkpt lat="53.649998" lon="-3.010054"><time>2026-09-20T10:54:38Z</time></trkpt>
<trkpt lat="53.649978" lon="-3.010063"><time>2026-09-20T10:54:39Z</time></trkpt>
<trkpt lat="53.649958" lon="-3.010060"><time>2026-09-20T10:54:40Z</time></trkpt>
<trkpt lat="53.649940" lon="-3.010061"><time>2026-09-20T10:54:41Z</time></trkpt>
<trkpt lat="53.649917" lon="-3.010062"><time>2026-09-20T10:54:42Z</time></trkpt>
<trkpt lat="53.649901" lon="-3.010078"><time>2026-09-20T10:54:43Z</time></trkpt>
<trkpt lat="53.649875" lon="-3.010066"><time>2026-09-20T10:54:44Z</time></trkpt>
<trkpt lat="53.649859" lon="-3.010079"><time>2026-09-20T10:54:45Z</time></trkpt>
<trkpt lat="53.649840" lon="-3.010073"><time>2026-09-20T10:54:46Z</time></trkpt>
<trkpt lat="53.649818" lon="-3.010078"><time>2026-09-20T10:54:47Z</time></trkpt>
<trkpt lat="53.649797" lon="-3.010083"><time>2026-09-20T10:54:48Z</time></trkpt>
<trkpt lat="53.649774" lon="-3.010088"><time>2026-09-20T10:54:49Z</time></trkpt>
<trkpt lat="53.649760" lon="-3.010090"><time>2026-09-20T10:54:50Z</time></trkpt>
<trkpt lat="53.649739" lon="-3.010079"><time>2026-09-20T10:54:51Z</time></trkpt>
<trkpt lat="53.649721" lon="-3.010077"><time>2026-09-20T10:54:52Z</time></trkpt>
<trkpt lat="53.649706" lon="-3.010094"><time>2026-09-20T10:54:53Z</time></trkpt>
<trkpt lat="53.649681" lon="-3.010094"><time>2026-09-20T10:54:54Z</time></trkpt>
<trkpt lat="53.649661" lon="-3.010087"><time>2026-09-20T10:54:55Z</time></trkpt>
<trkpt lat="53.649644" lon="-3.010089"><time>2026-09-20T10:54:56Z</time></trkpt>
<trkpt lat="53.649626" lon="-3.010097"><time>2026-09-20T10:54:57Z</time></trkpt>
<trkpt lat="53.649613" lon="-3.010092"><time>2026-09-20T10:54:58Z</time></trkpt>
<trkpt lat="53.649589" lon="-3.010104"><time>2026-09-20T10:54:59Z</time></trkpt>
<trkpt lat="53.649575" lon="-3.010103"><time>2026-09-20T10:55:00Z</time></trkpt>
<trkpt lat="53.649556" lon="-3.010101"><time>2026-09-20T10:55:01Z</time></trkpt>
<trkpt lat="53.649541" lon="-3.010097"><time>2026-09-20T10:55:02Z</time></trkpt>
<trkpt lat="53.649517" lon="-3.010099"><time>2026-09-20T10:55:03Z</time></trkpt>
<trkpt lat="53.649502" lon="-3.010096"><time>2026-09-20T10:55:04Z</time></trkpt>
<trkpt lat="53.649483" lon="-3.010115"><time>2026-09-20T10:55:05Z</time></trkpt>
<trkpt lat="53.649465" lon="-3.010112"><time>2026-09-20T10:55:06Z</time></trkpt>
<trkpt lat="53.649453" lon="-3.010105"><time>2026-09-20T10:55:07Z</time></trkpt>
<trkpt lat="53.649438" lon="-3.010102"><time>2026-09-20T10:55:08Z</time></trkpt>
<trkpt lat="53.649413" lon="-3.010119"><time>2026-09-20T10:55:09Z</time></trkpt>
<trkpt lat="53.649402" lon="-3.010114"><time>2026-09-20T10:55:10Z</time></trkpt>
<trkpt lat="53.649379" lon="-3.010112"><time>2026-09-20T10:55:11Z</time></trkpt>
<trkpt lat="53.649363" lon="-3.010118"><time>2026-09-20T10:55:12Z</time></trkpt>
<trkpt lat="53.649349" lon="-3.010126"><time>2026-09-20T10:55:13Z</time></trkpt>
<trkpt lat="53.649332" lon="-3.010126"><time>2026-09-20T10:55:14Z</time></trkpt>
<trkpt lat="53.649306" lon="-3.010120"><time>2026-09-20T10:55:15Z</time></trkpt>
<trkpt lat="53.649290" lon="-3.010122"><time>2026-09-20T10:55:16Z</time></trkpt>
<trkpt lat="53.649277" lon="-3.010129"><time>2026-09-20T10:55:17Z</time></trkpt>
<trkpt lat="53.649254" lon="-3.010120"><time>2026-09-20T10:55:18Z</time></trkpt>
<trkpt lat="53.649237" lon="-3.010137"><time>2026-09-20T10:55:19Z</time></trkpt>
<trkpt lat="53.649216" lon="-3.010126"><time>2026-09-20T10:55:20Z</time></trkpt>
<trkpt lat="53.649196" lon="-3.010122"><time>2026-09-20T10:55:21Z</time></trkpt>
<trkpt lat="53.649177" lon="-3.010130"><time>2026-09-20T10:55:22Z</time></trkpt>
<trkpt lat="53.649157" lon="-3.010138"><time>2026-09-20T10:55:23Z</time></trkpt>
<trkpt lat="53.649137" lon="-3.010137"><time>2026-09-20T10:55:24Z</time></trkpt>
<trkpt lat="53.649122" lon="-3.010142"><time>2026-09-20T10:55:25Z</time></trkpt>
<trkpt lat="53.649097" lon="-3.010137"><time>2026-09-20T10:55:26Z</time></trkpt>
<trkpt lat="53.649078" lon="-3.010150"><time>2026-09-20T10:55:27Z</time></trkpt>
<trkpt lat="53.649065" lon="-3.010139"><time>2026-09-20T10:55:28Z</time></trkpt>
<trkpt lat="53.649043" lon="-3.010149"><time>2026-09-20T10:55:29Z</time></trkpt>
<trkpt lat="53.649021" lon="-3.010147"><time>2026-09-20T10:55:30Z</time></trkpt>
<trkpt lat="53.649002" lon="-3.010141"><time>2026-09-20T10:55:31Z</time></trkpt>
<trkpt lat="53.648980" lon="-3.010153"><time>2026-09-20T10:55:32Z</time></trkpt>
<trkpt lat="53.648965" lon="-3.010146"><time>2026-09-20T10:55:33Z</time></trkpt>
<trkpt lat="53.648946" lon="-3.010159"><time>2026-09-20T10:55:34Z</time></trkpt>
<trkpt lat="53.648923" lon="-3.010151"><time>2026-09-20T10:55:35Z</time></trkpt>
<trkpt lat="53.648897" lon="-3.010150"><time>2026-09-20T10:55:36Z</time></trkpt>
<trkpt lat="53.648884" lon="-3.010152"><time>2026-09-20T10:55:37Z</time></trkpt>
<trkpt lat="53.648859" lon="-3.010169"><time>2026-09-20T10:55:38Z</time></trkpt>
<trkpt lat="53.648843" lon="-3.010172"><time>2026-09-20T10:55:39Z</time></trkpt>
<trkpt lat="53.648819" lon="-3.010167"><time>2026-09-20T10:55:40Z</time></trkpt>
<trkpt lat="53.648801" lon="-3.010159"><time>2026-09-20T10:55:41Z</time></trkpt>
<trkpt lat="53.648776" lon="-3.010174"><time>2026-09-20T10:55:42Z</time></trkpt>
<trkpt lat="53.648757" lon="-3.010179"><time>2026-09-20T10:55:43Z</time></trkpt>
<trkpt lat="53.648741" lon="-3.010177"><time>2026-09-20T10:55:44Z</time></trkpt>
<trkpt lat="53.648719" lon="-3.010182"><time>2026-09-20T10:55:45Z</time></trkpt>
<trkpt lat="53.648707" lon="-3.010173"><time>2026-09-20T10:55:46Z</time></trkpt>
<trkpt lat="53.648683" lon="-3.010182"><time>2026-09-20T10:55:47Z</time></trkpt>
<trkpt lat="53.648669" lon="-3.010180"><time>2026-09-20T10:55:48Z</time></trkpt>
<trkpt lat="53.648642" lon="-3.010185"><time>2026-09-20T10:55:49Z</time></trkpt>
<trkpt lat="53.648626" lon="-3.010185"><time>2026-09-20T10:55:50Z</time></trkpt>
<trkpt lat="53.648614" lon="-3.010183"><time>2026-09-20T10:55:51Z</time></trkpt>
<trkpt lat="53.648609" lon="-3.010206"><time>2026-09-20T10:55:52Z</time></trkpt>
<trkpt lat="53.648596" lon="-3.010225"><time>2026-09-20T10:55:53Z</time></trkpt>
<trkpt lat="53.648596" lon="-3.010242"><time>2026-09-20T10:55:54Z</time></trkpt>
<trkpt lat="53.648582" lon="-3.010252"><time>2026-09-20T10:55:55Z</time></trkpt>
<trkpt lat="53.648567" lon="-3.010270"><time>2026-09-20T10:55:56Z</time></trkpt>
<trkpt lat="53.648563" lon="-3.010286"><time>2026-09-20T10:55:57Z</time></trkpt>
<trkpt lat="53.648550" lon="-3.010312"><time>2026-09-20T10:55:58Z</time></trkpt>
<trkpt lat="53.648537" lon="-3.010338"><time>2026-09-20T10:55:59Z</time></trkpt>
<trkpt lat="53.648529" lon="-3.010363"><time>2026-09-20T10:56:00Z</time></trkpt>
<trkpt lat="53.648513" lon="-3.010372"><time>2026-09-20T10:56:01Z</time></trkpt>
<trkpt lat="53.648497" lon="-3.010398"><time>2026-09-20T10:56:02Z</time></trkpt>
<trkpt lat="53.648489" lon="-3.010424"><time>2026-09-20T10:56:03Z</time></trkpt>
<trkpt lat="53.648475" lon="-3.010443"><time>2026-09-20T10:56:04Z</time></trkpt>
<trkpt lat="53.648467" lon="-3.010464"><time>2026-09-20T10:56:05Z</time></trkpt>
<trkpt lat="53.648455" lon="-3.010487"><time>2026-09-20T10:56:06Z</time></trkpt>
<trkpt lat="53.648436" lon="-3.010514"><time>2026-09-20T10:56:07Z</time></trkpt>
<trkpt lat="53.648430" lon="-3.010538"><time>2026-09-20T10:56:08Z</time></trkpt>
<trkpt lat="53.648416" lon="-3.010549"><time>2026-09-20T10:56:09Z</time></trkpt>
<trkpt lat="53.648404" lon="-3.010567"><time>2026-09-20T10:56:10Z</time></trkpt>
<trkpt lat="53.648395" lon="-3.010604"><time>2026-09-20T10:56:11Z</time></trkpt>
<trkpt lat="53.648379" lon="-3.010622"><time>2026-09-20T10:56:12Z</time></trkpt>
<trkpt lat="53.648366" lon="-3.010641"><time>2026-09-20T10:56:13Z</time></trkpt>
<trkpt lat="53.648351" lon="-3.010669"><time>2026-09-20T10:56:14Z</time></trkpt>
<trkpt lat="53.648341" lon="-3.010679"><time>2026-09-20T10:56:15Z</time></trkpt>
<trkpt lat="53.648326" lon="-3.010714"><time>2026-09-20T10:56:16Z</time></trkpt>
<trkpt lat="53.648318" lon="-3.010729"><time>2026-09-20T10:56:17Z</time></trkpt>
<trkpt lat="53.648308" lon="-3.010752"><time>2026-09-20T10:56:18Z</time></trkpt>
<trkpt lat="53.648289" lon="-3.010786"><time>2026-09-20T10:56:19Z</time></trkpt>
<trkpt lat="53.648273" lon="-3.010799"><time>2026-09-20T10:56:20Z</time></trkpt>
<trkpt lat="53.648267" lon="-3.010827"><time>2026-09-20T10:56:21Z</time></trkpt>
<trkpt lat="53.648252" lon="-3.010846"><time>2026-09-20T10:56:22Z</time></trkpt>
<trkpt lat="53.648234" lon="-3.010871"><time>2026-09-20T10:56:23Z</time></trkpt>
<trkpt lat="53.648224" lon="-3.010904"><time>2026-09-20T10:56:24Z</time></trkpt>
<trkpt lat="53.648210" lon="-3.010917"><time>2026-09-20T10:56:25Z</time></trkpt>
<trkpt lat="53.648194" lon="-3.010952"><time>2026-09-20T10:56:26Z</time></trkpt>
<trkpt lat="53.648189" lon="-3.010966"><time>2026-09-20T10:56:27Z</time></trkpt>
<trkpt lat="53.648166" lon="-3.011002"><time>2026-09-20T10:56:28Z</time></trkpt>
<trkpt lat="53.648155" lon="-3.011024"><time>2026-09-20T10:56:29Z</time></trkpt>
<trkpt lat="53.648138" lon="-3.011041"><time>2026-09-20T10:56:30Z</time></trkpt>
<trkpt lat="53.648127" lon="-3.011079"><time>2026-09-20T10:56:31Z</time></trkpt>
<trkpt lat="53.648119" lon="-3.011096"><time>2026-09-20T10:56:32Z</time></trkpt>
<trkpt lat="53.648106" lon="-3.011132"><time>2026-09-20T10:56:33Z</time></trkpt>
<trkpt lat="53.648085" lon="-3.011143"><time>2026-09-20T10:56:34Z</time></trkpt>
<trkpt lat="53.648079" lon="-3.011171"><time>2026-09-20T10:56:35Z</time></trkpt>
<trkpt lat="53.648060" lon="-3.011206"><time>2026-09-20T10:56:36Z</time></trkpt>
<trkpt lat="53.648046" lon="-3.011231"><time>2026-09-20T10:56:37Z</time></trkpt>
<trkpt lat="53.648029" lon="-3.011243"><time>2026-09-20T10:56:38Z</time></trkpt>
<trkpt lat="53.648016" lon="-3.011265"><time>2026-09-20T10:56:39Z</time></trkpt>
<trkpt lat="53.648003" lon="-3.011294"><time>2026-09-20T10:56:40Z</time></trkpt>
<trkpt lat="53.647991" lon="-3.011325"><time>2026-09-20T10:56:41Z</time></trkpt>
<trkpt lat="53.647979" lon="-3.011351"><time>2026-09-20T10:56:42Z</time></trkpt>
<trkpt lat="53.647968" lon="-3.011377"><time>2026-09-20T10:56:43Z</time></trkpt>
<trkpt lat="53.647952" lon="-3.011392"><time>2026-09-20T10:56:44Z</time></trkpt>
<trkpt lat="53.647945" lon="-3.011419"><time>2026-09-20T10:56:45Z</time></trkpt>
<trkpt lat="53.647923" lon="-3.011430"><time>2026-09-20T10:56:46Z</time></trkpt>
<trkpt lat="53.647918" lon="-3.011462"><time>2026-09-20T10:56:47Z</time></trkpt>
<trkpt lat="53.647900" lon="-3.011484"><time>2026-09-20T10:56:48Z</time></trkpt>
<trkpt lat="53.647887" lon="-3.011507"><time>2026-09-20T10:56:49Z</time></trkpt>
<trkpt lat="53.647880" lon="-3.011522"><time>2026-09-20T10:56:50Z</time></trkpt>
<trkpt lat="53.647865" lon="-3.011547"><time>2026-09-20T10:56:51Z</time></trkpt>
<trkpt lat="53.647852" lon="-3.011565"><time>2026-09-20T10:56:52Z</time></trkpt>
<trkpt lat="53.647840" lon="-3.011598"><time>2026-09-20T10:56:53Z</time></trkpt>
<trkpt lat="53.647829" lon="-3.011618"><time>2026-09-20T10:56:54Z</time></trkpt>
<trkpt lat="53.647822" lon="-3.011646"><time>2026-09-20T10:56:55Z</time></trkpt>
<trkpt lat="53.647807" lon="-3.011669"><time>2026-09-20T10:56:56Z</time></trkpt>
<trkpt lat="53.647795" lon="-3.011676"><time>2026-09-20T10:56:57Z</time></trkpt>
<trkpt lat="53.647777" lon="-3.011706"><time>2026-09-20T10:56:58Z</time></trkpt>
<trkpt lat="53.647764" lon="-3.011736"><time>2026-09-20T10:56:59Z</time></trkpt>
<trkpt lat="53.647761" lon="-3.011751"><time>2026-09-20T10:57:00Z</time></trkpt>
<trkpt lat="53.647749" lon="-3.011761"><time>2026-09-20T10:57:01Z</time></trkpt>
<trkpt lat="53.647736" lon="-3.011783"><time>2026-09-20T10:57:02Z</time></trkpt>
<trkpt lat="53.647720" lon="-3.011807"><time>2026-09-20T10:57:03Z</time></trkpt>
<trkpt lat="53.647709" lon="-3.011828"><time>2026-09-20T10:57:04Z</time></trkpt>
<trkpt lat="53.647697" lon="-3.011863"><time>2026-09-20T10:57:05Z</time></trkpt>
<trkpt lat="53.647683" lon="-3.011884"><time>2026-09-20T10:57:06Z</time></trkpt>
<trkpt lat="53.647667" lon="-3.011909"><time>2026-09-20T10:57:07Z</time></trkpt>
<trkpt lat="53.647657" lon="-3.011932"><time>2026-09-20T10:57:08Z</time></trkpt>
<trkpt lat="53.647651" lon="-3.011949"><time>2026-09-20T10:57:09Z</time></trkpt>
<trkpt lat="53.647633" lon="-3.011974"><time>2026-09-20T10:57:10Z</time></trkpt>
<trkpt lat="53.647617" lon="-3.011984"><time>2026-09-20T10:57:11Z</time></trkpt>
<trkpt lat="53.647608" lon="-3.012021"><time>2026-09-20T10:57:12Z</time></trkpt>
<trkpt lat="53.647593" lon="-3.012043"><time>2026-09-20T10:57:13Z</time></trkpt>
<trkpt lat="53.647589" lon="-3.012055"><time>2026-09-20T10:57:14Z</time></trkpt>
<trkpt lat="53.647563" lon="-3.012051"><time>2026-09-20T10:57:15Z</time></trkpt>
<trkpt lat="53.647538" lon="-3.012050"><time>2026-09-20T10:57:16Z</time></trkpt>
<trkpt lat="53.647517" lon="-3.012030"><time>2026-09-20T10:57:17Z</time></trkpt>
<trkpt lat="53.647495" lon="-3.012015"><time>2026-09-20T10:57:18Z</time></trkpt>
<trkpt lat="53.647468" lon="-3.012014"><time>2026-09-20T10:57:19Z</time></trkpt>
<trkpt lat="53.647448" lon="-3.012004"><time>2026-09-20T10:57:20Z</time></trkpt>
<trkpt lat="53.647422" lon="-3.011995"><time>2026-09-20T10:57:21Z</time></trkpt>
<trkpt lat="53.647405" lon="-3.011973"><time>2026-09-20T10:57:22Z</time></trkpt>
<trkpt lat="53.647381" lon="-3.011961"><time>2026-09-20T10:57:23Z</time></trkpt>
<trkpt lat="53.647361" lon="-3.011966"><time>2026-09-20T10:57:24Z</time></trkpt>
<trkpt lat="53.647332" lon="-3.011956"><time>2026-09-20T10:57:25Z</time></trkpt>
<trkpt lat="53.647305" lon="-3.011945"><time>2026-09-20T10:57:26Z</time></trkpt>
<trkpt lat="53.647311" lon="-3.011935"><time>2026-09-20T10:57:27Z</time></trkpt>
<trkpt lat="53.647326" lon="-3.011958"><time>2026-09-20T10:57:28Z</time></trkpt>
<trkpt lat="53.647345" lon="-3.011955"><time>2026-09-20T10:57:29Z</time></trkpt>
<trkpt lat="53.647360" lon="-3.011961"><time>2026-09-20T10:57:30Z</time></trkpt>
<trkpt lat="53.647378" lon="-3.011967"><time>2026-09-20T10:57:31Z</time></trkpt>
<trkpt lat="53.647400" lon="-3.011981"><time>2026-09-20T10:57:32Z</time></trkpt>
<trkpt lat="53.647410" lon="-3.011988"><time>2026-09-20T10:57:33Z</time></trkpt>
<trkpt lat="53.647432" lon="-3.012006"><time>2026-09-20T10:57:34Z</time></trkpt>
<trkpt lat="53.647449" lon="-3.012003"><time>2026-09-20T10:57:35Z</time></trkpt>
<trkpt lat="53.647457" lon="-3.012023"><time>2026-09-20T10:57:36Z</time></trkpt>
<trkpt lat="53.647481" lon="-3.012020"><time>2026-09-20T10:57:37Z</time></trkpt>
<trkpt lat="53.647491" lon="-3.012040"><time>2026-09-20T10:57:38Z</time></trkpt>
<trkpt lat="53.647505" lon="-3.012038"><time>2026-09-20T10:57:39Z</time></trkpt>
<trkpt lat="53.647531" lon="-3.012044"><time>2026-09-20T10:57:40Z</time></trkpt>
<trkpt lat="53.647546" lon="-3.012056"><time>2026-09-20T10:57:41Z</time></trkpt>
<trkpt lat="53.647559" lon="-3.012069"><time>2026-09-20T10:57:42Z</time></trkpt>
<trkpt lat="53.647574" lon="-3.012067"><time>2026-09-20T10:57:43Z</time></trkpt>
<trkpt lat="53.647583" lon="-3.012091"><time>2026-09-20T10:57:44Z</time></trkpt>
<trkpt lat="53.647603" lon="-3.012082"><time>2026-09-20T10:57:45Z</time></trkpt>
<trkpt lat="53.647616" lon="-3.012092"><time>2026-09-20T10:57:46Z</time></trkpt>
<trkpt lat="53.647637" lon="-3.012101"><time>2026-09-20T10:57:47Z</time></trkpt>
<trkpt lat="53.647645" lon="-3.012112"><time>2026-09-20T10:57:48Z</time></trkpt>
<trkpt lat="53.647662" lon="-3.012126"><time>2026-09-20T10:57:49Z</time></trkpt>
<trkpt lat="53.647672" lon="-3.012125"><time>2026-09-20T10:57:50Z</time></trkpt>
<trkpt lat="53.647690" lon="-3.012144"><time>2026-09-20T10:57:51Z</time></trkpt>
<trkpt lat="53.647710" lon="-3.012142"><time>2026-09-20T10:57:52Z</time></trkpt>
<trkpt lat="53.647722" lon="-3.012144"><time>2026-09-20T10:57:53Z</time></trkpt>
<trkpt lat="53.647736" lon="-3.012159"><time>2026-09-20T10:57:54Z</time></trkpt>
<trkpt lat="53.647747" lon="-3.012171"><time>2026-09-20T10:57:55Z</time></trkpt>
<trkpt lat="53.647768" lon="-3.012168"><time>2026-09-20T10:57:56Z</time></trkpt>
<trkpt lat="53.647779" lon="-3.012184"><time>2026-09-20T10:57:57Z</time></trkpt>
<trkpt lat="53.647798" lon="-3.012184"><time>2026-09-20T10:57:58Z</time></trkpt>
<trkpt lat="53.647813" lon="-3.012202"><time>2026-09-20T10:57:59Z</time></trkpt>
<trkpt lat="53.647820" lon="-3.012198"><time>2026-09-20T10:58:00Z</time></trkpt>
<trkpt lat="53.647836" lon="-3.012212"><time>2026-09-20T10:58:01Z</time></trkpt>
<trkpt lat="53.647857" lon="-3.012225"><time>2026-09-20T10:58:02Z</time></trkpt>
<trkpt lat="53.647866" lon="-3.012235"><time>2026-09-20T10:58:03Z</time></trkpt>
<trkpt lat="53.647884" lon="-3.012241"><time>2026-09-20T10:58:04Z</time></trkpt>
<trkpt lat="53.647901" lon="-3.012245"><time>2026-09-20T10:58:05Z</time></trkpt>
<trkpt lat="53.647913" lon="-3.012250"><time>2026-09-20T10:58:06Z</time></trkpt>
<trkpt lat="53.647923" lon="-3.012264"><time>2026-09-20T10:58:07Z</time></trkpt>
<trkpt lat="53.647947" lon="-3.012267"><time>2026-09-20T10:58:08Z</time></trkpt>
<trkpt lat="53.647955" lon="-3.012265"><time>2026-09-20T10:58:09Z</time></trkpt>
<trkpt lat="53.647975" lon="-3.012282"><time>2026-09-20T10:58:10Z</time></trkpt>
<trkpt lat="53.647994" lon="-3.012290"><time>2026-09-20T10:58:11Z</time></trkpt>
<trkpt lat="53.648009" lon="-3.012300"><time>2026-09-20T10:58:12Z</time></trkpt>
<trkpt lat="53.648018" lon="-3.012309"><time>2026-09-20T10:58:13Z</time></trkpt>
<trkpt lat="53.648042" lon="-3.012313"><time>2026-09-20T10:58:14Z</time></trkpt>
<trkpt lat="53.648056" lon="-3.012324"><time>2026-09-20T10:58:15Z</time></trkpt>
<trkpt lat="53.648064" lon="-3.012332"><time>2026-09-20T10:58:16Z</time></trkpt>
<trkpt lat="53.648082" lon="-3.012333"><time>2026-09-20T10:58:17Z</time></trkpt>
<trkpt lat="53.648099" lon="-3.012350"><time>2026-09-20T10:58:18Z</time></trkpt>
<trkpt lat="53.648118" lon="-3.012363"><time>2026-09-20T10:58:19Z</time></trkpt>
<trkpt lat="53.648130" lon="-3.012366"><time>2026-09-20T10:58:20Z</time></trkpt>
<trkpt lat="53.648149" lon="-3.012371"><time>2026-09-20T10:58:21Z</time></trkpt>
<trkpt lat="53.648170" lon="-3.012376"><time>2026-09-20T10:58:22Z</time></trkpt>
<trkpt lat="53.648185" lon="-3.012397"><time>2026-09-20T10:58:23Z</time></trkpt>
<trkpt lat="53.648201" lon="-3.012397"><time>2026-09-20T10:58:24Z</time></trkpt>
<trkpt lat="53.648217" lon="-3.012403"><time>2026-09-20T10:58:25Z</time></trkpt>
<trkpt lat="53.648232" lon="-3.012412"><time>2026-09-20T10:58:26Z</time></trkpt>
<trkpt lat="53.648253" lon="-3.012428"><time>2026-09-20T10:58:27Z</time></trkpt>
<trkpt lat="53.648263" lon="-3.012429"><time>2026-09-20T10:58:28Z</time></trkpt>
<trkpt lat="53.648287" lon="-3.012438"><time>2026-09-20T10:58:29Z</time></trkpt>
<trkpt lat="53.648304" lon="-3.012441"><time>2026-09-20T10:58:30Z</time></trkpt>
<trkpt lat="53.648316" lon="-3.012458"><time>2026-09-20T10:58:31Z</time></trkpt>
<trkpt lat="53.648335" lon="-3.012459"><time>2026-09-20T10:58:32Z</time></trkpt>
<trkpt lat="53.648349" lon="-3.012469"><time>2026-09-20T10:58:33Z</time></trkpt>
<trkpt lat="53.648361" lon="-3.012478"><time>2026-09-20T10:58:34Z</time></trkpt>
<trkpt lat="53.648387" lon="-3.012492"><time>2026-09-20T10:58:35Z</time></trkpt>
<trkpt lat="53.648399" lon="-3.012502"><time>2026-09-20T10:58:36Z</time></trkpt>
<trkpt lat="53.648414" lon="-3.012503"><time>2026-09-20T10:58:37Z</time></trkpt>
<trkpt lat="53.648432" lon="-3.012515"><time>2026-09-20T10:58:38Z</time></trkpt>
<trkpt lat="53.648442" lon="-3.012528"><time>2026-09-20T10:58:39Z</time></trkpt>
<trkpt lat="53.648461" lon="-3.012533"><time>2026-09-20T10:58:40Z</time></trkpt>
<trkpt lat="53.648475" lon="-3.012533"><time>2026-09-20T10:58:41Z</time></trkpt>
<trkpt lat="53.648489" lon="-3.012556"><time>2026-09-20T10:58:42Z</time></trkpt>
<trkpt lat="53.648504" lon="-3.012557"><time>2026-09-20T10:58:43Z</time></trkpt>
<trkpt lat="53.648526" lon="-3.012563"><time>2026-09-20T10:58:44Z</time></trkpt>
<trkpt lat="53.648531" lon="-3.012579"><time>2026-09-20T10:58:45Z</time></trkpt>
<trkpt lat="53.648548" lon="-3.012587"><time>2026-09-20T10:58:46Z</time></trkpt>
<trkpt lat="53.648551" lon="-3.012574"><time>2026-09-20T10:58:47Z</time></trkpt>
<trkpt lat="53.648561" lon="-3.012547"><time>2026-09-20T10:58:48Z</time></trkpt>
<trkpt lat="53.648568" lon="-3.012530"><time>2026-09-20T10:58:49Z</time></trkpt>
<trkpt lat="53.648570" lon="-3.012521"><time>2026-09-20T10:58:50Z</time></trkpt>
<trkpt lat="53.648568" lon="-3.012492"><time>2026-09-20T10:58:51Z</time></trkpt>
<trkpt lat="53.648580" lon="-3.012475"><time>2026-09-20T10:58:52Z</time></trkpt>
<trkpt lat="53.648584" lon="-3.012460"><time>2026-09-20T10:58:53Z</time></trkpt>
<trkpt lat="53.648583" lon="-3.012436"><time>2026-09-20T10:58:54Z</time></trkpt>
<trkpt lat="53.648590" lon="-3.012413"><time>2026-09-20T10:58:55Z</time></trkpt>
<trkpt lat="53.648603" lon="-3.012390"><time>2026-09-20T10:58:56Z</time></trkpt>
<trkpt lat="53.648608" lon="-3.012358"><time>2026-09-20T10:58:57Z</time></trkpt>
<trkpt lat="53.648612" lon="-3.012346"><time>2026-09-20T10:58:58Z</time></trkpt>
<trkpt lat="53.648617" lon="-3.012317"><time>2026-09-20T10:58:59Z</time></trkpt>
<trkpt lat="53.648622" lon="-3.012288"><time>2026-09-20T10:59:00Z</time></trkpt>
<trkpt lat="53.648625" lon="-3.012273"><time>2026-09-20T10:59:01Z</time></trkpt>
<trkpt lat="53.648634" lon="-3.012251"><time>2026-09-20T10:59:02Z</time></trkpt>
<trkpt lat="53.648647" lon="-3.012225"><time>2026-09-20T10:59:03Z</time></trkpt>
<trkpt lat="53.648645" lon="-3.012188"><time>2026-09-20T10:59:04Z</time></trkpt>
<trkpt lat="53.648653" lon="-3.012176"><time>2026-09-20T10:59:05Z</time></trkpt>
<trkpt lat="53.648657" lon="-3.012146"><time>2026-09-20T10:59:06Z</time></trkpt>
<trkpt lat="53.648669" lon="-3.012122"><time>2026-09-20T10:59:07Z</time></trkpt>
<trkpt lat="53.648671" lon="-3.012097"><time>2026-09-20T10:59:08Z</time></trkpt>
<trkpt lat="53.648681" lon="-3.012070"><time>2026-09-20T10:59:09Z</time></trkpt>
<trkpt lat="53.648690" lon="-3.012052"><time>2026-09-20T10:59:10Z</time></trkpt>
<trkpt lat="53.648694" lon="-3.012009"><time>2026-09-20T10:59:11Z</time></trkpt>
<trkpt lat="53.648699" lon="-3.011988"><time>2026-09-20T10:59:12Z</time></trkpt>
<trkpt lat="53.648711" lon="-3.011956"><time>2026-09-20T10:59:13Z</time></trkpt>
<trkpt lat="53.648714" lon="-3.011932"><time>2026-09-20T10:59:14Z</time></trkpt>
<trkpt lat="53.648719" lon="-3.011907"><time>2026-09-20T10:59:15Z</time></trkpt>
<trkpt lat="53.648730" lon="-3.011891"><time>2026-09-20T10:59:16Z</time></trkpt>
<trkpt lat="53.648733" lon="-3.011863"><time>2026-09-20T10:59:17Z</time></trkpt>
<trkpt lat="53.648743" lon="-3.011828"><time>2026-09-20T10:59:18Z</time></trkpt>
<trkpt lat="53.648752" lon="-3.011802"><time>2026-09-20T10:59:19Z</time></trkpt>
<trkpt lat="53.648752" lon="-3.011781"><time>2026-09-20T10:59:20Z</time></trkpt>
<trkpt lat="53.648757" lon="-3.011754"><time>2026-09-20T10:59:21Z</time></trkpt>
<trkpt lat="53.648766" lon="-3.011714"><time>2026-09-20T10:59:22Z</time></trkpt>
<trkpt lat="53.648771" lon="-3.011690"><time>2026-09-20T10:59:23Z</time></trkpt>
<trkpt lat="53.648778" lon="-3.011669"><time>2026-09-20T10:59:24Z</time></trkpt>
<trkpt lat="53.648787" lon="-3.011643"><time>2026-09-20T10:59:25Z</time></trkpt>
<trkpt lat="53.648794" lon="-3.011623"><time>2026-09-20T10:59:26Z</time></trkpt>
<trkpt lat="53.648799" lon="-3.011584"><time>2026-09-20T10:59:27Z</time></trkpt>
<trkpt lat="53.648805" lon="-3.011568"><time>2026-09-20T10:59:28Z</time></trkpt>
<trkpt lat="53.648817" lon="-3.011539"><time>2026-09-20T10:59:29Z</time></trkpt>
<trkpt lat="53.648818" lon="-3.011515"><time>2026-09-20T10:59:30Z</time></trkpt>
<trkpt lat="53.648826" lon="-3.011479"><time>2026-09-20T10:59:31Z</time></trkpt>
<trkpt lat="53.648837" lon="-3.011459"><time>2026-09-20T10:59:32Z</time></trkpt>
<trkpt lat="53.648838" lon="-3.011426"><time>2026-09-20T10:59:33Z</time></trkpt>
<trkpt lat="53.648848" lon="-3.011401"><time>2026-09-20T10:59:34Z</time></trkpt>
<trkpt lat="53.648858" lon="-3.011375"><time>2026-09-20T10:59:35Z</time></trkpt>
<trkpt lat="53.648856" lon="-3.011360"><time>2026-09-20T10:59:36Z</time></trkpt>
<trkpt lat="53.648865" lon="-3.011325"><time>2026-09-20T10:59:37Z</time></trkpt>
<trkpt lat="53.648876" lon="-3.011304"><time>2026-09-20T10:59:38Z</time></trkpt>
<trkpt lat="53.648879" lon="-3.011273"><time>2026-09-20T10:59:39Z</time></trkpt>
<trkpt lat="53.648893" lon="-3.011277"><time>2026-09-20T10:59:40Z</time></trkpt>
<trkpt lat="53.648910" lon="-3.011291"><time>2026-09-20T10:59:41Z</time></trkpt>
<trkpt lat="53.648931" lon="-3.011301"><time>2026-09-20T10:59:42Z</time></trkpt>
<trkpt lat="53.648962" lon="-3.011311"><time>2026-09-20T10:59:43Z</time></trkpt>
<trkpt lat="53.648974" lon="-3.011326"><time>2026-09-20T10:59:44Z</time></trkpt>
<trkpt lat="53.649001" lon="-3.011322"><time>2026-09-20T10:59:45Z</time></trkpt>
<trkpt lat="53.649013" lon="-3.011341"><time>2026-09-20T10:59:46Z</time></trkpt>
<trkpt lat="53.649043" lon="-3.011345"><time>2026-09-20T10:59:47Z</time></trkpt>
<trkpt lat="53.649054" lon="-3.011352"><time>2026-09-20T10:59:48Z</time></trkpt>
<trkpt lat="53.649078" lon="-3.011364"><time>2026-09-20T10:59:49Z</time></trkpt>
<trkpt lat="53.649098" lon="-3.011391"><time>2026-09-20T10:59:50Z</time></trkpt>
<trkpt lat="53.649118" lon="-3.011394"><time>2026-09-20T10:59:51Z</time></trkpt>
<trkpt lat="53.649143" lon="-3.011402"><time>2026-09-20T10:59:52Z</time></trkpt>
<trkpt lat="53.649159" lon="-3.011412"><time>2026-09-20T10:59:53Z</time></trkpt>
<trkpt lat="53.649176" lon="-3.011427"><time>2026-09-20T10:59:54Z</time></trkpt>
<trkpt lat="53.649206" lon="-3.011437"><time>2026-09-20T10:59:55Z</time></trkpt>
<trkpt lat="53.649225" lon="-3.011447"><time>2026-09-20T10:59:56Z</time></trkpt>
<trkpt lat="53.649246" lon="-3.011452"><time>2026-09-20T10:59:57Z</time></trkpt>
<trkpt lat="53.649265" lon="-3.011460"><time>2026-09-20T10:59:58Z</time></trkpt>
<trkpt lat="53.649288" lon="-3.011470"><time>2026-09-20T10:59:59Z</time></trkpt>
<trkpt lat="53.649310" lon="-3.011496"><time>2026-09-20T11:00:00Z</time></trkpt>
<trkpt lat="53.649326" lon="-3.011508"><time>2026-09-20T11:00:01Z</time></trkpt>
<trkpt lat="53.649349" lon="-3.011512"><time>2026-09-20T11:00:02Z</time></trkpt>
<trkpt lat="53.649374" lon="-3.011526"><time>2026-09-20T11:00:03Z</time></trkpt>
<trkpt lat="53.649387" lon="-3.011528"><time>2026-09-20T11:00:04Z</time></trkpt>
<trkpt lat="53.649401" lon="-3.011498"><time>2026-09-20T11:00:05Z</time></trkpt>
<trkpt lat="53.649405" lon="-3.011480"><time>2026-09-20T11:00:06Z</time></trkpt>
<trkpt lat="53.649407" lon="-3.011447"><time>2026-09-20T11:00:07Z</time></trkpt>
<trkpt lat="53.649416" lon="-3.011425"><time>2026-09-20T11:00:08Z</time></trkpt>
<trkpt lat="53.649425" lon="-3.011396"><time>2026-09-20T11:00:09Z</time></trkpt>
<trkpt lat="53.649426" lon="-3.011376"><time>2026-09-20T11:00:10Z</time></trkpt>
<trkpt lat="53.649443" lon="-3.011356"><time>2026-09-20T11:00:11Z</time></trkpt>
<trkpt lat="53.649440" lon="-3.011313"><time>2026-09-20T11:00:12Z</time></trkpt>
<trkpt lat="53.649456" lon="-3.011286"><time>2026-09-20T11:00:13Z</time></trkpt>
<trkpt lat="53.649458" lon="-3.011270"><time>2026-09-20T11:00:14Z</time></trkpt>
<trkpt lat="53.649461" lon="-3.011236"><time>2026-09-20T11:00:15Z</time></trkpt>
<trkpt lat="53.649471" lon="-3.011220"><time>2026-09-20T11:00:16Z</time></trkpt>
<trkpt lat="53.649482" lon="-3.011179"><time>2026-09-20T11:00:17Z</time></trkpt>
<trkpt lat="53.649484" lon="-3.011152"><time>2026-09-20T11:00:18Z</time></trkpt>
<trkpt lat="53.649490" lon="-3.011132"><time>2026-09-20T11:00:19Z</time></trkpt>
<trkpt lat="53.649497" lon="-3.011106"><time>2026-09-20T11:00:20Z</time></trkpt>
<trkpt lat="53.649504" lon="-3.011076"><time>2026-09-20T11:00:21Z</time></trkpt>
<trkpt lat="53.649517" lon="-3.011045"><time>2026-09-20T11:00:22Z</time></trkpt>
<trkpt lat="53.649517" lon="-3.011033"><time>2026-09-20T11:00:23Z</time></trkpt>
<trkpt lat="53.649529" lon="-3.010990"><time>2026-09-20T11:00:24Z</time></trkpt>
<trkpt lat="53.649529" lon="-3.010973"><time>2026-09-20T11:00:25Z</time></trkpt>
<trkpt lat="53.649535" lon="-3.010950"><time>2026-09-20T11:00:26Z</time></trkpt>
<trkpt lat="53.649546" lon="-3.010922"><time>2026-09-20T11:00:27Z</time></trkpt>
<trkpt lat="53.649549" lon="-3.010894"><time>2026-09-20T11:00:28Z</time></trkpt>
<trkpt lat="53.649558" lon="-3.010864"><time>2026-09-20T11:00:29Z</time></trkpt>
<trkpt lat="53.649569" lon="-3.010844"><time>2026-09-20T11:00:30Z</time></trkpt>
<trkpt lat="53.649568" lon="-3.010813"><time>2026-09-20T11:00:31Z</time></trkpt>
<trkpt lat="53.649577" lon="-3.010791"><time>2026-09-20T11:00:32Z</time></trkpt>
<trkpt lat="53.649579" lon="-3.010762"><time>2026-09-20T11:00:33Z</time></trkpt>
<trkpt lat="53.649596" lon="-3.010750"><time>2026-09-20T11:00:34Z</time></trkpt>
<trkpt lat="53.649595" lon="-3.010715"><time>2026-09-20T11:00:35Z</time></trkpt>
<trkpt lat="53.649598" lon="-3.010695"><time>2026-09-20T11:00:36Z</time></trkpt>
<trkpt lat="53.649611" lon="-3.010660"><time>2026-09-20T11:00:37Z</time></trkpt>
<trkpt lat="53.649620" lon="-3.010635"><time>2026-09-20T11:00:38Z</time></trkpt>
<trkpt lat="53.649622" lon="-3.010621"><time>2026-09-20T11:00:39Z</time></trkpt>
<trkpt lat="53.649629" lon="-3.010586"><time>2026-09-20T11:00:40Z</time></trkpt>
<trkpt lat="53.649628" lon="-3.010563"><time>2026-09-20T11:00:41Z</time></trkpt>
<trkpt lat="53.649636" lon="-3.010555"><time>2026-09-20T11:00:42Z</time></trkpt>
<trkpt lat="53.649640" lon="-3.010524"><time>2026-09-20T11:00:43Z</time></trkpt>
<trkpt lat="53.649651" lon="-3.010505"><time>2026-09-20T11:00:44Z</time></trkpt>
<trkpt lat="53.649656" lon="-3.010475"><time>2026-09-20T11:00:45Z</time></trkpt>
<trkpt lat="53.649660" lon="-3.010448"><time>2026-09-20T11:00:46Z</time></trkpt>
<trkpt lat="53.649665" lon="-3.010436"><time>2026-09-20T11:00:47Z</time></trkpt>
<trkpt lat="53.649676" lon="-3.010415"><time>2026-09-20T11:00:48Z</time></trkpt>
<trkpt lat="53.649678" lon="-3.010389"><time>2026-09-20T11:00:49Z</time></trkpt>
<trkpt lat="53.649689" lon="-3.010360"><time>2026-09-20T11:00:50Z</time></trkpt>
<trkpt lat="53.649690" lon="-3.010326"><time>2026-09-20T11:00:51Z</time></trkpt>
<trkpt lat="53.649693" lon="-3.010313"><time>2026-09-20T11:00:52Z</time></trkpt>
<trkpt lat="53.649708" lon="-3.010278"><time>2026-09-20T11:00:53Z</time></trkpt>
<trkpt lat="53.649711" lon="-3.010258"><time>2026-09-20T11:00:54Z</time></trkpt>
<trkpt lat="53.649718" lon="-3.010242"><time>2026-09-20T11:00:55Z</time></trkpt>
<trkpt lat="53.649723" lon="-3.010212"><time>2026-09-20T11:00:56Z</time></trkpt>
<trkpt lat="53.649725" lon="-3.010181"><time>2026-09-20T11:00:57Z</time></trkpt>
<trkpt lat="53.649737" lon="-3.010165"><time>2026-09-20T11:00:58Z</time></trkpt>
<trkpt lat="53.649745" lon="-3.010136"><time>2026-09-20T11:00:59Z</time></trkpt>
<trkpt lat="53.649750" lon="-3.010109"><time>2026-09-20T11:01:00Z</time></trkpt>
<trkpt lat="53.649757" lon="-3.010083"><time>2026-09-20T11:01:01Z</time></trkpt>
<trkpt lat="53.649757" lon="-3.010068"><time>2026-09-20T11:01:02Z</time></trkpt>
<trkpt lat="53.649768" lon="-3.010029"><time>2026-09-20T11:01:03Z</time></trkpt>
<trkpt lat="53.649775" lon="-3.010015"><time>2026-09-20T11:01:04Z</time></trkpt>
<trkpt lat="53.649779" lon="-3.009988"><time>2026-09-20T11:01:05Z</time></trkpt>
<trkpt lat="53.649786" lon="-3.009965"><time>2026-09-20T11:01:06Z</time></trkpt>
<trkpt lat="53.649799" lon="-3.009935"><time>2026-09-20T11:01:07Z</time></trkpt>
<trkpt lat="53.649806" lon="-3.009900"><time>2026-09-20T11:01:08Z</time></trkpt>
<trkpt lat="53.649807" lon="-3.009870"><time>2026-09-20T11:01:09Z</time></trkpt>
<trkpt lat="53.649819" lon="-3.009855"><time>2026-09-20T11:01:10Z</time></trkpt>
<trkpt lat="53.649817" lon="-3.009831"><time>2026-09-20T11:01:11Z</time></trkpt>
<trkpt lat="53.649832" lon="-3.009792"><time>2026-09-20T11:01:12Z</time></trkpt>
<trkpt lat="53.649838" lon="-3.009776"><time>2026-09-20T11:01:13Z</time></trkpt>
<trkpt lat="53.649844" lon="-3.009744"><time>2026-09-20T11:01:14Z</time></trkpt>
<trkpt lat="53.649847" lon="-3.009710"><time>2026-09-20T11:01:15Z</time></trkpt>
<trkpt lat="53.649850" lon="-3.009693"><time>2026-09-20T11:01:16Z</time></trkpt>
<trkpt lat="53.649867" lon="-3.009663"><time>2026-09-20T11:01:17Z</time></trkpt>
<trkpt lat="53.649868" lon="-3.009641"><time>2026-09-20T11:01:18Z</time></trkpt>
<trkpt lat="53.649876" lon="-3.009606"><time>2026-09-20T11:01:19Z</time></trkpt>
<trkpt lat="53.649884" lon="-3.009580"><time>2026-09-20T11:01:20Z</time></trkpt>
<trkpt lat="53.649888" lon="-3.009550"><time>2026-09-20T11:01:21Z</time></trkpt>
<trkpt lat="53.649898" lon="-3.009529"><time>2026-09-20T11:01:22Z</time></trkpt>
<trkpt lat="53.649900" lon="-3.009511"><time>2026-09-20T11:01:23Z</time></trkpt>
<trkpt lat="53.649918" lon="-3.009515"><time>2026-09-20T11:01:24Z</time></trkpt>
<trkpt lat="53.649925" lon="-3.009525"><time>2026-09-20T11:01:25Z</time></trkpt>
<trkpt lat="53.649938" lon="-3.009521"><time>2026-09-20T11:01:26Z</time></trkpt>
<trkpt lat="53.649943" lon="-3.009527"><time>2026-09-20T11:01:27Z</time></trkpt>
<trkpt lat="53.649963" lon="-3.009551"><time>2026-09-20T11:01:28Z</time></trkpt>
<trkpt lat="53.649969" lon="-3.009548"><time>2026-09-20T11:01:29Z</time></trkpt>
<trkpt lat="53.649988" lon="-3.009550"><time>2026-09-20T11:01:30Z</time></trkpt>
<trkpt lat="53.649999" lon="-3.009566"><time>2026-09-20T11:01:31Z</time></trkpt>
<trkpt lat="53.650019" lon="-3.009577"><time>2026-09-20T11:01:32Z</time></trkpt>
<trkpt lat="53.650031" lon="-3.009571"><time>2026-09-20T11:01:33Z</time></trkpt>
<trkpt lat="53.650047" lon="-3.009589"><time>2026-09-20T11:01:34Z</time></trkpt>
<trkpt lat="53.650063" lon="-3.009602"><time>2026-09-20T11:01:35Z</time></trkpt>
<trkpt lat="53.650078" lon="-3.009606"><time>2026-09-20T11:01:36Z</time></trkpt>
<trkpt lat="53.650096" lon="-3.009613"><time>2026-09-20T11:01:37Z</time></trkpt>
<trkpt lat="53.650109" lon="-3.009613"><time>2026-09-20T11:01:38Z</time></trkpt>
<trkpt lat="53.650126" lon="-3.009628"><time>2026-09-20T11:01:39Z</time></trkpt>
<trkpt lat="53.650138" lon="-3.009633"><time>2026-09-20T11:01:40Z</time></trkpt>
<trkpt lat="53.650147" lon="-3.009633"><time>2026-09-20T11:01:41Z</time></trkpt>
<trkpt lat="53.650162" lon="-3.009640"><time>2026-09-20T11:01:42Z</time></trkpt>
<trkpt lat="53.650175" lon="-3.009652"><time>2026-09-20T11:01:43Z</time></trkpt>
<trkpt lat="53.650199" lon="-3.009663"><time>2026-09-20T11:01:44Z</time></trkpt>
<trkpt lat="53.650210" lon="-3.009671"><time>2026-09-20T11:01:45Z</time></trkpt>
<trkpt lat="53.650218" lon="-3.009687"><time>2026-09-20T11:01:46Z</time></trkpt>
<trkpt lat="53.650233" lon="-3.009691"><time>2026-09-20T11:01:47Z</time></trkpt>
<trkpt lat="53.650258" lon="-3.009698"><time>2026-09-20T11:01:48Z</time></trkpt>
<trkpt lat="53.650269" lon="-3.009709"><time>2026-09-20T11:01:49Z</time></trkpt>
<trkpt lat="53.650280" lon="-3.009700"><time>2026-09-20T11:01:50Z</time></trkpt>
<trkpt lat="53.650295" lon="-3.009718"><time>2026-09-20T11:01:51Z</time></trkpt>
<trkpt lat="53.650311" lon="-3.009723"><time>2026-09-20T11:01:52Z</time></trkpt>
<trkpt lat="53.650324" lon="-3.009727"><time>2026-09-20T11:01:53Z</time></trkpt>
<trkpt lat="53.650348" lon="-3.009736"><time>2026-09-20T11:01:54Z</time></trkpt>
<trkpt lat="53.650364" lon="-3.009756"><time>2026-09-20T11:01:55Z</time></trkpt>
<trkpt lat="53.650375" lon="-3.009754"><time>2026-09-20T11:01:56Z</time></trkpt>
<trkpt lat="53.650388" lon="-3.009757"><time>2026-09-20T11:01:57Z</time></trkpt>
<trkpt lat="53.650410" lon="-3.009780"><time>2026-09-20T11:01:58Z</time></trkpt>
<trkpt lat="53.650426" lon="-3.009777"><time>2026-09-20T11:01:59Z</time></trkpt>
<trkpt lat="53.650442" lon="-3.009790"><time>2026-09-20T11:02:00Z</time></trkpt>
<trkpt lat="53.650453" lon="-3.009789"><time>2026-09-20T11:02:01Z</time></trkpt>
<trkpt lat="53.650466" lon="-3.009801"><time>2026-09-20T11:02:02Z</time></trkpt>
<trkpt lat="53.650491" lon="-3.009819"><time>2026-09-20T11:02:03Z</time></trkpt>
<trkpt lat="53.650498" lon="-3.009817"><time>2026-09-20T11:02:04Z</time></trkpt>
<trkpt lat="53.650515" lon="-3.009823"><time>2026-09-20T11:02:05Z</time></trkpt>
<trkpt lat="53.650539" lon="-3.009838"><time>2026-09-20T11:02:06Z</time></trkpt>
<trkpt lat="53.650553" lon="-3.009849"><time>2026-09-20T11:02:07Z</time></trkpt>
<trkpt lat="53.650572" lon="-3.009861"><time>2026-09-20T11:02:08Z</time></trkpt>
<trkpt lat="53.650590" lon="-3.009866"><time>2026-09-20T11:02:09Z</time></trkpt>
<trkpt lat="53.650607" lon="-3.009871"><time>2026-09-20T11:02:10Z</time></trkpt>
<trkpt lat="53.650619" lon="-3.009889"><time>2026-09-20T11:02:11Z</time></trkpt>
<trkpt lat="53.650633" lon="-3.009895"><time>2026-09-20T11:02:12Z</time></trkpt>
<trkpt lat="53.650649" lon="-3.009892"><time>2026-09-20T11:02:13Z</time></trkpt>
<trkpt lat="53.650667" lon="-3.009915"><time>2026-09-20T11:02:14Z</time></trkpt>
<trkpt lat="53.650685" lon="-3.009909"><time>2026-09-20T11:02:15Z</time></trkpt>
<trkpt lat="53.650705" lon="-3.009930"><time>2026-09-20T11:02:16Z</time></trkpt>
<trkpt lat="53.650718" lon="-3.009938"><time>2026-09-20T11:02:17Z</time></trkpt>
<trkpt lat="53.650734" lon="-3.009939"><time>2026-09-20T11:02:18Z</time></trkpt>
<trkpt lat="53.650747" lon="-3.009942"><time>2026-09-20T11:02:19Z</time></trkpt>
<trkpt lat="53.650764" lon="-3.009957"><time>2026-09-20T11:02:20Z</time></trkpt>
<trkpt lat="53.650783" lon="-3.009973"><time>2026-09-20T11:02:21Z</time></trkpt>
<trkpt lat="53.650799" lon="-3.009976"><time>2026-09-20T11:02:22Z</time></trkpt>
<trkpt lat="53.650812" lon="-3.009981"><time>2026-09-20T11:02:23Z</time></trkpt>
<trkpt lat="53.650832" lon="-3.009986"><time>2026-09-20T11:02:24Z</time></trkpt>
<trkpt lat="53.650844" lon="-3.009995"><time>2026-09-20T11:02:25Z</time></trkpt>
<trkpt lat="53.650864" lon="-3.010011"><time>2026-09-20T11:02:26Z</time></trkpt>
<trkpt lat="53.650873" lon="-3.010012"><time>2026-09-20T11:02:27Z</time></trkpt>
<trkpt lat="53.650889" lon="-3.010019"><time>2026-09-20T11:02:28Z</time></trkpt>
<trkpt lat="53.650902" lon="-3.010039"><time>2026-09-20T11:02:29Z</time></trkpt>
<trkpt lat="53.650919" lon="-3.010046"><time>2026-09-20T11:02:30Z</time></trkpt>
<trkpt lat="53.650933" lon="-3.010046"><time>2026-09-20T11:02:31Z</time></trkpt>
<trkpt lat="53.650953" lon="-3.010058"><time>2026-09-20T11:02:32Z</time></trkpt>
<trkpt lat="53.650969" lon="-3.010059"><time>2026-09-20T11:02:33Z</time></trkpt>
<trkpt lat="53.650985" lon="-3.010067"><time>2026-09-20T11:02:34Z</time></trkpt>
<trkpt lat="53.650992" lon="-3.010073"><time>2026-09-20T11:02:35Z</time></trkpt>
<trkpt lat="53.651008" lon="-3.010077"><time>2026-09-20T11:02:36Z</time></trkpt>
<trkpt lat="53.651025" lon="-3.010084"><time>2026-09-20T11:02:37Z</time></trkpt>
<trkpt lat="53.651035" lon="-3.010090"><time>2026-09-20T11:02:38Z</time></trkpt>
<trkpt lat="53.651056" lon="-3.010102"><time>2026-09-20T11:02:39Z</time></trkpt>
<trkpt lat="53.651062" lon="-3.010121"><time>2026-09-20T11:02:40Z</time></trkpt>
<trkpt lat="53.651085" lon="-3.010116"><time>2026-09-20T11:02:41Z</time></trkpt>
<trkpt lat="53.651101" lon="-3.010126"><time>2026-09-20T11:02:42Z</time></trkpt>
<trkpt lat="53.651109" lon="-3.010130"><time>2026-09-20T11:02:43Z</time></trkpt>
<trkpt lat="53.651127" lon="-3.010146"><time>2026-09-20T11:02:44Z</time></trkpt>
<trkpt lat="53.651145" lon="-3.010147"><time>2026-09-20T11:02:45Z</time></trkpt>
<trkpt lat="53.651153" lon="-3.010156"><time>2026-09-20T11:02:46Z</time></trkpt>
<trkpt lat="53.651175" lon="-3.010170"><time>2026-09-20T11:02:47Z</time></trkpt>
<trkpt lat="53.651184" lon="-3.010173"><time>2026-09-20T11:02:48Z</time></trkpt>
<trkpt lat="53.651198" lon="-3.010191"><time>2026-09-20T11:02:49Z</time></trkpt>
<trkpt lat="53.651216" lon="-3.010198"><time>2026-09-20T11:02:50Z</time></trkpt>
<trkpt lat="53.651233" lon="-3.010193"><time>2026-09-20T11:02:51Z</time></trkpt>
<trkpt lat="53.651244" lon="-3.010214"><time>2026-09-20T11:02:52Z</time></trkpt>
<trkpt lat="53.651258" lon="-3.010209"><time>2026-09-20T11:02:53Z</time></trkpt>
<trkpt lat="53.651277" lon="-3.010230"><time>2026-09-20T11:02:54Z</time></trkpt>
<trkpt lat="53.651296" lon="-3.010235"><time>2026-09-20T11:02:55Z</time></trkpt>
<trkpt lat="53.651310" lon="-3.010237"><time>2026-09-20T11:02:56Z</time></trkpt>
<trkpt lat="53.651322" lon="-3.010249"><time>2026-09-20T11:02:57Z</time></trkpt>
<trkpt lat="53.651338" lon="-3.010251"><time>2026-09-20T11:02:58Z</time></trkpt>
<trkpt lat="53.651360" lon="-3.010256"><time>2026-09-20T11:02:59Z</time></trkpt>
<trkpt lat="53.651374" lon="-3.010272"><time>2026-09-20T11:03:00Z</time></trkpt>
<trkpt lat="53.651391" lon="-3.010281"><time>2026-09-20T11:03:01Z</time></trkpt>
<trkpt lat="53.651403" lon="-3.010282"><time>2026-09-20T11:03:02Z</time></trkpt>
<trkpt lat="53.651429" lon="-3.010299"><time>2026-09-20T11:03:03Z</time></trkpt>
<trkpt lat="53.651436" lon="-3.010311"><time>2026-09-20T11:03:04Z</time></trkpt>
<trkpt lat="53.651440" lon="-3.010286"><time>2026-09-20T11:03:05Z</time></trkpt>
<trkpt lat="53.651447" lon="-3.010276"><time>2026-09-20T11:03:06Z</time></trkpt>
<trkpt lat="53.651452" lon="-3.010257"><time>2026-09-20T11:03:07Z</time></trkpt>
<trkpt lat="53.651462" lon="-3.010229"><time>2026-09-20T11:03:08Z</time></trkpt>
<trkpt lat="53.651461" lon="-3.010216"><time>2026-09-20T11:03:09Z</time></trkpt>
<trkpt lat="53.651473" lon="-3.010185"><time>2026-09-20T11:03:10Z</time></trkpt>
<trkpt lat="53.651478" lon="-3.010164"><time>2026-09-20T11:03:11Z</time></trkpt>
<trkpt lat="53.651481" lon="-3.010131"><time>2026-09-20T11:03:12Z</time></trkpt>
<trkpt lat="53.651488" lon="-3.010115"><time>2026-09-20T11:03:13Z</time></trkpt>
<trkpt lat="53.651495" lon="-3.010092"><time>2026-09-20T11:03:14Z</time></trkpt>
<trkpt lat="53.651501" lon="-3.010067"><time>2026-09-20T11:03:15Z</time></trkpt>
<trkpt lat="53.651509" lon="-3.010035"><time>2026-09-20T11:03:16Z</time></trkpt>
<trkpt lat="53.651514" lon="-3.010003"><time>2026-09-20T11:03:17Z</time></trkpt>
<trkpt lat="53.651524" lon="-3.009975"><time>2026-09-20T11:03:18Z</time></trkpt>
<trkpt lat="53.651525" lon="-3.009948"><time>2026-09-20T11:03:19Z</time></trkpt>
<trkpt lat="53.651537" lon="-3.009927"><time>2026-09-20T11:03:20Z</time></trkpt>
<trkpt lat="53.651537" lon="-3.009902"><time>2026-09-20T11:03:21Z</time></trkpt>
<trkpt lat="53.651552" lon="-3.009878"><time>2026-09-20T11:03:22Z</time></trkpt>
<trkpt lat="53.651558" lon="-3.009855"><time>2026-09-20T11:03:23Z</time></trkpt>
<trkpt lat="53.651559" lon="-3.009826"><time>2026-09-20T11:03:24Z</time></trkpt>
<trkpt lat="53.651567" lon="-3.009808"><time>2026-09-20T11:03:25Z</time></trkpt>
<trkpt lat="53.651569" lon="-3.009785"><time>2026-09-20T11:03:26Z</time></trkpt>
<trkpt lat="53.651580" lon="-3.009753"><time>2026-09-20T11:03:27Z</time></trkpt>
<trkpt lat="53.651590" lon="-3.009736"><time>2026-09-20T11:03:28Z</time></trkpt>
<trkpt lat="53.651589" lon="-3.009706"><time>2026-09-20T11:03:29Z</time></trkpt>
<trkpt lat="53.651594" lon="-3.009681"><time>2026-09-20T11:03:30Z</time></trkpt>
<trkpt lat="53.651599" lon="-3.009658"><time>2026-09-20T11:03:31Z</time></trkpt>
<trkpt lat="53.651606" lon="-3.009633"><time>2026-09-20T11:03:32Z</time></trkpt>
<trkpt lat="53.651611" lon="-3.009622"><time>2026-09-20T11:03:33Z</time></trkpt>
<trkpt lat="53.651622" lon="-3.009593"><time>2026-09-20T11:03:34Z</time></trkpt>
<trkpt lat="53.651624" lon="-3.009559"><time>2026-09-20T11:03:35Z</time></trkpt>
<trkpt lat="53.651637" lon="-3.009549"><time>2026-09-20T11:03:36Z</time></trkpt>
<trkpt lat="53.651637" lon="-3.009521"><time>2026-09-20T11:03:37Z</time></trkpt>
<trkpt lat="53.651648" lon="-3.009491"><time>2026-09-20T11:03:38Z</time></trkpt>
<trkpt lat="53.651646" lon="-3.009479"><time>2026-09-20T11:03:39Z</time></trkpt>
<trkpt lat="53.651662" lon="-3.009440"><time>2026-09-20T11:03:40Z</time></trkpt>
<trkpt lat="53.651662" lon="-3.009426"><time>2026-09-20T11:03:41Z</time></trkpt>
<trkpt lat="53.651667" lon="-3.009402"><time>2026-09-20T11:03:42Z</time></trkpt>
<trkpt lat="53.651675" lon="-3.009375"><time>2026-09-20T11:03:43Z</time></trkpt>
<trkpt lat="53.651678" lon="-3.009350"><time>2026-09-20T11:03:44Z</time></trkpt>
<trkpt lat="53.651692" lon="-3.009323"><time>2026-09-20T11:03:45Z</time></trkpt>
<trkpt lat="53.651693" lon="-3.009301"><time>2026-09-20T11:03:46Z</time></trkpt>
<trkpt lat="53.651704" lon="-3.009277"><time>2026-09-20T11:03:47Z</time></trkpt>
<trkpt lat="53.651705" lon="-3.009261"><time>2026-09-20T11:03:48Z</time></trkpt>
<trkpt lat="53.651709" lon="-3.009220"><time>2026-09-20T11:03:49Z</time></trkpt>
<trkpt lat="53.651724" lon="-3.009207"><time>2026-09-20T11:03:50Z</time></trkpt>
<trkpt lat="53.651720" lon="-3.009174"><time>2026-09-20T11:03:51Z</time></trkpt>
<trkpt lat="53.651728" lon="-3.009157"><time>2026-09-20T11:03:52Z</time></trkpt>
<trkpt lat="53.651743" lon="-3.009132"><time>2026-09-20T11:03:53Z</time></trkpt>
<trkpt lat="53.651742" lon="-3.009103"><time>2026-09-20T11:03:54Z</time></trkpt>
<trkpt lat="53.651756" lon="-3.009066"><time>2026-09-20T11:03:55Z</time></trkpt>
<trkpt lat="53.651762" lon="-3.009039"><time>2026-09-20T11:03:56Z</time></trkpt>
<trkpt lat="53.651761" lon="-3.009021"><time>2026-09-20T11:03:57Z</time></trkpt>
<trkpt lat="53.651773" lon="-3.009000"><time>2026-09-20T11:03:58Z</time></trkpt>
<trkpt lat="53.651774" lon="-3.008968"><time>2026-09-20T11:03:59Z</time></trkpt>
<trkpt lat="53.651785" lon="-3.008935"><time>2026-09-20T11:04:00Z</time></trkpt>
<trkpt lat="53.651788" lon="-3.008912"><time>2026-09-20T11:04:01Z</time></trkpt>
<trkpt lat="53.651801" lon="-3.008887"><time>2026-09-20T11:04:02Z</time></trkpt>
<trkpt lat="53.651807" lon="-3.008861"><time>2026-09-20T11:04:03Z</time></trkpt>
<trkpt lat="53.651810" lon="-3.008827"><time>2026-09-20T11:04:04Z</time></trkpt>
<trkpt lat="53.651821" lon="-3.008800"><time>2026-09-20T11:04:05Z</time></trkpt>
<trkpt lat="53.651830" lon="-3.008781"><time>2026-09-20T11:04:06Z</time></trkpt>
<trkpt lat="53.651834" lon="-3.008758"><time>2026-09-20T11:04:07Z</time></trkpt>
<trkpt lat="53.651839" lon="-3.008732"><time>2026-09-20T11:04:08Z</time></trkpt>
<trkpt lat="53.651845" lon="-3.008690"><time>2026-09-20T11:04:09Z</time></trkpt>
<trkpt lat="53.651848" lon="-3.008673"><time>2026-09-20T11:04:10Z</time></trkpt>
<trkpt lat="53.651863" lon="-3.008650"><time>2026-09-20T11:04:11Z</time></trkpt>
<trkpt lat="53.651863" lon="-3.008612"><time>2026-09-20T11:04:12Z</time></trkpt>
<trkpt lat="53.651878" lon="-3.008587"><time>2026-09-20T11:04:13Z</time></trkpt>
<trkpt lat="53.651878" lon="-3.008571"><time>2026-09-20T11:04:14Z</time></trkpt>
<trkpt lat="53.651886" lon="-3.008546"><time>2026-09-20T11:04:15Z</time></trkpt>
<trkpt lat="53.651897" lon="-3.008504"><time>2026-09-20T11:04:16Z</time></trkpt>
<trkpt lat="53.651899" lon="-3.008479"><time>2026-09-20T11:04:17Z</time></trkpt>
<trkpt lat="53.651905" lon="-3.008465"><time>2026-09-20T11:04:18Z</time></trkpt>
<trkpt lat="53.651906" lon="-3.008443"><time>2026-09-20T11:04:19Z</time></trkpt>
<trkpt lat="53.651914" lon="-3.008406"><time>2026-09-20T11:04:20Z</time></trkpt>
<trkpt lat="53.651924" lon="-3.008379"><time>2026-09-20T11:04:21Z</time></trkpt>
<trkpt lat="53.651930" lon="-3.008368"><time>2026-09-20T11:04:22Z</time></trkpt>
<trkpt lat="53.651936" lon="-3.008333"><time>2026-09-20T11:04:23Z</time></trkpt>
<trkpt lat="53.651945" lon="-3.008315"><time>2026-09-20T11:04:24Z</time></trkpt>
<trkpt lat="53.651947" lon="-3.008299"><time>2026-09-20T11:04:25Z</time></trkpt>
<trkpt lat="53.651953" lon="-3.008259"><time>2026-09-20T11:04:26Z</time></trkpt>
<trkpt lat="53.651955" lon="-3.008244"><time>2026-09-20T11:04:27Z</time></trkpt>
<trkpt lat="53.651964" lon="-3.008214"><time>2026-09-20T11:04:28Z</time></trkpt>
<trkpt lat="53.651975" lon="-3.008205"><time>2026-09-20T11:04:29Z</time></trkpt>
<trkpt lat="53.651974" lon="-3.008178"><time>2026-09-20T11:04:30Z</time></trkpt>
<trkpt lat="53.651984" lon="-3.008151"><time>2026-09-20T11:04:31Z</time></trkpt>
<trkpt lat="53.651990" lon="-3.008126"><time>2026-09-20T11:04:32Z</time></trkpt>
<trkpt lat="53.651990" lon="-3.008110"><time>2026-09-20T11:04:33Z</time></trkpt>
<trkpt lat="53.652007" lon="-3.008085"><time>2026-09-20T11:04:34Z</time></trkpt>
<trkpt lat="53.652008" lon="-3.008045"><time>2026-09-20T11:04:35Z</time></trkpt>
<trkpt lat="53.652019" lon="-3.008039"><time>2026-09-20T11:04:36Z</time></trkpt>
<trkpt lat="53.652024" lon="-3.008015"><time>2026-09-20T11:04:37Z</time></trkpt>
<trkpt lat="53.652025" lon="-3.007989"><time>2026-09-20T11:04:38Z</time></trkpt>
<trkpt lat="53.652027" lon="-3.007957"><time>2026-09-20T11:04:39Z</time></trkpt>
<trkpt lat="53.652034" lon="-3.007930"><time>2026-09-20T11:04:40Z</time></trkpt>
<trkpt lat="53.652045" lon="-3.007919"><time>2026-09-20T11:04:41Z</time></trkpt>
<trkpt lat="53.652051" lon="-3.007886"><time>2026-09-20T11:04:42Z</time></trkpt>
<trkpt lat="53.652056" lon="-3.007863"><time>2026-09-20T11:04:43Z</time></trkpt>
<trkpt lat="53.652063" lon="-3.007832"><time>2026-09-20T11:04:44Z</time></trkpt>
<trkpt lat="53.652072" lon="-3.007814"><time>2026-09-20T11:04:45Z</time></trkpt>
<trkpt lat="53.652081" lon="-3.007802"><time>2026-09-20T11:04:46Z</time></trkpt>
<trkpt lat="53.652085" lon="-3.007801"><time>2026-09-20T11:04:47Z</time></trkpt>
<trkpt lat="53.652099" lon="-3.007823"><time>2026-09-20T11:04:48Z</time></trkpt>
<trkpt lat="53.652106" lon="-3.007820"><time>2026-09-20T11:04:49Z</time></trkpt>
<trkpt lat="53.652117" lon="-3.007819"><time>2026-09-20T11:04:50Z</time></trkpt>
<trkpt lat="53.652129" lon="-3.007838"><time>2026-09-20T11:04:51Z</time></trkpt>
<trkpt lat="53.652154" lon="-3.007833"><time>2026-09-20T11:04:52Z</time></trkpt>
<trkpt lat="53.652159" lon="-3.007856"><time>2026-09-20T11:04:53Z</time></trkpt>
<trkpt lat="53.652178" lon="-3.007859"><time>2026-09-20T11:04:54Z</time></trkpt>
<trkpt lat="53.652193" lon="-3.007867"><time>2026-09-20T11:04:55Z</time></trkpt>
<trkpt lat="53.652217" lon="-3.007881"><time>2026-09-20T11:04:56Z</time></trkpt>
<trkpt lat="53.652235" lon="-3.007883"><time>2026-09-20T11:04:57Z</time></trkpt>
<trkpt lat="53.652249" lon="-3.007900"><time>2026-09-20T11:04:58Z</time></trkpt>
<trkpt lat="53.652268" lon="-3.007900"><time>2026-09-20T11:04:59Z</time></trkpt>
<trkpt lat="53.652276" lon="-3.007900"><time>2026-09-20T11:05:00Z</time></trkpt>
<trkpt lat="53.652299" lon="-3.007923"><time>2026-09-20T11:05:01Z</time></trkpt>
<trkpt lat="53.652317" lon="-3.007918"><time>2026-09-20T11:05:02Z</time></trkpt>
<trkpt lat="53.652334" lon="-3.007941"><time>2026-09-20T11:05:03Z</time></trkpt>
<trkpt lat="53.652345" lon="-3.007946"><time>2026-09-20T11:05:04Z</time></trkpt>
<trkpt lat="53.652362" lon="-3.007951"><time>2026-09-20T11:05:05Z</time></trkpt>
<trkpt lat="53.652374" lon="-3.007956"><time>2026-09-20T11:05:06Z</time></trkpt>
<trkpt lat="53.652399" lon="-3.007960"><time>2026-09-20T11:05:07Z</time></trkpt>
<trkpt lat="53.652407" lon="-3.007974"><time>2026-09-20T11:05:08Z</time></trkpt>
<trkpt lat="53.652425" lon="-3.007982"><time>2026-09-20T11:05:09Z</time></trkpt>
<trkpt lat="53.652441" lon="-3.007992"><time>2026-09-20T11:05:10Z</time></trkpt>
<trkpt lat="53.652463" lon="-3.008009"><time>2026-09-20T11:05:11Z</time></trkpt>
<trkpt lat="53.652471" lon="-3.008003"><time>2026-09-20T11:05:12Z</time></trkpt>
<trkpt lat="53.652492" lon="-3.008011"><time>2026-09-20T11:05:13Z</time></trkpt>
<trkpt lat="53.652505" lon="-3.008019"><time>2026-09-20T11:05:14Z</time></trkpt>
<trkpt lat="53.652519" lon="-3.008037"><time>2026-09-20T11:05:15Z</time></trkpt>
<trkpt lat="53.652542" lon="-3.008036"><time>2026-09-20T11:05:16Z</time></trkpt>
<trkpt lat="53.652556" lon="-3.008048"><time>2026-09-20T11:05:17Z</time></trkpt>
<trkpt lat="53.652568" lon="-3.008067"><time>2026-09-20T11:05:18Z</time></trkpt>
<trkpt lat="53.652584" lon="-3.008058"><time>2026-09-20T11:05:19Z</time></trkpt>
<trkpt lat="53.652601" lon="-3.008070"><time>2026-09-20T11:05:20Z</time></trkpt>
<trkpt lat="53.652612" lon="-3.008085"><time>2026-09-20T11:05:21Z</time></trkpt>
<trkpt lat="53.652630" lon="-3.008093"><time>2026-09-20T11:05:22Z</time></trkpt>
<trkpt lat="53.652639" lon="-3.008104"><time>2026-09-20T11:05:23Z</time></trkpt>
<trkpt lat="53.652653" lon="-3.008111"><time>2026-09-20T11:05:24Z</time></trkpt>
<trkpt lat="53.652668" lon="-3.008107"><time>2026-09-20T11:05:25Z</time></trkpt>
<trkpt lat="53.652685" lon="-3.008116"><time>2026-09-20T11:05:26Z</time></trkpt>
<trkpt lat="53.652702" lon="-3.008128"><time>2026-09-20T11:05:27Z</time></trkpt>
<trkpt lat="53.652712" lon="-3.008128"><time>2026-09-20T11:05:28Z</time></trkpt>
<trkpt lat="53.652730" lon="-3.008137"><time>2026-09-20T11:05:29Z</time></trkpt>
<trkpt lat="53.652745" lon="-3.008141"><time>2026-09-20T11:05:30Z</time></trkpt>
<trkpt lat="53.652755" lon="-3.008149"><time>2026-09-20T11:05:31Z</time></trkpt>
<trkpt lat="53.652770" lon="-3.008170"><time>2026-09-20T11:05:32Z</time></trkpt>
<trkpt lat="53.652785" lon="-3.008174"><time>2026-09-20T11:05:33Z</time></trkpt>
<trkpt lat="53.652800" lon="-3.008176"><time>2026-09-20T11:05:34Z</time></trkpt>
<trkpt lat="53.652820" lon="-3.008178"><time>2026-09-20T11:05:35Z</time></trkpt>
<trkpt lat="53.652837" lon="-3.008202"><time>2026-09-20T11:05:36Z</time></trkpt>
<trkpt lat="53.652851" lon="-3.008210"><time>2026-09-20T11:05:37Z</time></trkpt>
<trkpt lat="53.652859" lon="-3.008208"><time>2026-09-20T11:05:38Z</time></trkpt>
<trkpt lat="53.652879" lon="-3.008217"><time>2026-09-20T11:05:39Z</time></trkpt>
<trkpt lat="53.652893" lon="-3.008219"><time>2026-09-20T11:05:40Z</time></trkpt>
<trkpt lat="53.652914" lon="-3.008233"><time>2026-09-20T11:05:41Z</time></trkpt>
<trkpt lat="53.652919" lon="-3.008242"><time>2026-09-20T11:05:42Z</time></trkpt>
<trkpt lat="53.652942" lon="-3.008245"><time>2026-09-20T11:05:43Z</time></trkpt>
<trkpt lat="53.652951" lon="-3.008258"><time>2026-09-20T11:05:44Z</time></trkpt>
<trkpt lat="53.652974" lon="-3.008272"><time>2026-09-20T11:05:45Z</time></trkpt>
<trkpt lat="53.652986" lon="-3.008272"><time>2026-09-20T11:05:46Z</time></trkpt>
<trkpt lat="53.653001" lon="-3.008290"><time>2026-09-20T11:05:47Z</time></trkpt>
<trkpt lat="53.653016" lon="-3.008283"><time>2026-09-20T11:05:48Z</time></trkpt>
<trkpt lat="53.653034" lon="-3.008301"><time>2026-09-20T11:05:49Z</time></trkpt>
<trkpt lat="53.653049" lon="-3.008315"><time>2026-09-20T11:05:50Z</time></trkpt>
<trkpt lat="53.653065" lon="-3.008316"><time>2026-09-20T11:05:51Z</time></trkpt>
<trkpt lat="53.653083" lon="-3.008328"><time>2026-09-20T11:05:52Z</time></trkpt>
<trkpt lat="53.653105" lon="-3.008324"><time>2026-09-20T11:05:53Z</time></trkpt>
<trkpt lat="53.653122" lon="-3.008342"><time>2026-09-20T11:05:54Z</time></trkpt>
<trkpt lat="53.653130" lon="-3.008357"><time>2026-09-20T11:05:55Z</time></trkpt>
<trkpt lat="53.653154" lon="-3.008359"><time>2026-09-20T11:05:56Z</time></trkpt>
<trkpt lat="53.653167" lon="-3.008370"><time>2026-09-20T11:05:57Z</time></trkpt>
<trkpt lat="53.653178" lon="-3.008342"><time>2026-09-20T11:05:58Z</time></trkpt>
<trkpt lat="53.653185" lon="-3.008304"><time>2026-09-20T11:05:59Z</time></trkpt>
<trkpt lat="53.653203" lon="-3.008268"><time>2026-09-20T11:06:00Z</time></trkpt>
<trkpt lat="53.653211" lon="-3.008229"><time>2026-09-20T11:06:01Z</time></trkpt>
<trkpt lat="53.653220" lon="-3.008192"><time>2026-09-20T11:06:02Z</time></trkpt>
<trkpt lat="53.653228" lon="-3.008157"><time>2026-09-20T11:06:03Z</time></trkpt>
<trkpt lat="53.653234" lon="-3.008111"><time>2026-09-20T11:06:04Z</time></trkpt>
<trkpt lat="53.653243" lon="-3.008079"><time>2026-09-20T11:06:05Z</time></trkpt>
<trkpt lat="53.653248" lon="-3.008035"><time>2026-09-20T11:06:06Z</time></trkpt>
<trkpt lat="53.653259" lon="-3.007994"><time>2026-09-20T11:06:07Z</time></trkpt>
<trkpt lat="53.653277" lon="-3.007971"><time>2026-09-20T11:06:08Z</time></trkpt>
<trkpt lat="53.653282" lon="-3.007922"><time>2026-09-20T11:06:09Z</time></trkpt>
<trkpt lat="53.653286" lon="-3.007903"><time>2026-09-20T11:06:10Z</time></trkpt>
<trkpt lat="53.653299" lon="-3.007862"><time>2026-09-20T11:06:11Z</time></trkpt>
<trkpt lat="53.653307" lon="-3.007817"><time>2026-09-20T11:06:12Z</time></trkpt>
<trkpt lat="53.653308" lon="-3.007803"><time>2026-09-20T11:06:13Z</time></trkpt>
<trkpt lat="53.653303" lon="-3.007789"><time>2026-09-20T11:06:14Z</time></trkpt>
<trkpt lat="53.653289" lon="-3.007793"><time>2026-09-20T11:06:15Z</time></trkpt>
<trkpt lat="53.653275" lon="-3.007804"><time>2026-09-20T11:06:16Z</time></trkpt>
<trkpt lat="53.653262" lon="-3.007793"><time>2026-09-20T11:06:17Z</time></trkpt>
<trkpt lat="53.653248" lon="-3.007797"><time>2026-09-20T11:06:18Z</time></trkpt>
<trkpt lat="53.653231" lon="-3.007799"><time>2026-09-20T11:06:19Z</time></trkpt>
<trkpt lat="53.653215" lon="-3.007801"><time>2026-09-20T11:06:20Z</time></trkpt>
<trkpt lat="53.653199" lon="-3.007813"><time>2026-09-20T11:06:21Z</time></trkpt>
<trkpt lat="53.653182" lon="-3.007811"><time>2026-09-20T11:06:22Z</time></trkpt>
<trkpt lat="53.653164" lon="-3.007814"><time>2026-09-20T11:06:23Z</time></trkpt>
<trkpt lat="53.653146" lon="-3.007803"><time>2026-09-20T11:06:24Z</time></trkpt>
<trkpt lat="53.653133" lon="-3.007817"><time>2026-09-20T11:06:25Z</time></trkpt>
<trkpt lat="53.653112" lon="-3.007818"><time>2026-09-20T11:06:26Z</time></trkpt>
<trkpt lat="53.653099" lon="-3.007823"><time>2026-09-20T11:06:27Z</time></trkpt>
<trkpt lat="53.653080" lon="-3.007814"><time>2026-09-20T11:06:28Z</time></trkpt>
<trkpt lat="53.653061" lon="-3.007814"><time>2026-09-20T11:06:29Z</time></trkpt>
<trkpt lat="53.653045" lon="-3.007812"><time>2026-09-20T11:06:30Z</time></trkpt>
<trkpt lat="53.653025" lon="-3.007816"><time>2026-09-20T11:06:31Z</time></trkpt>
<trkpt lat="53.653004" lon="-3.007818"><time>2026-09-20T11:06:32Z</time></trkpt>
<trkpt lat="53.652983" lon="-3.007819"><time>2026-09-20T11:06:33Z</time></trkpt>
<trkpt lat="53.652969" lon="-3.007829"><time>2026-09-20T11:06:34Z</time></trkpt>
<trkpt lat="53.652948" lon="-3.007826"><time>2026-09-20T11:06:35Z</time></trkpt>
<trkpt lat="53.652937" lon="-3.007830"><time>2026-09-20T11:06:36Z</time></trkpt>
<trkpt lat="53.652910" lon="-3.007828"><time>2026-09-20T11:06:37Z</time></trkpt>
<trkpt lat="53.652892" lon="-3.007833"><time>2026-09-20T11:06:38Z</time></trkpt>
<trkpt lat="53.652877" lon="-3.007839"><time>2026-09-20T11:06:39Z</time></trkpt>
<trkpt lat="53.652856" lon="-3.007834"><time>2026-09-20T11:06:40Z</time></trkpt>
<trkpt lat="53.652843" lon="-3.007828"><time>2026-09-20T11:06:41Z</time></trkpt>
<trkpt lat="53.652817" lon="-3.007838"><time>2026-09-20T11:06:42Z</time></trkpt>
<trkpt lat="53.652803" lon="-3.007840"><time>2026-09-20T11:06:43Z</time></trkpt>
<trkpt lat="53.652781" lon="-3.007843"><time>2026-09-20T11:06:44Z</time></trkpt>
<trkpt lat="53.652761" lon="-3.007850"><time>2026-09-20T11:06:45Z</time></trkpt>
<trkpt lat="53.652741" lon="-3.007843"><time>2026-09-20T11:06:46Z</time></trkpt>
<trkpt lat="53.652717" lon="-3.007844"><time>2026-09-20T11:06:47Z</time></trkpt>
<trkpt lat="53.652704" lon="-3.007843"><time>2026-09-20T11:06:48Z</time></trkpt>
<trkpt lat="53.652683" lon="-3.007846"><time>2026-09-20T11:06:49Z</time></trkpt>
<trkpt lat="53.652658" lon="-3.007858"><time>2026-09-20T11:06:50Z</time></trkpt>
<trkpt lat="53.652636" lon="-3.007846"><time>2026-09-20T11:06:51Z</time></trkpt>
<trkpt lat="53.652622" lon="-3.007853"><time>2026-09-20T11:06:52Z</time></trkpt>
<trkpt lat="53.652605" lon="-3.007862"><time>2026-09-20T11:06:53Z</time></trkpt>
<trkpt lat="53.652584" lon="-3.007858"><time>2026-09-20T11:06:54Z</time></trkpt>
<trkpt lat="53.652565" lon="-3.007861"><time>2026-09-20T11:06:55Z</time></trkpt>
<trkpt lat="53.652543" lon="-3.007862"><time>2026-09-20T11:06:56Z</time></trkpt>
<trkpt lat="53.652525" lon="-3.007860"><time>2026-09-20T11:06:57Z</time></trkpt>
<trkpt lat="53.652503" lon="-3.007868"><time>2026-09-20T11:06:58Z</time></trkpt>
<trkpt lat="53.652481" lon="-3.007859"><time>2026-09-20T11:06:59Z</time></trkpt>
<trkpt lat="53.652464" lon="-3.007878"><time>2026-09-20T11:07:00Z</time></trkpt>
<trkpt lat="53.652445" lon="-3.007864"><time>2026-09-20T11:07:01Z</time></trkpt>
<trkpt lat="53.652426" lon="-3.007876"><time>2026-09-20T11:07:02Z</time></trkpt>
<trkpt lat="53.652399" lon="-3.007877"><time>2026-09-20T11:07:03Z</time></trkpt>
<trkpt lat="53.652386" lon="-3.007877"><time>2026-09-20T11:07:04Z</time></trkpt>
<trkpt lat="53.652358" lon="-3.007871"><time>2026-09-20T11:07:05Z</time></trkpt>
<trkpt lat="53.652340" lon="-3.007882"><time>2026-09-20T11:07:06Z</time></trkpt>
<trkpt lat="53.652326" lon="-3.007877"><time>2026-09-20T11:07:07Z</time></trkpt>
<trkpt lat="53.652301" lon="-3.007882"><time>2026-09-20T11:07:08Z</time></trkpt>
<trkpt lat="53.652286" lon="-3.007891"><time>2026-09-20T11:07:09Z</time></trkpt>
<trkpt lat="53.652270" lon="-3.007887"><time>2026-09-20T11:07:10Z</time></trkpt>
<trkpt lat="53.652255" lon="-3.007894"><time>2026-09-20T11:07:11Z</time></trkpt>
<trkpt lat="53.652236" lon="-3.007882"><time>2026-09-20T11:07:12Z</time></trkpt>
<trkpt lat="53.652212" lon="-3.007894"><time>2026-09-20T11:07:13Z</time></trkpt>
<trkpt lat="53.652196" lon="-3.007896"><time>2026-09-20T11:07:14Z</time></trkpt>
<trkpt lat="53.652181" lon="-3.007891"><time>2026-09-20T11:07:15Z</time></trkpt>
<trkpt lat="53.652164" lon="-3.007895"><time>2026-09-20T11:07:16Z</time></trkpt>
<trkpt lat="53.652144" lon="-3.007894"><time>2026-09-20T11:07:17Z</time></trkpt>
<trkpt lat="53.652129" lon="-3.007908"><time>2026-09-20T11:07:18Z</time></trkpt>
<trkpt lat="53.652107" lon="-3.007897"><time>2026-09-20T11:07:19Z</time></trkpt>
<trkpt lat="53.652089" lon="-3.007898"><time>2026-09-20T11:07:20Z</time></trkpt>
<trkpt lat="53.652073" lon="-3.007910"><time>2026-09-20T11:07:21Z</time></trkpt>
<trkpt lat="53.652057" lon="-3.007905"><time>2026-09-20T11:07:22Z</time></trkpt>
<trkpt lat="53.652038" lon="-3.007909"><time>2026-09-20T11:07:23Z</time></trkpt>
<trkpt lat="53.652025" lon="-3.007905"><time>2026-09-20T11:07:24Z</time></trkpt>
<trkpt lat="53.652003" lon="-3.007904"><time>2026-09-20T11:07:25Z</time></trkpt>
<trkpt lat="53.651981" lon="-3.007921"><time>2026-09-20T11:07:26Z</time></trkpt>
<trkpt lat="53.651967" lon="-3.007917"><time>2026-09-20T11:07:27Z</time></trkpt>
<trkpt lat="53.651945" lon="-3.007910"><time>2026-09-20T11:07:28Z</time></trkpt>
<trkpt lat="53.651932" lon="-3.007925"><time>2026-09-20T11:07:29Z</time></trkpt>
<trkpt lat="53.651911" lon="-3.007910"><time>2026-09-20T11:07:30Z</time></trkpt>
<trkpt lat="53.651891" lon="-3.007928"><time>2026-09-20T11:07:31Z</time></trkpt>
<trkpt lat="53.651880" lon="-3.007914"><time>2026-09-20T11:07:32Z</time></trkpt>
<trkpt lat="53.651858" lon="-3.007928"><time>2026-09-20T11:07:33Z</time></trkpt>
<trkpt lat="53.651841" lon="-3.007931"><time>2026-09-20T11:07:34Z</time></trkpt>
<trkpt lat="53.651822" lon="-3.007930"><time>2026-09-20T11:07:35Z</time></trkpt>
<trkpt lat="53.651806" lon="-3.007924"><time>2026-09-20T11:07:36Z</time></trkpt>
<trkpt lat="53.651782" lon="-3.007929"><time>2026-09-20T11:07:37Z</time></trkpt>
<trkpt lat="53.651765" lon="-3.007930"><time>2026-09-20T11:07:38Z</time></trkpt>
<trkpt lat="53.651749" lon="-3.007929"><time>2026-09-20T11:07:39Z</time></trkpt>
<trkpt lat="53.651721" lon="-3.007931"><time>2026-09-20T11:07:40Z</time></trkpt>
<trkpt lat="53.651707" lon="-3.007944"><time>2026-09-20T11:07:41Z</time></trkpt>
<trkpt lat="53.651687" lon="-3.007944"><time>2026-09-20T11:07:42Z</time></trkpt>
<trkpt lat="53.651666" lon="-3.007939"><time>2026-09-20T11:07:43Z</time></trkpt>
<trkpt lat="53.651640" lon="-3.007946"><time>2026-09-20T11:07:44Z</time></trkpt>
<trkpt lat="53.651624" lon="-3.007939"><time>2026-09-20T11:07:45Z</time></trkpt>
<trkpt lat="53.651602" lon="-3.007946"><time>2026-09-20T11:07:46Z</time></trkpt>
<trkpt lat="53.651583" lon="-3.007949"><time>2026-09-20T11:07:47Z</time></trkpt>
<trkpt lat="53.651569" lon="-3.007944"><time>2026-09-20T11:07:48Z</time></trkpt>
<trkpt lat="53.651545" lon="-3.007956"><time>2026-09-20T11:07:49Z</time></trkpt>
<trkpt lat="53.651528" lon="-3.007959"><time>2026-09-20T11:07:50Z</time></trkpt>
<trkpt lat="53.651506" lon="-3.007952"><time>2026-09-20T11:07:51Z</time></trkpt>
<trkpt lat="53.651487" lon="-3.007963"><time>2026-09-20T11:07:52Z</time></trkpt>
<trkpt lat="53.651464" lon="-3.007955"><time>2026-09-20T11:07:53Z</time></trkpt>
<trkpt lat="53.651442" lon="-3.007969"><time>2026-09-20T11:07:54Z</time></trkpt>
<trkpt lat="53.651437" lon="-3.007983"><time>2026-09-20T11:07:55Z</time></trkpt>
<trkpt lat="53.651430" lon="-3.007985"><time>2026-09-20T11:07:56Z</time></trkpt>
<trkpt lat="53.651421" lon="-3.008014"><time>2026-09-20T11:07:57Z</time></trkpt>
<trkpt lat="53.651405" lon="-3.008024"><time>2026-09-20T11:07:58Z</time></trkpt>
<trkpt lat="53.651394" lon="-3.008041"><time>2026-09-20T11:07:59Z</time></trkpt>
<trkpt lat="53.651385" lon="-3.008067"><time>2026-09-20T11:08:00Z</time></trkpt>
<trkpt lat="53.651370" lon="-3.008087"><time>2026-09-20T11:08:01Z</time></trkpt>
<trkpt lat="53.651358" lon="-3.008104"><time>2026-09-20T11:08:02Z</time></trkpt>
<trkpt lat="53.651349" lon="-3.008142"><time>2026-09-20T11:08:03Z</time></trkpt>
<trkpt lat="53.651340" lon="-3.008150"><time>2026-09-20T11:08:04Z</time></trkpt>
<trkpt lat="53.651320" lon="-3.008173"><time>2026-09-20T11:08:05Z</time></trkpt>
<trkpt lat="53.651310" lon="-3.008207"><time>2026-09-20T11:08:06Z</time></trkpt>
<trkpt lat="53.651303" lon="-3.008235"><time>2026-09-20T11:08:07Z</time></trkpt>
<trkpt lat="53.651289" lon="-3.008249"><time>2026-09-20T11:08:08Z</time></trkpt>
<trkpt lat="53.651275" lon="-3.008279"><time>2026-09-20T11:08:09Z</time></trkpt>
<trkpt lat="53.651264" lon="-3.008296"><time>2026-09-20T11:08:10Z</time></trkpt>
<trkpt lat="53.651245" lon="-3.008316"><time>2026-09-20T11:08:11Z</time></trkpt>
<trkpt lat="53.651232" lon="-3.008333"><time>2026-09-20T11:08:12Z</time></trkpt>
<trkpt lat="53.651228" lon="-3.008353"><time>2026-09-20T11:08:13Z</time></trkpt>
<trkpt lat="53.651209" lon="-3.008384"><time>2026-09-20T11:08:14Z</time></trkpt>
<trkpt lat="53.651204" lon="-3.008398"><time>2026-09-20T11:08:15Z</time></trkpt>
<trkpt lat="53.651184" lon="-3.008433"><time>2026-09-20T11:08:16Z</time></trkpt>
<trkpt lat="53.651176" lon="-3.008452"><time>2026-09-20T11:08:17Z</time></trkpt>
<trkpt lat="53.651167" lon="-3.008476"><time>2026-09-20T11:08:18Z</time></trkpt>
<trkpt lat="53.651149" lon="-3.008482"><time>2026-09-20T11:08:19Z</time></trkpt>
<trkpt lat="53.651142" lon="-3.008518"><time>2026-09-20T11:08:20Z</time></trkpt>
<trkpt lat="53.651127" lon="-3.008530"><time>2026-09-20T11:08:21Z</time></trkpt>
<trkpt lat="53.651114" lon="-3.008558"><time>2026-09-20T11:08:22Z</time></trkpt>
<trkpt lat="53.651106" lon="-3.008586"><time>2026-09-20T11:08:23Z</time></trkpt>
<trkpt lat="53.651088" lon="-3.008604"><time>2026-09-20T11:08:24Z</time></trkpt>
<trkpt lat="53.651075" lon="-3.008617"><time>2026-09-20T11:08:25Z</time></trkpt>
<trkpt lat="53.651071" lon="-3.008650"><time>2026-09-20T11:08:26Z</time></trkpt>
<trkpt lat="53.651055" lon="-3.008672"><time>2026-09-20T11:08:27Z</time></trkpt>
<trkpt lat="53.651040" lon="-3.008687"><time>2026-09-20T11:08:28Z</time></trkpt>
<trkpt lat="53.651032" lon="-3.008709"><time>2026-09-20T11:08:29Z</time></trkpt>
<trkpt lat="53.651022" lon="-3.008729"><time>2026-09-20T11:08:30Z</time></trkpt>
<trkpt lat="53.651007" lon="-3.008762"><time>2026-09-20T11:08:31Z</time></trkpt>
<trkpt lat="53.650994" lon="-3.008788"><time>2026-09-20T11:08:32Z</time></trkpt>
<trkpt lat="53.650982" lon="-3.008809"><time>2026-09-20T11:08:33Z</time></trkpt>
<trkpt lat="53.650968" lon="-3.008828"><time>2026-09-20T11:08:34Z</time></trkpt>
<trkpt lat="53.650953" lon="-3.008847"><time>2026-09-20T11:08:35Z</time></trkpt>
<trkpt lat="53.650945" lon="-3.008879"><time>2026-09-20T11:08:36Z</time></trkpt>
<trkpt lat="53.650929" lon="-3.008900"><time>2026-09-20T11:08:37Z</time></trkpt>
<trkpt lat="53.650916" lon="-3.008927"><time>2026-09-20T11:08:38Z</time></trkpt>
<trkpt lat="53.650905" lon="-3.008949"><time>2026-09-20T11:08:39Z</time></trkpt>
<trkpt lat="53.650884" lon="-3.008978"><time>2026-09-20T11:08:40Z</time></trkpt>
<trkpt lat="53.650873" lon="-3.009001"><time>2026-09-20T11:08:41Z</time></trkpt>
<trkpt lat="53.650854" lon="-3.009025"><time>2026-09-20T11:08:42Z</time></trkpt>
<trkpt lat="53.650841" lon="-3.009042"><time>2026-09-20T11:08:43Z</time></trkpt>
<trkpt lat="53.650831" lon="-3.009077"><time>2026-09-20T11:08:44Z</time></trkpt>
<trkpt lat="53.650814" lon="-3.009091"><time>2026-09-20T11:08:45Z</time></trkpt>
<trkpt lat="53.650806" lon="-3.009131"><time>2026-09-20T11:08:46Z</time></trkpt>
<trkpt lat="53.650785" lon="-3.009154"><time>2026-09-20T11:08:47Z</time></trkpt>
<trkpt lat="53.650773" lon="-3.009167"><time>2026-09-20T11:08:48Z</time></trkpt>
<trkpt lat="53.650758" lon="-3.009196"><time>2026-09-20T11:08:49Z</time></trkpt>
<trkpt lat="53.650745" lon="-3.009214"><time>2026-09-20T11:08:50Z</time></trkpt>
<trkpt lat="53.650732" lon="-3.009245"><time>2026-09-20T11:08:51Z</time></trkpt>
<trkpt lat="53.650720" lon="-3.009273"><time>2026-09-20T11:08:52Z</time></trkpt>
<trkpt lat="53.650707" lon="-3.009300"><time>2026-09-20T11:08:53Z</time></trkpt>
<trkpt lat="53.650689" lon="-3.009321"><time>2026-09-20T11:08:54Z</time></trkpt>
<trkpt lat="53.650683" lon="-3.009339"><time>2026-09-20T11:08:55Z</time></trkpt>
<trkpt lat="53.650665" lon="-3.009374"><time>2026-09-20T11:08:56Z</time></trkpt>
<trkpt lat="53.650655" lon="-3.009384"><time>2026-09-20T11:08:57Z</time></trkpt>
<trkpt lat="53.650640" lon="-3.009424"><time>2026-09-20T11:08:58Z</time></trkpt>
<trkpt lat="53.650633" lon="-3.009438"><time>2026-09-20T11:08:59Z</time></trkpt>
<trkpt lat="53.650610" lon="-3.009457"><time>2026-09-20T11:09:00Z</time></trkpt>
<trkpt lat="53.650603" lon="-3.009485"><time>2026-09-20T11:09:01Z</time></trkpt>
<trkpt lat="53.650592" lon="-3.009514"><time>2026-09-20T11:09:02Z</time></trkpt>
<trkpt lat="53.650579" lon="-3.009541"><time>2026-09-20T11:09:03Z</time></trkpt>
<trkpt lat="53.650563" lon="-3.009555"><time>2026-09-20T11:09:04Z</time></trkpt>
<trkpt lat="53.650547" lon="-3.009570"><time>2026-09-20T11:09:05Z</time></trkpt>
<trkpt lat="53.650545" lon="-3.009606"><time>2026-09-20T11:09:06Z</time></trkpt>
<trkpt lat="53.650532" lon="-3.009620"><time>2026-09-20T11:09:07Z</time></trkpt>
<trkpt lat="53.650510" lon="-3.009642"><time>2026-09-20T11:09:08Z</time></trkpt>
<trkpt lat="53.650498" lon="-3.009657"><time>2026-09-20T11:09:09Z</time></trkpt>
<trkpt lat="53.650493" lon="-3.009689"><time>2026-09-20T11:09:10Z</time></trkpt>
<trkpt lat="53.650480" lon="-3.009708"><time>2026-09-20T11:09:11Z</time></trkpt>
<trkpt lat="53.650468" lon="-3.009734"><time>2026-09-20T11:09:12Z</time></trkpt>
<trkpt lat="53.650456" lon="-3.009753"><time>2026-09-20T11:09:13Z</time></trkpt>
<trkpt lat="53.650439" lon="-3.009774"><time>2026-09-20T11:09:14Z</time></trkpt>
<trkpt lat="53.650436" lon="-3.009799"><time>2026-09-20T11:09:15Z</time></trkpt>
<trkpt lat="53.650413" lon="-3.009816"><time>2026-09-20T11:09:16Z</time></trkpt>
<trkpt lat="53.650402" lon="-3.009849"><time>2026-09-20T11:09:17Z</time></trkpt>
<trkpt lat="53.650391" lon="-3.009859"><time>2026-09-20T11:09:18Z</time></trkpt>
<trkpt lat="53.650378" lon="-3.009877"><time>2026-09-20T11:09:19Z</time></trkpt>
<trkpt lat="53.650371" lon="-3.009910"><time>2026-09-20T11:09:20Z</time></trkpt>
<trkpt lat="53.650363" lon="-3.009920"><time>2026-09-20T11:09:21Z</time></trkpt>
<trkpt lat="53.650341" lon="-3.009953"><time>2026-09-20T11:09:22Z</time></trkpt>
<trkpt lat="53.650338" lon="-3.009980"><time>2026-09-20T11:09:23Z</time></trkpt>
<trkpt lat="53.650321" lon="-3.009988"><time>2026-09-20T11:09:24Z</time></trkpt>
<trkpt lat="53.650310" lon="-3.010021"><time>2026-09-20T11:09:25Z</time></trkpt>
<trkpt lat="53.650294" lon="-3.010040"><time>2026-09-20T11:09:26Z</time></trkpt>
<trkpt lat="53.650291" lon="-3.010026"><time>2026-09-20T11:09:27Z</time></trkpt>
<trkpt lat="53.650276" lon="-3.010037"><time>2026-09-20T11:09:28Z</time></trkpt>
<trkpt lat="53.650263" lon="-3.010032"><time>2026-09-20T11:09:29Z</time></trkpt>
<trkpt lat="53.650241" lon="-3.010038"><time>2026-09-20T11:09:30Z</time></trkpt>
<trkpt lat="53.650227" lon="-3.010044"><time>2026-09-20T11:09:31Z</time></trkpt>
<trkpt lat="53.650213" lon="-3.010033"><time>2026-09-20T11:09:32Z</time></trkpt>
<trkpt lat="53.650191" lon="-3.010040"><time>2026-09-20T11:09:33Z</time></trkpt>
<trkpt lat="53.650177" lon="-3.010036"><time>2026-09-20T11:09:34Z</time></trkpt>
<trkpt lat="53.650161" lon="-3.010039"><time>2026-09-20T11:09:35Z</time></trkpt>
<trkpt lat="53.650139" lon="-3.010047"><time>2026-09-20T11:09:36Z</time></trkpt>
<trkpt lat="53.650119" lon="-3.010051"><time>2026-09-20T11:09:37Z</time></trkpt>
<trkpt lat="53.650095" lon="-3.010055"><time>2026-09-20T11:09:38Z</time></trkpt>
<trkpt lat="53.650078" lon="-3.010046"><time>2026-09-20T11:09:39Z</time></trkpt>
<trkpt lat="53.650054" lon="-3.010057"><time>2026-09-20T11:09:40Z</time></trkpt>
<trkpt lat="53.650032" lon="-3.010047"><time>2026-09-20T11:09:41Z</time></trkpt>
<trkpt lat="53.650022" lon="-3.010066"><time>2026-09-20T11:09:42Z</time></trkpt>
<trkpt lat="53.649996" lon="-3.010063"><time>2026-09-20T11:09:43Z</time></trkpt>
<trkpt lat="53.649976" lon="-3.010058"><time>2026-09-20T11:09:44Z</time></trkpt>
<trkpt lat="53.649961" lon="-3.010059"><time>2026-09-20T11:09:45Z</time></trkpt>
<trkpt lat="53.649942" lon="-3.010063"><time>2026-09-20T11:09:46Z</time></trkpt>
<trkpt lat="53.649912" lon="-3.010059"><time>2026-09-20T11:09:47Z</time></trkpt>
<trkpt lat="53.649900" lon="-3.010068"><time>2026-09-20T11:09:48Z</time></trkpt>
<trkpt lat="53.649880" lon="-3.010078"><time>2026-09-20T11:09:49Z</time></trkpt>
<trkpt lat="53.649858" lon="-3.010063"><time>2026-09-20T11:09:50Z</time></trkpt>
<trkpt lat="53.649838" lon="-3.010077"><time>2026-09-20T11:09:51Z</time></trkpt>
<trkpt lat="53.649815" lon="-3.010077"><time>2026-09-20T11:09:52Z</time></trkpt>
<trkpt lat="53.649798" lon="-3.010084"><time>2026-09-20T11:09:53Z</time></trkpt>
<trkpt lat="53.649780" lon="-3.010084"><time>2026-09-20T11:09:54Z</time></trkpt>
<trkpt lat="53.649762" lon="-3.010072"><time>2026-09-20T11:09:55Z</time></trkpt>
<trkpt lat="53.649741" lon="-3.010083"><time>2026-09-20T11:09:56Z</time></trkpt>
<trkpt lat="53.649722" lon="-3.010081"><time>2026-09-20T11:09:57Z</time></trkpt>
<trkpt lat="53.649705" lon="-3.010093"><time>2026-09-20T11:09:58Z</time></trkpt>
<trkpt lat="53.649681" lon="-3.010085"><time>2026-09-20T11:09:59Z</time></trkpt>
<trkpt lat="53.649671" lon="-3.010083"><time>2026-09-20T11:10:00Z</time></trkpt>
<trkpt lat="53.649647" lon="-3.010096"><time>2026-09-20T11:10:01Z</time></trkpt>
<trkpt lat="53.649628" lon="-3.010091"><time>2026-09-20T11:10:02Z</time></trkpt>
<trkpt lat="53.649609" lon="-3.010100"><time>2026-09-20T11:10:03Z</time></trkpt>
<trkpt lat="53.649598" lon="-3.010090"><time>2026-09-20T11:10:04Z</time></trkpt>
<trkpt lat="53.649578" lon="-3.010098"><time>2026-09-20T11:10:05Z</time></trkpt>
<trkpt lat="53.649553" lon="-3.010097"><time>2026-09-20T11:10:06Z</time></trkpt>
<trkpt lat="53.649540" lon="-3.010093"><time>2026-09-20T11:10:07Z</time></trkpt>
<trkpt lat="53.649521" lon="-3.010101"><time>2026-09-20T11:10:08Z</time></trkpt>
<trkpt lat="53.649502" lon="-3.010099"><time>2026-09-20T11:10:09Z</time></trkpt>
<trkpt lat="53.649493" lon="-3.010096"><time>2026-09-20T11:10:10Z</time></trkpt>
<trkpt lat="53.649468" lon="-3.010114"><time>2026-09-20T11:10:11Z</time></trkpt>
<trkpt lat="53.649456" lon="-3.010112"><time>2026-09-20T11:10:12Z</time></trkpt>
<trkpt lat="53.649434" lon="-3.010103"><time>2026-09-20T11:10:13Z</time></trkpt>
<trkpt lat="53.649415" lon="-3.010103"><time>2026-09-20T11:10:14Z</time></trkpt>
<trkpt lat="53.649404" lon="-3.010113"><time>2026-09-20T11:10:15Z</time></trkpt>
<trkpt lat="53.649387" lon="-3.010108"><time>2026-09-20T11:10:16Z</time></trkpt>
<trkpt lat="53.649368" lon="-3.010107"><time>2026-09-20T11:10:17Z</time></trkpt>
<trkpt lat="53.649346" lon="-3.010117"><time>2026-09-20T11:10:18Z</time></trkpt>
<trkpt lat="53.649329" lon="-3.010123"><time>2026-09-20T11:10:19Z</time></trkpt>
<trkpt lat="53.649307" lon="-3.010116"><time>2026-09-20T11:10:20Z</time></trkpt>
<trkpt lat="53.649292" lon="-3.010116"><time>2026-09-20T11:10:21Z</time></trkpt>
<trkpt lat="53.649272" lon="-3.010129"><time>2026-09-20T11:10:22Z</time></trkpt>
<trkpt lat="53.649252" lon="-3.010121"><time>2026-09-20T11:10:23Z</time></trkpt>
<trkpt lat="53.649240" lon="-3.010132"><time>2026-09-20T11:10:24Z</time></trkpt>
<trkpt lat="53.649222" lon="-3.010128"><time>2026-09-20T11:10:25Z</time></trkpt>
<trkpt lat="53.649204" lon="-3.010133"><time>2026-09-20T11:10:26Z</time></trkpt>
<trkpt lat="53.649180" lon="-3.010137"><time>2026-09-20T11:10:27Z</time></trkpt>
<trkpt lat="53.649166" lon="-3.010133"><time>2026-09-20T11:10:28Z</time></trkpt>
<trkpt lat="53.649145" lon="-3.010128"><time>2026-09-20T11:10:29Z</time></trkpt>
<trkpt lat="53.649124" lon="-3.010145"><time>2026-09-20T11:10:30Z</time></trkpt>
<trkpt lat="53.649107" lon="-3.010143"><time>2026-09-20T11:10:31Z</time></trkpt>
<trkpt lat="53.649083" lon="-3.010144"><time>2026-09-20T11:10:32Z</time></trkpt>
<trkpt lat="53.649060" lon="-3.010142"><time>2026-09-20T11:10:33Z</time></trkpt>
<trkpt lat="53.649040" lon="-3.010145"><time>2026-09-20T11:10:34Z</time></trkpt>
<trkpt lat="53.649023" lon="-3.010139"><time>2026-09-20T11:10:35Z</time></trkpt>
<trkpt lat="53.649002" lon="-3.010146"><time>2026-09-20T11:10:36Z</time></trkpt>
<trkpt lat="53.648985" lon="-3.010153"><time>2026-09-20T11:10:37Z</time></trkpt>
<trkpt lat="53.648958" lon="-3.010146"><time>2026-09-20T11:10:38Z</time></trkpt>
<trkpt lat="53.648937" lon="-3.010152"><time>2026-09-20T11:10:39Z</time></trkpt>
<trkpt lat="53.648922" lon="-3.010161"><time>2026-09-20T11:10:40Z</time></trkpt>
<trkpt lat="53.648905" lon="-3.010157"><time>2026-09-20T11:10:41Z</time></trkpt>
<trkpt lat="53.648881" lon="-3.010159"><time>2026-09-20T11:10:42Z</time></trkpt>
<trkpt lat="53.648866" lon="-3.010166"><time>2026-09-20T11:10:43Z</time></trkpt>
<trkpt lat="53.648841" lon="-3.010170"><time>2026-09-20T11:10:44Z</time></trkpt>
<trkpt lat="53.648826" lon="-3.010169"><time>2026-09-20T11:10:45Z</time></trkpt>
<trkpt lat="53.648800" lon="-3.010173"><time>2026-09-20T11:10:46Z</time></trkpt>
<trkpt lat="53.648787" lon="-3.010175"><time>2026-09-20T11:10:47Z</time></trkpt>
<trkpt lat="53.648759" lon="-3.010178"><time>2026-09-20T11:10:48Z</time></trkpt>
<trkpt lat="53.648747" lon="-3.010167"><time>2026-09-20T11:10:49Z</time></trkpt>
<trkpt lat="53.648719" lon="-3.010169"><time>2026-09-20T11:10:50Z</time></trkpt>
<trkpt lat="53.648705" lon="-3.010170"><time>2026-09-20T11:10:51Z</time></trkpt>
<trkpt lat="53.648684" lon="-3.010184"><time>2026-09-20T11:10:52Z</time></trkpt>
<trkpt lat="53.648672" lon="-3.010184"><time>2026-09-20T11:10:53Z</time></trkpt>
<trkpt lat="53.648646" lon="-3.010170"><time>2026-09-20T11:10:54Z</time></trkpt>
<trkpt lat="53.648632" lon="-3.010172"><time>2026-09-20T11:10:55Z</time></trkpt>
<trkpt lat="53.648620" lon="-3.010198"><time>2026-09-20T11:10:56Z</time></trkpt>
<trkpt lat="53.648615" lon="-3.010213"><time>2026-09-20T11:10:57Z</time></trkpt>
<trkpt lat="53.648601" lon="-3.010225"><time>2026-09-20T11:10:58Z</time></trkpt>
<trkpt lat="53.648590" lon="-3.010233"><time>2026-09-20T11:10:59Z</time></trkpt>
<trkpt lat="53.648588" lon="-3.010254"><time>2026-09-20T11:11:00Z</time></trkpt>
<trkpt lat="53.648573" lon="-3.010264"><time>2026-09-20T11:11:01Z</time></trkpt>
<trkpt lat="53.648558" lon="-3.010292"><time>2026-09-20T11:11:02Z</time></trkpt>
<trkpt lat="53.648552" lon="-3.010319"><time>2026-09-20T11:11:03Z</time></trkpt>
<trkpt lat="53.648544" lon="-3.010336"><time>2026-09-20T11:11:04Z</time></trkpt>
<trkpt lat="53.648531" lon="-3.010363"><time>2026-09-20T11:11:05Z</time></trkpt>
<trkpt lat="53.648515" lon="-3.010380"><time>2026-09-20T11:11:06Z</time></trkpt>
<trkpt lat="53.648502" lon="-3.010394"><time>2026-09-20T11:11:07Z</time></trkpt>
<trkpt lat="53.648491" lon="-3.010428"><time>2026-09-20T11:11:08Z</time></trkpt>
<trkpt lat="53.648481" lon="-3.010438"><time>2026-09-20T11:11:09Z</time></trkpt>
<trkpt lat="53.648468" lon="-3.010459"><time>2026-09-20T11:11:10Z</time></trkpt>
<trkpt lat="53.648454" lon="-3.010493"><time>2026-09-20T11:11:11Z</time></trkpt>
<trkpt lat="53.648439" lon="-3.010514"><time>2026-09-20T11:11:12Z</time></trkpt>
<trkpt lat="53.648436" lon="-3.010522"><time>2026-09-20T11:11:13Z</time></trkpt>
<trkpt lat="53.648418" lon="-3.010546"><time>2026-09-20T11:11:14Z</time></trkpt>
<trkpt lat="53.648406" lon="-3.010570"><time>2026-09-20T11:11:15Z</time></trkpt>
<trkpt lat="53.648393" lon="-3.010590"><time>2026-09-20T11:11:16Z</time></trkpt>
<trkpt lat="53.648383" lon="-3.010621"><time>2026-09-20T11:11:17Z</time></trkpt>
<trkpt lat="53.648370" lon="-3.010648"><time>2026-09-20T11:11:18Z</time></trkpt>
<trkpt lat="53.648360" lon="-3.010662"><time>2026-09-20T11:11:19Z</time></trkpt>
<trkpt lat="53.648342" lon="-3.010679"><time>2026-09-20T11:11:20Z</time></trkpt>
<trkpt lat="53.648332" lon="-3.010712"><time>2026-09-20T11:11:21Z</time></trkpt>
<trkpt lat="53.648321" lon="-3.010741"><time>2026-09-20T11:11:22Z</time></trkpt>
<trkpt lat="53.648305" lon="-3.010760"><time>2026-09-20T11:11:23Z</time></trkpt>
<trkpt lat="53.648292" lon="-3.010771"><time>2026-09-20T11:11:24Z</time></trkpt>
<trkpt lat="53.648277" lon="-3.010798"><time>2026-09-20T11:11:25Z</time></trkpt>
<trkpt lat="53.648270" lon="-3.010822"><time>2026-09-20T11:11:26Z</time></trkpt>
<trkpt lat="53.648255" lon="-3.010850"><time>2026-09-20T11:11:27Z</time></trkpt>
<trkpt lat="53.648236" lon="-3.010875"><time>2026-09-20T11:11:28Z</time></trkpt>
<trkpt lat="53.648230" lon="-3.010907"><time>2026-09-20T11:11:29Z</time></trkpt>
<trkpt lat="53.648207" lon="-3.010927"><time>2026-09-20T11:11:30Z</time></trkpt>
<trkpt lat="53.648193" lon="-3.010949"><time>2026-09-20T11:11:31Z</time></trkpt>
<trkpt lat="53.648180" lon="-3.010971"><time>2026-09-20T11:11:32Z</time></trkpt>
<trkpt lat="53.648172" lon="-3.011003"><time>2026-09-20T11:11:33Z</time></trkpt>
<trkpt lat="53.648159" lon="-3.011017"><time>2026-09-20T11:11:34Z</time></trkpt>
<trkpt lat="53.648143" lon="-3.011047"><time>2026-09-20T11:11:35Z</time></trkpt>
<trkpt lat="53.648130" lon="-3.011070"><time>2026-09-20T11:11:36Z</time></trkpt>
<trkpt lat="53.648120" lon="-3.011094"><time>2026-09-20T11:11:37Z</time></trkpt>
<trkpt lat="53.648106" lon="-3.011126"><time>2026-09-20T11:11:38Z</time></trkpt>
<trkpt lat="53.648092" lon="-3.011145"><time>2026-09-20T11:11:39Z</time></trkpt>
<trkpt lat="53.648076" lon="-3.011166"><time>2026-09-20T11:11:40Z</time></trkpt>
<trkpt lat="53.648059" lon="-3.011196"><time>2026-09-20T11:11:41Z</time></trkpt>
<trkpt lat="53.648048" lon="-3.011216"><time>2026-09-20T11:11:42Z</time></trkpt>
<trkpt lat="53.648032" lon="-3.011240"><time>2026-09-20T11:11:43Z</time></trkpt>
<trkpt lat="53.648018" lon="-3.011279"><time>2026-09-20T11:11:44Z</time></trkpt>
<trkpt lat="53.648013" lon="-3.011291"><time>2026-09-20T11:11:45Z</time></trkpt>
<trkpt lat="53.647998" lon="-3.011318"><time>2026-09-20T11:11:46Z</time></trkpt>
<trkpt lat="53.647978" lon="-3.011345"><time>2026-09-20T11:11:47Z</time></trkpt>
<trkpt lat="53.647969" lon="-3.011359"><time>2026-09-20T11:11:48Z</time></trkpt>
<trkpt lat="53.647960" lon="-3.011381"><time>2026-09-20T11:11:49Z</time></trkpt>
<trkpt lat="53.647939" lon="-3.011422"><time>2026-09-20T11:11:50Z</time></trkpt>
<trkpt lat="53.647929" lon="-3.011437"><time>2026-09-20T11:11:51Z</time></trkpt>
<trkpt lat="53.647912" lon="-3.011466"><time>2026-09-20T11:11:52Z</time></trkpt>
<trkpt lat="53.647909" lon="-3.011484"><time>2026-09-20T11:11:53Z</time></trkpt>
<trkpt lat="53.647887" lon="-3.011506"><time>2026-09-20T11:11:54Z</time></trkpt>
<trkpt lat="53.647877" lon="-3.011533"><time>2026-09-20T11:11:55Z</time></trkpt>
<trkpt lat="53.647871" lon="-3.011557"><time>2026-09-20T11:11:56Z</time></trkpt>
<trkpt lat="53.647857" lon="-3.011566"><time>2026-09-20T11:11:57Z</time></trkpt>
<trkpt lat="53.647839" lon="-3.011595"><time>2026-09-20T11:11:58Z</time></trkpt>
<trkpt lat="53.647832" lon="-3.011607"><time>2026-09-20T11:11:59Z</time></trkpt>
<trkpt lat="53.647823" lon="-3.011633"><time>2026-09-20T11:12:00Z</time></trkpt>
<trkpt lat="53.647802" lon="-3.011661"><time>2026-09-20T11:12:01Z</time></trkpt>
<trkpt lat="53.647794" lon="-3.011679"><time>2026-09-20T11:12:02Z</time></trkpt>
<trkpt lat="53.647782" lon="-3.011708"><time>2026-09-20T11:12:03Z</time></trkpt>
<trkpt lat="53.647775" lon="-3.011718"><time>2026-09-20T11:12:04Z</time></trkpt>
<trkpt lat="53.647757" lon="-3.011739"><time>2026-09-20T11:12:05Z</time></trkpt>
<trkpt lat="53.647742" lon="-3.011776"><time>2026-09-20T11:12:06Z</time></trkpt>
<trkpt lat="53.647739" lon="-3.011798"><time>2026-09-20T11:12:07Z</time></trkpt>
<trkpt lat="53.647725" lon="-3.011818"><time>2026-09-20T11:12:08Z</time></trkpt>
<trkpt lat="53.647711" lon="-3.011834"><time>2026-09-20T11:12:09Z</time></trkpt>
<trkpt lat="53.647695" lon="-3.011863"><time>2026-09-20T11:12:10Z</time></trkpt>
<trkpt lat="53.647685" lon="-3.011877"><time>2026-09-20T11:12:11Z</time></trkpt>
<trkpt lat="53.647671" lon="-3.011898"><time>2026-09-20T11:12:12Z</time></trkpt>
<trkpt lat="53.647664" lon="-3.011930"><time>2026-09-20T11:12:13Z</time></trkpt>
<trkpt lat="53.647648" lon="-3.011943"><time>2026-09-20T11:12:14Z</time></trkpt>
<trkpt lat="53.647632" lon="-3.011969"><time>2026-09-20T11:12:15Z</time></trkpt>
<trkpt lat="53.647622" lon="-3.011984"><time>2026-09-20T11:12:16Z</time></trkpt>
<trkpt lat="53.647607" lon="-3.012017"><time>2026-09-20T11:12:17Z</time></trkpt>
<trkpt lat="53.647593" lon="-3.012042"><time>2026-09-20T11:12:18Z</time></trkpt>
<trkpt lat="53.647583" lon="-3.012054"><time>2026-09-20T11:12:19Z</time></trkpt>
<trkpt lat="53.647567" lon="-3.012047"><time>2026-09-20T11:12:20Z</time></trkpt>
<trkpt lat="53.647541" lon="-3.012042"><time>2026-09-20T11:12:21Z</time></trkpt>
<trkpt lat="53.647523" lon="-3.012036"><time>2026-09-20T11:12:22Z</time></trkpt>
<trkpt lat="53.647492" lon="-3.012022"><time>2026-09-20T11:12:23Z</time></trkpt>
<trkpt lat="53.647477" lon="-3.012005"><time>2026-09-20T11:12:24Z</time></trkpt>
<trkpt lat="53.647452" lon="-3.012011"><time>2026-09-20T11:12:25Z</time></trkpt>
<trkpt lat="53.647429" lon="-3.011994"><time>2026-09-20T11:12:26Z</time></trkpt>
<trkpt lat="53.647404" lon="-3.011981"><time>2026-09-20T11:12:27Z</time></trkpt>
<trkpt lat="53.647377" lon="-3.011964"><time>2026-09-20T11:12:28Z</time></trkpt>
<trkpt lat="53.647356" lon="-3.011962"><time>2026-09-20T11:12:29Z</time></trkpt>
<trkpt lat="53.647339" lon="-3.011948"><time>2026-09-20T11:12:30Z</time></trkpt>
<trkpt lat="53.647309" lon="-3.011943"><time>2026-09-20T11:12:31Z</time></trkpt>
<trkpt lat="53.647312" lon="-3.011932"><time>2026-09-20T11:12:32Z</time></trkpt>
<trkpt lat="53.647333" lon="-3.011941"><time>2026-09-20T11:12:33Z</time></trkpt>
<trkpt lat="53.647349" lon="-3.011964"><time>2026-09-20T11:12:34Z</time></trkpt>
<trkpt lat="53.647359" lon="-3.011969"><time>2026-09-20T11:12:35Z</time></trkpt>
<trkpt lat="53.647378" lon="-3.011973"><time>2026-09-20T11:12:36Z</time></trkpt>
<trkpt lat="53.647398" lon="-3.011977"><time>2026-09-20T11:12:37Z</time></trkpt>
<trkpt lat="53.647406" lon="-3.011990"><time>2026-09-20T11:12:38Z</time></trkpt>
<trkpt lat="53.647429" lon="-3.012005"><time>2026-09-20T11:12:39Z</time></trkpt>
<trkpt lat="53.647445" lon="-3.012013"><time>2026-09-20T11:12:40Z</time></trkpt>
<trkpt lat="53.647462" lon="-3.012022"><time>2026-09-20T11:12:41Z</time></trkpt>
<trkpt lat="53.647479" lon="-3.012017"><time>2026-09-20T11:12:42Z</time></trkpt>
<trkpt lat="53.647495" lon="-3.012039"><time>2026-09-20T11:12:43Z</time></trkpt>
<trkpt lat="53.647509" lon="-3.012045"><time>2026-09-20T11:12:44Z</time></trkpt>
<trkpt lat="53.647524" lon="-3.012044"><time>2026-09-20T11:12:45Z</time></trkpt>
<trkpt lat="53.647543" lon="-3.012060"><time>2026-09-20T11:12:46Z</time></trkpt>
<trkpt lat="53.647554" lon="-3.012065"><time>2026-09-20T11:12:47Z</time></trkpt>
<trkpt lat="53.647573" lon="-3.012065"><time>2026-09-20T11:12:48Z</time></trkpt>
<trkpt lat="53.647580" lon="-3.012081"><time>2026-09-20T11:12:49Z</time></trkpt>
<trkpt lat="53.647595" lon="-3.012086"><time>2026-09-20T11:12:50Z</time></trkpt>
<trkpt lat="53.647621" lon="-3.012105"><time>2026-09-20T11:12:51Z</time></trkpt>
<trkpt lat="53.647635" lon="-3.012098"><time>2026-09-20T11:12:52Z</time></trkpt>
<trkpt lat="53.647645" lon="-3.012107"><time>2026-09-20T11:12:53Z</time></trkpt>
<trkpt lat="53.647661" lon="-3.012126"><time>2026-09-20T11:12:54Z</time></trkpt>
<trkpt lat="53.647675" lon="-3.012128"><time>2026-09-20T11:12:55Z</time></trkpt>
<trkpt lat="53.647689" lon="-3.012144"><time>2026-09-20T11:12:56Z</time></trkpt>
<trkpt lat="53.647704" lon="-3.012139"><time>2026-09-20T11:12:57Z</time></trkpt>
<trkpt lat="53.647722" lon="-3.012151"><time>2026-09-20T11:12:58Z</time></trkpt>
<trkpt lat="53.647731" lon="-3.012156"><time>2026-09-20T11:12:59Z</time></trkpt>
<trkpt lat="53.647745" lon="-3.012170"><time>2026-09-20T11:13:00Z</time></trkpt>
<trkpt lat="53.647761" lon="-3.012164"><time>2026-09-20T11:13:01Z</time></trkpt>
<trkpt lat="53.647776" lon="-3.012180"><time>2026-09-20T11:13:02Z</time></trkpt>
<trkpt lat="53.647792" lon="-3.012189"><time>2026-09-20T11:13:03Z</time></trkpt>
<trkpt lat="53.647800" lon="-3.012194"><time>2026-09-20T11:13:04Z</time></trkpt>
<trkpt lat="53.647824" lon="-3.012194"><time>2026-09-20T11:13:05Z</time></trkpt>
<trkpt lat="53.647831" lon="-3.012204"><time>2026-09-20T11:13:06Z</time></trkpt>
<trkpt lat="53.647846" lon="-3.012220"><time>2026-09-20T11:13:07Z</time></trkpt>
<trkpt lat="53.647864" lon="-3.012224"><time>2026-09-20T11:13:08Z</time></trkpt>
<trkpt lat="53.647876" lon="-3.012230"><time>2026-09-20T11:13:09Z</time></trkpt>
<trkpt lat="53.647895" lon="-3.012241"><time>2026-09-20T11:13:10Z</time></trkpt>
<trkpt lat="53.647908" lon="-3.012254"><time>2026-09-20T11:13:11Z</time></trkpt>
<trkpt lat="53.647929" lon="-3.012250"><time>2026-09-20T11:13:12Z</time></trkpt>
<trkpt lat="53.647942" lon="-3.012272"><time>2026-09-20T11:13:13Z</time></trkpt>
<trkpt lat="53.647957" lon="-3.012271"><time>2026-09-20T11:13:14Z</time></trkpt>
<trkpt lat="53.647973" lon="-3.012287"><time>2026-09-20T11:13:15Z</time></trkpt>
<trkpt lat="53.647983" lon="-3.012289"><time>2026-09-20T11:13:16Z</time></trkpt>
<trkpt lat="53.647999" lon="-3.012304"><time>2026-09-20T11:13:17Z</time></trkpt>
<trkpt lat="53.648015" lon="-3.012299"><time>2026-09-20T11:13:18Z</time></trkpt>
<trkpt lat="53.648031" lon="-3.012317"><time>2026-09-20T11:13:19Z</time></trkpt>
<trkpt lat="53.648051" lon="-3.012320"><time>2026-09-20T11:13:20Z</time></trkpt>
<trkpt lat="53.648071" lon="-3.012334"><time>2026-09-20T11:13:21Z</time></trkpt>
<trkpt lat="53.648089" lon="-3.012331"><time>2026-09-20T11:13:22Z</time></trkpt>
<trkpt lat="53.648100" lon="-3.012340"><time>2026-09-20T11:13:23Z</time></trkpt>
<trkpt lat="53.648120" lon="-3.012354"><time>2026-09-20T11:13:24Z</time></trkpt>
<trkpt lat="53.648137" lon="-3.012361"><time>2026-09-20T11:13:25Z</time></trkpt>
<trkpt lat="53.648154" lon="-3.012377"><time>2026-09-20T11:13:26Z</time></trkpt>
<trkpt lat="53.648161" lon="-3.012380"><time>2026-09-20T11:13:27Z</time></trkpt>
<trkpt lat="53.648179" lon="-3.012387"><time>2026-09-20T11:13:28Z</time></trkpt>
<trkpt lat="53.648198" lon="-3.012406"><time>2026-09-20T11:13:29Z</time></trkpt>
<trkpt lat="53.648212" lon="-3.012401"><time>2026-09-20T11:13:30Z</time></trkpt>
<trkpt lat="53.648232" lon="-3.012417"><time>2026-09-20T11:13:31Z</time></trkpt>
<trkpt lat="53.648250" lon="-3.012421"><time>2026-09-20T11:13:32Z</time></trkpt>
<trkpt lat="53.648270" lon="-3.012438"><time>2026-09-20T11:13:33Z</time></trkpt>
<trkpt lat="53.648285" lon="-3.012449"><time>2026-09-20T11:13:34Z</time></trkpt>
<trkpt lat="53.648300" lon="-3.012447"><time>2026-09-20T11:13:35Z</time></trkpt>
<trkpt lat="53.648317" lon="-3.012455"><time>2026-09-20T11:13:36Z</time></trkpt>
<trkpt lat="53.648335" lon="-3.012465"><time>2026-09-20T11:13:37Z</time></trkpt>
<trkpt lat="53.648344" lon="-3.012475"><time>2026-09-20T11:13:38Z</time></trkpt>
<trkpt lat="53.648363" lon="-3.012479"><time>2026-09-20T11:13:39Z</time></trkpt>
<trkpt lat="53.648381" lon="-3.012499"><time>2026-09-20T11:13:40Z</time></trkpt>
<trkpt lat="53.648397" lon="-3.012500"><time>2026-09-20T11:13:41Z</time></trkpt>
<trkpt lat="53.648410" lon="-3.012510"><time>2026-09-20T11:13:42Z</time></trkpt>
<trkpt lat="53.648425" lon="-3.012520"><time>2026-09-20T11:13:43Z</time></trkpt>
<trkpt lat="53.648442" lon="-3.012523"><time>2026-09-20T11:13:44Z</time></trkpt>
<trkpt lat="53.648453" lon="-3.012530"><time>2026-09-20T11:13:45Z</time></trkpt>
<trkpt lat="53.648469" lon="-3.012545"><time>2026-09-20T11:13:46Z</time></trkpt>
<trkpt lat="53.648490" lon="-3.012556"><time>2026-09-20T11:13:47Z</time></trkpt>
<trkpt lat="53.648501" lon="-3.012562"><time>2026-09-20T11:13:48Z</time></trkpt>
<trkpt lat="53.648517" lon="-3.012558"><time>2026-09-20T11:13:49Z</time></trkpt>
<trkpt lat="53.648530" lon="-3.012576"><time>2026-09-20T11:13:50Z</time></trkpt>
<trkpt lat="53.648546" lon="-3.012572"><time>2026-09-20T11:13:51Z</time></trkpt>
<trkpt lat="53.648556" lon="-3.012573"><time>2026-09-20T11:13:52Z</time></trkpt>
<trkpt lat="53.648560" lon="-3.012560"><time>2026-09-20T11:13:53Z</time></trkpt>
<trkpt lat="53.648558" lon="-3.012545"><time>2026-09-20T11:13:54Z</time></trkpt>
<trkpt lat="53.648570" lon="-3.012512"><time>2026-09-20T11:13:55Z</time></trkpt>
<trkpt lat="53.648571" lon="-3.012502"><time>2026-09-20T11:13:56Z</time></trkpt>
<trkpt lat="53.648576" lon="-3.012491"><time>2026-09-20T11:13:57Z</time></trkpt>
<trkpt lat="53.648580" lon="-3.012461"><time>2026-09-20T11:13:58Z</time></trkpt>
<trkpt lat="53.648582" lon="-3.012446"><time>2026-09-20T11:13:59Z</time></trkpt>
<trkpt lat="53.648591" lon="-3.012421"><time>2026-09-20T11:14:00Z</time></trkpt>
<trkpt lat="53.648599" lon="-3.012395"><time>2026-09-20T11:14:01Z</time></trkpt>
<trkpt lat="53.648608" lon="-3.012371"><time>2026-09-20T11:14:02Z</time></trkpt>
<trkpt lat="53.648612" lon="-3.012337"><time>2026-09-20T11:14:03Z</time></trkpt>
<trkpt lat="53.648621" lon="-3.012311"><time>2026-09-20T11:14:04Z</time></trkpt>
<trkpt lat="53.648618" lon="-3.012292"><time>2026-09-20T11:14:05Z</time></trkpt>
<trkpt lat="53.648624" lon="-3.012271"><time>2026-09-20T11:14:06Z</time></trkpt>
<trkpt lat="53.648635" lon="-3.012250"><time>2026-09-20T11:14:07Z</time></trkpt>
<trkpt lat="53.648645" lon="-3.012216"><time>2026-09-20T11:14:08Z</time></trkpt>
<trkpt lat="53.648652" lon="-3.012190"><time>2026-09-20T11:14:09Z</time></trkpt>
<trkpt lat="53.648654" lon="-3.012171"><time>2026-09-20T11:14:10Z</time></trkpt>
<trkpt lat="53.648656" lon="-3.012144"><time>2026-09-20T11:14:11Z</time></trkpt>
<trkpt lat="53.648663" lon="-3.012127"><time>2026-09-20T11:14:12Z</time></trkpt>
<trkpt lat="53.648676" lon="-3.012098"><time>2026-09-20T11:14:13Z</time></trkpt>
<trkpt lat="53.648676" lon="-3.012071"><time>2026-09-20T11:14:14Z</time></trkpt>
<trkpt lat="53.648685" lon="-3.012046"><time>2026-09-20T11:14:15Z</time></trkpt>
<trkpt lat="53.648691" lon="-3.012015"><time>2026-09-20T11:14:16Z</time></trkpt>
<trkpt lat="53.648701" lon="-3.011984"><time>2026-09-20T11:14:17Z</time></trkpt>
<trkpt lat="53.648701" lon="-3.011961"><time>2026-09-20T11:14:18Z</time></trkpt>
<trkpt lat="53.648707" lon="-3.011939"><time>2026-09-20T11:14:19Z</time></trkpt>
<trkpt lat="53.648723" lon="-3.011911"><time>2026-09-20T11:14:20Z</time></trkpt>
<trkpt lat="53.648726" lon="-3.011877"><time>2026-09-20T11:14:21Z</time></trkpt>
<trkpt lat="53.648731" lon="-3.011861"><time>2026-09-20T11:14:22Z</time></trkpt>
<trkpt lat="53.648742" lon="-3.011831"><time>2026-09-20T11:14:23Z</time></trkpt>
<trkpt lat="53.648742" lon="-3.011804"><time>2026-09-20T11:14:24Z</time></trkpt>
<trkpt lat="53.648754" lon="-3.011771"><time>2026-09-20T11:14:25Z</time></trkpt>
<trkpt lat="53.648758" lon="-3.011756"><time>2026-09-20T11:14:26Z</time></trkpt>
<trkpt lat="53.648771" lon="-3.011715"><time>2026-09-20T11:14:27Z</time></trkpt>
<trkpt lat="53.648776" lon="-3.011692"><time>2026-09-20T11:14:28Z</time></trkpt>
<trkpt lat="53.648776" lon="-3.011661"><time>2026-09-20T11:14:29Z</time></trkpt>
<trkpt lat="53.648784" lon="-3.011645"><time>2026-09-20T11:14:30Z</time></trkpt>
<trkpt lat="53.648795" lon="-3.011616"><time>2026-09-20T11:14:31Z</time></trkpt>
<trkpt lat="53.648795" lon="-3.011593"><time>2026-09-20T11:14:32Z</time></trkpt>
<trkpt lat="53.648810" lon="-3.011562"><time>2026-09-20T11:14:33Z</time></trkpt>
<trkpt lat="53.648818" lon="-3.011541"><time>2026-09-20T11:14:34Z</time></trkpt>
<trkpt lat="53.648818" lon="-3.011502"><time>2026-09-20T11:14:35Z</time></trkpt>
<trkpt lat="53.648830" lon="-3.011486"><time>2026-09-20T11:14:36Z</time></trkpt>
<trkpt lat="53.648834" lon="-3.011465"><time>2026-09-20T11:14:37Z</time></trkpt>
<trkpt lat="53.648841" lon="-3.011435"><time>2026-09-20T11:14:38Z</time></trkpt>
<trkpt lat="53.648844" lon="-3.011401"><time>2026-09-20T11:14:39Z</time></trkpt>
<trkpt lat="53.648851" lon="-3.011374"><time>2026-09-20T11:14:40Z</time></trkpt>
<trkpt lat="53.648858" lon="-3.011357"><time>2026-09-20T11:14:41Z</time></trkpt>
<trkpt lat="53.648865" lon="-3.011328"><time>2026-09-20T11:14:42Z</time></trkpt>
<trkpt lat="53.648868" lon="-3.011306"><time>2026-09-20T11:14:43Z</time></trkpt>
<trkpt lat="53.648879" lon="-3.011284"><time>2026-09-20T11:14:44Z</time></trkpt>
<trkpt lat="53.648894" lon="-3.011269"><time>2026-09-20T11:14:45Z</time></trkpt>
<trkpt lat="53.648908" lon="-3.011290"><time>2026-09-20T11:14:46Z</time></trkpt>
<trkpt lat="53.648927" lon="-3.011288"><time>2026-09-20T11:14:47Z</time></trkpt>
<trkpt lat="53.648951" lon="-3.011302"><time>2026-09-20T11:14:48Z</time></trkpt>
<trkpt lat="53.648972" lon="-3.011310"><time>2026-09-20T11:14:49Z</time></trkpt>
<trkpt lat="53.648996" lon="-3.011318"><time>2026-09-20T11:14:50Z</time></trkpt>
<trkpt lat="53.649009" lon="-3.011340"><time>2026-09-20T11:14:51Z</time></trkpt>
<trkpt lat="53.649037" lon="-3.011341"><time>2026-09-20T11:14:52Z</time></trkpt>
<trkpt lat="53.649056" lon="-3.011360"><time>2026-09-20T11:14:53Z</time></trkpt>
<trkpt lat="53.649070" lon="-3.011361"><time>2026-09-20T11:14:54Z</time></trkpt>
<trkpt lat="53.649097" lon="-3.011380"><time>2026-09-20T11:14:55Z</time></trkpt>
<trkpt lat="53.649110" lon="-3.011389"><time>2026-09-20T11:14:56Z</time></trkpt>
<trkpt lat="53.649136" lon="-3.011393"><time>2026-09-20T11:14:57Z</time></trkpt>
<trkpt lat="53.649154" lon="-3.011413"><time>2026-09-20T11:14:58Z</time></trkpt>
<trkpt lat="53.649172" lon="-3.011417"><time>2026-09-20T11:14:59Z</time></trkpt>
<trkpt lat="53.649200" lon="-3.011440"><time>2026-09-20T11:15:00Z</time></trkpt>
<trkpt lat="53.649215" lon="-3.011440"><time>2026-09-20T11:15:01Z</time></trkpt>
<trkpt lat="53.649237" lon="-3.011463"><time>2026-09-20T11:15:02Z</time></trkpt>
<trkpt lat="53.649265" lon="-3.011462"><time>2026-09-20T11:15:03Z</time></trkpt>
<trkpt lat="53.649276" lon="-3.011473"><time>2026-09-20T11:15:04Z</time></trkpt>
<trkpt lat="53.649302" lon="-3.011481"><time>2026-09-20T11:15:05Z</time></trkpt>
<trkpt lat="53.649324" lon="-3.011504"><time>2026-09-20T11:15:06Z</time></trkpt>
<trkpt lat="53.649350" lon="-3.011508"><time>2026-09-20T11:15:07Z</time></trkpt>
<trkpt lat="53.649361" lon="-3.011530"><time>2026-09-20T11:15:08Z</time></trkpt>
<trkpt lat="53.649385" lon="-3.011523"><time>2026-09-20T11:15:09Z</time></trkpt>
<trkpt lat="53.649394" lon="-3.011550"><time>2026-09-20T11:15:10Z</time></trkpt>
<trkpt lat="53.649399" lon="-3.011537"><time>2026-09-20T11:15:11Z</time></trkpt>
<trkpt lat="53.649397" lon="-3.011538"><time>2026-09-20T11:15:12Z</time></trkpt>
<trkpt lat="53.649386" lon="-3.011543"><time>2026-09-20T11:15:13Z</time></trkpt>
<trkpt lat="53.649390" lon="-3.011553"><time>2026-09-20T11:15:14Z</time></trkpt>
<trkpt lat="53.649401" lon="-3.011532"><time>2026-09-20T11:15:15Z</time></trkpt>
<trkpt lat="53.649402" lon="-3.011530"><time>2026-09-20T11:15:16Z</time></trkpt>
<trkpt lat="53.649387" lon="-3.011544"><time>2026-09-20T11:15:17Z</time></trkpt>
<trkpt lat="53.649400" lon="-3.011538"><time>2026-09-20T11:15:18Z</time></trkpt>
<trkpt lat="53.649396" lon="-3.011547"><time>2026-09-20T11:15:19Z</time></trkpt>
<trkpt lat="53.649388" lon="-3.011544"><time>2026-09-20T11:15:20Z</time></trkpt>
<trkpt lat="53.649393" lon="-3.011555"><time>2026-09-20T11:15:21Z</time></trkpt>
<trkpt lat="53.649393" lon="-3.011543"><time>2026-09-20T11:15:22Z</time></trkpt>
<trkpt lat="53.649388" lon="-3.011534"><time>2026-09-20T11:15:23Z</time></trkpt>
<trkpt lat="53.649390" lon="-3.011537"><time>2026-09-20T11:15:24Z</time></trkpt>
<trkpt lat="53.649399" lon="-3.011554"><time>2026-09-20T11:15:25Z</time></trkpt>
<trkpt lat="53.649401" lon="-3.011560"><time>2026-09-20T11:15:26Z</time></trkpt>
<trkpt lat="53.649396" lon="-3.011560"><time>2026-09-20T11:15:27Z</time></trkpt>
<trkpt lat="53.649385" lon="-3.011540"><time>2026-09-20T11:15:28Z</time></trkpt>
<trkpt lat="53.649396" lon="-3.011560"><time>2026-09-20T11:15:29Z</time></trkpt>
<trkpt lat="53.649397" lon="-3.011563"><time>2026-09-20T11:15:30Z</time></trkpt>
<trkpt lat="53.649389" lon="-3.011560"><time>2026-09-20T11:15:31Z</time></trkpt>
<trkpt lat="53.649398" lon="-3.011548"><time>2026-09-20T11:15:32Z</time></trkpt>
<trkpt lat="53.649386" lon="-3.011546"><time>2026-09-20T11:15:33Z</time></trkpt>
<trkpt lat="53.649401" lon="-3.011549"><time>2026-09-20T11:15:34Z</time></trkpt>
<trkpt lat="53.649392" lon="-3.011567"><time>2026-09-20T11:15:35Z</time></trkpt>
<trkpt lat="53.649398" lon="-3.011562"><time>2026-09-20T11:15:36Z</time></trkpt>
<trkpt lat="53.649385" lon="-3.011553"><time>2026-09-20T11:15:37Z</time></trkpt>
<trkpt lat="53.649396" lon="-3.011544"><time>2026-09-20T11:15:38Z</time></trkpt>
<trkpt lat="53.649388" lon="-3.011569"><time>2026-09-20T11:15:39Z</time></trkpt>
<trkpt lat="53.649395" lon="-3.011541"><time>2026-09-20T11:15:40Z</time></trkpt>
<trkpt lat="53.649401" lon="-3.011569"><time>2026-09-20T11:15:41Z</time></trkpt>
<trkpt lat="53.649400" lon="-3.011554"><time>2026-09-20T11:15:42Z</time></trkpt>
<trkpt lat="53.649394" lon="-3.011562"><time>2026-09-20T11:15:43Z</time></trkpt>
<trkpt lat="53.649392" lon="-3.011545"><time>2026-09-20T11:15:44Z</time></trkpt>
<trkpt lat="53.649402" lon="-3.011571"><time>2026-09-20T11:15:45Z</time></trkpt>
<trkpt lat="53.649391" lon="-3.011557"><time>2026-09-20T11:15:46Z</time></trkpt>
<trkpt lat="53.649392" lon="-3.011551"><time>2026-09-20T11:15:47Z</time></trkpt>
<trkpt lat="53.649399" lon="-3.011560"><time>2026-09-20T11:15:48Z</time></trkpt>
<trkpt lat="53.649389" lon="-3.011571"><time>2026-09-20T11:15:49Z</time></trkpt>
<trkpt lat="53.649387" lon="-3.011567"><time>2026-09-20T11:15:50Z</time></trkpt>
<trkpt lat="53.649401" lon="-3.011574"><time>2026-09-20T11:15:51Z</time></trkpt>
<trkpt lat="53.649384" lon="-3.011566"><time>2026-09-20T11:15:52Z</time></trkpt>
<trkpt lat="53.649390" lon="-3.011568"><time>2026-09-20T11:15:53Z</time></trkpt>
<trkpt lat="53.649386" lon="-3.011559"><time>2026-09-20T11:15:54Z</time></trkpt>
<trkpt lat="53.649397" lon="-3.011557"><time>2026-09-20T11:15:55Z</time></trkpt>
<trkpt lat="53.649397" lon="-3.011556"><time>2026-09-20T11:15:56Z</time></trkpt>
<trkpt lat="53.649401" lon="-3.011560"><time>2026-09-20T11:15:57Z</time></trkpt>
<trkpt lat="53.649385" lon="-3.011556"><time>2026-09-20T11:15:58Z</time></trkpt>
<trkpt lat="53.649392" lon="-3.011556"><time>2026-09-20T11:15:59Z</time></trkpt>
<trkpt lat="53.649397" lon="-3.011562"><time>2026-09-20T11:16:00Z</time></trkpt>
<trkpt lat="53.649393" lon="-3.011567"><time>2026-09-20T11:16:01Z</time></trkpt>
<trkpt lat="53.649386" lon="-3.011578"><time>2026-09-20T11:16:02Z</time></trkpt>
<trkpt lat="53.649389" lon="-3.011557"><time>2026-09-20T11:16:03Z</time></trkpt>
<trkpt lat="53.649389" lon="-3.011558"><time>2026-09-20T11:16:04Z</time></trkpt>
<trkpt lat="53.649401" lon="-3.011557"><time>2026-09-20T11:16:05Z</time></trkpt>
<trkpt lat="53.649388" lon="-3.011561"><time>2026-09-20T11:16:06Z</time></trkpt>
<trkpt lat="53.649396" lon="-3.011561"><time>2026-09-20T11:16:07Z</time></trkpt>
<trkpt lat="53.649398" lon="-3.011569"><time>2026-09-20T11:16:08Z</time></trkpt>
<trkpt lat="53.649395" lon="-3.011580"><time>2026-09-20T11:16:09Z</time></trkpt>
<trkpt lat="53.649398" lon="-3.011576"><time>2026-09-20T11:16:10Z</time></trkpt>
<trkpt lat="53.649384" lon="-3.011558"><time>2026-09-20T11:16:11Z</time></trkpt>
<trkpt lat="53.649397" lon="-3.011579"><time>2026-09-20T11:16:12Z</time></trkpt>
<trkpt lat="53.649387" lon="-3.011586"><time>2026-09-20T11:16:13Z</time></trkpt>
<trkpt lat="53.649385" lon="-3.011570"><time>2026-09-20T11:16:14Z</time></trkpt>
<trkpt lat="53.649394" lon="-3.011584"><time>2026-09-20T11:16:15Z</time></trkpt>
<trkpt lat="53.649394" lon="-3.011584"><time>2026-09-20T11:16:16Z</time></trkpt>
<trkpt lat="53.649389" lon="-3.011588"><time>2026-09-20T11:16:17Z</time></trkpt>
<trkpt lat="53.649392" lon="-3.011572"><time>2026-09-20T11:16:18Z</time></trkpt>
<trkpt lat="53.649396" lon="-3.011579"><time>2026-09-20T11:16:19Z</time></trkpt>
<trkpt lat="53.649383" lon="-3.011561"><time>2026-09-20T11:16:20Z</time></trkpt>
<trkpt lat="53.649393" lon="-3.011572"><time>2026-09-20T11:16:21Z</time></trkpt>
<trkpt lat="53.649401" lon="-3.011571"><time>2026-09-20T11:16:22Z</time></trkpt>
<trkpt lat="53.649395" lon="-3.011581"><time>2026-09-20T11:16:23Z</time></trkpt>
<trkpt lat="53.649386" lon="-3.011573"><time>2026-09-20T11:16:24Z</time></trkpt>
<trkpt lat="53.649393" lon="-3.011592"><time>2026-09-20T11:16:25Z</time></trkpt>
<trkpt lat="53.649392" lon="-3.011582"><time>2026-09-20T11:16:26Z</time></trkpt>
<trkpt lat="53.649398" lon="-3.011591"><time>2026-09-20T11:16:27Z</time></trkpt>
<trkpt lat="53.649394" lon="-3.011588"><time>2026-09-20T11:16:28Z</time></trkpt>
<trkpt lat="53.649389" lon="-3.011587"><time>2026-09-20T11:16:29Z</time></trkpt>
<trkpt lat="53.649390" lon="-3.011591"><time>2026-09-20T11:16:30Z</time></trkpt>
<trkpt lat="53.649396" lon="-3.011581"><time>2026-09-20T11:16:31Z</time></trkpt>
<trkpt lat="53.649390" lon="-3.011575"><time>2026-09-20T11:16:32Z</time></trkpt>
<trkpt lat="53.649388" lon="-3.011587"><time>2026-09-20T11:16:33Z</time></trkpt>
<trkpt lat="53.649393" lon="-3.011574"><time>2026-09-20T11:16:34Z</time></trkpt>
<trkpt lat="53.649384" lon="-3.011575"><time>2026-09-20T11:16:35Z</time></trkpt>
<trkpt lat="53.649384" lon="-3.011597"><time>2026-09-20T11:16:36Z</time></trkpt>
<trkpt lat="53.649389" lon="-3.011587"><time>2026-09-20T11:16:37Z</time></trkpt>
<trkpt lat="53.649398" lon="-3.011598"><time>2026-09-20T11:16:38Z</time></trkpt>
<trkpt lat="53.649400" lon="-3.011582"><time>2026-09-20T11:16:39Z</time></trkpt>
<trkpt lat="53.649387" lon="-3.011578"><time>2026-09-20T11:16:40Z</time></trkpt>
<trkpt lat="53.649394" lon="-3.011574"><time>2026-09-20T11:16:41Z</time></trkpt>
<trkpt lat="53.649396" lon="-3.011592"><time>2026-09-20T11:16:42Z</time></trkpt>
<trkpt lat="53.649392" lon="-3.011578"><time>2026-09-20T11:16:43Z</time></trkpt>
<trkpt lat="53.649399" lon="-3.011596"><time>2026-09-20T11:16:44Z</time></trkpt>
<trkpt lat="53.649393" lon="-3.011592"><time>2026-09-20T11:16:45Z</time></trkpt>
<trkpt lat="53.649389" lon="-3.011599"><time>2026-09-20T11:16:46Z</time></trkpt>
<trkpt lat="53.649391" lon="-3.011581"><time>2026-09-20T11:16:47Z</time></trkpt>
<trkpt lat="53.649394" lon="-3.011599"><time>2026-09-20T11:16:48Z</time></trkpt>
<trkpt lat="53.649388" lon="-3.011577"><time>2026-09-20T11:16:49Z</time></trkpt>
<trkpt lat="53.649399" lon="-3.011599"><time>2026-09-20T11:16:50Z</time></trkpt>
<trkpt lat="53.649388" lon="-3.011578"><time>2026-09-20T11:16:51Z</time></trkpt>
<trkpt lat="53.649380" lon="-3.011577"><time>2026-09-20T11:16:52Z</time></trkpt>
<trkpt lat="53.649399" lon="-3.011589"><time>2026-09-20T11:16:53Z</time></trkpt>
<trkpt lat="53.649394" lon="-3.011602"><time>2026-09-20T11:16:54Z</time></trkpt>
<trkpt lat="53.649388" lon="-3.011582"><time>2026-09-20T11:16:55Z</time></trkpt>
<trkpt lat="53.649381" lon="-3.011581"><time>2026-09-20T11:16:56Z</time></trkpt>
<trkpt lat="53.649380" lon="-3.011603"><time>2026-09-20T11:16:57Z</time></trkpt>
<trkpt lat="53.649385" lon="-3.011597"><time>2026-09-20T11:16:58Z</time></trkpt>
<trkpt lat="53.649385" lon="-3.011604"><time>2026-09-20T11:16:59Z</time></trkpt>
<trkpt lat="53.649384" lon="-3.011589"><time>2026-09-20T11:17:00Z</time></trkpt>
<trkpt lat="53.649395" lon="-3.011582"><time>2026-09-20T11:17:01Z</time></trkpt>
<trkpt lat="53.649393" lon="-3.011598"><time>2026-09-20T11:17:02Z</time></trkpt>
<trkpt lat="53.649395" lon="-3.011600"><time>2026-09-20T11:17:03Z</time></trkpt>
<trkpt lat="53.649379" lon="-3.011596"><time>2026-09-20T11:17:04Z</time></trkpt>
<trkpt lat="53.649387" lon="-3.011596"><time>2026-09-20T11:17:05Z</time></trkpt>
<trkpt lat="53.649396" lon="-3.011600"><time>2026-09-20T11:17:06Z</time></trkpt>
<trkpt lat="53.649397" lon="-3.011606"><time>2026-09-20T11:17:07Z</time></trkpt>
<trkpt lat="53.649397" lon="-3.011607"><time>2026-09-20T11:17:08Z</time></trkpt>
<trkpt lat="53.649395" lon="-3.011590"><time>2026-09-20T11:17:09Z</time></trkpt>
<trkpt lat="53.649389" lon="-3.011611"><time>2026-09-20T11:17:10Z</time></trkpt>
<trkpt lat="53.649396" lon="-3.011603"><time>2026-09-20T11:17:11Z</time></trkpt>
<trkpt lat="53.649388" lon="-3.011614"><time>2026-09-20T11:17:12Z</time></trkpt>
<trkpt lat="53.649389" lon="-3.011590"><time>2026-09-20T11:17:13Z</time></trkpt>
<trkpt lat="53.649395" lon="-3.011597"><time>2026-09-20T11:17:14Z</time></trkpt>
<trkpt lat="53.649390" lon="-3.011590"><time>2026-09-20T11:17:15Z</time></trkpt>
<trkpt lat="53.649379" lon="-3.011610"><time>2026-09-20T11:17:16Z</time></trkpt>
<trkpt lat="53.649391" lon="-3.011591"><time>2026-09-20T11:17:17Z</time></trkpt>
<trkpt lat="53.649393" lon="-3.011593"><time>2026-09-20T11:17:18Z</time></trkpt>
<trkpt lat="53.649383" lon="-3.011603"><time>2026-09-20T11:17:19Z</time></trkpt>
<trkpt lat="53.649395" lon="-3.011602"><time>2026-09-20T11:17:20Z</time></trkpt>
<trkpt lat="53.649388" lon="-3.011595"><time>2026-09-20T11:17:21Z</time></trkpt>
<trkpt lat="53.649397" lon="-3.011618"><time>2026-09-20T11:17:22Z</time></trkpt>
<trkpt lat="53.649379" lon="-3.011591"><time>2026-09-20T11:17:23Z</time></trkpt>
<trkpt lat="53.649397" lon="-3.011613"><time>2026-09-20T11:17:24Z</time></trkpt>
<trkpt lat="53.649391" lon="-3.011592"><time>2026-09-20T11:17:25Z</time></trkpt>
<trkpt lat="53.649381" lon="-3.011593"><time>2026-09-20T11:17:26Z</time></trkpt>
<trkpt lat="53.649386" lon="-3.011613"><time>2026-09-20T11:17:27Z</time></trkpt>
<trkpt lat="53.649392" lon="-3.011600"><time>2026-09-20T11:17:28Z</time></trkpt>
<trkpt lat="53.649386" lon="-3.011614"><time>2026-09-20T11:17:29Z</time></trkpt>
<trkpt lat="53.649381" lon="-3.011610"><time>2026-09-20T11:17:30Z</time></trkpt>
<trkpt lat="53.649378" lon="-3.011604"><time>2026-09-20T11:17:31Z</time></trkpt>
<trkpt lat="53.649389" lon="-3.011604"><time>2026-09-20T11:17:32Z</time></trkpt>
<trkpt lat="53.649397" lon="-3.011610"><time>2026-09-20T11:17:33Z</time></trkpt>
<trkpt lat="53.649382" lon="-3.011598"><time>2026-09-20T11:17:34Z</time></trkpt>
<trkpt lat="53.649393" lon="-3.011624"><time>2026-09-20T11:17:35Z</time></trkpt>
<trkpt lat="53.649382" lon="-3.011620"><time>2026-09-20T11:17:36Z</time></trkpt>
<trkpt lat="53.649390" lon="-3.011616"><time>2026-09-20T11:17:37Z</time></trkpt>
<trkpt lat="53.649393" lon="-3.011619"><time>2026-09-20T11:17:38Z</time></trkpt>
<trkpt lat="53.649386" lon="-3.011619"><time>2026-09-20T11:17:39Z</time></trkpt>
<trkpt lat="53.649381" lon="-3.011627"><time>2026-09-20T11:17:40Z</time></trkpt>
<trkpt lat="53.649389" lon="-3.011600"><time>2026-09-20T11:17:41Z</time></trkpt>
<trkpt lat="53.649393" lon="-3.011608"><time>2026-09-20T11:17:42Z</time></trkpt>
<trkpt lat="53.649389" lon="-3.011603"><time>2026-09-20T11:17:43Z</time></trkpt>
<trkpt lat="53.649394" lon="-3.011626"><time>2026-09-20T11:17:44Z</time></trkpt>
<trkpt lat="53.649382" lon="-3.011622"><time>2026-09-20T11:17:45Z</time></trkpt>
<trkpt lat="53.649389" lon="-3.011603"><time>2026-09-20T11:17:46Z</time></trkpt>
<trkpt lat="53.649397" lon="-3.011627"><time>2026-09-20T11:17:47Z</time></trkpt>
<trkpt lat="53.649382" lon="-3.011608"><time>2026-09-20T11:17:48Z</time></trkpt>
<trkpt lat="53.649393" lon="-3.011625"><time>2026-09-20T11:17:49Z</time></trkpt>
<trkpt lat="53.649395" lon="-3.011607"><time>2026-09-20T11:17:50Z</time></trkpt>
<trkpt lat="53.649396" lon="-3.011609"><time>2026-09-20T11:17:51Z</time></trkpt>
<trkpt lat="53.649386" lon="-3.011631"><time>2026-09-20T11:17:52Z</time></trkpt>
<trkpt lat="53.649380" lon="-3.011618"><time>2026-09-20T11:17:53Z</time></trkpt>
<trkpt lat="53.649387" lon="-3.011615"><time>2026-09-20T11:17:54Z</time></trkpt>
<trkpt lat="53.649386" lon="-3.011624"><time>2026-09-20T11:17:55Z</time></trkpt>
<trkpt lat="53.649393" lon="-3.011621"><time>2026-09-20T11:17:56Z</time></trkpt>
<trkpt lat="53.649392" lon="-3.011611"><time>2026-09-20T11:17:57Z</time></trkpt>
<trkpt lat="53.649382" lon="-3.011614"><time>2026-09-20T11:17:58Z</time></trkpt>
<trkpt lat="53.649393" lon="-3.011617"><time>2026-09-20T11:17:59Z</time></trkpt>
<trkpt lat="53.649392" lon="-3.011618"><time>2026-09-20T11:18:00Z</time></trkpt>
<trkpt lat="53.649385" lon="-3.011627"><time>2026-09-20T11:18:01Z</time></trkpt>
<trkpt lat="53.649381" lon="-3.011635"><time>2026-09-20T11:18:02Z</time></trkpt>
<trkpt lat="53.649380" lon="-3.011614"><time>2026-09-20T11:18:03Z</time></trkpt>
<trkpt lat="53.649378" lon="-3.011625"><time>2026-09-20T11:18:04Z</time></trkpt>
<trkpt lat="53.649379" lon="-3.011613"><time>2026-09-20T11:18:05Z</time></trkpt>
<trkpt lat="53.649380" lon="-3.011626"><time>2026-09-20T11:18:06Z</time></trkpt>
<trkpt lat="53.649391" lon="-3.011630"><time>2026-09-20T11:18:07Z</time></trkpt>
<trkpt lat="53.649387" lon="-3.011628"><time>2026-09-20T11:18:08Z</time></trkpt>
<trkpt lat="53.649385" lon="-3.011632"><time>2026-09-20T11:18:09Z</time></trkpt>
<trkpt lat="53.649384" lon="-3.011627"><time>2026-09-20T11:18:10Z</time></trkpt>
<trkpt lat="53.649393" lon="-3.011628"><time>2026-09-20T11:18:11Z</time></trkpt>
<trkpt lat="53.649376" lon="-3.011626"><time>2026-09-20T11:18:12Z</time></trkpt>
<trkpt lat="53.649380" lon="-3.011632"><time>2026-09-20T11:18:13Z</time></trkpt>
<trkpt lat="53.649391" lon="-3.011644"><time>2026-09-20T11:18:14Z</time></trkpt>
<trkpt lat="53.649379" lon="-3.011628"><time>2026-09-20T11:18:15Z</time></trkpt>
<trkpt lat="53.649385" lon="-3.011622"><time>2026-09-20T11:18:16Z</time></trkpt>
<trkpt lat="53.649381" lon="-3.011645"><time>2026-09-20T11:18:17Z</time></trkpt>
<trkpt lat="53.649394" lon="-3.011637"><time>2026-09-20T11:18:18Z</time></trkpt>
<trkpt lat="53.649381" lon="-3.011641"><time>2026-09-20T11:18:19Z</time></trkpt>
<trkpt lat="53.649378" lon="-3.011636"><time>2026-09-20T11:18:20Z</time></trkpt>
<trkpt lat="53.649376" lon="-3.011623"><time>2026-09-20T11:18:21Z</time></trkpt>
<trkpt lat="53.649391" lon="-3.011643"><time>2026-09-20T11:18:22Z</time></trkpt>
<trkpt lat="53.649384" lon="-3.011644"><time>2026-09-20T11:18:23Z</time></trkpt>
<trkpt lat="53.649377" lon="-3.011641"><time>2026-09-20T11:18:24Z</time></trkpt>
<trkpt lat="53.649392" lon="-3.011639"><time>2026-09-20T11:18:25Z</time></trkpt>
<trkpt lat="53.649385" lon="-3.011626"><time>2026-09-20T11:18:26Z</time></trkpt>
<trkpt lat="53.649378" lon="-3.011637"><time>2026-09-20T11:18:27Z</time></trkpt>
<trkpt lat="53.649387" lon="-3.011639"><time>2026-09-20T11:18:28Z</time></trkpt>
<trkpt lat="53.649387" lon="-3.011639"><time>2026-09-20T11:18:29Z</time></trkpt>
<trkpt lat="53.649381" lon="-3.011636"><time>2026-09-20T11:18:30Z</time></trkpt>
<trkpt lat="53.649379" lon="-3.011639"><time>2026-09-20T11:18:31Z</time></trkpt>
<trkpt lat="53.649377" lon="-3.011626"><time>2026-09-20T11:18:32Z</time></trkpt>
<trkpt lat="53.649389" lon="-3.011650"><time>2026-09-20T11:18:33Z</time></trkpt>
<trkpt lat="53.649386" lon="-3.011648"><time>2026-09-20T11:18:34Z</time></trkpt>
<trkpt lat="53.649378" lon="-3.011635"><time>2026-09-20T11:18:35Z</time></trkpt>
<trkpt lat="53.649392" lon="-3.011643"><time>2026-09-20T11:18:36Z</time></trkpt>
<trkpt lat="53.649379" lon="-3.011643"><time>2026-09-20T11:18:37Z</time></trkpt>
<trkpt lat="53.649377" lon="-3.011640"><time>2026-09-20T11:18:38Z</time></trkpt>
<trkpt lat="53.649375" lon="-3.011638"><time>2026-09-20T11:18:39Z</time></trkpt>
<trkpt lat="53.649380" lon="-3.011628"><time>2026-09-20T11:18:40Z</time></trkpt>
<trkpt lat="53.649385" lon="-3.011629"><time>2026-09-20T11:18:41Z</time></trkpt>
<trkpt lat="53.649389" lon="-3.011651"><time>2026-09-20T11:18:42Z</time></trkpt>
<trkpt lat="53.649385" lon="-3.011644"><time>2026-09-20T11:18:43Z</time></trkpt>
<trkpt lat="53.649381" lon="-3.011649"><time>2026-09-20T11:18:44Z</time></trkpt>
<trkpt lat="53.649392" lon="-3.011643"><time>2026-09-20T11:18:45Z</time></trkpt>
<trkpt lat="53.649394" lon="-3.011636"><time>2026-09-20T11:18:46Z</time></trkpt>
<trkpt lat="53.649375" lon="-3.011645"><time>2026-09-20T11:18:47Z</time></trkpt>
<trkpt lat="53.649383" lon="-3.011641"><time>2026-09-20T11:18:48Z</time></trkpt>
<trkpt lat="53.649376" lon="-3.011637"><time>2026-09-20T11:18:49Z</time></trkpt>
<trkpt lat="53.649374" lon="-3.011655"><time>2026-09-20T11:18:50Z</time></trkpt>
<trkpt lat="53.649389" lon="-3.011650"><time>2026-09-20T11:18:51Z</time></trkpt>
<trkpt lat="53.649376" lon="-3.011650"><time>2026-09-20T11:18:52Z</time></trkpt>
<trkpt lat="53.649375" lon="-3.011655"><time>2026-09-20T11:18:53Z</time></trkpt>
<trkpt lat="53.649393" lon="-3.011659"><time>2026-09-20T11:18:54Z</time></trkpt>
<trkpt lat="53.649381" lon="-3.011658"><time>2026-09-20T11:18:55Z</time></trkpt>
<trkpt lat="53.649390" lon="-3.011641"><time>2026-09-20T11:18:56Z</time></trkpt>
<trkpt lat="53.649384" lon="-3.011646"><time>2026-09-20T11:18:57Z</time></trkpt>
<trkpt lat="53.649393" lon="-3.011643"><time>2026-09-20T11:18:58Z</time></trkpt>
<trkpt lat="53.649391" lon="-3.011657"><time>2026-09-20T11:18:59Z</time></trkpt>
<trkpt lat="53.649388" lon="-3.011665"><time>2026-09-20T11:19:00Z</time></trkpt>
<trkpt lat="53.649379" lon="-3.011648"><time>2026-09-20T11:19:01Z</time></trkpt>
<trkpt lat="53.649379" lon="-3.011647"><time>2026-09-20T11:19:02Z</time></trkpt>
<trkpt lat="53.649374" lon="-3.011647"><time>2026-09-20T11:19:03Z</time></trkpt>
<trkpt lat="53.649384" lon="-3.011646"><time>2026-09-20T11:19:04Z</time></trkpt>
<trkpt lat="53.649390" lon="-3.011659"><time>2026-09-20T11:19:05Z</time></trkpt>
<trkpt lat="53.649376" lon="-3.011664"><time>2026-09-20T11:19:06Z</time></trkpt>
<trkpt lat="53.649374" lon="-3.011644"><time>2026-09-20T11:19:07Z</time></trkpt>
<trkpt lat="53.649376" lon="-3.011643"><time>2026-09-20T11:19:08Z</time></trkpt>
<trkpt lat="53.649377" lon="-3.011664"><time>2026-09-20T11:19:09Z</time></trkpt>
<trkpt lat="53.649382" lon="-3.011655"><time>2026-09-20T11:19:10Z</time></trkpt>
<trkpt lat="53.649379" lon="-3.011652"><time>2026-09-20T11:19:11Z</time></trkpt>
<trkpt lat="53.649387" lon="-3.011665"><time>2026-09-20T11:19:12Z</time></trkpt>
<trkpt lat="53.649381" lon="-3.011666"><time>2026-09-20T11:19:13Z</time></trkpt>
<trkpt lat="53.649382" lon="-3.011665"><time>2026-09-20T11:19:14Z</time></trkpt>
<trkpt lat="53.649387" lon="-3.011675"><time>2026-09-20T11:19:15Z</time></trkpt>
<trkpt lat="53.649385" lon="-3.011651"><time>2026-09-20T11:19:16Z</time></trkpt>
<trkpt lat="53.649377" lon="-3.011664"><time>2026-09-20T11:19:17Z</time></trkpt>
<trkpt lat="53.649386" lon="-3.011661"><time>2026-09-20T11:19:18Z</time></trkpt>
<trkpt lat="53.649385" lon="-3.011655"><time>2026-09-20T11:19:19Z</time></trkpt>
<trkpt lat="53.649387" lon="-3.011661"><time>2026-09-20T11:19:20Z</time></trkpt>
<trkpt lat="53.649377" lon="-3.011653"><time>2026-09-20T11:19:21Z</time></trkpt>
<trkpt lat="53.649385" lon="-3.011654"><time>2026-09-20T11:19:22Z</time></trkpt>
<trkpt lat="53.649378" lon="-3.011672"><time>2026-09-20T11:19:23Z</time></trkpt>
<trkpt lat="53.649388" lon="-3.011673"><time>2026-09-20T11:19:24Z</time></trkpt>
<trkpt lat="53.649376" lon="-3.011660"><time>2026-09-20T11:19:25Z</time></trkpt>
<trkpt lat="53.649383" lon="-3.011680"><time>2026-09-20T11:19:26Z</time></trkpt>
<trkpt lat="53.649382" lon="-3.011671"><time>2026-09-20T11:19:27Z</time></trkpt>
<trkpt lat="53.649385" lon="-3.011676"><time>2026-09-20T11:19:28Z</time></trkpt>
<trkpt lat="53.649388" lon="-3.011669"><time>2026-09-20T11:19:29Z</time></trkpt>
<trkpt lat="53.649372" lon="-3.011661"><time>2026-09-20T11:19:30Z</time></trkpt>
<trkpt lat="53.649375" lon="-3.011680"><time>2026-09-20T11:19:31Z</time></trkpt>
<trkpt lat="53.649378" lon="-3.011672"><time>2026-09-20T11:19:32Z</time></trkpt>
<trkpt lat="53.649375" lon="-3.011663"><time>2026-09-20T11:19:33Z</time></trkpt>
<trkpt lat="53.649376" lon="-3.011675"><time>2026-09-20T11:19:34Z</time></trkpt>
<trkpt lat="53.649387" lon="-3.011661"><time>2026-09-20T11:19:35Z</time></trkpt>
<trkpt lat="53.649390" lon="-3.011680"><time>2026-09-20T11:19:36Z</time></trkpt>
<trkpt lat="53.649377" lon="-3.011657"><time>2026-09-20T11:19:37Z</time></trkpt>
<trkpt lat="53.649377" lon="-3.011685"><time>2026-09-20T11:19:38Z</time></trkpt>
<trkpt lat="53.649390" lon="-3.011659"><time>2026-09-20T11:19:39Z</time></trkpt>
<trkpt lat="53.649386" lon="-3.011687"><time>2026-09-20T11:19:40Z</time></trkpt>
<trkpt lat="53.649378" lon="-3.011661"><time>2026-09-20T11:19:41Z</time></trkpt>
<trkpt lat="53.649372" lon="-3.011665"><time>2026-09-20T11:19:42Z</time></trkpt>
<trkpt lat="53.649383" lon="-3.011682"><time>2026-09-20T11:19:43Z</time></trkpt>
<trkpt lat="53.649373" lon="-3.011662"><time>2026-09-20T11:19:44Z</time></trkpt>
<trkpt lat="53.649380" lon="-3.011670"><time>2026-09-20T11:19:45Z</time></trkpt>
<trkpt lat="53.649387" lon="-3.011687"><time>2026-09-20T11:19:46Z</time></trkpt>
<trkpt lat="53.649388" lon="-3.011668"><time>2026-09-20T11:19:47Z</time></trkpt>
<trkpt lat="53.649382" lon="-3.011690"><time>2026-09-20T11:19:48Z</time></trkpt>
<trkpt lat="53.649374" lon="-3.011669"><time>2026-09-20T11:19:49Z</time></trkpt>
<trkpt lat="53.649379" lon="-3.011681"><time>2026-09-20T11:19:50Z</time></trkpt>
<trkpt lat="53.649375" lon="-3.011680"><time>2026-09-20T11:19:51Z</time></trkpt>
<trkpt lat="53.649376" lon="-3.011691"><time>2026-09-20T11:19:52Z</time></trkpt>
<trkpt lat="53.649385" lon="-3.011685"><time>2026-09-20T11:19:53Z</time></trkpt>
<trkpt lat="53.649384" lon="-3.011665"><time>2026-09-20T11:19:54Z</time></trkpt>
<trkpt lat="53.649384" lon="-3.011688"><time>2026-09-20T11:19:55Z</time></trkpt>
<trkpt lat="53.649376" lon="-3.011672"><time>2026-09-20T11:19:56Z</time></trkpt>
<trkpt lat="53.649384" lon="-3.011684"><time>2026-09-20T11:19:57Z</time></trkpt>
<trkpt lat="53.649387" lon="-3.011677"><time>2026-09-20T11:19:58Z</time></trkpt>
<trkpt lat="53.649373" lon="-3.011688"><time>2026-09-20T11:19:59Z</time></trkpt>
<trkpt lat="53.649374" lon="-3.011682"><time>2026-09-20T11:20:00Z</time></trkpt>
<trkpt lat="53.649374" lon="-3.011696"><time>2026-09-20T11:20:01Z</time></trkpt>
<trkpt lat="53.649370" lon="-3.011669"><time>2026-09-20T11:20:02Z</time></trkpt>
<trkpt lat="53.649375" lon="-3.011696"><time>2026-09-20T11:20:03Z</time></trkpt>
<trkpt lat="53.649385" lon="-3.011676"><time>2026-09-20T11:20:04Z</time></trkpt>
<trkpt lat="53.649386" lon="-3.011686"><time>2026-09-20T11:20:05Z</time></trkpt>
<trkpt lat="53.649381" lon="-3.011693"><time>2026-09-20T11:20:06Z</time></trkpt>
<trkpt lat="53.649378" lon="-3.011697"><time>2026-09-20T11:20:07Z</time></trkpt>
<trkpt lat="53.649382" lon="-3.011686"><time>2026-09-20T11:20:08Z</time></trkpt>
<trkpt lat="53.649373" lon="-3.011672"><time>2026-09-20T11:20:09Z</time></trkpt>
<trkpt lat="53.649389" lon="-3.011673"><time>2026-09-20T11:20:10Z</time></trkpt>
<trkpt lat="53.649371" lon="-3.011676"><time>2026-09-20T11:20:11Z</time></trkpt>
<trkpt lat="53.649381" lon="-3.011699"><time>2026-09-20T11:20:12Z</time></trkpt>
<trkpt lat="53.649370" lon="-3.011687"><time>2026-09-20T11:20:13Z</time></trkpt>
<trkpt lat="53.649376" lon="-3.011699"><time>2026-09-20T11:20:14Z</time></trkpt>
<trkpt lat="53.649384" lon="-3.011704"><time>2026-09-20T11:20:15Z</time></trkpt>
<trkpt lat="53.649380" lon="-3.011682"><time>2026-09-20T11:20:16Z</time></trkpt>
<trkpt lat="53.649386" lon="-3.011691"><time>2026-09-20T11:20:17Z</time></trkpt>
<trkpt lat="53.649375" lon="-3.011692"><time>2026-09-20T11:20:18Z</time></trkpt>
<trkpt lat="53.649371" lon="-3.011693"><time>2026-09-20T11:20:19Z</time></trkpt>
<trkpt lat="53.649387" lon="-3.011677"><time>2026-09-20T11:20:20Z</time></trkpt>
<trkpt lat="53.649380" lon="-3.011682"><time>2026-09-20T11:20:21Z</time></trkpt>
<trkpt lat="53.649381" lon="-3.011706"><time>2026-09-20T11:20:22Z</time></trkpt>
<trkpt lat="53.649381" lon="-3.011696"><time>2026-09-20T11:20:23Z</time></trkpt>
<trkpt lat="53.649383" lon="-3.011697"><time>2026-09-20T11:20:24Z</time></trkpt>
<trkpt lat="53.649382" lon="-3.011683"><time>2026-09-20T11:20:25Z</time></trkpt>
<trkpt lat="53.649371" lon="-3.011683"><time>2026-09-20T11:20:26Z</time></trkpt>
<trkpt lat="53.649377" lon="-3.011698"><time>2026-09-20T11:20:27Z</time></trkpt>
<trkpt lat="53.649380" lon="-3.011687"><time>2026-09-20T11:20:28Z</time></trkpt>
<trkpt lat="53.649383" lon="-3.011702"><time>2026-09-20T11:20:29Z</time></trkpt>
<trkpt lat="53.649375" lon="-3.011689"><time>2026-09-20T11:20:30Z</time></trkpt>
<trkpt lat="53.649383" lon="-3.011684"><time>2026-09-20T11:20:31Z</time></trkpt>
<trkpt lat="53.649386" lon="-3.011694"><time>2026-09-20T11:20:32Z</time></trkpt>
<trkpt lat="53.649371" lon="-3.011690"><time>2026-09-20T11:20:33Z</time></trkpt>
<trkpt lat="53.649384" lon="-3.011707"><time>2026-09-20T11:20:34Z</time></trkpt>
<trkpt lat="53.649380" lon="-3.011685"><time>2026-09-20T11:20:35Z</time></trkpt>
<trkpt lat="53.649383" lon="-3.011704"><time>2026-09-20T11:20:36Z</time></trkpt>
<trkpt lat="53.649373" lon="-3.011692"><time>2026-09-20T11:20:37Z</time></trkpt>
<trkpt lat="53.649384" lon="-3.011713"><time>2026-09-20T11:20:38Z</time></trkpt>
<trkpt lat="53.649375" lon="-3.011714"><time>2026-09-20T11:20:39Z</time></trkpt>
<trkpt lat="53.649381" lon="-3.011699"><time>2026-09-20T11:20:40Z</time></trkpt>
<trkpt lat="53.649377" lon="-3.011693"><time>2026-09-20T11:20:41Z</time></trkpt>
<trkpt lat="53.649377" lon="-3.011693"><time>2026-09-20T11:20:42Z</time></trkpt>
<trkpt lat="53.649368" lon="-3.011702"><time>2026-09-20T11:20:43Z</time></trkpt>
<trkpt lat="53.649382" lon="-3.011702"><time>2026-09-20T11:20:44Z</time></trkpt>
<trkpt lat="53.649385" lon="-3.011700"><time>2026-09-20T11:20:45Z</time></trkpt>
<trkpt lat="53.649371" lon="-3.011705"><time>2026-09-20T11:20:46Z</time></trkpt>
<trkpt lat="53.649382" lon="-3.011692"><time>2026-09-20T11:20:47Z</time></trkpt>
<trkpt lat="53.649382" lon="-3.011709"><time>2026-09-20T11:20:48Z</time></trkpt>
<trkpt lat="53.649371" lon="-3.011703"><time>2026-09-20T11:20:49Z</time></trkpt>
<trkpt lat="53.649383" lon="-3.011714"><time>2026-09-20T11:20:50Z</time></trkpt>
<trkpt lat="53.649387" lon="-3.011721"><time>2026-09-20T11:20:51Z</time></trkpt>
<trkpt lat="53.649387" lon="-3.011699"><time>2026-09-20T11:20:52Z</time></trkpt>
<trkpt lat="53.649385" lon="-3.011714"><time>2026-09-20T11:20:53Z</time></trkpt>
<trkpt lat="53.649371" lon="-3.011693"><time>2026-09-20T11:20:54Z</time></trkpt>
<trkpt lat="53.649376" lon="-3.011721"><time>2026-09-20T11:20:55Z</time></trkpt>
<trkpt lat="53.649372" lon="-3.011700"><time>2026-09-20T11:20:56Z</time></trkpt>
<trkpt lat="53.649376" lon="-3.011697"><time>2026-09-20T11:20:57Z</time></trkpt>
<trkpt lat="53.649383" lon="-3.011707"><time>2026-09-20T11:20:58Z</time></trkpt>
<trkpt lat="53.649371" lon="-3.011706"><time>2026-09-20T11:20:59Z</time></trkpt>
<trkpt lat="53.649372" lon="-3.011713"><time>2026-09-20T11:21:00Z</time></trkpt>
<trkpt lat="53.649384" lon="-3.011725"><time>2026-09-20T11:21:01Z</time></trkpt>
<trkpt lat="53.649371" lon="-3.011713"><time>2026-09-20T11:21:02Z</time></trkpt>
<trkpt lat="53.649374" lon="-3.011720"><time>2026-09-20T11:21:03Z</time></trkpt>
<trkpt lat="53.649373" lon="-3.011708"><time>2026-09-20T11:21:04Z</time></trkpt>
<trkpt lat="53.649371" lon="-3.011709"><time>2026-09-20T11:21:05Z</time></trkpt>
<trkpt lat="53.649374" lon="-3.011712"><time>2026-09-20T11:21:06Z</time></trkpt>
<trkpt lat="53.649373" lon="-3.011700"><time>2026-09-20T11:21:07Z</time></trkpt>
<trkpt lat="53.649376" lon="-3.011710"><time>2026-09-20T11:21:08Z</time></trkpt>
<trkpt lat="53.649369" lon="-3.011703"><time>2026-09-20T11:21:09Z</time></trkpt>
<trkpt lat="53.649369" lon="-3.011712"><time>2026-09-20T11:21:10Z</time></trkpt>
<trkpt lat="53.649367" lon="-3.011701"><time>2026-09-20T11:21:11Z</time></trkpt>
<trkpt lat="53.649369" lon="-3.011707"><time>2026-09-20T11:21:12Z</time></trkpt>
<trkpt lat="53.649377" lon="-3.011718"><time>2026-09-20T11:21:13Z</time></trkpt>
<trkpt lat="53.649373" lon="-3.011719"><time>2026-09-20T11:21:14Z</time></trkpt>
<trkpt lat="53.649383" lon="-3.011728"><time>2026-09-20T11:21:15Z</time></trkpt>
<trkpt lat="53.649376" lon="-3.011730"><time>2026-09-20T11:21:16Z</time></trkpt>
<trkpt lat="53.649367" lon="-3.011723"><time>2026-09-20T11:21:17Z</time></trkpt>
<trkpt lat="53.649371" lon="-3.011707"><time>2026-09-20T11:21:18Z</time></trkpt>
<trkpt lat="53.649381" lon="-3.011719"><time>2026-09-20T11:21:19Z</time></trkpt>
<trkpt lat="53.649373" lon="-3.011720"><time>2026-09-20T11:21:20Z</time></trkpt>
<trkpt lat="53.649371" lon="-3.011716"><time>2026-09-20T11:21:21Z</time></trkpt>
<trkpt lat="53.649368" lon="-3.011730"><time>2026-09-20T11:21:22Z</time></trkpt>
<trkpt lat="53.649372" lon="-3.011707"><time>2026-09-20T11:21:23Z</time></trkpt>
<trkpt lat="53.649384" lon="-3.011729"><time>2026-09-20T11:21:24Z</time></trkpt>
<trkpt lat="53.649369" lon="-3.011729"><time>2026-09-20T11:21:25Z</time></trkpt>
<trkpt lat="53.649369" lon="-3.011728"><time>2026-09-20T11:21:26Z</time></trkpt>
<trkpt lat="53.649381" lon="-3.011732"><time>2026-09-20T11:21:27Z</time></trkpt>
<trkpt lat="53.649368" lon="-3.011739"><time>2026-09-20T11:21:28Z</time></trkpt>
<trkpt lat="53.649369" lon="-3.011736"><time>2026-09-20T11:21:29Z</time></trkpt>
<trkpt lat="53.649375" lon="-3.011722"><time>2026-09-20T11:21:30Z</time></trkpt>
<trkpt lat="53.649368" lon="-3.011722"><time>2026-09-20T11:21:31Z</time></trkpt>
<trkpt lat="53.649365" lon="-3.011713"><time>2026-09-20T11:21:32Z</time></trkpt>
<trkpt lat="53.649377" lon="-3.011735"><time>2026-09-20T11:21:33Z</time></trkpt>
<trkpt lat="53.649382" lon="-3.011729"><time>2026-09-20T11:21:34Z</time></trkpt>
<trkpt lat="53.649367" lon="-3.011734"><time>2026-09-20T11:21:35Z</time></trkpt>
<trkpt lat="53.649370" lon="-3.011738"><time>2026-09-20T11:21:36Z</time></trkpt>
<trkpt lat="53.649369" lon="-3.011729"><time>2026-09-20T11:21:37Z</time></trkpt>
<trkpt lat="53.649373" lon="-3.011725"><time>2026-09-20T11:21:38Z</time></trkpt>
<trkpt lat="53.649368" lon="-3.011720"><time>2026-09-20T11:21:39Z</time></trkpt>
<trkpt lat="53.649371" lon="-3.011735"><time>2026-09-20T11:21:40Z</time></trkpt>
<trkpt lat="53.649369" lon="-3.011725"><time>2026-09-20T11:21:41Z</time></trkpt>
<trkpt lat="53.649380" lon="-3.011733"><time>2026-09-20T11:21:42Z</time></trkpt>
<trkpt lat="53.649372" lon="-3.011729"><time>2026-09-20T11:21:43Z</time></trkpt>
<trkpt lat="53.649377" lon="-3.011728"><time>2026-09-20T11:21:44Z</time></trkpt>
<trkpt lat="53.649367" lon="-3.011737"><time>2026-09-20T11:21:45Z</time></trkpt>
<trkpt lat="53.649377" lon="-3.011745"><time>2026-09-20T11:21:46Z</time></trkpt>
<trkpt lat="53.649377" lon="-3.011724"><time>2026-09-20T11:21:47Z</time></trkpt>
<trkpt lat="53.649370" lon="-3.011721"><time>2026-09-20T11:21:48Z</time></trkpt>
<trkpt lat="53.649375" lon="-3.011730"><time>2026-09-20T11:21:49Z</time></trkpt>
<trkpt lat="53.649380" lon="-3.011726"><time>2026-09-20T11:21:50Z</time></trkpt>
<trkpt lat="53.649374" lon="-3.011739"><time>2026-09-20T11:21:51Z</time></trkpt>
<trkpt lat="53.649382" lon="-3.011737"><time>2026-09-20T11:21:52Z</time></trkpt>
<trkpt lat="53.649374" lon="-3.011731"><time>2026-09-20T11:21:53Z</time></trkpt>
<trkpt lat="53.649378" lon="-3.011742"><time>2026-09-20T11:21:54Z</time></trkpt>
<trkpt lat="53.649381" lon="-3.011744"><time>2026-09-20T11:21:55Z</time></trkpt>
<trkpt lat="53.649366" lon="-3.011725"><time>2026-09-20T11:21:56Z</time></trkpt>
<trkpt lat="53.649379" lon="-3.011746"><time>2026-09-20T11:21:57Z</time></trkpt>
<trkpt lat="53.649383" lon="-3.011737"><time>2026-09-20T11:21:58Z</time></trkpt>
<trkpt lat="53.649368" lon="-3.011745"><time>2026-09-20T11:21:59Z</time></trkpt>
<trkpt lat="53.649381" lon="-3.011750"><time>2026-09-20T11:22:00Z</time></trkpt>
<trkpt lat="53.649370" lon="-3.011743"><time>2026-09-20T11:22:01Z</time></trkpt>
<trkpt lat="53.649372" lon="-3.011731"><time>2026-09-20T11:22:02Z</time></trkpt>
<trkpt lat="53.649375" lon="-3.011731"><time>2026-09-20T11:22:03Z</time></trkpt>
<trkpt lat="53.649366" lon="-3.011748"><time>2026-09-20T11:22:04Z</time></trkpt>
<trkpt lat="53.649373" lon="-3.011756"><time>2026-09-20T11:22:05Z</time></trkpt>
<trkpt lat="53.649368" lon="-3.011740"><time>2026-09-20T11:22:06Z</time></trkpt>
<trkpt lat="53.649368" lon="-3.011743"><time>2026-09-20T11:22:07Z</time></trkpt>
<trkpt lat="53.649366" lon="-3.011729"><time>2026-09-20T11:22:08Z</time></trkpt>
<trkpt lat="53.649372" lon="-3.011739"><time>2026-09-20T11:22:09Z</time></trkpt>
<trkpt lat="53.649365" lon="-3.011740"><time>2026-09-20T11:22:10Z</time></trkpt>
<trkpt lat="53.649371" lon="-3.011744"><time>2026-09-20T11:22:11Z</time></trkpt>
<trkpt lat="53.649367" lon="-3.011731"><time>2026-09-20T11:22:12Z</time></trkpt>
<trkpt lat="53.649372" lon="-3.011754"><time>2026-09-20T11:22:13Z</time></trkpt>
<trkpt lat="53.649372" lon="-3.011745"><time>2026-09-20T11:22:14Z</time></trkpt>
<trkpt lat="53.649368" lon="-3.011748"><time>2026-09-20T11:22:15Z</time></trkpt>
<trkpt lat="53.649369" lon="-3.011747"><time>2026-09-20T11:22:16Z</time></trkpt>
<trkpt lat="53.649369" lon="-3.011742"><time>2026-09-20T11:22:17Z</time></trkpt>
<trkpt lat="53.649366" lon="-3.011761"><time>2026-09-20T11:22:18Z</time></trkpt>
<trkpt lat="53.649377" lon="-3.011750"><time>2026-09-20T11:22:19Z</time></trkpt>
<trkpt lat="53.649373" lon="-3.011756"><time>2026-09-20T11:22:20Z</time></trkpt>
<trkpt lat="53.649382" lon="-3.011765"><time>2026-09-20T11:22:21Z</time></trkpt>
<trkpt lat="53.649372" lon="-3.011741"><time>2026-09-20T11:22:22Z</time></trkpt>
<trkpt lat="53.649368" lon="-3.011752"><time>2026-09-20T11:22:23Z</time></trkpt>
<trkpt lat="53.649375" lon="-3.011751"><time>2026-09-20T11:22:24Z</time></trkpt>
<trkpt lat="53.649368" lon="-3.011754"><time>2026-09-20T11:22:25Z</time></trkpt>
<trkpt lat="53.649367" lon="-3.011752"><time>2026-09-20T11:22:26Z</time></trkpt>
<trkpt lat="53.649362" lon="-3.011762"><time>2026-09-20T11:22:27Z</time></trkpt>
<trkpt lat="53.649379" lon="-3.011745"><time>2026-09-20T11:22:28Z</time></trkpt>
<trkpt lat="53.649371" lon="-3.011766"><time>2026-09-20T11:22:29Z</time></trkpt>
<trkpt lat="53.649364" lon="-3.011750"><time>2026-09-20T11:22:30Z</time></trkpt>
<trkpt lat="53.649373" lon="-3.011760"><time>2026-09-20T11:22:31Z</time></trkpt>
<trkpt lat="53.649363" lon="-3.011770"><time>2026-09-20T11:22:32Z</time></trkpt>
<trkpt lat="53.649369" lon="-3.011751"><time>2026-09-20T11:22:33Z</time></trkpt>
<trkpt lat="53.649371" lon="-3.011762"><time>2026-09-20T11:22:34Z</time></trkpt>
<trkpt lat="53.649366" lon="-3.011766"><time>2026-09-20T11:22:35Z</time></trkpt>
<trkpt lat="53.649379" lon="-3.011772"><time>2026-09-20T11:22:36Z</time></trkpt>
<trkpt lat="53.649363" lon="-3.011761"><time>2026-09-20T11:22:37Z</time></trkpt>
<trkpt lat="53.649379" lon="-3.011760"><time>2026-09-20T11:22:38Z</time></trkpt>
<trkpt lat="53.649373" lon="-3.011764"><time>2026-09-20T11:22:39Z</time></trkpt>
<trkpt lat="53.649374" lon="-3.011750"><time>2026-09-20T11:22:40Z</time></trkpt>
<trkpt lat="53.649367" lon="-3.011755"><time>2026-09-20T11:22:41Z</time></trkpt>
<trkpt lat="53.649364" lon="-3.011746"><time>2026-09-20T11:22:42Z</time></trkpt>
<trkpt lat="53.649365" lon="-3.011764"><time>2026-09-20T11:22:43Z</time></trkpt>
<trkpt lat="53.649368" lon="-3.011772"><time>2026-09-20T11:22:44Z</time></trkpt>
<trkpt lat="53.649371" lon="-3.011765"><time>2026-09-20T11:22:45Z</time></trkpt>
<trkpt lat="53.649362" lon="-3.011775"><time>2026-09-20T11:22:46Z</time></trkpt>
<trkpt lat="53.649380" lon="-3.011765"><time>2026-09-20T11:22:47Z</time></trkpt>
<trkpt lat="53.649370" lon="-3.011777"><time>2026-09-20T11:22:48Z</time></trkpt>
<trkpt lat="53.649360" lon="-3.011777"><time>2026-09-20T11:22:49Z</time></trkpt>
<trkpt lat="53.649361" lon="-3.011763"><time>2026-09-20T11:22:50Z</time></trkpt>
<trkpt lat="53.649374" lon="-3.011771"><time>2026-09-20T11:22:51Z</time></trkpt>
<trkpt lat="53.649372" lon="-3.011767"><time>2026-09-20T11:22:52Z</time></trkpt>
<trkpt lat="53.649376" lon="-3.011753"><time>2026-09-20T11:22:53Z</time></trkpt>
<trkpt lat="53.649368" lon="-3.011755"><time>2026-09-20T11:22:54Z</time></trkpt>
<trkpt lat="53.649367" lon="-3.011771"><time>2026-09-20T11:22:55Z</time></trkpt>
<trkpt lat="53.649378" lon="-3.011773"><time>2026-09-20T11:22:56Z</time></trkpt>
<trkpt lat="53.649376" lon="-3.011754"><time>2026-09-20T11:22:57Z</time></trkpt>
<trkpt lat="53.649361" lon="-3.011761"><time>2026-09-20T11:22:58Z</time></trkpt>
<trkpt lat="53.649362" lon="-3.011767"><time>2026-09-20T11:22:59Z</time></trkpt>
<trkpt lat="53.649378" lon="-3.011773"><time>2026-09-20T11:23:00Z</time></trkpt>
<trkpt lat="53.649367" lon="-3.011781"><time>2026-09-20T11:23:01Z</time></trkpt>
<trkpt lat="53.649364" lon="-3.011783"><time>2026-09-20T11:23:02Z</time></trkpt>
<trkpt lat="53.649375" lon="-3.011759"><time>2026-09-20T11:23:03Z</time></trkpt>
<trkpt lat="53.649377" lon="-3.011785"><time>2026-09-20T11:23:04Z</time></trkpt>
<trkpt lat="53.649363" lon="-3.011771"><time>2026-09-20T11:23:05Z</time></trkpt>
<trkpt lat="53.649371" lon="-3.011779"><time>2026-09-20T11:23:06Z</time></trkpt>
<trkpt lat="53.649363" lon="-3.011773"><time>2026-09-20T11:23:07Z</time></trkpt>
<trkpt lat="53.649377" lon="-3.011775"><time>2026-09-20T11:23:08Z</time></trkpt>
<trkpt lat="53.649373" lon="-3.011781"><time>2026-09-20T11:23:09Z</time></trkpt>
<trkpt lat="53.649359" lon="-3.011761"><time>2026-09-20T11:23:10Z</time></trkpt>
<trkpt lat="53.649365" lon="-3.011783"><time>2026-09-20T11:23:11Z</time></trkpt>
<trkpt lat="53.649365" lon="-3.011774"><time>2026-09-20T11:23:12Z</time></trkpt>
<trkpt lat="53.649366" lon="-3.011786"><time>2026-09-20T11:23:13Z</time></trkpt>
<trkpt lat="53.649379" lon="-3.011771"><time>2026-09-20T11:23:14Z</time></trkpt>
<trkpt lat="53.649365" lon="-3.011782"><time>2026-09-20T11:23:15Z</time></trkpt>
<trkpt lat="53.649368" lon="-3.011771"><time>2026-09-20T11:23:16Z</time></trkpt>
<trkpt lat="53.649372" lon="-3.011775"><time>2026-09-20T11:23:17Z</time></trkpt>
<trkpt lat="53.649363" lon="-3.011785"><time>2026-09-20T11:23:18Z</time></trkpt>
<trkpt lat="53.649364" lon="-3.011775"><time>2026-09-20T11:23:19Z</time></trkpt>
<trkpt lat="53.649363" lon="-3.011780"><time>2026-09-20T11:23:20Z</time></trkpt>
<trkpt lat="53.649368" lon="-3.011769"><time>2026-09-20T11:23:21Z</time></trkpt>
<trkpt lat="53.649361" lon="-3.011780"><time>2026-09-20T11:23:22Z</time></trkpt>
<trkpt lat="53.649361" lon="-3.011765"><time>2026-09-20T11:23:23Z</time></trkpt>
<trkpt lat="53.649368" lon="-3.011782"><time>2026-09-20T11:23:24Z</time></trkpt>
<trkpt lat="53.649366" lon="-3.011785"><time>2026-09-20T11:23:25Z</time></trkpt>
<trkpt lat="53.649364" lon="-3.011788"><time>2026-09-20T11:23:26Z</time></trkpt>
<trkpt lat="53.649364" lon="-3.011778"><time>2026-09-20T11:23:27Z</time></trkpt>
<trkpt lat="53.649378" lon="-3.011773"><time>2026-09-20T11:23:28Z</time></trkpt>
<trkpt lat="53.649359" lon="-3.011785"><time>2026-09-20T11:23:29Z</time></trkpt>
<trkpt lat="53.649376" lon="-3.011776"><time>2026-09-20T11:23:30Z</time></trkpt>
<trkpt lat="53.649371" lon="-3.011797"><time>2026-09-20T11:23:31Z</time></trkpt>
<trkpt lat="53.649359" lon="-3.011770"><time>2026-09-20T11:23:32Z</time></trkpt>
<trkpt lat="53.649360" lon="-3.011776"><time>2026-09-20T11:23:33Z</time></trkpt>
<trkpt lat="53.649369" lon="-3.011795"><time>2026-09-20T11:23:34Z</time></trkpt>
<trkpt lat="53.649371" lon="-3.011796"><time>2026-09-20T11:23:35Z</time></trkpt>
<trkpt lat="53.649359" lon="-3.011793"><time>2026-09-20T11:23:36Z</time></trkpt>
<trkpt lat="53.649372" lon="-3.011791"><time>2026-09-20T11:23:37Z</time></trkpt>
<trkpt lat="53.649364" lon="-3.011799"><time>2026-09-20T11:23:38Z</time></trkpt>
<trkpt lat="53.649376" lon="-3.011798"><time>2026-09-20T11:23:39Z</time></trkpt>
<trkpt lat="53.649364" lon="-3.011790"><time>2026-09-20T11:23:40Z</time></trkpt>
<trkpt lat="53.649365" lon="-3.011779"><time>2026-09-20T11:23:41Z</time></trkpt>
<trkpt lat="53.649373" lon="-3.011802"><time>2026-09-20T11:23:42Z</time></trkpt>
<trkpt lat="53.649358" lon="-3.011800"><time>2026-09-20T11:23:43Z</time></trkpt>
<trkpt lat="53.649360" lon="-3.011786"><time>2026-09-20T11:23:44Z</time></trkpt>
<trkpt lat="53.649365" lon="-3.011786"><time>2026-09-20T11:23:45Z</time></trkpt>
<trkpt lat="53.649364" lon="-3.011787"><time>2026-09-20T11:23:46Z</time></trkpt>
<trkpt lat="53.649374" lon="-3.011779"><time>2026-09-20T11:23:47Z</time></trkpt>
<trkpt lat="53.649367" lon="-3.011785"><time>2026-09-20T11:23:48Z</time></trkpt>
<trkpt lat="53.649358" lon="-3.011797"><time>2026-09-20T11:23:49Z</time></trkpt>
<trkpt lat="53.649374" lon="-3.011781"><time>2026-09-20T11:23:50Z</time></trkpt>
<trkpt lat="53.649362" lon="-3.011798"><time>2026-09-20T11:23:51Z</time></trkpt>
<trkpt lat="53.649367" lon="-3.011805"><time>2026-09-20T11:23:52Z</time></trkpt>
<trkpt lat="53.649363" lon="-3.011798"><time>2026-09-20T11:23:53Z</time></trkpt>
<trkpt lat="53.649359" lon="-3.011809"><time>2026-09-20T11:23:54Z</time></trkpt>
<trkpt lat="53.649358" lon="-3.011810"><time>2026-09-20T11:23:55Z</time></trkpt>
<trkpt lat="53.649360" lon="-3.011804"><time>2026-09-20T11:23:56Z</time></trkpt>
<trkpt lat="53.649363" lon="-3.011790"><time>2026-09-20T11:23:57Z</time></trkpt>
<trkpt lat="53.649358" lon="-3.011800"><time>2026-09-20T11:23:58Z</time></trkpt>
<trkpt lat="53.649365" lon="-3.011784"><time>2026-09-20T11:23:59Z</time></trkpt>
<trkpt lat="53.649375" lon="-3.011811"><time>2026-09-20T11:24:00Z</time></trkpt>
<trkpt lat="53.649371" lon="-3.011792"><time>2026-09-20T11:24:01Z</time></trkpt>
<trkpt lat="53.649373" lon="-3.011786"><time>2026-09-20T11:24:02Z</time></trkpt>
<trkpt lat="53.649375" lon="-3.011808"><time>2026-09-20T11:24:03Z</time></trkpt>
<trkpt lat="53.649370" lon="-3.011813"><time>2026-09-20T11:24:04Z</time></trkpt>
<trkpt lat="53.649357" lon="-3.011813"><time>2026-09-20T11:24:05Z</time></trkpt>
<trkpt lat="53.649364" lon="-3.011810"><time>2026-09-20T11:24:06Z</time></trkpt>
<trkpt lat="53.649372" lon="-3.011815"><time>2026-09-20T11:24:07Z</time></trkpt>
<trkpt lat="53.649357" lon="-3.011812"><time>2026-09-20T11:24:08Z</time></trkpt>
<trkpt lat="53.649359" lon="-3.011814"><time>2026-09-20T11:24:09Z</time></trkpt>
<trkpt lat="53.649374" lon="-3.011814"><time>2026-09-20T11:24:10Z</time></trkpt>
<trkpt lat="53.649367" lon="-3.011793"><time>2026-09-20T11:24:11Z</time></trkpt>
<trkpt lat="53.649358" lon="-3.011798"><time>2026-09-20T11:24:12Z</time></trkpt>
<trkpt lat="53.649370" lon="-3.011811"><time>2026-09-20T11:24:13Z</time></trkpt>
<trkpt lat="53.649365" lon="-3.011818"><time>2026-09-20T11:24:14Z</time></trkpt>
<trkpt lat="53.649369" lon="-3.011809"><time>2026-09-20T11:24:15Z</time></trkpt>
<trkpt lat="53.649357" lon="-3.011795"><time>2026-09-20T11:24:16Z</time></trkpt>
<trkpt lat="53.649360" lon="-3.011812"><time>2026-09-20T11:24:17Z</time></trkpt>
<trkpt lat="53.649358" lon="-3.011811"><time>2026-09-20T11:24:18Z</time></trkpt>
<trkpt lat="53.649372" lon="-3.011799"><time>2026-09-20T11:24:19Z</time></trkpt>
<trkpt lat="53.649371" lon="-3.011815"><time>2026-09-20T11:24:20Z</time></trkpt>
<trkpt lat="53.649357" lon="-3.011802"><time>2026-09-20T11:24:21Z</time></trkpt>
<trkpt lat="53.649358" lon="-3.011811"><time>2026-09-20T11:24:22Z</time></trkpt>
<trkpt lat="53.649366" lon="-3.011798"><time>2026-09-20T11:24:23Z</time></trkpt>
<trkpt lat="53.649368" lon="-3.011819"><time>2026-09-20T11:24:24Z</time></trkpt>
<trkpt lat="53.649374" lon="-3.011822"><time>2026-09-20T11:24:25Z</time></trkpt>
<trkpt lat="53.649371" lon="-3.011817"><time>2026-09-20T11:24:26Z</time></trkpt>
<trkpt lat="53.649362" lon="-3.011803"><time>2026-09-20T11:24:27Z</time></trkpt>
<trkpt lat="53.649374" lon="-3.011797"><time>2026-09-20T11:24:28Z</time></trkpt>
<trkpt lat="53.649364" lon="-3.011825"><time>2026-09-20T11:24:29Z</time></trkpt>
<trkpt lat="53.649366" lon="-3.011815"><time>2026-09-20T11:24:30Z</time></trkpt>
<trkpt lat="53.649367" lon="-3.011823"><time>2026-09-20T11:24:31Z</time></trkpt>
<trkpt lat="53.649356" lon="-3.011799"><time>2026-09-20T11:24:32Z</time></trkpt>
<trkpt lat="53.649362" lon="-3.011808"><time>2026-09-20T11:24:33Z</time></trkpt>
<trkpt lat="53.649368" lon="-3.011802"><time>2026-09-20T11:24:34Z</time></trkpt>
<trkpt lat="53.649367" lon="-3.011810"><time>2026-09-20T11:24:35Z</time></trkpt>
<trkpt lat="53.649356" lon="-3.011814"><time>2026-09-20T11:24:36Z</time></trkpt>
<trkpt lat="53.649367" lon="-3.011826"><time>2026-09-20T11:24:37Z</time></trkpt>
<trkpt lat="53.649360" lon="-3.011825"><time>2026-09-20T11:24:38Z</time></trkpt>
<trkpt lat="53.649361" lon="-3.011820"><time>2026-09-20T11:24:39Z</time></trkpt>
<trkpt lat="53.649357" lon="-3.011829"><time>2026-09-20T11:24:40Z</time></trkpt>
<trkpt lat="53.649369" lon="-3.011804"><time>2026-09-20T11:24:41Z</time></trkpt>
<trkpt lat="53.649367" lon="-3.011821"><time>2026-09-20T11:24:42Z</time></trkpt>
<trkpt lat="53.649365" lon="-3.011833"><time>2026-09-20T11:24:43Z</time></trkpt>
<trkpt lat="53.649364" lon="-3.011817"><time>2026-09-20T11:24:44Z</time></trkpt>
<trkpt lat="53.649367" lon="-3.011821"><time>2026-09-20T11:24:45Z</time></trkpt>
<trkpt lat="53.649365" lon="-3.011808"><time>2026-09-20T11:24:46Z</time></trkpt>
<trkpt lat="53.649372" lon="-3.011830"><time>2026-09-20T11:24:47Z</time></trkpt>
<trkpt lat="53.649354" lon="-3.011815"><time>2026-09-20T11:24:48Z</time></trkpt>
<trkpt lat="53.649371" lon="-3.011814"><time>2026-09-20T11:24:49Z</time></trkpt>
<trkpt lat="53.649360" lon="-3.011816"><time>2026-09-20T11:24:50Z</time></trkpt>
<trkpt lat="53.649368" lon="-3.011820"><time>2026-09-20T11:24:51Z</time></trkpt>
<trkpt lat="53.649366" lon="-3.011809"><time>2026-09-20T11:24:52Z</time></trkpt>
<trkpt lat="53.649355" lon="-3.011828"><time>2026-09-20T11:24:53Z</time></trkpt>
<trkpt lat="53.649365" lon="-3.011817"><time>2026-09-20T11:24:54Z</time></trkpt>
<trkpt lat="53.649361" lon="-3.011830"><time>2026-09-20T11:24:55Z</time></trkpt>
<trkpt lat="53.649362" lon="-3.011839"><time>2026-09-20T11:24:56Z</time></trkpt>
<trkpt lat="53.649357" lon="-3.011822"><time>2026-09-20T11:24:57Z</time></trkpt>
<trkpt lat="53.649356" lon="-3.011819"><time>2026-09-20T11:24:58Z</time></trkpt>
<trkpt lat="53.649359" lon="-3.011824"><time>2026-09-20T11:24:59Z</time></trkpt>
<trkpt lat="53.649368" lon="-3.011820"><time>2026-09-20T11:25:00Z</time></trkpt>
<trkpt lat="53.649360" lon="-3.011836"><time>2026-09-20T11:25:01Z</time></trkpt>
<trkpt lat="53.649363" lon="-3.011827"><time>2026-09-20T11:25:02Z</time></trkpt>
<trkpt lat="53.649372" lon="-3.011831"><time>2026-09-20T11:25:03Z</time></trkpt>
<trkpt lat="53.649365" lon="-3.011832"><time>2026-09-20T11:25:04Z</time></trkpt>
<trkpt lat="53.649366" lon="-3.011827"><time>2026-09-20T11:25:05Z</time></trkpt>
<trkpt lat="53.649354" lon="-3.011817"><time>2026-09-20T11:25:06Z</time></trkpt>
<trkpt lat="53.649370" lon="-3.011844"><time>2026-09-20T11:25:07Z</time></trkpt>
<trkpt lat="53.649365" lon="-3.011839"><time>2026-09-20T11:25:08Z</time></trkpt>
<trkpt lat="53.649366" lon="-3.011839"><time>2026-09-20T11:25:09Z</time></trkpt>
<trkpt lat="53.649372" lon="-3.011838"><time>2026-09-20T11:25:10Z</time></trkpt>
<trkpt lat="53.649362" lon="-3.011829"><time>2026-09-20T11:25:11Z</time></trkpt>
<trkpt lat="53.649357" lon="-3.011836"><time>2026-09-20T11:25:12Z</time></trkpt>
<trkpt lat="53.649371" lon="-3.011821"><time>2026-09-20T11:25:13Z</time></trkpt>
<trkpt lat="53.649356" lon="-3.011828"><time>2026-09-20T11:25:14Z</time></trkpt>
<trkpt lat="53.649355" lon="-3.011833"><time>2026-09-20T11:25:15Z</time></trkpt>
<trkpt lat="53.649353" lon="-3.011828"><time>2026-09-20T11:25:16Z</time></trkpt>
<trkpt lat="53.649356" lon="-3.011834"><time>2026-09-20T11:25:17Z</time></trkpt>
<trkpt lat="53.649362" lon="-3.011824"><time>2026-09-20T11:25:18Z</time></trkpt>
<trkpt lat="53.649365" lon="-3.011831"><time>2026-09-20T11:25:19Z</time></trkpt>
<trkpt lat="53.649372" lon="-3.011828"><time>2026-09-20T11:25:20Z</time></trkpt>
<trkpt lat="53.649357" lon="-3.011843"><time>2026-09-20T11:25:21Z</time></trkpt>
<trkpt lat="53.649356" lon="-3.011846"><time>2026-09-20T11:25:22Z</time></trkpt>
<trkpt lat="53.649352" lon="-3.011848"><time>2026-09-20T11:25:23Z</time></trkpt>
<trkpt lat="53.649353" lon="-3.011844"><time>2026-09-20T11:25:24Z</time></trkpt>
<trkpt lat="53.649371" lon="-3.011835"><time>2026-09-20T11:25:25Z</time></trkpt>
<trkpt lat="53.649356" lon="-3.011848"><time>2026-09-20T11:25:26Z</time></trkpt>
<trkpt lat="53.649362" lon="-3.011840"><time>2026-09-20T11:25:27Z</time></trkpt>
<trkpt lat="53.649359" lon="-3.011847"><time>2026-09-20T11:25:28Z</time></trkpt>
<trkpt lat="53.649354" lon="-3.011833"><time>2026-09-20T11:25:29Z</time></trkpt>
<trkpt lat="53.649356" lon="-3.011833"><time>2026-09-20T11:25:30Z</time></trkpt>
<trkpt lat="53.649365" lon="-3.011846"><time>2026-09-20T11:25:31Z</time></trkpt>
<trkpt lat="53.649365" lon="-3.011853"><time>2026-09-20T11:25:32Z</time></trkpt>
<trkpt lat="53.649365" lon="-3.011834"><time>2026-09-20T11:25:33Z</time></trkpt>
<trkpt lat="53.649361" lon="-3.011837"><time>2026-09-20T11:25:34Z</time></trkpt>
<trkpt lat="53.649366" lon="-3.011852"><time>2026-09-20T11:25:35Z</time></trkpt>
<trkpt lat="53.649371" lon="-3.011832"><time>2026-09-20T11:25:36Z</time></trkpt>
<trkpt lat="53.649371" lon="-3.011844"><time>2026-09-20T11:25:37Z</time></trkpt>
<trkpt lat="53.649356" lon="-3.011847"><time>2026-09-20T11:25:38Z</time></trkpt>
<trkpt lat="53.649364" lon="-3.011849"><time>2026-09-20T11:25:39Z</time></trkpt>
<trkpt lat="53.649360" lon="-3.011846"><time>2026-09-20T11:25:40Z</time></trkpt>
<trkpt lat="53.649366" lon="-3.011833"><time>2026-09-20T11:25:41Z</time></trkpt>
<trkpt lat="53.649352" lon="-3.011842"><time>2026-09-20T11:25:42Z</time></trkpt>
<trkpt lat="53.649357" lon="-3.011856"><time>2026-09-20T11:25:43Z</time></trkpt>
<trkpt lat="53.649369" lon="-3.011845"><time>2026-09-20T11:25:44Z</time></trkpt>
<trkpt lat="53.649351" lon="-3.011845"><time>2026-09-20T11:25:45Z</time></trkpt>
<trkpt lat="53.649360" lon="-3.011837"><time>2026-09-20T11:25:46Z</time></trkpt>
<trkpt lat="53.649363" lon="-3.011844"><time>2026-09-20T11:25:47Z</time></trkpt>
<trkpt lat="53.649368" lon="-3.011862"><time>2026-09-20T11:25:48Z</time></trkpt>
<trkpt lat="53.649368" lon="-3.011852"><time>2026-09-20T11:25:49Z</time></trkpt>
<trkpt lat="53.649359" lon="-3.011839"><time>2026-09-20T11:25:50Z</time></trkpt>
<trkpt lat="53.649368" lon="-3.011851"><time>2026-09-20T11:25:51Z</time></trkpt>
<trkpt lat="53.649369" lon="-3.011851"><time>2026-09-20T11:25:52Z</time></trkpt>
<trkpt lat="53.649366" lon="-3.011863"><time>2026-09-20T11:25:53Z</time></trkpt>
<trkpt lat="53.649357" lon="-3.011852"><time>2026-09-20T11:25:54Z</time></trkpt>
<trkpt lat="53.649365" lon="-3.011853"><time>2026-09-20T11:25:55Z</time></trkpt>
<trkpt lat="53.649367" lon="-3.011862"><time>2026-09-20T11:25:56Z</time></trkpt>
<trkpt lat="53.649358" lon="-3.011845"><time>2026-09-20T11:25:57Z</time></trkpt>
<trkpt lat="53.649359" lon="-3.011867"><time>2026-09-20T11:25:58Z</time></trkpt>
<trkpt lat="53.649356" lon="-3.011866"><time>2026-09-20T11:25:59Z</time></trkpt>
<trkpt lat="53.649359" lon="-3.011849"><time>2026-09-20T11:26:00Z</time></trkpt>
<trkpt lat="53.649360" lon="-3.011865"><time>2026-09-20T11:26:01Z</time></trkpt>
<trkpt lat="53.649368" lon="-3.011847"><time>2026-09-20T11:26:02Z</time></trkpt>
<trkpt lat="53.649353" lon="-3.011865"><time>2026-09-20T11:26:03Z</time></trkpt>
<trkpt lat="53.649351" lon="-3.011860"><time>2026-09-20T11:26:04Z</time></trkpt>
<trkpt lat="53.649365" lon="-3.011865"><time>2026-09-20T11:26:05Z</time></trkpt>
<trkpt lat="53.649360" lon="-3.011856"><time>2026-09-20T11:26:06Z</time></trkpt>
<trkpt lat="53.649355" lon="-3.011870"><time>2026-09-20T11:26:07Z</time></trkpt>
<trkpt lat="53.649350" lon="-3.011847"><time>2026-09-20T11:26:08Z</time></trkpt>
<trkpt lat="53.649353" lon="-3.011871"><time>2026-09-20T11:26:09Z</time></trkpt>
<trkpt lat="53.649364" lon="-3.011846"><time>2026-09-20T11:26:10Z</time></trkpt>
<trkpt lat="53.649354" lon="-3.011856"><time>2026-09-20T11:26:11Z</time></trkpt>
<trkpt lat="53.649363" lon="-3.011857"><time>2026-09-20T11:26:12Z</time></trkpt>
<trkpt lat="53.649361" lon="-3.011871"><time>2026-09-20T11:26:13Z</time></trkpt>
<trkpt lat="53.649352" lon="-3.011853"><time>2026-09-20T11:26:14Z</time></trkpt>
<trkpt lat="53.649354" lon="-3.011857"><time>2026-09-20T11:26:15Z</time></trkpt>
<trkpt lat="53.649365" lon="-3.011862"><time>2026-09-20T11:26:16Z</time></trkpt>
<trkpt lat="53.649359" lon="-3.011859"><time>2026-09-20T11:26:17Z</time></trkpt>
<trkpt lat="53.649351" lon="-3.011876"><time>2026-09-20T11:26:18Z</time></trkpt>
<trkpt lat="53.649360" lon="-3.011864"><time>2026-09-20T11:26:19Z</time></trkpt>
<trkpt lat="53.649368" lon="-3.011871"><time>2026-09-20T11:26:20Z</time></trkpt>
<trkpt lat="53.649357" lon="-3.011860"><time>2026-09-20T11:26:21Z</time></trkpt>
<trkpt lat="53.649364" lon="-3.011860"><time>2026-09-20T11:26:22Z</time></trkpt>
<trkpt lat="53.649350" lon="-3.011878"><time>2026-09-20T11:26:23Z</time></trkpt>
<trkpt lat="53.649355" lon="-3.011857"><time>2026-09-20T11:26:24Z</time></trkpt>
<trkpt lat="53.649351" lon="-3.011854"><time>2026-09-20T11:26:25Z</time></trkpt>
<trkpt lat="53.649353" lon="-3.011869"><time>2026-09-20T11:26:26Z</time></trkpt>
<trkpt lat="53.649362" lon="-3.011879"><time>2026-09-20T11:26:27Z</time></trkpt>
<trkpt lat="53.649368" lon="-3.011874"><time>2026-09-20T11:26:28Z</time></trkpt>
<trkpt lat="53.649349" lon="-3.011884"><time>2026-09-20T11:26:29Z</time></trkpt>
<trkpt lat="53.649358" lon="-3.011884"><time>2026-09-20T11:26:30Z</time></trkpt>
<trkpt lat="53.649366" lon="-3.011881"><time>2026-09-20T11:26:31Z</time></trkpt>
<trkpt lat="53.649353" lon="-3.011880"><time>2026-09-20T11:26:32Z</time></trkpt>
<trkpt lat="53.649349" lon="-3.011859"><time>2026-09-20T11:26:33Z</time></trkpt>
<trkpt lat="53.649365" lon="-3.011869"><time>2026-09-20T11:26:34Z</time></trkpt>
<trkpt lat="53.649353" lon="-3.011885"><time>2026-09-20T11:26:35Z</time></trkpt>
<trkpt lat="53.649350" lon="-3.011863"><time>2026-09-20T11:26:36Z</time></trkpt>
<trkpt lat="53.649356" lon="-3.011859"><time>2026-09-20T11:26:37Z</time></trkpt>
<trkpt lat="53.649355" lon="-3.011864"><time>2026-09-20T11:26:38Z</time></trkpt>
<trkpt lat="53.649358" lon="-3.011862"><time>2026-09-20T11:26:39Z</time></trkpt>
<trkpt lat="53.649361" lon="-3.011881"><time>2026-09-20T11:26:40Z</time></trkpt>
<trkpt lat="53.649356" lon="-3.011887"><time>2026-09-20T11:26:41Z</time></trkpt>
<trkpt lat="53.649357" lon="-3.011873"><time>2026-09-20T11:26:42Z</time></trkpt>
<trkpt lat="53.649348" lon="-3.011877"><time>2026-09-20T11:26:43Z</time></trkpt>
<trkpt lat="53.649357" lon="-3.011887"><time>2026-09-20T11:26:44Z</time></trkpt>
<trkpt lat="53.649356" lon="-3.011870"><time>2026-09-20T11:26:45Z</time></trkpt>
<trkpt lat="53.649350" lon="-3.011864"><time>2026-09-20T11:26:46Z</time></trkpt>
<trkpt lat="53.649363" lon="-3.011879"><time>2026-09-20T11:26:47Z</time></trkpt>
<trkpt lat="53.649363" lon="-3.011892"><time>2026-09-20T11:26:48Z</time></trkpt>
<trkpt lat="53.649361" lon="-3.011884"><time>2026-09-20T11:26:49Z</time></trkpt>
<trkpt lat="53.649358" lon="-3.011880"><time>2026-09-20T11:26:50Z</time></trkpt>
<trkpt lat="53.649358" lon="-3.011874"><time>2026-09-20T11:26:51Z</time></trkpt>
<trkpt lat="53.649362" lon="-3.011871"><time>2026-09-20T11:26:52Z</time></trkpt>
<trkpt lat="53.649366" lon="-3.011869"><time>2026-09-20T11:26:53Z</time></trkpt>
<trkpt lat="53.649364" lon="-3.011888"><time>2026-09-20T11:26:54Z</time></trkpt>
<trkpt lat="53.649357" lon="-3.011869"><time>2026-09-20T11:26:55Z</time></trkpt>
<trkpt lat="53.649364" lon="-3.011872"><time>2026-09-20T11:26:56Z</time></trkpt>
<trkpt lat="53.649347" lon="-3.011883"><time>2026-09-20T11:26:57Z</time></trkpt>
<trkpt lat="53.649360" lon="-3.011888"><time>2026-09-20T11:26:58Z</time></trkpt>
<trkpt lat="53.649362" lon="-3.011891"><time>2026-09-20T11:26:59Z</time></trkpt>
<trkpt lat="53.649360" lon="-3.011884"><time>2026-09-20T11:27:00Z</time></trkpt>
<trkpt lat="53.649372" lon="-3.011867"><time>2026-09-20T11:27:01Z</time></trkpt>
<trkpt lat="53.649377" lon="-3.011839"><time>2026-09-20T11:27:02Z</time></trkpt>
<trkpt lat="53.649379" lon="-3.011814"><time>2026-09-20T11:27:03Z</time></trkpt>
<trkpt lat="53.649384" lon="-3.011777"><time>2026-09-20T11:27:04Z</time></trkpt>
<trkpt lat="53.649396" lon="-3.011766"><time>2026-09-20T11:27:05Z</time></trkpt>
<trkpt lat="53.649399" lon="-3.011726"><time>2026-09-20T11:27:06Z</time></trkpt>
<trkpt lat="53.649404" lon="-3.011703"><time>2026-09-20T11:27:07Z</time></trkpt>
<trkpt lat="53.649417" lon="-3.011681"><time>2026-09-20T11:27:08Z</time></trkpt>
<trkpt lat="53.649415" lon="-3.011656"><time>2026-09-20T11:27:09Z</time></trkpt>
<trkpt lat="53.649429" lon="-3.011635"><time>2026-09-20T11:27:10Z</time></trkpt>
<trkpt lat="53.649436" lon="-3.011596"><time>2026-09-20T11:27:11Z</time></trkpt>
<trkpt lat="53.649437" lon="-3.011573"><time>2026-09-20T11:27:12Z</time></trkpt>
<trkpt lat="53.649444" lon="-3.011544"><time>2026-09-20T11:27:13Z</time></trkpt>
<trkpt lat="53.649449" lon="-3.011531"><time>2026-09-20T11:27:14Z</time></trkpt>
<trkpt lat="53.649461" lon="-3.011500"><time>2026-09-20T11:27:15Z</time></trkpt>
<trkpt lat="53.649461" lon="-3.011466"><time>2026-09-20T11:27:16Z</time></trkpt>
<trkpt lat="53.649475" lon="-3.011442"><time>2026-09-20T11:27:17Z</time></trkpt>
<trkpt lat="53.649478" lon="-3.011413"><time>2026-09-20T11:27:18Z</time></trkpt>
<trkpt lat="53.649486" lon="-3.011387"><time>2026-09-20T11:27:19Z</time></trkpt>
<trkpt lat="53.649495" lon="-3.011358"><time>2026-09-20T11:27:20Z</time></trkpt>
<trkpt lat="53.649493" lon="-3.011346"><time>2026-09-20T11:27:21Z</time></trkpt>
<trkpt lat="53.649501" lon="-3.011317"><time>2026-09-20T11:27:22Z</time></trkpt>
<trkpt lat="53.649512" lon="-3.011285"><time>2026-09-20T11:27:23Z</time></trkpt>
<trkpt lat="53.649514" lon="-3.011258"><time>2026-09-20T11:27:24Z</time></trkpt>
<trkpt lat="53.649518" lon="-3.011242"><time>2026-09-20T11:27:25Z</time></trkpt>
<trkpt lat="53.649528" lon="-3.011223"><time>2026-09-20T11:27:26Z</time></trkpt>
<trkpt lat="53.649534" lon="-3.011187"><time>2026-09-20T11:27:27Z</time></trkpt>
<trkpt lat="53.649536" lon="-3.011164"><time>2026-09-20T11:27:28Z</time></trkpt>
<trkpt lat="53.649549" lon="-3.011136"><time>2026-09-20T11:27:29Z</time></trkpt>
<trkpt lat="53.649557" lon="-3.011126"><time>2026-09-20T11:27:30Z</time></trkpt>
<trkpt lat="53.649564" lon="-3.011091"><time>2026-09-20T11:27:31Z</time></trkpt>
<trkpt lat="53.649566" lon="-3.011069"><time>2026-09-20T11:27:32Z</time></trkpt>
<trkpt lat="53.649566" lon="-3.011048"><time>2026-09-20T11:27:33Z</time></trkpt>
<trkpt lat="53.649582" lon="-3.011029"><time>2026-09-20T11:27:34Z</time></trkpt>
<trkpt lat="53.649585" lon="-3.010998"><time>2026-09-20T11:27:35Z</time></trkpt>
<trkpt lat="53.649584" lon="-3.010983"><time>2026-09-20T11:27:36Z</time></trkpt>
<trkpt lat="53.649589" lon="-3.010955"><time>2026-09-20T11:27:37Z</time></trkpt>
<trkpt lat="53.649595" lon="-3.010934"><time>2026-09-20T11:27:38Z</time></trkpt>
<trkpt lat="53.649610" lon="-3.010913"><time>2026-09-20T11:27:39Z</time></trkpt>
<trkpt lat="53.649608" lon="-3.010882"><time>2026-09-20T11:27:40Z</time></trkpt>
<trkpt lat="53.649620" lon="-3.010870"><time>2026-09-20T11:27:41Z</time></trkpt>
<trkpt lat="53.649618" lon="-3.010832"><time>2026-09-20T11:27:42Z</time></trkpt>
<trkpt lat="53.649626" lon="-3.010814"><time>2026-09-20T11:27:43Z</time></trkpt>
<trkpt lat="53.649636" lon="-3.010793"><time>2026-09-20T11:27:44Z</time></trkpt>
<trkpt lat="53.649640" lon="-3.010780"><time>2026-09-20T11:27:45Z</time></trkpt>
<trkpt lat="53.649650" lon="-3.010743"><time>2026-09-20T11:27:46Z</time></trkpt>
<trkpt lat="53.649657" lon="-3.010728"><time>2026-09-20T11:27:47Z</time></trkpt>
<trkpt lat="53.649663" lon="-3.010703"><time>2026-09-20T11:27:48Z</time></trkpt>
<trkpt lat="53.649659" lon="-3.010681"><time>2026-09-20T11:27:49Z</time></trkpt>
<trkpt lat="53.649666" lon="-3.010662"><time>2026-09-20T11:27:50Z</time></trkpt>
<trkpt lat="53.649675" lon="-3.010629"><time>2026-09-20T11:27:51Z</time></trkpt>
<trkpt lat="53.649680" lon="-3.010612"><time>2026-09-20T11:27:52Z</time></trkpt>
<trkpt lat="53.649692" lon="-3.010582"><time>2026-09-20T11:27:53Z</time></trkpt>
<trkpt lat="53.649693" lon="-3.010549"><time>2026-09-20T11:27:54Z</time></trkpt>
<trkpt lat="53.649701" lon="-3.010524"><time>2026-09-20T11:27:55Z</time></trkpt>
<trkpt lat="53.649709" lon="-3.010504"><time>2026-09-20T11:27:56Z</time></trkpt>
<trkpt lat="53.649710" lon="-3.010481"><time>2026-09-20T11:27:57Z</time></trkpt>
<trkpt lat="53.649717" lon="-3.010450"><time>2026-09-20T11:27:58Z</time></trkpt>
<trkpt lat="53.649721" lon="-3.010429"><time>2026-09-20T11:27:59Z</time></trkpt>
<trkpt lat="53.649731" lon="-3.010413"><time>2026-09-20T11:28:00Z</time></trkpt>
<trkpt lat="53.649737" lon="-3.010375"><time>2026-09-20T11:28:01Z</time></trkpt>
<trkpt lat="53.649740" lon="-3.010353"><time>2026-09-20T11:28:02Z</time></trkpt>
<trkpt lat="53.649753" lon="-3.010331"><time>2026-09-20T11:28:03Z</time></trkpt>
<trkpt lat="53.649763" lon="-3.010307"><time>2026-09-20T11:28:04Z</time></trkpt>
<trkpt lat="53.649766" lon="-3.010284"><time>2026-09-20T11:28:05Z</time></trkpt>
<trkpt lat="53.649767" lon="-3.010246"><time>2026-09-20T11:28:06Z</time></trkpt>
<trkpt lat="53.649780" lon="-3.010235"><time>2026-09-20T11:28:07Z</time></trkpt>
<trkpt lat="53.649784" lon="-3.010204"><time>2026-09-20T11:28:08Z</time></trkpt>
<trkpt lat="53.649792" lon="-3.010177"><time>2026-09-20T11:28:09Z</time></trkpt>
<trkpt lat="53.649796" lon="-3.010142"><time>2026-09-20T11:28:10Z</time></trkpt>
<trkpt lat="53.649803" lon="-3.010123"><time>2026-09-20T11:28:11Z</time></trkpt>
<trkpt lat="53.649810" lon="-3.010102"><time>2026-09-20T11:28:12Z</time></trkpt>
<trkpt lat="53.649812" lon="-3.010063"><time>2026-09-20T11:28:13Z</time></trkpt>
<trkpt lat="53.649828" lon="-3.010047"><time>2026-09-20T11:28:14Z</time></trkpt>
<trkpt lat="53.649829" lon="-3.010010"><time>2026-09-20T11:28:15Z</time></trkpt>
<trkpt lat="53.649838" lon="-3.009991"><time>2026-09-20T11:28:16Z</time></trkpt>
<trkpt lat="53.649840" lon="-3.009964"><time>2026-09-20T11:28:17Z</time></trkpt>
<trkpt lat="53.649852" lon="-3.009944"><time>2026-09-20T11:28:18Z</time></trkpt>
<trkpt lat="53.649851" lon="-3.009919"><time>2026-09-20T11:28:19Z</time></trkpt>
<trkpt lat="53.649858" lon="-3.009888"><time>2026-09-20T11:28:20Z</time></trkpt>
<trkpt lat="53.649866" lon="-3.009861"><time>2026-09-20T11:28:21Z</time></trkpt>
<trkpt lat="53.649870" lon="-3.009842"><time>2026-09-20T11:28:22Z</time></trkpt>
<trkpt lat="53.649880" lon="-3.009811"><time>2026-09-20T11:28:23Z</time></trkpt>
<trkpt lat="53.649885" lon="-3.009798"><time>2026-09-20T11:28:24Z</time></trkpt>
<trkpt lat="53.649889" lon="-3.009769"><time>2026-09-20T11:28:25Z</time></trkpt>
<trkpt lat="53.649899" lon="-3.009747"><time>2026-09-20T11:28:26Z</time></trkpt>
<trkpt lat="53.649902" lon="-3.009723"><time>2026-09-20T11:28:27Z</time></trkpt>
<trkpt lat="53.649908" lon="-3.009691"><time>2026-09-20T11:28:28Z</time></trkpt>
<trkpt lat="53.649912" lon="-3.009675"><time>2026-09-20T11:28:29Z</time></trkpt>
<trkpt lat="53.649922" lon="-3.009643"><time>2026-09-20T11:28:30Z</time></trkpt>
<trkpt lat="53.649932" lon="-3.009628"><time>2026-09-20T11:28:31Z</time></trkpt>
<trkpt lat="53.649937" lon="-3.009599"><time>2026-09-20T11:28:32Z</time></trkpt>
<trkpt lat="53.649946" lon="-3.009582"><time>2026-09-20T11:28:33Z</time></trkpt>
<trkpt lat="53.649952" lon="-3.009557"><time>2026-09-20T11:28:34Z</time></trkpt>
<trkpt lat="53.649951" lon="-3.009534"><time>2026-09-20T11:28:35Z</time></trkpt>
<trkpt lat="53.649961" lon="-3.009501"><time>2026-09-20T11:28:36Z</time></trkpt>
<trkpt lat="53.649968" lon="-3.009481"><time>2026-09-20T11:28:37Z</time></trkpt>
<trkpt lat="53.649971" lon="-3.009466"><time>2026-09-20T11:28:38Z</time></trkpt>
<trkpt lat="53.649977" lon="-3.009463"><time>2026-09-20T11:28:39Z</time></trkpt>
<trkpt lat="53.649985" lon="-3.009469"><time>2026-09-20T11:28:40Z</time></trkpt>
<trkpt lat="53.649995" lon="-3.009459"><time>2026-09-20T11:28:41Z</time></trkpt>
<trkpt lat="53.650008" lon="-3.009462"><time>2026-09-20T11:28:42Z</time></trkpt>
<trkpt lat="53.650020" lon="-3.009470"><time>2026-09-20T11:28:43Z</time></trkpt>
<trkpt lat="53.650033" lon="-3.009492"><time>2026-09-20T11:28:44Z</time></trkpt>
<trkpt lat="53.650042" lon="-3.009489"><time>2026-09-20T11:28:45Z</time></trkpt>
<trkpt lat="53.650051" lon="-3.009502"><time>2026-09-20T11:28:46Z</time></trkpt>
<trkpt lat="53.650075" lon="-3.009496"><time>2026-09-20T11:28:47Z</time></trkpt>
<trkpt lat="53.650082" lon="-3.009507"><time>2026-09-20T11:28:48Z</time></trkpt>
<trkpt lat="53.650104" lon="-3.009511"><time>2026-09-20T11:28:49Z</time></trkpt>
<trkpt lat="53.650111" lon="-3.009529"><time>2026-09-20T11:28:50Z</time></trkpt>
<trkpt lat="53.650126" lon="-3.009526"><time>2026-09-20T11:28:51Z</time></trkpt>
<trkpt lat="53.650139" lon="-3.009548"><time>2026-09-20T11:28:52Z</time></trkpt>
<trkpt lat="53.650159" lon="-3.009550"><time>2026-09-20T11:28:53Z</time></trkpt>
<trkpt lat="53.650179" lon="-3.009560"><time>2026-09-20T11:28:54Z</time></trkpt>
<trkpt lat="53.650188" lon="-3.009573"><time>2026-09-20T11:28:55Z</time></trkpt>
<trkpt lat="53.650202" lon="-3.009570"><time>2026-09-20T11:28:56Z</time></trkpt>
<trkpt lat="53.650225" lon="-3.009589"><time>2026-09-20T11:28:57Z</time></trkpt>
<trkpt lat="53.650241" lon="-3.009588"><time>2026-09-20T11:28:58Z</time></trkpt>
<trkpt lat="53.650256" lon="-3.009607"><time>2026-09-20T11:28:59Z</time></trkpt>
<trkpt lat="53.650271" lon="-3.009610"><time>2026-09-20T11:29:00Z</time></trkpt>
<trkpt lat="53.650281" lon="-3.009611"><time>2026-09-20T11:29:01Z</time></trkpt>
<trkpt lat="53.650299" lon="-3.009631"><time>2026-09-20T11:29:02Z</time></trkpt>
<trkpt lat="53.650314" lon="-3.009636"><time>2026-09-20T11:29:03Z</time></trkpt>
<trkpt lat="53.650336" lon="-3.009639"><time>2026-09-20T11:29:04Z</time></trkpt>
<trkpt lat="53.650352" lon="-3.009650"><time>2026-09-20T11:29:05Z</time></trkpt>
<trkpt lat="53.650362" lon="-3.009666"><time>2026-09-20T11:29:06Z</time></trkpt>
<trkpt lat="53.650386" lon="-3.009672"><time>2026-09-20T11:29:07Z</time></trkpt>
<trkpt lat="53.650395" lon="-3.009666"><time>2026-09-20T11:29:08Z</time></trkpt>
<trkpt lat="53.650413" lon="-3.009682"><time>2026-09-20T11:29:09Z</time></trkpt>
<trkpt lat="53.650433" lon="-3.009695"><time>2026-09-20T11:29:10Z</time></trkpt>
<trkpt lat="53.650448" lon="-3.009706"><time>2026-09-20T11:29:11Z</time></trkpt>
<trkpt lat="53.650465" lon="-3.009710"><time>2026-09-20T11:29:12Z</time></trkpt>
<trkpt lat="53.650479" lon="-3.009711"><time>2026-09-20T11:29:13Z</time></trkpt>
<trkpt lat="53.650490" lon="-3.009727"><time>2026-09-20T11:29:14Z</time></trkpt>
<trkpt lat="53.650509" lon="-3.009740"><time>2026-09-20T11:29:15Z</time></trkpt>
<trkpt lat="53.650524" lon="-3.009731"><time>2026-09-20T11:29:16Z</time></trkpt>
<trkpt lat="53.650542" lon="-3.009742"><time>2026-09-20T11:29:17Z</time></trkpt>
<trkpt lat="53.650554" lon="-3.009761"><time>2026-09-20T11:29:18Z</time></trkpt>
<trkpt lat="53.650576" lon="-3.009756"><time>2026-09-20T11:29:19Z</time></trkpt>
<trkpt lat="53.650592" lon="-3.009768"><time>2026-09-20T11:29:20Z</time></trkpt>
<trkpt lat="53.650599" lon="-3.009778"><time>2026-09-20T11:29:21Z</time></trkpt>
<trkpt lat="53.650617" lon="-3.009788"><time>2026-09-20T11:29:22Z</time></trkpt>
<trkpt lat="53.650636" lon="-3.009793"><time>2026-09-20T11:29:23Z</time></trkpt>
<trkpt lat="53.650643" lon="-3.009794"><time>2026-09-20T11:29:24Z</time></trkpt>
<trkpt lat="53.650657" lon="-3.009801"><time>2026-09-20T11:29:25Z</time></trkpt>
<trkpt lat="53.650676" lon="-3.009820"><time>2026-09-20T11:29:26Z</time></trkpt>
<trkpt lat="53.650691" lon="-3.009816"><time>2026-09-20T11:29:27Z</time></trkpt>
<trkpt lat="53.650707" lon="-3.009825"><time>2026-09-20T11:29:28Z</time></trkpt>
<trkpt lat="53.650716" lon="-3.009836"><time>2026-09-20T11:29:29Z</time></trkpt>
<trkpt lat="53.650731" lon="-3.009854"><time>2026-09-20T11:29:30Z</time></trkpt>
<trkpt lat="53.650743" lon="-3.009847"><time>2026-09-20T11:29:31Z</time></trkpt>
<trkpt lat="53.650757" lon="-3.009856"><time>2026-09-20T11:29:32Z</time></trkpt>
<trkpt lat="53.650776" lon="-3.009860"><time>2026-09-20T11:29:33Z</time></trkpt>
<trkpt lat="53.650788" lon="-3.009870"><time>2026-09-20T11:29:34Z</time></trkpt>
<trkpt lat="53.650805" lon="-3.009885"><time>2026-09-20T11:29:35Z</time></trkpt>
<trkpt lat="53.650813" lon="-3.009891"><time>2026-09-20T11:29:36Z</time></trkpt>
<trkpt lat="53.650827" lon="-3.009894"><time>2026-09-20T11:29:37Z</time></trkpt>
<trkpt lat="53.650849" lon="-3.009899"><time>2026-09-20T11:29:38Z</time></trkpt>
<trkpt lat="53.650853" lon="-3.009911"><time>2026-09-20T11:29:39Z</time></trkpt>
<trkpt lat="53.650878" lon="-3.009917"><time>2026-09-20T11:29:40Z</time></trkpt>
<trkpt lat="53.650889" lon="-3.009934"><time>2026-09-20T11:29:41Z</time></trkpt>
<trkpt lat="53.650899" lon="-3.009935"><time>2026-09-20T11:29:42Z</time></trkpt>
<trkpt lat="53.650911" lon="-3.009934"><time>2026-09-20T11:29:43Z</time></trkpt>
<trkpt lat="53.650935" lon="-3.009945"><time>2026-09-20T11:29:44Z</time></trkpt>
<trkpt lat="53.650949" lon="-3.009952"><time>2026-09-20T11:29:45Z</time></trkpt>
<trkpt lat="53.650956" lon="-3.009973"><time>2026-09-20T11:29:46Z</time></trkpt>
<trkpt lat="53.650978" lon="-3.009965"><time>2026-09-20T11:29:47Z</time></trkpt>
<trkpt lat="53.650985" lon="-3.009974"><time>2026-09-20T11:29:48Z</time></trkpt>
<trkpt lat="53.651004" lon="-3.009981"><time>2026-09-20T11:29:49Z</time></trkpt>
<trkpt lat="53.651026" lon="-3.009999"><time>2026-09-20T11:29:50Z</time></trkpt>
<trkpt lat="53.651037" lon="-3.010011"><time>2026-09-20T11:29:51Z</time></trkpt>
<trkpt lat="53.651051" lon="-3.010018"><time>2026-09-20T11:29:52Z</time></trkpt>
<trkpt lat="53.651066" lon="-3.010015"><time>2026-09-20T11:29:53Z</time></trkpt>
<trkpt lat="53.651081" lon="-3.010023"><time>2026-09-20T11:29:54Z</time></trkpt>
<trkpt lat="53.651100" lon="-3.010044"><time>2026-09-20T11:29:55Z</time></trkpt>
<trkpt lat="53.651110" lon="-3.010039"><time>2026-09-20T11:29:56Z</time></trkpt>
<trkpt lat="53.651129" lon="-3.010049"><time>2026-09-20T11:29:57Z</time></trkpt>
<trkpt lat="53.651151" lon="-3.010066"><time>2026-09-20T11:29:58Z</time></trkpt>
<trkpt lat="53.651166" lon="-3.010069"><time>2026-09-20T11:29:59Z</time></trkpt>
<trkpt lat="53.651181" lon="-3.010081"><time>2026-09-20T11:30:00Z</time></trkpt>
<trkpt lat="53.651190" lon="-3.010086"><time>2026-09-20T11:30:01Z</time></trkpt>
<trkpt lat="53.651211" lon="-3.010088"><time>2026-09-20T11:30:02Z</time></trkpt>
<trkpt lat="53.651223" lon="-3.010094"><time>2026-09-20T11:30:03Z</time></trkpt>
<trkpt lat="53.651249" lon="-3.010116"><time>2026-09-20T11:30:04Z</time></trkpt>
<trkpt lat="53.651263" lon="-3.010126"><time>2026-09-20T11:30:05Z</time></trkpt>
<trkpt lat="53.651278" lon="-3.010127"><time>2026-09-20T11:30:06Z</time></trkpt>
<trkpt lat="53.651295" lon="-3.010142"><time>2026-09-20T11:30:07Z</time></trkpt>
<trkpt lat="53.651304" lon="-3.010143"><time>2026-09-20T11:30:08Z</time></trkpt>
<trkpt lat="53.651323" lon="-3.010154"><time>2026-09-20T11:30:09Z</time></trkpt>
<trkpt lat="53.651342" lon="-3.010154"><time>2026-09-20T11:30:10Z</time></trkpt>
<trkpt lat="53.651355" lon="-3.010172"><time>2026-09-20T11:30:11Z</time></trkpt>
<trkpt lat="53.651372" lon="-3.010171"><time>2026-09-20T11:30:12Z</time></trkpt>
<trkpt lat="53.651390" lon="-3.010185"><time>2026-09-20T11:30:13Z</time></trkpt>
<trkpt lat="53.651403" lon="-3.010197"><time>2026-09-20T11:30:14Z</time></trkpt>
<trkpt lat="53.651416" lon="-3.010191"><time>2026-09-20T11:30:15Z</time></trkpt>
<trkpt lat="53.651436" lon="-3.010202"><time>2026-09-20T11:30:16Z</time></trkpt>
<trkpt lat="53.651447" lon="-3.010211"><time>2026-09-20T11:30:17Z</time></trkpt>
<trkpt lat="53.651460" lon="-3.010218"><time>2026-09-20T11:30:18Z</time></trkpt>
<trkpt lat="53.651478" lon="-3.010236"><time>2026-09-20T11:30:19Z</time></trkpt>
<trkpt lat="53.651490" lon="-3.010232"><time>2026-09-20T11:30:20Z</time></trkpt>
<trkpt lat="53.651506" lon="-3.010251"><time>2026-09-20T11:30:21Z</time></trkpt>
<trkpt lat="53.651518" lon="-3.010241"><time>2026-09-20T11:30:22Z</time></trkpt>
<trkpt lat="53.651519" lon="-3.010234"><time>2026-09-20T11:30:23Z</time></trkpt>
<trkpt lat="53.651521" lon="-3.010210"><time>2026-09-20T11:30:24Z</time></trkpt>
<trkpt lat="53.651529" lon="-3.010198"><time>2026-09-20T11:30:25Z</time></trkpt>
<trkpt lat="53.651534" lon="-3.010188"><time>2026-09-20T11:30:26Z</time></trkpt>
<trkpt lat="53.651540" lon="-3.010156"><time>2026-09-20T11:30:27Z</time></trkpt>
<trkpt lat="53.651538" lon="-3.010148"><time>2026-09-20T11:30:28Z</time></trkpt>
<trkpt lat="53.651544" lon="-3.010122"><time>2026-09-20T11:30:29Z</time></trkpt>
<trkpt lat="53.651557" lon="-3.010102"><time>2026-09-20T11:30:30Z</time></trkpt>
<trkpt lat="53.651553" lon="-3.010077"><time>2026-09-20T11:30:31Z</time></trkpt>
<trkpt lat="53.651567" lon="-3.010045"><time>2026-09-20T11:30:32Z</time></trkpt>
<trkpt lat="53.651569" lon="-3.010028"><time>2026-09-20T11:30:33Z</time></trkpt>
<trkpt lat="53.651573" lon="-3.010012"><time>2026-09-20T11:30:34Z</time></trkpt>
<trkpt lat="53.651587" lon="-3.009973"><time>2026-09-20T11:30:35Z</time></trkpt>
<trkpt lat="53.651585" lon="-3.009966"><time>2026-09-20T11:30:36Z</time></trkpt>
<trkpt lat="53.651590" lon="-3.009940"><time>2026-09-20T11:30:37Z</time></trkpt>
<trkpt lat="53.651595" lon="-3.009907"><time>2026-09-20T11:30:38Z</time></trkpt>
<trkpt lat="53.651609" lon="-3.009887"><time>2026-09-20T11:30:39Z</time></trkpt>
<trkpt lat="53.651607" lon="-3.009868"><time>2026-09-20T11:30:40Z</time></trkpt>
<trkpt lat="53.651621" lon="-3.009841"><time>2026-09-20T11:30:41Z</time></trkpt>
<trkpt lat="53.651619" lon="-3.009817"><time>2026-09-20T11:30:42Z</time></trkpt>
<trkpt lat="53.651631" lon="-3.009794"><time>2026-09-20T11:30:43Z</time></trkpt>
<trkpt lat="53.651634" lon="-3.009768"><time>2026-09-20T11:30:44Z</time></trkpt>
<trkpt lat="53.651639" lon="-3.009739"><time>2026-09-20T11:30:45Z</time></trkpt>
<trkpt lat="53.651649" lon="-3.009717"><time>2026-09-20T11:30:46Z</time></trkpt>
<trkpt lat="53.651651" lon="-3.009702"><time>2026-09-20T11:30:47Z</time></trkpt>
<trkpt lat="53.651659" lon="-3.009660"><time>2026-09-20T11:30:48Z</time></trkpt>
<trkpt lat="53.651662" lon="-3.009640"><time>2026-09-20T11:30:49Z</time></trkpt>
<trkpt lat="53.651675" lon="-3.009619"><time>2026-09-20T11:30:50Z</time></trkpt>
<trkpt lat="53.651677" lon="-3.009600"><time>2026-09-20T11:30:51Z</time></trkpt>
<trkpt lat="53.651686" lon="-3.009573"><time>2026-09-20T11:30:52Z</time></trkpt>
<trkpt lat="53.651697" lon="-3.009535"><time>2026-09-20T11:30:53Z</time></trkpt>
<trkpt lat="53.651695" lon="-3.009516"><time>2026-09-20T11:30:54Z</time></trkpt>
<trkpt lat="53.651702" lon="-3.009497"><time>2026-09-20T11:30:55Z</time></trkpt>
<trkpt lat="53.651711" lon="-3.009466"><time>2026-09-20T11:30:56Z</time></trkpt>
<trkpt lat="53.651719" lon="-3.009439"><time>2026-09-20T11:30:57Z</time></trkpt>
<trkpt lat="53.651729" lon="-3.009406"><time>2026-09-20T11:30:58Z</time></trkpt>
<trkpt lat="53.651727" lon="-3.009388"><time>2026-09-20T11:30:59Z</time></trkpt>
<trkpt lat="53.651743" lon="-3.009350"><time>2026-09-20T11:31:00Z</time></trkpt>
<trkpt lat="53.651749" lon="-3.009328"><time>2026-09-20T11:31:01Z</time></trkpt>
<trkpt lat="53.651753" lon="-3.009307"><time>2026-09-20T11:31:02Z</time></trkpt>
<trkpt lat="53.651759" lon="-3.009278"><time>2026-09-20T11:31:03Z</time></trkpt>
<trkpt lat="53.651766" lon="-3.009252"><time>2026-09-20T11:31:04Z</time></trkpt>
<trkpt lat="53.651776" lon="-3.009224"><time>2026-09-20T11:31:05Z</time></trkpt>
<trkpt lat="53.651777" lon="-3.009193"><time>2026-09-20T11:31:06Z</time></trkpt>
<trkpt lat="53.651781" lon="-3.009174"><time>2026-09-20T11:31:07Z</time></trkpt>
<trkpt lat="53.651789" lon="-3.009154"><time>2026-09-20T11:31:08Z</time></trkpt>
<trkpt lat="53.651801" lon="-3.009118"><time>2026-09-20T11:31:09Z</time></trkpt>
<trkpt lat="53.651807" lon="-3.009105"><time>2026-09-20T11:31:10Z</time></trkpt>
<trkpt lat="53.651814" lon="-3.009081"><time>2026-09-20T11:31:11Z</time></trkpt>
<trkpt lat="53.651811" lon="-3.009058"><time>2026-09-20T11:31:12Z</time></trkpt>
<trkpt lat="53.651818" lon="-3.009031"><time>2026-09-20T11:31:13Z</time></trkpt>
<trkpt lat="53.651827" lon="-3.009006"><time>2026-09-20T11:31:14Z</time></trkpt>
<trkpt lat="53.651829" lon="-3.008973"><time>2026-09-20T11:31:15Z</time></trkpt>
<trkpt lat="53.651840" lon="-3.008952"><time>2026-09-20T11:31:16Z</time></trkpt>
<trkpt lat="53.651847" lon="-3.008926"><time>2026-09-20T11:31:17Z</time></trkpt>
<trkpt lat="53.651854" lon="-3.008911"><time>2026-09-20T11:31:18Z</time></trkpt>
<trkpt lat="53.651862" lon="-3.008888"><time>2026-09-20T11:31:19Z</time></trkpt>
<trkpt lat="53.651866" lon="-3.008861"><time>2026-09-20T11:31:20Z</time></trkpt>
<trkpt lat="53.651866" lon="-3.008832"><time>2026-09-20T11:31:21Z</time></trkpt>
<trkpt lat="53.651879" lon="-3.008803"><time>2026-09-20T11:31:22Z</time></trkpt>
<trkpt lat="53.651881" lon="-3.008786"><time>2026-09-20T11:31:23Z</time></trkpt>
<trkpt lat="53.651884" lon="-3.008766"><time>2026-09-20T11:31:24Z</time></trkpt>
<trkpt lat="53.651889" lon="-3.008743"><time>2026-09-20T11:31:25Z</time></trkpt>
<trkpt lat="53.651904" lon="-3.008726"><time>2026-09-20T11:31:26Z</time></trkpt>
<trkpt lat="53.651902" lon="-3.008704"><time>2026-09-20T11:31:27Z</time></trkpt>
<trkpt lat="53.651915" lon="-3.008666"><time>2026-09-20T11:31:28Z</time></trkpt>
<trkpt lat="53.651921" lon="-3.008645"><time>2026-09-20T11:31:29Z</time></trkpt>
<trkpt lat="53.651916" lon="-3.008621"><time>2026-09-20T11:31:30Z</time></trkpt>
<trkpt lat="53.651929" lon="-3.008603"><time>2026-09-20T11:31:31Z</time></trkpt>
<trkpt lat="53.651935" lon="-3.008586"><time>2026-09-20T11:31:32Z</time></trkpt>
<trkpt lat="53.651936" lon="-3.008567"><time>2026-09-20T11:31:33Z</time></trkpt>
<trkpt lat="53.651947" lon="-3.008544"><time>2026-09-20T11:31:34Z</time></trkpt>
<trkpt lat="53.651954" lon="-3.008510"><time>2026-09-20T11:31:35Z</time></trkpt>
<trkpt lat="53.651962" lon="-3.008487"><time>2026-09-20T11:31:36Z</time></trkpt>
<trkpt lat="53.651967" lon="-3.008471"><time>2026-09-20T11:31:37Z</time></trkpt>
<trkpt lat="53.651966" lon="-3.008439"><time>2026-09-20T11:31:38Z</time></trkpt>
<trkpt lat="53.651979" lon="-3.008418"><time>2026-09-20T11:31:39Z</time></trkpt>
<trkpt lat="53.651976" lon="-3.008394"><time>2026-09-20T11:31:40Z</time></trkpt>
<trkpt lat="53.651983" lon="-3.008365"><time>2026-09-20T11:31:41Z</time></trkpt>
<trkpt lat="53.651990" lon="-3.008351"><time>2026-09-20T11:31:42Z</time></trkpt>
<trkpt lat="53.652000" lon="-3.008314"><time>2026-09-20T11:31:43Z</time></trkpt>
<trkpt lat="53.652004" lon="-3.008298"><time>2026-09-20T11:31:44Z</time></trkpt>
<trkpt lat="53.652007" lon="-3.008275"><time>2026-09-20T11:31:45Z</time></trkpt>
<trkpt lat="53.652014" lon="-3.008239"><time>2026-09-20T11:31:46Z</time></trkpt>
<trkpt lat="53.652023" lon="-3.008226"><time>2026-09-20T11:31:47Z</time></trkpt>
<trkpt lat="53.652028" lon="-3.008190"><time>2026-09-20T11:31:48Z</time></trkpt>
<trkpt lat="53.652034" lon="-3.008173"><time>2026-09-20T11:31:49Z</time></trkpt>
<trkpt lat="53.652047" lon="-3.008140"><time>2026-09-20T11:31:50Z</time></trkpt>
<trkpt lat="53.652055" lon="-3.008109"><time>2026-09-20T11:31:51Z</time></trkpt>
<trkpt lat="53.652058" lon="-3.008086"><time>2026-09-20T11:31:52Z</time></trkpt>
<trkpt lat="53.652067" lon="-3.008057"><time>2026-09-20T11:31:53Z</time></trkpt>
<trkpt lat="53.652066" lon="-3.008029"><time>2026-09-20T11:31:54Z</time></trkpt>
<trkpt lat="53.652073" lon="-3.008007"><time>2026-09-20T11:31:55Z</time></trkpt>
<trkpt lat="53.652079" lon="-3.007986"><time>2026-09-20T11:31:56Z</time></trkpt>
<trkpt lat="53.652089" lon="-3.007964"><time>2026-09-20T11:31:57Z</time></trkpt>
<trkpt lat="53.652095" lon="-3.007929"><time>2026-09-20T11:31:58Z</time></trkpt>
<trkpt lat="53.652103" lon="-3.007908"><time>2026-09-20T11:31:59Z</time></trkpt>
<trkpt lat="53.652112" lon="-3.007875"><time>2026-09-20T11:32:00Z</time></trkpt>
<trkpt lat="53.652120" lon="-3.007853"><time>2026-09-20T11:32:01Z</time></trkpt>
<trkpt lat="53.652123" lon="-3.007830"><time>2026-09-20T11:32:02Z</time></trkpt>
<trkpt lat="53.652130" lon="-3.007806"><time>2026-09-20T11:32:03Z</time></trkpt>
<trkpt lat="53.652136" lon="-3.007777"><time>2026-09-20T11:32:04Z</time></trkpt>
<trkpt lat="53.652141" lon="-3.007754"><time>2026-09-20T11:32:05Z</time></trkpt>
<trkpt lat="53.652150" lon="-3.007751"><time>2026-09-20T11:32:06Z</time></trkpt>
<trkpt lat="53.652163" lon="-3.007759"><time>2026-09-20T11:32:07Z</time></trkpt>
<trkpt lat="53.652175" lon="-3.007759"><time>2026-09-20T11:32:08Z</time></trkpt>
<trkpt lat="53.652177" lon="-3.007762"><time>2026-09-20T11:32:09Z</time></trkpt>
<trkpt lat="53.652190" lon="-3.007765"><time>2026-09-20T11:32:10Z</time></trkpt>
<trkpt lat="53.652208" lon="-3.007785"><time>2026-09-20T11:32:11Z</time></trkpt>
<trkpt lat="53.652225" lon="-3.007783"><time>2026-09-20T11:32:12Z</time></trkpt>
<trkpt lat="53.652237" lon="-3.007799"><time>2026-09-20T11:32:13Z</time></trkpt>
<trkpt lat="53.652251" lon="-3.007808"><time>2026-09-20T11:32:14Z</time></trkpt>
<trkpt lat="53.652259" lon="-3.007806"><time>2026-09-20T11:32:15Z</time></trkpt>
<trkpt lat="53.652279" lon="-3.007812"><time>2026-09-20T11:32:16Z</time></trkpt>
<trkpt lat="53.652288" lon="-3.007829"><time>2026-09-20T11:32:17Z</time></trkpt>
<trkpt lat="53.652304" lon="-3.007833"><time>2026-09-20T11:32:18Z</time></trkpt>
<trkpt lat="53.652319" lon="-3.007841"><time>2026-09-20T11:32:19Z</time></trkpt>
<trkpt lat="53.652339" lon="-3.007850"><time>2026-09-20T11:32:20Z</time></trkpt>
<trkpt lat="53.652353" lon="-3.007858"><time>2026-09-20T11:32:21Z</time></trkpt>
<trkpt lat="53.652361" lon="-3.007864"><time>2026-09-20T11:32:22Z</time></trkpt>
<trkpt lat="53.652372" lon="-3.007865"><time>2026-09-20T11:32:23Z</time></trkpt>
<trkpt lat="53.652393" lon="-3.007874"><time>2026-09-20T11:32:24Z</time></trkpt>
<trkpt lat="53.652410" lon="-3.007884"><time>2026-09-20T11:32:25Z</time></trkpt>
<trkpt lat="53.652420" lon="-3.007895"><time>2026-09-20T11:32:26Z</time></trkpt>
<trkpt lat="53.652432" lon="-3.007892"><time>2026-09-20T11:32:27Z</time></trkpt>
<trkpt lat="53.652445" lon="-3.007903"><time>2026-09-20T11:32:28Z</time></trkpt>
<trkpt lat="53.652467" lon="-3.007906"><time>2026-09-20T11:32:29Z</time></trkpt>
<trkpt lat="53.652479" lon="-3.007915"><time>2026-09-20T11:32:30Z</time></trkpt>
<trkpt lat="53.652490" lon="-3.007925"><time>2026-09-20T11:32:31Z</time></trkpt>
<trkpt lat="53.652504" lon="-3.007930"><time>2026-09-20T11:32:32Z</time></trkpt>
<trkpt lat="53.652521" lon="-3.007934"><time>2026-09-20T11:32:33Z</time></trkpt>
<trkpt lat="53.652535" lon="-3.007939"><time>2026-09-20T11:32:34Z</time></trkpt>
<trkpt lat="53.652552" lon="-3.007959"><time>2026-09-20T11:32:35Z</time></trkpt>
<trkpt lat="53.652567" lon="-3.007970"><time>2026-09-20T11:32:36Z</time></trkpt>
<trkpt lat="53.652574" lon="-3.007974"><time>2026-09-20T11:32:37Z</time></trkpt>
<trkpt lat="53.652599" lon="-3.007979"><time>2026-09-20T11:32:38Z</time></trkpt>
<trkpt lat="53.652611" lon="-3.007993"><time>2026-09-20T11:32:39Z</time></trkpt>
<trkpt lat="53.652628" lon="-3.007985"><time>2026-09-20T11:32:40Z</time></trkpt>
<trkpt lat="53.652636" lon="-3.008004"><time>2026-09-20T11:32:41Z</time></trkpt>
<trkpt lat="53.652657" lon="-3.008004"><time>2026-09-20T11:32:42Z</time></trkpt>
<trkpt lat="53.652673" lon="-3.008014"><time>2026-09-20T11:32:43Z</time></trkpt>
<trkpt lat="53.652692" lon="-3.008021"><time>2026-09-20T11:32:44Z</time></trkpt>
<trkpt lat="53.652701" lon="-3.008037"><time>2026-09-20T11:32:45Z</time></trkpt>
<trkpt lat="53.652720" lon="-3.008042"><time>2026-09-20T11:32:46Z</time></trkpt>
<trkpt lat="53.652730" lon="-3.008052"><time>2026-09-20T11:32:47Z</time></trkpt>
<trkpt lat="53.652754" lon="-3.008053"><time>2026-09-20T11:32:48Z</time></trkpt>
<trkpt lat="53.652768" lon="-3.008061"><time>2026-09-20T11:32:49Z</time></trkpt>
<trkpt lat="53.652788" lon="-3.008073"><time>2026-09-20T11:32:50Z</time></trkpt>
<trkpt lat="53.652799" lon="-3.008080"><time>2026-09-20T11:32:51Z</time></trkpt>
<trkpt lat="53.652820" lon="-3.008085"><time>2026-09-20T11:32:52Z</time></trkpt>
<trkpt lat="53.652836" lon="-3.008093"><time>2026-09-20T11:32:53Z</time></trkpt>
<trkpt lat="53.652847" lon="-3.008116"><time>2026-09-20T11:32:54Z</time></trkpt>
<trkpt lat="53.652867" lon="-3.008115"><time>2026-09-20T11:32:55Z</time></trkpt>
<trkpt lat="53.652878" lon="-3.008128"><time>2026-09-20T11:32:56Z</time></trkpt>
<trkpt lat="53.652892" lon="-3.008131"><time>2026-09-20T11:32:57Z</time></trkpt>
<trkpt lat="53.652906" lon="-3.008138"><time>2026-09-20T11:32:58Z</time></trkpt>
<trkpt lat="53.652932" lon="-3.008143"><time>2026-09-20T11:32:59Z</time></trkpt>
<trkpt lat="53.652946" lon="-3.008154"><time>2026-09-20T11:33:00Z</time></trkpt>
<trkpt lat="53.652954" lon="-3.008156"><time>2026-09-20T11:33:01Z</time></trkpt>
<trkpt lat="53.652979" lon="-3.008178"><time>2026-09-20T11:33:02Z</time></trkpt>
<trkpt lat="53.652994" lon="-3.008181"><time>2026-09-20T11:33:03Z</time></trkpt>
<trkpt lat="53.653002" lon="-3.008189"><time>2026-09-20T11:33:04Z</time></trkpt>
<trkpt lat="53.653022" lon="-3.008198"><time>2026-09-20T11:33:05Z</time></trkpt>
<trkpt lat="53.653036" lon="-3.008205"><time>2026-09-20T11:33:06Z</time></trkpt>
<trkpt lat="53.653052" lon="-3.008221"><time>2026-09-20T11:33:07Z</time></trkpt>
<trkpt lat="53.653070" lon="-3.008219"><time>2026-09-20T11:33:08Z</time></trkpt>
<trkpt lat="53.653084" lon="-3.008231"><time>2026-09-20T11:33:09Z</time></trkpt>
<trkpt lat="53.653100" lon="-3.008245"><time>2026-09-20T11:33:10Z</time></trkpt>
<trkpt lat="53.653105" lon="-3.008251"><time>2026-09-20T11:33:11Z</time></trkpt>
<trkpt lat="53.653125" lon="-3.008243"><time>2026-09-20T11:33:12Z</time></trkpt>
<trkpt lat="53.653144" lon="-3.008257"><time>2026-09-20T11:33:13Z</time></trkpt>
<trkpt lat="53.653151" lon="-3.008272"><time>2026-09-20T11:33:14Z</time></trkpt>
<trkpt lat="53.653165" lon="-3.008270"><time>2026-09-20T11:33:15Z</time></trkpt>
<trkpt lat="53.653179" lon="-3.008274"><time>2026-09-20T11:33:16Z</time></trkpt>
<trkpt lat="53.653198" lon="-3.008279"><time>2026-09-20T11:33:17Z</time></trkpt>
<trkpt lat="53.653202" lon="-3.008246"><time>2026-09-20T11:33:18Z</time></trkpt>
<trkpt lat="53.653211" lon="-3.008217"><time>2026-09-20T11:33:19Z</time></trkpt>
<trkpt lat="53.653223" lon="-3.008171"><time>2026-09-20T11:33:20Z</time></trkpt>
<trkpt lat="53.653227" lon="-3.008150"><time>2026-09-20T11:33:21Z</time></trkpt>
<trkpt lat="53.653234" lon="-3.008118"><time>2026-09-20T11:33:22Z</time></trkpt>
<trkpt lat="53.653242" lon="-3.008078"><time>2026-09-20T11:33:23Z</time></trkpt>
<trkpt lat="53.653250" lon="-3.008059"><time>2026-09-20T11:33:24Z</time></trkpt>
<trkpt lat="53.653260" lon="-3.008017"><time>2026-09-20T11:33:25Z</time></trkpt>
<trkpt lat="53.653265" lon="-3.007993"><time>2026-09-20T11:33:26Z</time></trkpt>
<trkpt lat="53.653275" lon="-3.007947"><time>2026-09-20T11:33:27Z</time></trkpt>
<trkpt lat="53.653287" lon="-3.007923"><time>2026-09-20T11:33:28Z</time></trkpt>
<trkpt lat="53.653291" lon="-3.007879"><time>2026-09-20T11:33:29Z</time></trkpt>
<trkpt lat="53.653299" lon="-3.007863"><time>2026-09-20T11:33:30Z</time></trkpt>
<trkpt lat="53.653305" lon="-3.007825"><time>2026-09-20T11:33:31Z</time></trkpt>
<trkpt lat="53.653308" lon="-3.007797"><time>2026-09-20T11:33:32Z</time></trkpt>
<trkpt lat="53.653295" lon="-3.007789"><time>2026-09-20T11:33:33Z</time></trkpt>
<trkpt lat="53.653273" lon="-3.007795"><time>2026-09-20T11:33:34Z</time></trkpt>
<trkpt lat="53.653254" lon="-3.007799"><time>2026-09-20T11:33:35Z</time></trkpt>
<trkpt lat="53.653236" lon="-3.007794"><time>2026-09-20T11:33:36Z</time></trkpt>
<trkpt lat="53.653220" lon="-3.007798"><time>2026-09-20T11:33:37Z</time></trkpt>
<trkpt lat="53.653205" lon="-3.007797"><time>2026-09-20T11:33:38Z</time></trkpt>
<trkpt lat="53.653185" lon="-3.007805"><time>2026-09-20T11:33:39Z</time></trkpt>
<trkpt lat="53.653160" lon="-3.007805"><time>2026-09-20T11:33:40Z</time></trkpt>
<trkpt lat="53.653142" lon="-3.007804"><time>2026-09-20T11:33:41Z</time></trkpt>
<trkpt lat="53.653120" lon="-3.007819"><time>2026-09-20T11:33:42Z</time></trkpt>
<trkpt lat="53.653105" lon="-3.007820"><time>2026-09-20T11:33:43Z</time></trkpt>
<trkpt lat="53.653085" lon="-3.007809"><time>2026-09-20T11:33:44Z</time></trkpt>
<trkpt lat="53.653063" lon="-3.007818"><time>2026-09-20T11:33:45Z</time></trkpt>
<trkpt lat="53.653050" lon="-3.007823"><time>2026-09-20T11:33:46Z</time></trkpt>
<trkpt lat="53.653024" lon="-3.007814"><time>2026-09-20T11:33:47Z</time></trkpt>
<trkpt lat="53.653003" lon="-3.007814"><time>2026-09-20T11:33:48Z</time></trkpt>
<trkpt lat="53.652985" lon="-3.007826"><time>2026-09-20T11:33:49Z</time></trkpt>
<trkpt lat="53.652963" lon="-3.007833"><time>2026-09-20T11:33:50Z</time></trkpt>
<trkpt lat="53.652946" lon="-3.007823"><time>2026-09-20T11:33:51Z</time></trkpt>
<trkpt lat="53.652934" lon="-3.007831"><time>2026-09-20T11:33:52Z</time></trkpt>
<trkpt lat="53.652908" lon="-3.007834"><time>2026-09-20T11:33:53Z</time></trkpt>
<trkpt lat="53.652889" lon="-3.007831"><time>2026-09-20T11:33:54Z</time></trkpt>
<trkpt lat="53.652871" lon="-3.007834"><time>2026-09-20T11:33:55Z</time></trkpt>
<trkpt lat="53.652849" lon="-3.007830"><time>2026-09-20T11:33:56Z</time></trkpt>
<trkpt lat="53.652829" lon="-3.007844"><time>2026-09-20T11:33:57Z</time></trkpt>
<trkpt lat="53.652812" lon="-3.007844"><time>2026-09-20T11:33:58Z</time></trkpt>
<trkpt lat="53.652793" lon="-3.007840"><time>2026-09-20T11:33:59Z</time></trkpt>
<trkpt lat="53.652773" lon="-3.007835"><time>2026-09-20T11:34:00Z</time></trkpt>
<trkpt lat="53.652758" lon="-3.007834"><time>2026-09-20T11:34:01Z</time></trkpt>
<trkpt lat="53.652743" lon="-3.007839"><time>2026-09-20T11:34:02Z</time></trkpt>
<trkpt lat="53.652716" lon="-3.007845"><time>2026-09-20T11:34:03Z</time></trkpt>
<trkpt lat="53.652700" lon="-3.007850"><time>2026-09-20T11:34:04Z</time></trkpt>
<trkpt lat="53.652686" lon="-3.007840"><time>2026-09-20T11:34:05Z</time></trkpt>
<trkpt lat="53.652669" lon="-3.007850"><time>2026-09-20T11:34:06Z</time></trkpt>
<trkpt lat="53.652648" lon="-3.007844"><time>2026-09-20T11:34:07Z</time></trkpt>
<trkpt lat="53.652631" lon="-3.007851"><time>2026-09-20T11:34:08Z</time></trkpt>
<trkpt lat="53.652612" lon="-3.007854"><time>2026-09-20T11:34:09Z</time></trkpt>
<trkpt lat="53.652594" lon="-3.007857"><time>2026-09-20T11:34:10Z</time></trkpt>
<trkpt lat="53.652582" lon="-3.007862"><time>2026-09-20T11:34:11Z</time></trkpt>
<trkpt lat="53.652559" lon="-3.007869"><time>2026-09-20T11:34:12Z</time></trkpt>
<trkpt lat="53.652547" lon="-3.007853"><time>2026-09-20T11:34:13Z</time></trkpt>
<trkpt lat="53.652524" lon="-3.007866"><time>2026-09-20T11:34:14Z</time></trkpt>
<trkpt lat="53.652516" lon="-3.007863"><time>2026-09-20T11:34:15Z</time></trkpt>
<trkpt lat="53.652492" lon="-3.007859"><time>2026-09-20T11:34:16Z</time></trkpt>
<trkpt lat="53.652478" lon="-3.007862"><time>2026-09-20T11:34:17Z</time></trkpt>
<trkpt lat="53.652462" lon="-3.007860"><time>2026-09-20T11:34:18Z</time></trkpt>
<trkpt lat="53.652440" lon="-3.007879"><time>2026-09-20T11:34:19Z</time></trkpt>
<trkpt lat="53.652423" lon="-3.007880"><time>2026-09-20T11:34:20Z</time></trkpt>
<trkpt lat="53.652412" lon="-3.007866"><time>2026-09-20T11:34:21Z</time></trkpt>
<trkpt lat="53.652388" lon="-3.007867"><time>2026-09-20T11:34:22Z</time></trkpt>
<trkpt lat="53.652375" lon="-3.007884"><time>2026-09-20T11:34:23Z</time></trkpt>
<trkpt lat="53.652361" lon="-3.007885"><time>2026-09-20T11:34:24Z</time></trkpt>
<trkpt lat="53.652336" lon="-3.007877"><time>2026-09-20T11:34:25Z</time></trkpt>
<trkpt lat="53.652323" lon="-3.007873"><time>2026-09-20T11:34:26Z</time></trkpt>
<trkpt lat="53.652302" lon="-3.007875"><time>2026-09-20T11:34:27Z</time></trkpt>
<trkpt lat="53.652290" lon="-3.007888"><time>2026-09-20T11:34:28Z</time></trkpt>
<trkpt lat="53.652267" lon="-3.007885"><time>2026-09-20T11:34:29Z</time></trkpt>
<trkpt lat="53.652245" lon="-3.007891"><time>2026-09-20T11:34:30Z</time></trkpt>
<trkpt lat="53.652230" lon="-3.007895"><time>2026-09-20T11:34:31Z</time></trkpt>
<trkpt lat="53.652215" lon="-3.007895"><time>2026-09-20T11:34:32Z</time></trkpt>
<trkpt lat="53.652192" lon="-3.007896"><time>2026-09-20T11:34:33Z</time></trkpt>
<trkpt lat="53.652171" lon="-3.007888"><time>2026-09-20T11:34:34Z</time></trkpt>
<trkpt lat="53.652155" lon="-3.007890"><time>2026-09-20T11:34:35Z</time></trkpt>
<trkpt lat="53.652142" lon="-3.007892"><time>2026-09-20T11:34:36Z</time></trkpt>
<trkpt lat="53.652116" lon="-3.007899"><time>2026-09-20T11:34:37Z</time></trkpt>
<trkpt lat="53.652101" lon="-3.007906"><time>2026-09-20T11:34:38Z</time></trkpt>
<trkpt lat="53.652081" lon="-3.007905"><time>2026-09-20T11:34:39Z</time></trkpt>
<trkpt lat="53.652061" lon="-3.007904"><time>2026-09-20T11:34:40Z</time></trkpt>
<trkpt lat="53.652042" lon="-3.007900"><time>2026-09-20T11:34:41Z</time></trkpt>
<trkpt lat="53.652017" lon="-3.007916"><time>2026-09-20T11:34:42Z</time></trkpt>
<trkpt lat="53.652001" lon="-3.007914"><time>2026-09-20T11:34:43Z</time></trkpt>
<trkpt lat="53.651984" lon="-3.007917"><time>2026-09-20T11:34:44Z</time></trkpt>
<trkpt lat="53.651964" lon="-3.007909"><time>2026-09-20T11:34:45Z</time></trkpt>
<trkpt lat="53.651946" lon="-3.007914"><time>2026-09-20T11:34:46Z</time></trkpt>
<trkpt lat="53.651926" lon="-3.007917"><time>2026-09-20T11:34:47Z</time></trkpt>
<trkpt lat="53.651909" lon="-3.007924"><time>2026-09-20T11:34:48Z</time></trkpt>
<trkpt lat="53.651881" lon="-3.007916"><time>2026-09-20T11:34:49Z</time></trkpt>
<trkpt lat="53.651866" lon="-3.007913"><time>2026-09-20T11:34:50Z</time></trkpt>
<trkpt lat="53.651845" lon="-3.007929"><time>2026-09-20T11:34:51Z</time></trkpt>
<trkpt lat="53.651823" lon="-3.007932"><time>2026-09-20T11:34:52Z</time></trkpt>
<trkpt lat="53.651807" lon="-3.007928"><time>2026-09-20T11:34:53Z</time></trkpt>
<trkpt lat="53.651785" lon="-3.007926"><time>2026-09-20T11:34:54Z</time></trkpt>
<trkpt lat="53.651768" lon="-3.007926"><time>2026-09-20T11:34:55Z</time></trkpt>
<trkpt lat="53.651747" lon="-3.007941"><time>2026-09-20T11:34:56Z</time></trkpt>
<trkpt lat="53.651738" lon="-3.007928"><time>2026-09-20T11:34:57Z</time></trkpt>
<trkpt lat="53.651718" lon="-3.007930"><time>2026-09-20T11:34:58Z</time></trkpt>
<trkpt lat="53.651702" lon="-3.007935"><time>2026-09-20T11:34:59Z</time></trkpt>
<trkpt lat="53.651674" lon="-3.007933"><time>2026-09-20T11:35:00Z</time></trkpt>
<trkpt lat="53.651665" lon="-3.007935"><time>2026-09-20T11:35:01Z</time></trkpt>
<trkpt lat="53.651643" lon="-3.007949"><time>2026-09-20T11:35:02Z</time></trkpt>
<trkpt lat="53.651627" lon="-3.007950"><time>2026-09-20T11:35:03Z</time></trkpt>
<trkpt lat="53.651610" lon="-3.007951"><time>2026-09-20T11:35:04Z</time></trkpt>
<trkpt lat="53.651590" lon="-3.007953"><time>2026-09-20T11:35:05Z</time></trkpt>
<trkpt lat="53.651575" lon="-3.007942"><time>2026-09-20T11:35:06Z</time></trkpt>
<trkpt lat="53.651556" lon="-3.007943"><time>2026-09-20T11:35:07Z</time></trkpt>
<trkpt lat="53.651534" lon="-3.007943"><time>2026-09-20T11:35:08Z</time></trkpt>
<trkpt lat="53.651519" lon="-3.007954"><time>2026-09-20T11:35:09Z</time></trkpt>
<trkpt lat="53.651507" lon="-3.007960"><time>2026-09-20T11:35:10Z</time></trkpt>
<trkpt lat="53.651487" lon="-3.007956"><time>2026-09-20T11:35:11Z</time></trkpt>
<trkpt lat="53.651473" lon="-3.007949"><time>2026-09-20T11:35:12Z</time></trkpt>
<trkpt lat="53.651456" lon="-3.007960"><time>2026-09-20T11:35:13Z</time></trkpt>
<trkpt lat="53.651440" lon="-3.007964"><time>2026-09-20T11:35:14Z</time></trkpt>
<trkpt lat="53.651431" lon="-3.007986"><time>2026-09-20T11:35:15Z</time></trkpt>
<trkpt lat="53.651424" lon="-3.007992"><time>2026-09-20T11:35:16Z</time></trkpt>
<trkpt lat="53.651423" lon="-3.008014"><time>2026-09-20T11:35:17Z</time></trkpt>
<trkpt lat="53.651412" lon="-3.008024"><time>2026-09-20T11:35:18Z</time></trkpt>
<trkpt lat="53.651396" lon="-3.008039"><time>2026-09-20T11:35:19Z</time></trkpt>
<trkpt lat="53.651395" lon="-3.008069"><time>2026-09-20T11:35:20Z</time></trkpt>
<trkpt lat="53.651380" lon="-3.008086"><time>2026-09-20T11:35:21Z</time></trkpt>
<trkpt lat="53.651368" lon="-3.008107"><time>2026-09-20T11:35:22Z</time></trkpt>
<trkpt lat="53.651354" lon="-3.008118"><time>2026-09-20T11:35:23Z</time></trkpt>
<trkpt lat="53.651346" lon="-3.008149"><time>2026-09-20T11:35:24Z</time></trkpt>
<trkpt lat="53.651333" lon="-3.008168"><time>2026-09-20T11:35:25Z</time></trkpt>
<trkpt lat="53.651321" lon="-3.008202"><time>2026-09-20T11:35:26Z</time></trkpt>
<trkpt lat="53.651305" lon="-3.008208"><time>2026-09-20T11:35:27Z</time></trkpt>
<trkpt lat="53.651297" lon="-3.008236"><time>2026-09-20T11:35:28Z</time></trkpt>
<trkpt lat="53.651277" lon="-3.008267"><time>2026-09-20T11:35:29Z</time></trkpt>
<trkpt lat="53.651270" lon="-3.008276"><time>2026-09-20T11:35:30Z</time></trkpt>
<trkpt lat="53.651258" lon="-3.008311"><time>2026-09-20T11:35:31Z</time></trkpt>
<trkpt lat="53.651240" lon="-3.008337"><time>2026-09-20T11:35:32Z</time></trkpt>
<trkpt lat="53.651224" lon="-3.008361"><time>2026-09-20T11:35:33Z</time></trkpt>
<trkpt lat="53.651218" lon="-3.008371"><time>2026-09-20T11:35:34Z</time></trkpt>
<trkpt lat="53.651205" lon="-3.008400"><time>2026-09-20T11:35:35Z</time></trkpt>
<trkpt lat="53.651188" lon="-3.008422"><time>2026-09-20T11:35:36Z</time></trkpt>
<trkpt lat="53.651180" lon="-3.008447"><time>2026-09-20T11:35:37Z</time></trkpt>
<trkpt lat="53.651162" lon="-3.008471"><time>2026-09-20T11:35:38Z</time></trkpt>
<trkpt lat="53.651149" lon="-3.008501"><time>2026-09-20T11:35:39Z</time></trkpt>
<trkpt lat="53.651132" lon="-3.008517"><time>2026-09-20T11:35:40Z</time></trkpt>
<trkpt lat="53.651127" lon="-3.008549"><time>2026-09-20T11:35:41Z</time></trkpt>
<trkpt lat="53.651113" lon="-3.008578"><time>2026-09-20T11:35:42Z</time></trkpt>
<trkpt lat="53.651094" lon="-3.008588"><time>2026-09-20T11:35:43Z</time></trkpt>
<trkpt lat="53.651087" lon="-3.008625"><time>2026-09-20T11:35:44Z</time></trkpt>
<trkpt lat="53.651065" lon="-3.008644"><time>2026-09-20T11:35:45Z</time></trkpt>
<trkpt lat="53.651051" lon="-3.008662"><time>2026-09-20T11:35:46Z</time></trkpt>
<trkpt lat="53.651043" lon="-3.008692"><time>2026-09-20T11:35:47Z</time></trkpt>
<trkpt lat="53.651029" lon="-3.008710"><time>2026-09-20T11:35:48Z</time></trkpt>
<trkpt lat="53.651015" lon="-3.008741"><time>2026-09-20T11:35:49Z</time></trkpt>
<trkpt lat="53.651008" lon="-3.008768"><time>2026-09-20T11:35:50Z</time></trkpt>
<trkpt lat="53.650992" lon="-3.008777"><time>2026-09-20T11:35:51Z</time></trkpt>
<trkpt lat="53.650975" lon="-3.008803"><time>2026-09-20T11:35:52Z</time></trkpt>
<trkpt lat="53.650969" lon="-3.008829"><time>2026-09-20T11:35:53Z</time></trkpt>
<trkpt lat="53.650957" lon="-3.008862"><time>2026-09-20T11:35:54Z</time></trkpt>
<trkpt lat="53.650940" lon="-3.008887"><time>2026-09-20T11:35:55Z</time></trkpt>
<trkpt lat="53.650929" lon="-3.008894"><time>2026-09-20T11:35:56Z</time></trkpt>
<trkpt lat="53.650916" lon="-3.008925"><time>2026-09-20T11:35:57Z</time></trkpt>
<trkpt lat="53.650904" lon="-3.008951"><time>2026-09-20T11:35:58Z</time></trkpt>
<trkpt lat="53.650892" lon="-3.008960"><time>2026-09-20T11:35:59Z</time></trkpt>
<trkpt lat="53.650873" lon="-3.008980"><time>2026-09-20T11:36:00Z</time></trkpt>
<trkpt lat="53.650869" lon="-3.009005"><time>2026-09-20T11:36:01Z</time></trkpt>
<trkpt lat="53.650850" lon="-3.009039"><time>2026-09-20T11:36:02Z</time></trkpt>
<trkpt lat="53.650841" lon="-3.009057"><time>2026-09-20T11:36:03Z</time></trkpt>
<trkpt lat="53.650828" lon="-3.009070"><time>2026-09-20T11:36:04Z</time></trkpt>
<trkpt lat="53.650817" lon="-3.009091"><time>2026-09-20T11:36:05Z</time></trkpt>
<trkpt lat="53.650812" lon="-3.009110"><time>2026-09-20T11:36:06Z</time></trkpt>
<trkpt lat="53.650796" lon="-3.009146"><time>2026-09-20T11:36:07Z</time></trkpt>
<trkpt lat="53.650788" lon="-3.009165"><time>2026-09-20T11:36:08Z</time></trkpt>
<trkpt lat="53.650776" lon="-3.009172"><time>2026-09-20T11:36:09Z</time></trkpt>
<trkpt lat="53.650762" lon="-3.009199"><time>2026-09-20T11:36:10Z</time></trkpt>
<trkpt lat="53.650747" lon="-3.009214"><time>2026-09-20T11:36:11Z</time></trkpt>
<trkpt lat="53.650732" lon="-3.009245"><time>2026-09-20T11:36:12Z</time></trkpt>
<trkpt lat="53.650728" lon="-3.009257"><time>2026-09-20T11:36:13Z</time></trkpt>
<trkpt lat="53.650718" lon="-3.009292"><time>2026-09-20T11:36:14Z</time></trkpt>
<trkpt lat="53.650705" lon="-3.009307"><time>2026-09-20T11:36:15Z</time></trkpt>
<trkpt lat="53.650694" lon="-3.009329"><time>2026-09-20T11:36:16Z</time></trkpt>
<trkpt lat="53.650673" lon="-3.009360"><time>2026-09-20T11:36:17Z</time></trkpt>
<trkpt lat="53.650667" lon="-3.009375"><time>2026-09-20T11:36:18Z</time></trkpt>
<trkpt lat="53.650651" lon="-3.009396"><time>2026-09-20T11:36:19Z</time></trkpt>
<trkpt lat="53.650645" lon="-3.009416"><time>2026-09-20T11:36:20Z</time></trkpt>
<trkpt lat="53.650631" lon="-3.009443"><time>2026-09-20T11:36:21Z</time></trkpt>
<trkpt lat="53.650621" lon="-3.009463"><time>2026-09-20T11:36:22Z</time></trkpt>
<trkpt lat="53.650601" lon="-3.009475"><time>2026-09-20T11:36:23Z</time></trkpt>
<trkpt lat="53.650590" lon="-3.009510"><time>2026-09-20T11:36:24Z</time></trkpt>
<trkpt lat="53.650578" lon="-3.009534"><time>2026-09-20T11:36:25Z</time></trkpt>
<trkpt lat="53.650565" lon="-3.009557"><time>2026-09-20T11:36:26Z</time></trkpt>
<trkpt lat="53.650553" lon="-3.009567"><time>2026-09-20T11:36:27Z</time></trkpt>
<trkpt lat="53.650545" lon="-3.009592"><time>2026-09-20T11:36:28Z</time></trkpt>
<trkpt lat="53.650534" lon="-3.009622"><time>2026-09-20T11:36:29Z</time></trkpt>
<trkpt lat="53.650516" lon="-3.009641"><time>2026-09-20T11:36:30Z</time></trkpt>
<trkpt lat="53.650502" lon="-3.009672"><time>2026-09-20T11:36:31Z</time></trkpt>
<trkpt lat="53.650495" lon="-3.009693"><time>2026-09-20T11:36:32Z</time></trkpt>
<trkpt lat="53.650478" lon="-3.009712"><time>2026-09-20T11:36:33Z</time></trkpt>
<trkpt lat="53.650467" lon="-3.009731"><time>2026-09-20T11:36:34Z</time></trkpt>
<trkpt lat="53.650451" lon="-3.009758"><time>2026-09-20T11:36:35Z</time></trkpt>
<trkpt lat="53.650437" lon="-3.009790"><time>2026-09-20T11:36:36Z</time></trkpt>
<trkpt lat="53.650425" lon="-3.009820"><time>2026-09-20T11:36:37Z</time></trkpt>
<trkpt lat="53.650413" lon="-3.009833"><time>2026-09-20T11:36:38Z</time></trkpt>
<trkpt lat="53.650394" lon="-3.009862"><time>2026-09-20T11:36:39Z</time></trkpt>
<trkpt lat="53.650380" lon="-3.009878"><time>2026-09-20T11:36:40Z</time></trkpt>
<trkpt lat="53.650369" lon="-3.009915"><time>2026-09-20T11:36:41Z</time></trkpt>
<trkpt lat="53.650353" lon="-3.009929"><time>2026-09-20T11:36:42Z</time></trkpt>
<trkpt lat="53.650339" lon="-3.009949"><time>2026-09-20T11:36:43Z</time></trkpt>
<trkpt lat="53.650333" lon="-3.009984"><time>2026-09-20T11:36:44Z</time></trkpt>
<trkpt lat="53.650315" lon="-3.010001"><time>2026-09-20T11:36:45Z</time></trkpt>
<trkpt lat="53.650301" lon="-3.010026"><time>2026-09-20T11:36:46Z</time></trkpt>
<trkpt lat="53.650288" lon="-3.010031"><time>2026-09-20T11:36:47Z</time></trkpt>
<trkpt lat="53.650279" lon="-3.010030"><time>2026-09-20T11:36:48Z</time></trkpt>
<trkpt lat="53.650270" lon="-3.010030"><time>2026-09-20T11:36:49Z</time></trkpt>
<trkpt lat="53.650258" lon="-3.010042"><time>2026-09-20T11:36:50Z</time></trkpt>
<trkpt lat="53.650244" lon="-3.010040"><time>2026-09-20T11:36:51Z</time></trkpt>
<trkpt lat="53.650220" lon="-3.010044"><time>2026-09-20T11:36:52Z</time></trkpt>
<trkpt lat="53.650213" lon="-3.010036"><time>2026-09-20T11:36:53Z</time></trkpt>
<trkpt lat="53.650193" lon="-3.010039"><time>2026-09-20T11:36:54Z</time></trkpt>
<trkpt lat="53.650169" lon="-3.010045"><time>2026-09-20T11:36:55Z</time></trkpt>
<trkpt lat="53.650159" lon="-3.010050"><time>2026-09-20T11:36:56Z</time></trkpt>
<trkpt lat="53.650132" lon="-3.010044"><time>2026-09-20T11:36:57Z</time></trkpt>
<trkpt lat="53.650120" lon="-3.010053"><time>2026-09-20T11:36:58Z</time></trkpt>
<trkpt lat="53.650101" lon="-3.010047"><time>2026-09-20T11:36:59Z</time></trkpt>
<trkpt lat="53.650088" lon="-3.010050"><time>2026-09-20T11:37:00Z</time></trkpt>
<trkpt lat="53.650072" lon="-3.010047"><time>2026-09-20T11:37:01Z</time></trkpt>
<trkpt lat="53.650052" lon="-3.010055"><time>2026-09-20T11:37:02Z</time></trkpt>
<trkpt lat="53.650033" lon="-3.010048"><time>2026-09-20T11:37:03Z</time></trkpt>
<trkpt lat="53.650021" lon="-3.010056"><time>2026-09-20T11:37:04Z</time></trkpt>
<trkpt lat="53.649999" lon="-3.010067"><time>2026-09-20T11:37:05Z</time></trkpt>
<trkpt lat="53.649982" lon="-3.010057"><time>2026-09-20T11:37:06Z</time></trkpt>
<trkpt lat="53.649966" lon="-3.010064"><time>2026-09-20T11:37:07Z</time></trkpt>
<trkpt lat="53.649952" lon="-3.010057"><time>2026-09-20T11:37:08Z</time></trkpt>
<trkpt lat="53.649934" lon="-3.010072"><time>2026-09-20T11:37:09Z</time></trkpt>
<trkpt lat="53.649913" lon="-3.010067"><time>2026-09-20T11:37:10Z</time></trkpt>
<trkpt lat="53.649902" lon="-3.010073"><time>2026-09-20T11:37:11Z</time></trkpt>
<trkpt lat="53.649878" lon="-3.010071"><time>2026-09-20T11:37:12Z</time></trkpt>
<trkpt lat="53.649868" lon="-3.010066"><time>2026-09-20T11:37:13Z</time></trkpt>
<trkpt lat="53.649848" lon="-3.010079"><time>2026-09-20T11:37:14Z</time></trkpt>
<trkpt lat="53.649831" lon="-3.010084"><time>2026-09-20T11:37:15Z</time></trkpt>
<trkpt lat="53.649809" lon="-3.010083"><time>2026-09-20T11:37:16Z</time></trkpt>
<trkpt lat="53.649788" lon="-3.010074"><time>2026-09-20T11:37:17Z</time></trkpt>
<trkpt lat="53.649780" lon="-3.010080"><time>2026-09-20T11:37:18Z</time></trkpt>
<trkpt lat="53.649758" lon="-3.010088"><time>2026-09-20T11:37:19Z</time></trkpt>
<trkpt lat="53.649741" lon="-3.010088"><time>2026-09-20T11:37:20Z</time></trkpt>
<trkpt lat="53.649716" lon="-3.010076"><time>2026-09-20T11:37:21Z</time></trkpt>
<trkpt lat="53.649705" lon="-3.010090"><time>2026-09-20T11:37:22Z</time></trkpt>
<trkpt lat="53.649689" lon="-3.010086"><time>2026-09-20T11:37:23Z</time></trkpt>
<trkpt lat="53.649669" lon="-3.010082"><time>2026-09-20T11:37:24Z</time></trkpt>
<trkpt lat="53.649640" lon="-3.010097"><time>2026-09-20T11:37:25Z</time></trkpt>
<trkpt lat="53.649621" lon="-3.010094"><time>2026-09-20T11:37:26Z</time></trkpt>
<trkpt lat="53.649605" lon="-3.010092"><time>2026-09-20T11:37:27Z</time></trkpt>
<trkpt lat="53.649591" lon="-3.010095"><time>2026-09-20T11:37:28Z</time></trkpt>
<trkpt lat="53.649570" lon="-3.010105"><time>2026-09-20T11:37:29Z</time></trkpt>
<trkpt lat="53.649546" lon="-3.010096"><time>2026-09-20T11:37:30Z</time></trkpt>
<trkpt lat="53.649529" lon="-3.010099"><time>2026-09-20T11:37:31Z</time></trkpt>
<trkpt lat="53.649510" lon="-3.010109"><time>2026-09-20T11:37:32Z</time></trkpt>
<trkpt lat="53.649493" lon="-3.010098"><time>2026-09-20T11:37:33Z</time></trkpt>
<trkpt lat="53.649476" lon="-3.010105"><time>2026-09-20T11:37:34Z</time></trkpt>
<trkpt lat="53.649454" lon="-3.010115"><time>2026-09-20T11:37:35Z</time></trkpt>
<trkpt lat="53.649429" lon="-3.010103"><time>2026-09-20T11:37:36Z</time></trkpt>
<trkpt lat="53.649410" lon="-3.010106"><time>2026-09-20T11:37:37Z</time></trkpt>
<trkpt lat="53.649389" lon="-3.010117"><time>2026-09-20T11:37:38Z</time></trkpt>
<trkpt lat="53.649373" lon="-3.010118"><time>2026-09-20T11:37:39Z</time></trkpt>
<trkpt lat="53.649350" lon="-3.010111"><time>2026-09-20T11:37:40Z</time></trkpt>
<trkpt lat="53.649339" lon="-3.010126"><time>2026-09-20T11:37:41Z</time></trkpt>
<trkpt lat="53.649311" lon="-3.010113"><time>2026-09-20T11:37:42Z</time></trkpt>
<trkpt lat="53.649295" lon="-3.010129"><time>2026-09-20T11:37:43Z</time></trkpt>
<trkpt lat="53.649283" lon="-3.010129"><time>2026-09-20T11:37:44Z</time></trkpt>
<trkpt lat="53.649264" lon="-3.010119"><time>2026-09-20T11:37:45Z</time></trkpt>
<trkpt lat="53.649244" lon="-3.010126"><time>2026-09-20T11:37:46Z</time></trkpt>
<trkpt lat="53.649218" lon="-3.010130"><time>2026-09-20T11:37:47Z</time></trkpt>
<trkpt lat="53.649204" lon="-3.010128"><time>2026-09-20T11:37:48Z</time></trkpt>
<trkpt lat="53.649188" lon="-3.010135"><time>2026-09-20T11:37:49Z</time></trkpt>
<trkpt lat="53.649169" lon="-3.010139"><time>2026-09-20T11:37:50Z</time></trkpt>
<trkpt lat="53.649153" lon="-3.010133"><time>2026-09-20T11:37:51Z</time></trkpt>
<trkpt lat="53.649136" lon="-3.010136"><time>2026-09-20T11:37:52Z</time></trkpt>
<trkpt lat="53.649110" lon="-3.010131"><time>2026-09-20T11:37:53Z</time></trkpt>
<trkpt lat="53.649095" lon="-3.010140"><time>2026-09-20T11:37:54Z</time></trkpt>
<trkpt lat="53.649077" lon="-3.010134"><time>2026-09-20T11:37:55Z</time></trkpt>
<trkpt lat="53.649063" lon="-3.010151"><time>2026-09-20T11:37:56Z</time></trkpt>
<trkpt lat="53.649041" lon="-3.010148"><time>2026-09-20T11:37:57Z</time></trkpt>
<trkpt lat="53.649024" lon="-3.010144"><time>2026-09-20T11:37:58Z</time></trkpt>
<trkpt lat="53.649004" lon="-3.010155"><time>2026-09-20T11:37:59Z</time></trkpt>
<trkpt lat="53.648991" lon="-3.010156"><time>2026-09-20T11:38:00Z</time></trkpt>
<trkpt lat="53.648977" lon="-3.010155"><time>2026-09-20T11:38:01Z</time></trkpt>
<trkpt lat="53.648956" lon="-3.010159"><time>2026-09-20T11:38:02Z</time></trkpt>
<trkpt lat="53.648946" lon="-3.010161"><time>2026-09-20T11:38:03Z</time></trkpt>
<trkpt lat="53.648926" lon="-3.010159"><time>2026-09-20T11:38:04Z</time></trkpt>
<trkpt lat="53.648904" lon="-3.010163"><time>2026-09-20T11:38:05Z</time></trkpt>
<trkpt lat="53.648886" lon="-3.010158"><time>2026-09-20T11:38:06Z</time></trkpt>
<trkpt lat="53.648873" lon="-3.010156"><time>2026-09-20T11:38:07Z</time></trkpt>
<trkpt lat="53.648850" lon="-3.010166"><time>2026-09-20T11:38:08Z</time></trkpt>
<trkpt lat="53.648838" lon="-3.010165"><time>2026-09-20T11:38:09Z</time></trkpt>
<trkpt lat="53.648822" lon="-3.010160"><time>2026-09-20T11:38:10Z</time></trkpt>
<trkpt lat="53.648803" lon="-3.010171"><time>2026-09-20T11:38:11Z</time></trkpt>
<trkpt lat="53.648784" lon="-3.010164"><time>2026-09-20T11:38:12Z</time></trkpt>
<trkpt lat="53.648767" lon="-3.010177"><time>2026-09-20T11:38:13Z</time></trkpt>
<trkpt lat="53.648751" lon="-3.010166"><time>2026-09-20T11:38:14Z</time></trkpt>
<trkpt lat="53.648734" lon="-3.010171"><time>2026-09-20T11:38:15Z</time></trkpt>
<trkpt lat="53.648711" lon="-3.010169"><time>2026-09-20T11:38:16Z</time></trkpt>
<trkpt lat="53.648697" lon="-3.010177"><time>2026-09-20T11:38:17Z</time></trkpt>
<trkpt lat="53.648673" lon="-3.010169"><time>2026-09-20T11:38:18Z</time></trkpt>
<trkpt lat="53.648658" lon="-3.010185"><time>2026-09-20T11:38:19Z</time></trkpt>
<trkpt lat="53.648638" lon="-3.010173"><time>2026-09-20T11:38:20Z</time></trkpt>
<trkpt lat="53.648626" lon="-3.010177"><time>2026-09-20T11:38:21Z</time></trkpt>
<trkpt lat="53.648611" lon="-3.010202"><time>2026-09-20T11:38:22Z</time></trkpt>
<trkpt lat="53.648608" lon="-3.010209"><time>2026-09-20T11:38:23Z</time></trkpt>
<trkpt lat="53.648602" lon="-3.010227"><time>2026-09-20T11:38:24Z</time></trkpt>
<trkpt lat="53.648591" lon="-3.010244"><time>2026-09-20T11:38:25Z</time></trkpt>
<trkpt lat="53.648581" lon="-3.010256"><time>2026-09-20T11:38:26Z</time></trkpt>
<trkpt lat="53.648570" lon="-3.010288"><time>2026-09-20T11:38:27Z</time></trkpt>
<trkpt lat="53.648558" lon="-3.010300"><time>2026-09-20T11:38:28Z</time></trkpt>
<trkpt lat="53.648536" lon="-3.010326"><time>2026-09-20T11:38:29Z</time></trkpt>
<trkpt lat="53.648528" lon="-3.010362"><time>2026-09-20T11:38:30Z</time></trkpt>
<trkpt lat="53.648518" lon="-3.010388"><time>2026-09-20T11:38:31Z</time></trkpt>
<trkpt lat="53.648505" lon="-3.010399"><time>2026-09-20T11:38:32Z</time></trkpt>
<trkpt lat="53.648490" lon="-3.010427"><time>2026-09-20T11:38:33Z</time></trkpt>
<trkpt lat="53.648473" lon="-3.010461"><time>2026-09-20T11:38:34Z</time></trkpt>
<trkpt lat="53.648459" lon="-3.010471"><time>2026-09-20T11:38:35Z</time></trkpt>
<trkpt lat="53.648448" lon="-3.010508"><time>2026-09-20T11:38:36Z</time></trkpt>
<trkpt lat="53.648433" lon="-3.010516"><time>2026-09-20T11:38:37Z</time></trkpt>
<trkpt lat="53.648416" lon="-3.010543"><time>2026-09-20T11:38:38Z</time></trkpt>
<trkpt lat="53.648413" lon="-3.010574"><time>2026-09-20T11:38:39Z</time></trkpt>
<trkpt lat="53.648391" lon="-3.010591"><time>2026-09-20T11:38:40Z</time></trkpt>
<trkpt lat="53.648387" lon="-3.010617"><time>2026-09-20T11:38:41Z</time></trkpt>
<trkpt lat="53.648369" lon="-3.010644"><time>2026-09-20T11:38:42Z</time></trkpt>
<trkpt lat="53.648354" lon="-3.010671"><time>2026-09-20T11:38:43Z</time></trkpt>
<trkpt lat="53.648339" lon="-3.010686"><time>2026-09-20T11:38:44Z</time></trkpt>
<trkpt lat="53.648334" lon="-3.010710"><time>2026-09-20T11:38:45Z</time></trkpt>
<trkpt lat="53.648317" lon="-3.010725"><time>2026-09-20T11:38:46Z</time></trkpt>
<trkpt lat="53.648303" lon="-3.010762"><time>2026-09-20T11:38:47Z</time></trkpt>
<trkpt lat="53.648296" lon="-3.010785"><time>2026-09-20T11:38:48Z</time></trkpt>
<trkpt lat="53.648278" lon="-3.010792"><time>2026-09-20T11:38:49Z</time></trkpt>
<trkpt lat="53.648274" lon="-3.010814"><time>2026-09-20T11:38:50Z</time></trkpt>
<trkpt lat="53.648262" lon="-3.010836"><time>2026-09-20T11:38:51Z</time></trkpt>
<trkpt lat="53.648242" lon="-3.010868"><time>2026-09-20T11:38:52Z</time></trkpt>
<trkpt lat="53.648230" lon="-3.010879"><time>2026-09-20T11:38:53Z</time></trkpt>
<trkpt lat="53.648223" lon="-3.010912"><time>2026-09-20T11:38:54Z</time></trkpt>
<trkpt lat="53.648210" lon="-3.010934"><time>2026-09-20T11:38:55Z</time></trkpt>
<trkpt lat="53.648204" lon="-3.010954"><time>2026-09-20T11:38:56Z</time></trkpt>
<trkpt lat="53.648184" lon="-3.010962"><time>2026-09-20T11:38:57Z</time></trkpt>
<trkpt lat="53.648180" lon="-3.010987"><time>2026-09-20T11:38:58Z</time></trkpt>
<trkpt lat="53.648162" lon="-3.011010"><time>2026-09-20T11:38:59Z</time></trkpt>
<trkpt lat="53.648154" lon="-3.011024"><time>2026-09-20T11:39:00Z</time></trkpt>
<trkpt lat="53.648136" lon="-3.011045"><time>2026-09-20T11:39:01Z</time></trkpt>
<trkpt lat="53.648131" lon="-3.011073"><time>2026-09-20T11:39:02Z</time></trkpt>
<trkpt lat="53.648113" lon="-3.011088"><time>2026-09-20T11:39:03Z</time></trkpt>
<trkpt lat="53.648105" lon="-3.011111"><time>2026-09-20T11:39:04Z</time></trkpt>
<trkpt lat="53.648097" lon="-3.011145"><time>2026-09-20T11:39:05Z</time></trkpt>
<trkpt lat="53.648078" lon="-3.011164"><time>2026-09-20T11:39:06Z</time></trkpt>
<trkpt lat="53.648070" lon="-3.011180"><time>2026-09-20T11:39:07Z</time></trkpt>
<trkpt lat="53.648059" lon="-3.011203"><time>2026-09-20T11:39:08Z</time></trkpt>
<trkpt lat="53.648044" lon="-3.011219"><time>2026-09-20T11:39:09Z</time></trkpt>
<trkpt lat="53.648029" lon="-3.011250"><time>2026-09-20T11:39:10Z</time></trkpt>
<trkpt lat="53.648017" lon="-3.011262"><time>2026-09-20T11:39:11Z</time></trkpt>
<trkpt lat="53.648010" lon="-3.011290"><time>2026-09-20T11:39:12Z</time></trkpt>
<trkpt lat="53.647992" lon="-3.011313"><time>2026-09-20T11:39:13Z</time></trkpt>
<trkpt lat="53.647980" lon="-3.011330"><time>2026-09-20T11:39:14Z</time></trkpt>
<trkpt lat="53.647971" lon="-3.011357"><time>2026-09-20T11:39:15Z</time></trkpt>
<trkpt lat="53.647959" lon="-3.011387"><time>2026-09-20T11:39:16Z</time></trkpt>
<trkpt lat="53.647943" lon="-3.011413"><time>2026-09-20T11:39:17Z</time></trkpt>
<trkpt lat="53.647928" lon="-3.011427"><time>2026-09-20T11:39:18Z</time></trkpt>
<trkpt lat="53.647919" lon="-3.011452"><time>2026-09-20T11:39:19Z</time></trkpt>
<trkpt lat="53.647906" lon="-3.011471"><time>2026-09-20T11:39:20Z</time></trkpt>
<trkpt lat="53.647890" lon="-3.011493"><time>2026-09-20T11:39:21Z</time></trkpt>
<trkpt lat="53.647877" lon="-3.011525"><time>2026-09-20T11:39:22Z</time></trkpt>
<trkpt lat="53.647870" lon="-3.011548"><time>2026-09-20T11:39:23Z</time></trkpt>
<trkpt lat="53.647859" lon="-3.011576"><time>2026-09-20T11:39:24Z</time></trkpt>
<trkpt lat="53.647845" lon="-3.011593"><time>2026-09-20T11:39:25Z</time></trkpt>
<trkpt lat="53.647823" lon="-3.011612"><time>2026-09-20T11:39:26Z</time></trkpt>
<trkpt lat="53.647818" lon="-3.011650"><time>2026-09-20T11:39:27Z</time></trkpt>
<trkpt lat="53.647796" lon="-3.011664"><time>2026-09-20T11:39:28Z</time></trkpt>
<trkpt lat="53.647789" lon="-3.011698"><time>2026-09-20T11:39:29Z</time></trkpt>
<trkpt lat="53.647774" lon="-3.011718"><time>2026-09-20T11:39:30Z</time></trkpt>
<trkpt lat="53.647765" lon="-3.011740"><time>2026-09-20T11:39:31Z</time></trkpt>
<trkpt lat="53.647752" lon="-3.011756"><time>2026-09-20T11:39:32Z</time></trkpt>
<trkpt lat="53.647733" lon="-3.011780"><time>2026-09-20T11:39:33Z</time></trkpt>
<trkpt lat="53.647721" lon="-3.011813"><time>2026-09-20T11:39:34Z</time></trkpt>
<trkpt lat="53.647710" lon="-3.011833"><time>2026-09-20T11:39:35Z</time></trkpt>
<trkpt lat="53.647690" lon="-3.011852"><time>2026-09-20T11:39:36Z</time></trkpt>
<trkpt lat="53.647688" lon="-3.011878"><time>2026-09-20T11:39:37Z</time></trkpt>
<trkpt lat="53.647665" lon="-3.011901"><time>2026-09-20T11:39:38Z</time></trkpt>
<trkpt lat="53.647652" lon="-3.011923"><time>2026-09-20T11:39:39Z</time></trkpt>
<trkpt lat="53.647647" lon="-3.011944"><time>2026-09-20T11:39:40Z</time></trkpt>
<trkpt lat="53.647630" lon="-3.011968"><time>2026-09-20T11:39:41Z</time></trkpt>
<trkpt lat="53.647616" lon="-3.012004"><time>2026-09-20T11:39:42Z</time></trkpt>
<trkpt lat="53.647607" lon="-3.012025"><time>2026-09-20T11:39:43Z</time></trkpt>
<trkpt lat="53.647591" lon="-3.012045"><time>2026-09-20T11:39:44Z</time></trkpt>
<trkpt lat="53.647578" lon="-3.012064"><time>2026-09-20T11:39:45Z</time></trkpt>
<trkpt lat="53.647557" lon="-3.012061"><time>2026-09-20T11:39:46Z</time></trkpt>
<trkpt lat="53.647544" lon="-3.012043"><time>2026-09-20T11:39:47Z</time></trkpt>
<trkpt lat="53.647521" lon="-3.012027"><time>2026-09-20T11:39:48Z</time></trkpt>
<trkpt lat="53.647502" lon="-3.012032"><time>2026-09-20T11:39:49Z</time></trkpt>
<trkpt lat="53.647479" lon="-3.012019"><time>2026-09-20T11:39:50Z</time></trkpt>
<trkpt lat="53.647455" lon="-3.012000"><time>2026-09-20T11:39:51Z</time></trkpt>
<trkpt lat="53.647440" lon="-3.012003"><time>2026-09-20T11:39:52Z</time></trkpt>
<trkpt lat="53.647414" lon="-3.011983"><time>2026-09-20T11:39:53Z</time></trkpt>
<trkpt lat="53.647395" lon="-3.011983"><time>2026-09-20T11:39:54Z</time></trkpt>
<trkpt lat="53.647380" lon="-3.011967"><time>2026-09-20T11:39:55Z</time></trkpt>
<trkpt lat="53.647360" lon="-3.011957"><time>2026-09-20T11:39:56Z</time></trkpt>
<trkpt lat="53.647337" lon="-3.011949"><time>2026-09-20T11:39:57Z</time></trkpt>
<trkpt lat="53.647316" lon="-3.011940"><time>2026-09-20T11:39:58Z</time></trkpt>
<trkpt lat="53.647300" lon="-3.011935"><time>2026-09-20T11:39:59Z</time></trkpt>
<trkpt lat="53.647315" lon="-3.011946"><time>2026-09-20T11:40:00Z</time></trkpt>
<trkpt lat="53.647328" lon="-3.011945"><time>2026-09-20T11:40:01Z</time></trkpt>
<trkpt lat="53.647352" lon="-3.011952"><time>2026-09-20T11:40:02Z</time></trkpt>
<trkpt lat="53.647367" lon="-3.011967"><time>2026-09-20T11:40:03Z</time></trkpt>
<trkpt lat="53.647371" lon="-3.011969"><time>2026-09-20T11:40:04Z</time></trkpt>
<trkpt lat="53.647386" lon="-3.011983"><time>2026-09-20T11:40:05Z</time></trkpt>
<trkpt lat="53.647405" lon="-3.011980"><time>2026-09-20T11:40:06Z</time></trkpt>
<trkpt lat="53.647421" lon="-3.011989"><time>2026-09-20T11:40:07Z</time></trkpt>
<trkpt lat="53.647430" lon="-3.011996"><time>2026-09-20T11:40:08Z</time></trkpt>
<trkpt lat="53.647451" lon="-3.012010"><time>2026-09-20T11:40:09Z</time></trkpt>
<trkpt lat="53.647461" lon="-3.012015"><time>2026-09-20T11:40:10Z</time></trkpt>
<trkpt lat="53.647483" lon="-3.012028"><time>2026-09-20T11:40:11Z</time></trkpt>
<trkpt lat="53.647497" lon="-3.012034"><time>2026-09-20T11:40:12Z</time></trkpt>
<trkpt lat="53.647515" lon="-3.012051"><time>2026-09-20T11:40:13Z</time></trkpt>
<trkpt lat="53.647527" lon="-3.012046"><time>2026-09-20T11:40:14Z</time></trkpt>
<trkpt lat="53.647541" lon="-3.012050"><time>2026-09-20T11:40:15Z</time></trkpt>
<trkpt lat="53.647555" lon="-3.012076"><time>2026-09-20T11:40:16Z</time></trkpt>
<trkpt lat="53.647569" lon="-3.012073"><time>2026-09-20T11:40:17Z</time></trkpt>
<trkpt lat="53.647593" lon="-3.012077"><time>2026-09-20T11:40:18Z</time></trkpt>
<trkpt lat="53.647603" lon="-3.012100"><time>2026-09-20T11:40:19Z</time></trkpt>
<trkpt lat="53.647624" lon="-3.012091"><time>2026-09-20T11:40:20Z</time></trkpt>
<trkpt lat="53.647633" lon="-3.012102"><time>2026-09-20T11:40:21Z</time></trkpt>
<trkpt lat="53.647651" lon="-3.012118"><time>2026-09-20T11:40:22Z</time></trkpt>
<trkpt lat="53.647670" lon="-3.012116"><time>2026-09-20T11:40:23Z</time></trkpt>
<trkpt lat="53.647687" lon="-3.012132"><time>2026-09-20T11:40:24Z</time></trkpt>
<trkpt lat="53.647701" lon="-3.012144"><time>2026-09-20T11:40:25Z</time></trkpt>
<trkpt lat="53.647714" lon="-3.012153"><time>2026-09-20T11:40:26Z</time></trkpt>
<trkpt lat="53.647731" lon="-3.012152"><time>2026-09-20T11:40:27Z</time></trkpt>
<trkpt lat="53.647753" lon="-3.012158"><time>2026-09-20T11:40:28Z</time></trkpt>
<trkpt lat="53.647772" lon="-3.012183"><time>2026-09-20T11:40:29Z</time></trkpt>
<trkpt lat="53.647786" lon="-3.012187"><time>2026-09-20T11:40:30Z</time></trkpt>
<trkpt lat="53.647797" lon="-3.012194"><time>2026-09-20T11:40:31Z</time></trkpt>
<trkpt lat="53.647816" lon="-3.012201"><time>2026-09-20T11:40:32Z</time></trkpt>
<trkpt lat="53.647833" lon="-3.012209"><time>2026-09-20T11:40:33Z</time></trkpt>
<trkpt lat="53.647845" lon="-3.012223"><time>2026-09-20T11:40:34Z</time></trkpt>
<trkpt lat="53.647861" lon="-3.012222"><time>2026-09-20T11:40:35Z</time></trkpt>
<trkpt lat="53.647881" lon="-3.012238"><time>2026-09-20T11:40:36Z</time></trkpt>
<trkpt lat="53.647896" lon="-3.012240"><time>2026-09-20T11:40:37Z</time></trkpt>
<trkpt lat="53.647907" lon="-3.012253"><time>2026-09-20T11:40:38Z</time></trkpt>
<trkpt lat="53.647927" lon="-3.012260"><time>2026-09-20T11:40:39Z</time></trkpt>
<trkpt lat="53.647940" lon="-3.012258"><time>2026-09-20T11:40:40Z</time></trkpt>
<trkpt lat="53.647956" lon="-3.012267"><time>2026-09-20T11:40:41Z</time></trkpt>
<trkpt lat="53.647971" lon="-3.012270"><time>2026-09-20T11:40:42Z</time></trkpt>
<trkpt lat="53.647986" lon="-3.012291"><time>2026-09-20T11:40:43Z</time></trkpt>
<trkpt lat="53.647997" lon="-3.012293"><time>2026-09-20T11:40:44Z</time></trkpt>
<trkpt lat="53.648014" lon="-3.012304"><time>2026-09-20T11:40:45Z</time></trkpt>
<trkpt lat="53.648022" lon="-3.012314"><time>2026-09-20T11:40:46Z</time></trkpt>
<trkpt lat="53.648043" lon="-3.012319"><time>2026-09-20T11:40:47Z</time></trkpt>
<trkpt lat="53.648049" lon="-3.012315"><time>2026-09-20T11:40:48Z</time></trkpt>
<trkpt lat="53.648063" lon="-3.012329"><time>2026-09-20T11:40:49Z</time></trkpt>
<trkpt lat="53.648079" lon="-3.012333"><time>2026-09-20T11:40:50Z</time></trkpt>
<trkpt lat="53.648099" lon="-3.012335"><time>2026-09-20T11:40:51Z</time></trkpt>
<trkpt lat="53.648111" lon="-3.012356"><time>2026-09-20T11:40:52Z</time></trkpt>
<trkpt lat="53.648122" lon="-3.012353"><time>2026-09-20T11:40:53Z</time></trkpt>
<trkpt lat="53.648142" lon="-3.012368"><time>2026-09-20T11:40:54Z</time></trkpt>
<trkpt lat="53.648149" lon="-3.012377"><time>2026-09-20T11:40:55Z</time></trkpt>
<trkpt lat="53.648169" lon="-3.012383"><time>2026-09-20T11:40:56Z</time></trkpt>
<trkpt lat="53.648179" lon="-3.012383"><time>2026-09-20T11:40:57Z</time></trkpt>
<trkpt lat="53.648192" lon="-3.012392"><time>2026-09-20T11:40:58Z</time></trkpt>
<trkpt lat="53.648207" lon="-3.012404"><time>2026-09-20T11:40:59Z</time></trkpt>
<trkpt lat="53.648220" lon="-3.012412"><time>2026-09-20T11:41:00Z</time></trkpt>
<trkpt lat="53.648238" lon="-3.012409"><time>2026-09-20T11:41:01Z</time></trkpt>
<trkpt lat="53.648253" lon="-3.012420"><time>2026-09-20T11:41:02Z</time></trkpt>
<trkpt lat="53.648269" lon="-3.012425"><time>2026-09-20T11:41:03Z</time></trkpt>
<trkpt lat="53.648286" lon="-3.012449"><time>2026-09-20T11:41:04Z</time></trkpt>
<trkpt lat="53.648292" lon="-3.012446"><time>2026-09-20T11:41:05Z</time></trkpt>
<trkpt lat="53.648306" lon="-3.012447"><time>2026-09-20T11:41:06Z</time></trkpt>
<trkpt lat="53.648325" lon="-3.012459"><time>2026-09-20T11:41:07Z</time></trkpt>
<trkpt lat="53.648341" lon="-3.012480"><time>2026-09-20T11:41:08Z</time></trkpt>
<trkpt lat="53.648362" lon="-3.012485"><time>2026-09-20T11:41:09Z</time></trkpt>
<trkpt lat="53.648371" lon="-3.012485"><time>2026-09-20T11:41:10Z</time></trkpt>
<trkpt lat="53.648391" lon="-3.012501"><time>2026-09-20T11:41:11Z</time></trkpt>
<trkpt lat="53.648402" lon="-3.012500"><time>2026-09-20T11:41:12Z</time></trkpt>
<trkpt lat="53.648416" lon="-3.012509"><time>2026-09-20T11:41:13Z</time></trkpt>
<trkpt lat="53.648440" lon="-3.012511"><time>2026-09-20T11:41:14Z</time></trkpt>
<trkpt lat="53.648448" lon="-3.012536"><time>2026-09-20T11:41:15Z</time></trkpt>
<trkpt lat="53.648467" lon="-3.012542"><time>2026-09-20T11:41:16Z</time></trkpt>
<trkpt lat="53.648479" lon="-3.012553"><time>2026-09-20T11:41:17Z</time></trkpt>
<trkpt lat="53.648505" lon="-3.012546"><time>2026-09-20T11:41:18Z</time></trkpt>
<trkpt lat="53.648513" lon="-3.012558"><time>2026-09-20T11:41:19Z</time></trkpt>
<trkpt lat="53.648528" lon="-3.012567"><time>2026-09-20T11:41:20Z</time></trkpt>
<trkpt lat="53.648544" lon="-3.012575"><time>2026-09-20T11:41:21Z</time></trkpt>
<trkpt lat="53.648558" lon="-3.012565"><time>2026-09-20T11:41:22Z</time></trkpt>
<trkpt lat="53.648558" lon="-3.012547"><time>2026-09-20T11:41:23Z</time></trkpt>
<trkpt lat="53.648564" lon="-3.012530"><time>2026-09-20T11:41:24Z</time></trkpt>
<trkpt lat="53.648571" lon="-3.012514"><time>2026-09-20T11:41:25Z</time></trkpt>
<trkpt lat="53.648570" lon="-3.012500"><time>2026-09-20T11:41:26Z</time></trkpt>
<trkpt lat="53.648573" lon="-3.012472"><time>2026-09-20T11:41:27Z</time></trkpt>
<trkpt lat="53.648584" lon="-3.012454"><time>2026-09-20T11:41:28Z</time></trkpt>
<trkpt lat="53.648586" lon="-3.012417"><time>2026-09-20T11:41:29Z</time></trkpt>
<trkpt lat="53.648597" lon="-3.012398"><time>2026-09-20T11:41:30Z</time></trkpt>
<trkpt lat="53.648603" lon="-3.012379"><time>2026-09-20T11:41:31Z</time></trkpt>
<trkpt lat="53.648607" lon="-3.012344"><time>2026-09-20T11:41:32Z</time></trkpt>
<trkpt lat="53.648611" lon="-3.012322"><time>2026-09-20T11:41:33Z</time></trkpt>
<trkpt lat="53.648624" lon="-3.012297"><time>2026-09-20T11:41:34Z</time></trkpt>
<trkpt lat="53.648633" lon="-3.012273"><time>2026-09-20T11:41:35Z</time></trkpt>
<trkpt lat="53.648634" lon="-3.012252"><time>2026-09-20T11:41:36Z</time></trkpt>
<trkpt lat="53.648639" lon="-3.012219"><time>2026-09-20T11:41:37Z</time></trkpt>
<trkpt lat="53.648644" lon="-3.012205"><time>2026-09-20T11:41:38Z</time></trkpt>
<trkpt lat="53.648657" lon="-3.012186"><time>2026-09-20T11:41:39Z</time></trkpt>
<trkpt lat="53.648663" lon="-3.012153"><time>2026-09-20T11:41:40Z</time></trkpt>
<trkpt lat="53.648667" lon="-3.012135"><time>2026-09-20T11:41:41Z</time></trkpt>
<trkpt lat="53.648676" lon="-3.012105"><time>2026-09-20T11:41:42Z</time></trkpt>
<trkpt lat="53.648673" lon="-3.012085"><time>2026-09-20T11:41:43Z</time></trkpt>
<trkpt lat="53.648687" lon="-3.012070"><time>2026-09-20T11:41:44Z</time></trkpt>
<trkpt lat="53.648683" lon="-3.012033"><time>2026-09-20T11:41:45Z</time></trkpt>
<trkpt lat="53.648695" lon="-3.012017"><time>2026-09-20T11:41:46Z</time></trkpt>
<trkpt lat="53.648700" lon="-3.011985"><time>2026-09-20T11:41:47Z</time></trkpt>
<trkpt lat="53.648708" lon="-3.011963"><time>2026-09-20T11:41:48Z</time></trkpt>
<trkpt lat="53.648716" lon="-3.011938"><time>2026-09-20T11:41:49Z</time></trkpt>
<trkpt lat="53.648712" lon="-3.011915"><time>2026-09-20T11:41:50Z</time></trkpt>
<trkpt lat="53.648725" lon="-3.011896"><time>2026-09-20T11:41:51Z</time></trkpt>
<trkpt lat="53.648726" lon="-3.011874"><time>2026-09-20T11:41:52Z</time></trkpt>
<trkpt lat="53.648730" lon="-3.011858"><time>2026-09-20T11:41:53Z</time></trkpt>
<trkpt lat="53.648739" lon="-3.011827"><time>2026-09-20T11:41:54Z</time></trkpt>
<trkpt lat="53.648745" lon="-3.011806"><time>2026-09-20T11:41:55Z</time></trkpt>
<trkpt lat="53.648747" lon="-3.011786"><time>2026-09-20T11:41:56Z</time></trkpt>
<trkpt lat="53.648754" lon="-3.011758"><time>2026-09-20T11:41:57Z</time></trkpt>
<trkpt lat="53.648764" lon="-3.011737"><time>2026-09-20T11:41:58Z</time></trkpt>
<trkpt lat="53.648772" lon="-3.011720"><time>2026-09-20T11:41:59Z</time></trkpt>
<trkpt lat="53.648770" lon="-3.011695"><time>2026-09-20T11:42:00Z</time></trkpt>
<trkpt lat="53.648786" lon="-3.011659"><time>2026-09-20T11:42:01Z</time></trkpt>
<trkpt lat="53.648786" lon="-3.011645"><time>2026-09-20T11:42:02Z</time></trkpt>
<trkpt lat="53.648795" lon="-3.011620"><time>2026-09-20T11:42:03Z</time></trkpt>
<trkpt lat="53.648796" lon="-3.011600"><time>2026-09-20T11:42:04Z</time></trkpt>
<trkpt lat="53.648802" lon="-3.011575"><time>2026-09-20T11:42:05Z</time></trkpt>
<trkpt lat="53.648807" lon="-3.011543"><time>2026-09-20T11:42:06Z</time></trkpt>
<trkpt lat="53.648814" lon="-3.011510"><time>2026-09-20T11:42:07Z</time></trkpt>
<trkpt lat="53.648822" lon="-3.011485"><time>2026-09-20T11:42:08Z</time></trkpt>
<trkpt lat="53.648834" lon="-3.011464"><time>2026-09-20T11:42:09Z</time></trkpt>
<trkpt lat="53.648841" lon="-3.011440"><time>2026-09-20T11:42:10Z</time></trkpt>
<trkpt lat="53.648842" lon="-3.011419"><time>2026-09-20T11:42:11Z</time></trkpt>
<trkpt lat="53.648849" lon="-3.011383"><time>2026-09-20T11:42:12Z</time></trkpt>
<trkpt lat="53.648857" lon="-3.011371"><time>2026-09-20T11:42:13Z</time></trkpt>
<trkpt lat="53.648865" lon="-3.011335"><time>2026-09-20T11:42:14Z</time></trkpt>
<trkpt lat="53.648867" lon="-3.011305"><time>2026-09-20T11:42:15Z</time></trkpt>
<trkpt lat="53.648875" lon="-3.011292"><time>2026-09-20T11:42:16Z</time></trkpt>
<trkpt lat="53.648886" lon="-3.011268"><time>2026-09-20T11:42:17Z</time></trkpt>
<trkpt lat="53.648914" lon="-3.011293"><time>2026-09-20T11:42:18Z</time></trkpt>
<trkpt lat="53.648934" lon="-3.011298"><time>2026-09-20T11:42:19Z</time></trkpt>
<trkpt lat="53.648955" lon="-3.011304"><time>2026-09-20T11:42:20Z</time></trkpt>
<trkpt lat="53.648978" lon="-3.011322"><time>2026-09-20T11:42:21Z</time></trkpt>
<trkpt lat="53.648999" lon="-3.011339"><time>2026-09-20T11:42:22Z</time></trkpt>
<trkpt lat="53.649025" lon="-3.011352"><time>2026-09-20T11:42:23Z</time></trkpt>
<trkpt lat="53.649046" lon="-3.011350"><time>2026-09-20T11:42:24Z</time></trkpt>
<trkpt lat="53.649072" lon="-3.011376"><time>2026-09-20T11:42:25Z</time></trkpt>
<trkpt lat="53.649091" lon="-3.011378"><time>2026-09-20T11:42:26Z</time></trkpt>
<trkpt lat="53.649117" lon="-3.011395"><time>2026-09-20T11:42:27Z</time></trkpt>
<trkpt lat="53.649139" lon="-3.011403"><time>2026-09-20T11:42:28Z</time></trkpt>
<trkpt lat="53.649156" lon="-3.011412"><time>2026-09-20T11:42:29Z</time></trkpt>
<trkpt lat="53.649179" lon="-3.011424"><time>2026-09-20T11:42:30Z</time></trkpt>
<trkpt lat="53.649196" lon="-3.011432"><time>2026-09-20T11:42:31Z</time></trkpt>
<trkpt lat="53.649218" lon="-3.011440"><time>2026-09-20T11:42:32Z</time></trkpt>
<trkpt lat="53.649246" lon="-3.011457"><time>2026-09-20T11:42:33Z</time></trkpt>
<trkpt lat="53.649259" lon="-3.011461"><time>2026-09-20T11:42:34Z</time></trkpt>
<trkpt lat="53.649286" lon="-3.011474"><time>2026-09-20T11:42:35Z</time></trkpt>
<trkpt lat="53.649309" lon="-3.011490"><time>2026-09-20T11:42:36Z</time></trkpt>
<trkpt lat="53.649325" lon="-3.011505"><time>2026-09-20T11:42:37Z</time></trkpt>
<trkpt lat="53.649344" lon="-3.011512"><time>2026-09-20T11:42:38Z</time></trkpt>
<trkpt lat="53.649365" lon="-3.011522"><time>2026-09-20T11:42:39Z</time></trkpt>
<trkpt lat="53.649385" lon="-3.011533"><time>2026-09-20T11:42:40Z</time></trkpt>
<trkpt lat="53.649392" lon="-3.011512"><time>2026-09-20T11:42:41Z</time></trkpt>
<trkpt lat="53.649403" lon="-3.011495"><time>2026-09-20T11:42:42Z</time></trkpt>
<trkpt lat="53.649409" lon="-3.011466"><time>2026-09-20T11:42:43Z</time></trkpt>
<trkpt lat="53.649418" lon="-3.011456"><time>2026-09-20T11:42:44Z</time></trkpt>
<trkpt lat="53.649418" lon="-3.011427"><time>2026-09-20T11:42:45Z</time></trkpt>
<trkpt lat="53.649423" lon="-3.011398"><time>2026-09-20T11:42:46Z</time></trkpt>
<trkpt lat="53.649435" lon="-3.011388"><time>2026-09-20T11:42:47Z</time></trkpt>
<trkpt lat="53.649441" lon="-3.011357"><time>2026-09-20T11:42:48Z</time></trkpt>
<trkpt lat="53.649446" lon="-3.011331"><time>2026-09-20T11:42:49Z</time></trkpt>
<trkpt lat="53.649453" lon="-3.011319"><time>2026-09-20T11:42:50Z</time></trkpt>
<trkpt lat="53.649453" lon="-3.011286"><time>2026-09-20T11:42:51Z</time></trkpt>
<trkpt lat="53.649464" lon="-3.011267"><time>2026-09-20T11:42:52Z</time></trkpt>
<trkpt lat="53.649468" lon="-3.011239"><time>2026-09-20T11:42:53Z</time></trkpt>
<trkpt lat="53.649473" lon="-3.011222"><time>2026-09-20T11:42:54Z</time></trkpt>
<trkpt lat="53.649473" lon="-3.011200"><time>2026-09-20T11:42:55Z</time></trkpt>
<trkpt lat="53.649478" lon="-3.011165"><time>2026-09-20T11:42:56Z</time></trkpt>
<trkpt lat="53.649493" lon="-3.011147"><time>2026-09-20T11:42:57Z</time></trkpt>
<trkpt lat="53.649496" lon="-3.011122"><time>2026-09-20T11:42:58Z</time></trkpt>
<trkpt lat="53.649501" lon="-3.011102"><time>2026-09-20T11:42:59Z</time></trkpt>
<trkpt lat="53.649504" lon="-3.011080"><time>2026-09-20T11:43:00Z</time></trkpt>
<trkpt lat="53.649517" lon="-3.011059"><time>2026-09-20T11:43:01Z</time></trkpt>
<trkpt lat="53.649524" lon="-3.011022"><time>2026-09-20T11:43:02Z</time></trkpt>
<trkpt lat="53.649530" lon="-3.010995"><time>2026-09-20T11:43:03Z</time></trkpt>
<trkpt lat="53.649533" lon="-3.010976"><time>2026-09-20T11:43:04Z</time></trkpt>
<trkpt lat="53.649542" lon="-3.010948"><time>2026-09-20T11:43:05Z</time></trkpt>
<trkpt lat="53.649545" lon="-3.010933"><time>2026-09-20T11:43:06Z</time></trkpt>
<trkpt lat="53.649555" lon="-3.010901"><time>2026-09-20T11:43:07Z</time></trkpt>
<trkpt lat="53.649558" lon="-3.010874"><time>2026-09-20T11:43:08Z</time></trkpt>
<trkpt lat="53.649564" lon="-3.010851"><time>2026-09-20T11:43:09Z</time></trkpt>
<trkpt lat="53.649574" lon="-3.010823"><time>2026-09-20T11:43:10Z</time></trkpt>
<trkpt lat="53.649574" lon="-3.010793"><time>2026-09-20T11:43:11Z</time></trkpt>
<trkpt lat="53.649586" lon="-3.010761"><time>2026-09-20T11:43:12Z</time></trkpt>
<trkpt lat="53.649589" lon="-3.010748"><time>2026-09-20T11:43:13Z</time></trkpt>
<trkpt lat="53.649598" lon="-3.010719"><time>2026-09-20T11:43:14Z</time></trkpt>
<trkpt lat="53.649602" lon="-3.010689"><time>2026-09-20T11:43:15Z</time></trkpt>
<trkpt lat="53.649613" lon="-3.010669"><time>2026-09-20T11:43:16Z</time></trkpt>
<trkpt lat="53.649619" lon="-3.010630"><time>2026-09-20T11:43:17Z</time></trkpt>
<trkpt lat="53.649621" lon="-3.010617"><time>2026-09-20T11:43:18Z</time></trkpt>
<trkpt lat="53.649636" lon="-3.010587"><time>2026-09-20T11:43:19Z</time></trkpt>
<trkpt lat="53.649639" lon="-3.010567"><time>2026-09-20T11:43:20Z</time></trkpt>
<trkpt lat="53.649641" lon="-3.010530"><time>2026-09-20T11:43:21Z</time></trkpt>
<trkpt lat="53.649648" lon="-3.010505"><time>2026-09-20T11:43:22Z</time></trkpt>
<trkpt lat="53.649654" lon="-3.010490"><time>2026-09-20T11:43:23Z</time></trkpt>
<trkpt lat="53.649668" lon="-3.010450"><time>2026-09-20T11:43:24Z</time></trkpt>
<trkpt lat="53.649672" lon="-3.010429"><time>2026-09-20T11:43:25Z</time></trkpt>
<trkpt lat="53.649680" lon="-3.010398"><time>2026-09-20T11:43:26Z</time></trkpt>
<trkpt lat="53.649678" lon="-3.010374"><time>2026-09-20T11:43:27Z</time></trkpt>
<trkpt lat="53.649688" lon="-3.010364"><time>2026-09-20T11:43:28Z</time></trkpt>
<trkpt lat="53.649692" lon="-3.010326"><time>2026-09-20T11:43:29Z</time></trkpt>
<trkpt lat="53.649706" lon="-3.010312"><time>2026-09-20T11:43:30Z</time></trkpt>
<trkpt lat="53.649702" lon="-3.010279"><time>2026-09-20T11:43:31Z</time></trkpt>
<trkpt lat="53.649708" lon="-3.010259"><time>2026-09-20T11:43:32Z</time></trkpt>
<trkpt lat="53.649715" lon="-3.010231"><time>2026-09-20T11:43:33Z</time></trkpt>
<trkpt lat="53.649728" lon="-3.010213"><time>2026-09-20T11:43:34Z</time></trkpt>
<trkpt lat="53.649727" lon="-3.010182"><time>2026-09-20T11:43:35Z</time></trkpt>
<trkpt lat="53.649736" lon="-3.010167"><time>2026-09-20T11:43:36Z</time></trkpt>
<trkpt lat="53.649746" lon="-3.010151"><time>2026-09-20T11:43:37Z</time></trkpt>
<trkpt lat="53.649747" lon="-3.010126"><time>2026-09-20T11:43:38Z</time></trkpt>
<trkpt lat="53.649754" lon="-3.010097"><time>2026-09-20T11:43:39Z</time></trkpt>
<trkpt lat="53.649757" lon="-3.010068"><time>2026-09-20T11:43:40Z</time></trkpt>
<trkpt lat="53.649768" lon="-3.010055"><time>2026-09-20T11:43:41Z</time></trkpt>
<trkpt lat="53.649771" lon="-3.010026"><time>2026-09-20T11:43:42Z</time></trkpt>
<trkpt lat="53.649776" lon="-3.010004"><time>2026-09-20T11:43:43Z</time></trkpt>
<trkpt lat="53.649781" lon="-3.009985"><time>2026-09-20T11:43:44Z</time></trkpt>
<trkpt lat="53.649791" lon="-3.009970"><time>2026-09-20T11:43:45Z</time></trkpt>
<trkpt lat="53.649799" lon="-3.009943"><time>2026-09-20T11:43:46Z</time></trkpt>
<trkpt lat="53.649796" lon="-3.009915"><time>2026-09-20T11:43:47Z</time></trkpt>
<trkpt lat="53.649804" lon="-3.009900"><time>2026-09-20T11:43:48Z</time></trkpt>
<trkpt lat="53.649817" lon="-3.009869"><time>2026-09-20T11:43:49Z</time></trkpt>
<trkpt lat="53.649819" lon="-3.009841"><time>2026-09-20T11:43:50Z</time></trkpt>
<trkpt lat="53.649828" lon="-3.009824"><time>2026-09-20T11:43:51Z</time></trkpt>
<trkpt lat="53.649827" lon="-3.009790"><time>2026-09-20T11:43:52Z</time></trkpt>
<trkpt lat="53.649837" lon="-3.009768"><time>2026-09-20T11:43:53Z</time></trkpt>
<trkpt lat="53.649845" lon="-3.009758"><time>2026-09-20T11:43:54Z</time></trkpt>
<trkpt lat="53.649845" lon="-3.009729"><time>2026-09-20T11:43:55Z</time></trkpt>
<trkpt lat="53.649851" lon="-3.009699"><time>2026-09-20T11:43:56Z</time></trkpt>
<trkpt lat="53.649862" lon="-3.009668"><time>2026-09-20T11:43:57Z</time></trkpt>
<trkpt lat="53.649863" lon="-3.009652"><time>2026-09-20T11:43:58Z</time></trkpt>
<trkpt lat="53.649869" lon="-3.009621"><time>2026-09-20T11:43:59Z</time></trkpt>
<trkpt lat="53.649880" lon="-3.009597"><time>2026-09-20T11:44:00Z</time></trkpt>
<trkpt lat="53.649885" lon="-3.009578"><time>2026-09-20T11:44:01Z</time></trkpt>
<trkpt lat="53.649889" lon="-3.009546"><time>2026-09-20T11:44:02Z</time></trkpt>
<trkpt lat="53.649899" lon="-3.009518"><time>2026-09-20T11:44:03Z</time></trkpt>
<trkpt lat="53.649903" lon="-3.009505"><time>2026-09-20T11:44:04Z</time></trkpt>
<trkpt lat="53.649913" lon="-3.009522"><time>2026-09-20T11:44:05Z</time></trkpt>
<trkpt lat="53.649926" lon="-3.009526"><time>2026-09-20T11:44:06Z</time></trkpt>
<trkpt lat="53.649940" lon="-3.009529"><time>2026-09-20T11:44:07Z</time></trkpt>
<trkpt lat="53.649953" lon="-3.009542"><time>2026-09-20T11:44:08Z</time></trkpt>
<trkpt lat="53.649958" lon="-3.009545"><time>2026-09-20T11:44:09Z</time></trkpt>
<trkpt lat="53.649982" lon="-3.009539"><time>2026-09-20T11:44:10Z</time></trkpt>
<trkpt lat="53.649990" lon="-3.009549"><time>2026-09-20T11:44:11Z</time></trkpt>
<trkpt lat="53.650011" lon="-3.009570"><time>2026-09-20T11:44:12Z</time></trkpt>
<trkpt lat="53.650024" lon="-3.009572"><time>2026-09-20T11:44:13Z</time></trkpt>
<trkpt lat="53.650035" lon="-3.009573"><time>2026-09-20T11:44:14Z</time></trkpt>
<trkpt lat="53.650053" lon="-3.009597"><time>2026-09-20T11:44:15Z</time></trkpt>
<trkpt lat="53.650073" lon="-3.009601"><time>2026-09-20T11:44:16Z</time></trkpt>
<trkpt lat="53.650088" lon="-3.009606"><time>2026-09-20T11:44:17Z</time></trkpt>
<trkpt lat="53.650105" lon="-3.009617"><time>2026-09-20T11:44:18Z</time></trkpt>
<trkpt lat="53.650118" lon="-3.009619"><time>2026-09-20T11:44:19Z</time></trkpt>
<trkpt lat="53.650132" lon="-3.009636"><time>2026-09-20T11:44:20Z</time></trkpt>
<trkpt lat="53.650152" lon="-3.009631"><time>2026-09-20T11:44:21Z</time></trkpt>
<trkpt lat="53.650161" lon="-3.009637"><time>2026-09-20T11:44:22Z</time></trkpt>
<trkpt lat="53.650179" lon="-3.009645"><time>2026-09-20T11:44:23Z</time></trkpt>
<trkpt lat="53.650194" lon="-3.009664"><time>2026-09-20T11:44:24Z</time></trkpt>
<trkpt lat="53.650215" lon="-3.009660"><time>2026-09-20T11:44:25Z</time></trkpt>
<trkpt lat="53.650222" lon="-3.009675"><time>2026-09-20T11:44:26Z</time></trkpt>
<trkpt lat="53.650244" lon="-3.009676"><time>2026-09-20T11:44:27Z</time></trkpt>
<trkpt lat="53.650259" lon="-3.009690"><time>2026-09-20T11:44:28Z</time></trkpt>
<trkpt lat="53.650272" lon="-3.009691"><time>2026-09-20T11:44:29Z</time></trkpt>
<trkpt lat="53.650282" lon="-3.009697"><time>2026-09-20T11:44:30Z</time></trkpt>
<trkpt lat="53.650296" lon="-3.009715"><time>2026-09-20T11:44:31Z</time></trkpt>
<trkpt lat="53.650318" lon="-3.009725"><time>2026-09-20T11:44:32Z</time></trkpt>
<trkpt lat="53.650325" lon="-3.009721"><time>2026-09-20T11:44:33Z</time></trkpt>
<trkpt lat="53.650344" lon="-3.009745"><time>2026-09-20T11:44:34Z</time></trkpt>
<trkpt lat="53.650355" lon="-3.009746"><time>2026-09-20T11:44:35Z</time></trkpt>
<trkpt lat="53.650366" lon="-3.009758"><time>2026-09-20T11:44:36Z</time></trkpt>
<trkpt lat="53.650385" lon="-3.009753"><time>2026-09-20T11:44:37Z</time></trkpt>
<trkpt lat="53.650398" lon="-3.009762"><time>2026-09-20T11:44:38Z</time></trkpt>
<trkpt lat="53.650411" lon="-3.009779"><time>2026-09-20T11:44:39Z</time></trkpt>
<trkpt lat="53.650423" lon="-3.009774"><time>2026-09-20T11:44:40Z</time></trkpt>
<trkpt lat="53.650437" lon="-3.009791"><time>2026-09-20T11:44:41Z</time></trkpt>
<trkpt lat="53.650454" lon="-3.009803"><time>2026-09-20T11:44:42Z</time></trkpt>
<trkpt lat="53.650469" lon="-3.009809"><time>2026-09-20T11:44:43Z</time></trkpt>
<trkpt lat="53.650479" lon="-3.009809"><time>2026-09-20T11:44:44Z</time></trkpt>
<trkpt lat="53.650498" lon="-3.009812"><time>2026-09-20T11:44:45Z</time></trkpt>
<trkpt lat="53.650517" lon="-3.009827"><time>2026-09-20T11:44:46Z</time></trkpt>
<trkpt lat="53.650527" lon="-3.009840"><time>2026-09-20T11:44:47Z</time></trkpt>
<trkpt lat="53.650538" lon="-3.009847"><time>2026-09-20T11:44:48Z</time></trkpt>
<trkpt lat="53.650560" lon="-3.009842"><time>2026-09-20T11:44:49Z</time></trkpt>
<trkpt lat="53.650574" lon="-3.009851"><time>2026-09-20T11:44:50Z</time></trkpt>
<trkpt lat="53.650590" lon="-3.009867"><time>2026-09-20T11:44:51Z</time></trkpt>
<trkpt lat="53.650600" lon="-3.009864"><time>2026-09-20T11:44:52Z</time></trkpt>
<trkpt lat="53.650617" lon="-3.009886"><time>2026-09-20T11:44:53Z</time></trkpt>
<trkpt lat="53.650632" lon="-3.009882"><time>2026-09-20T11:44:54Z</time></trkpt>
<trkpt lat="53.650648" lon="-3.009894"><time>2026-09-20T11:44:55Z</time></trkpt>
<trkpt lat="53.650662" lon="-3.009901"><time>2026-09-20T11:44:56Z</time></trkpt>
<trkpt lat="53.650677" lon="-3.009917"><time>2026-09-20T11:44:57Z</time></trkpt>
<trkpt lat="53.650688" lon="-3.009921"><time>2026-09-20T11:44:58Z</time></trkpt>
<trkpt lat="53.650708" lon="-3.009928"><time>2026-09-20T11:44:59Z</time></trkpt>
<trkpt lat="53.650726" lon="-3.009938"><time>2026-09-20T11:45:00Z</time></trkpt>
<trkpt lat="53.650737" lon="-3.009946"><time>2026-09-20T11:45:01Z</time></trkpt>
<trkpt lat="53.650756" lon="-3.009946"><time>2026-09-20T11:45:02Z</time></trkpt>
<trkpt lat="53.650772" lon="-3.009964"><time>2026-09-20T11:45:03Z</time></trkpt>
<trkpt lat="53.650785" lon="-3.009974"><time>2026-09-20T11:45:04Z</time></trkpt>
<trkpt lat="53.650810" lon="-3.009966"><time>2026-09-20T11:45:05Z</time></trkpt>
<trkpt lat="53.650825" lon="-3.009986"><time>2026-09-20T11:45:06Z</time></trkpt>
<trkpt lat="53.650842" lon="-3.009993"><time>2026-09-20T11:45:07Z</time></trkpt>
<trkpt lat="53.650851" lon="-3.009997"><time>2026-09-20T11:45:08Z</time></trkpt>
<trkpt lat="53.650865" lon="-3.010012"><time>2026-09-20T11:45:09Z</time></trkpt>
<trkpt lat="53.650884" lon="-3.010013"><time>2026-09-20T11:45:10Z</time></trkpt>
<trkpt lat="53.650900" lon="-3.010016"><time>2026-09-20T11:45:11Z</time></trkpt>
<trkpt lat="53.650916" lon="-3.010031"><time>2026-09-20T11:45:12Z</time></trkpt>
<trkpt lat="53.650937" lon="-3.010034"><time>2026-09-20T11:45:13Z</time></trkpt>
<trkpt lat="53.650950" lon="-3.010040"><time>2026-09-20T11:45:14Z</time></trkpt>
<trkpt lat="53.650967" lon="-3.010048"><time>2026-09-20T11:45:15Z</time></trkpt>
<trkpt lat="53.650985" lon="-3.010074"><time>2026-09-20T11:45:16Z</time></trkpt>
<trkpt lat="53.650992" lon="-3.010064"><time>2026-09-20T11:45:17Z</time></trkpt>
<trkpt lat="53.651015" lon="-3.010072"><time>2026-09-20T11:45:18Z</time></trkpt>
<trkpt lat="53.651030" lon="-3.010092"><time>2026-09-20T11:45:19Z</time></trkpt>
<trkpt lat="53.651039" lon="-3.010090"><time>2026-09-20T11:45:20Z</time></trkpt>
<trkpt lat="53.651054" lon="-3.010114"><time>2026-09-20T11:45:21Z</time></trkpt>
<trkpt lat="53.651076" lon="-3.010113"><time>2026-09-20T11:45:22Z</time></trkpt>
<trkpt lat="53.651089" lon="-3.010117"><time>2026-09-20T11:45:23Z</time></trkpt>
<trkpt lat="53.651099" lon="-3.010128"><time>2026-09-20T11:45:24Z</time></trkpt>
<trkpt lat="53.651118" lon="-3.010130"><time>2026-09-20T11:45:25Z</time></trkpt>
<trkpt lat="53.651128" lon="-3.010136"><time>2026-09-20T11:45:26Z</time></trkpt>
<trkpt lat="53.651146" lon="-3.010150"><time>2026-09-20T11:45:27Z</time></trkpt>
<trkpt lat="53.651158" lon="-3.010164"><time>2026-09-20T11:45:28Z</time></trkpt>
<trkpt lat="53.651174" lon="-3.010166"><time>2026-09-20T11:45:29Z</time></trkpt>
<trkpt lat="53.651188" lon="-3.010172"><time>2026-09-20T11:45:30Z</time></trkpt>
<trkpt lat="53.651199" lon="-3.010180"><time>2026-09-20T11:45:31Z</time></trkpt>
<trkpt lat="53.651216" lon="-3.010183"><time>2026-09-20T11:45:32Z</time></trkpt>
<trkpt lat="53.651236" lon="-3.010194"><time>2026-09-20T11:45:33Z</time></trkpt>
<trkpt lat="53.651249" lon="-3.010199"><time>2026-09-20T11:45:34Z</time></trkpt>
<trkpt lat="53.651257" lon="-3.010215"><time>2026-09-20T11:45:35Z</time></trkpt>
<trkpt lat="53.651270" lon="-3.010223"><time>2026-09-20T11:45:36Z</time></trkpt>
<trkpt lat="53.651285" lon="-3.010221"><time>2026-09-20T11:45:37Z</time></trkpt>
<trkpt lat="53.651301" lon="-3.010230"><time>2026-09-20T11:45:38Z</time></trkpt>
<trkpt lat="53.651311" lon="-3.010238"><time>2026-09-20T11:45:39Z</time></trkpt>
<trkpt lat="53.651332" lon="-3.010246"><time>2026-09-20T11:45:40Z</time></trkpt>
<trkpt lat="53.651342" lon="-3.010261"><time>2026-09-20T11:45:41Z</time></trkpt>
<trkpt lat="53.651356" lon="-3.010254"><time>2026-09-20T11:45:42Z</time></trkpt>
<trkpt lat="53.651372" lon="-3.010263"><time>2026-09-20T11:45:43Z</time></trkpt>
<trkpt lat="53.651390" lon="-3.010278"><time>2026-09-20T11:45:44Z</time></trkpt>
<trkpt lat="53.651407" lon="-3.010277"><time>2026-09-20T11:45:45Z</time></trkpt>
<trkpt lat="53.651414" lon="-3.010289"><time>2026-09-20T11:45:46Z</time></trkpt>
<trkpt lat="53.651428" lon="-3.010306"><time>2026-09-20T11:45:47Z</time></trkpt>
<trkpt lat="53.651447" lon="-3.010295"><time>2026-09-20T11:45:48Z</time></trkpt>
<trkpt lat="53.651451" lon="-3.010284"><time>2026-09-20T11:45:49Z</time></trkpt>
<trkpt lat="53.651451" lon="-3.010273"><time>2026-09-20T11:45:50Z</time></trkpt>
<trkpt lat="53.651453" lon="-3.010254"><time>2026-09-20T11:45:51Z</time></trkpt>
<trkpt lat="53.651466" lon="-3.010240"><time>2026-09-20T11:45:52Z</time></trkpt>
<trkpt lat="53.651469" lon="-3.010216"><time>2026-09-20T11:45:53Z</time></trkpt>
<trkpt lat="53.651472" lon="-3.010199"><time>2026-09-20T11:45:54Z</time></trkpt>
<trkpt lat="53.651479" lon="-3.010162"><time>2026-09-20T11:45:55Z</time></trkpt>
<trkpt lat="53.651481" lon="-3.010151"><time>2026-09-20T11:45:56Z</time></trkpt>
<trkpt lat="53.651486" lon="-3.010108"><time>2026-09-20T11:45:57Z</time></trkpt>
<trkpt lat="53.651502" lon="-3.010089"><time>2026-09-20T11:45:58Z</time></trkpt>
<trkpt lat="53.651499" lon="-3.010066"><time>2026-09-20T11:45:59Z</time></trkpt>
<trkpt lat="53.651515" lon="-3.010031"><time>2026-09-20T11:46:00Z</time></trkpt>
<trkpt lat="53.651518" lon="-3.010007"><time>2026-09-20T11:46:01Z</time></trkpt>
<trkpt lat="53.651524" lon="-3.009979"><time>2026-09-20T11:46:02Z</time></trkpt>
<trkpt lat="53.651532" lon="-3.009962"><time>2026-09-20T11:46:03Z</time></trkpt>
<trkpt lat="53.651541" lon="-3.009928"><time>2026-09-20T11:46:04Z</time></trkpt>
<trkpt lat="53.651541" lon="-3.009906"><time>2026-09-20T11:46:05Z</time></trkpt>
<trkpt lat="53.651546" lon="-3.009879"><time>2026-09-20T11:46:06Z</time></trkpt>
<trkpt lat="53.651556" lon="-3.009863"><time>2026-09-20T11:46:07Z</time></trkpt>
<trkpt lat="53.651561" lon="-3.009833"><time>2026-09-20T11:46:08Z</time></trkpt>
<trkpt lat="53.651566" lon="-3.009803"><time>2026-09-20T11:46:09Z</time></trkpt>
<trkpt lat="53.651571" lon="-3.009774"><time>2026-09-20T11:46:10Z</time></trkpt>
<trkpt lat="53.651582" lon="-3.009757"><time>2026-09-20T11:46:11Z</time></trkpt>
<trkpt lat="53.651593" lon="-3.009719"><time>2026-09-20T11:46:12Z</time></trkpt>
<trkpt lat="53.651590" lon="-3.009698"><time>2026-09-20T11:46:13Z</time></trkpt>
<trkpt lat="53.651597" lon="-3.009668"><time>2026-09-20T11:46:14Z</time></trkpt>
<trkpt lat="53.651607" lon="-3.009652"><time>2026-09-20T11:46:15Z</time></trkpt>
<trkpt lat="53.651618" lon="-3.009624"><time>2026-09-20T11:46:16Z</time></trkpt>
<trkpt lat="53.651623" lon="-3.009608"><time>2026-09-20T11:46:17Z</time></trkpt>
<trkpt lat="53.651631" lon="-3.009585"><time>2026-09-20T11:46:18Z</time></trkpt>
<trkpt lat="53.651633" lon="-3.009560"><time>2026-09-20T11:46:19Z</time></trkpt>
<trkpt lat="53.651640" lon="-3.009531"><time>2026-09-20T11:46:20Z</time></trkpt>
<trkpt lat="53.651643" lon="-3.009503"><time>2026-09-20T11:46:21Z</time></trkpt>
<trkpt lat="53.651648" lon="-3.009483"><time>2026-09-20T11:46:22Z</time></trkpt>
<trkpt lat="53.651658" lon="-3.009449"><time>2026-09-20T11:46:23Z</time></trkpt>
<trkpt lat="53.651664" lon="-3.009437"><time>2026-09-20T11:46:24Z</time></trkpt>
<trkpt lat="53.651670" lon="-3.009417"><time>2026-09-20T11:46:25Z</time></trkpt>
<trkpt lat="53.651677" lon="-3.009395"><time>2026-09-20T11:46:26Z</time></trkpt>
<trkpt lat="53.651685" lon="-3.009371"><time>2026-09-20T11:46:27Z</time></trkpt>
<trkpt lat="53.651681" lon="-3.009335"><time>2026-09-20T11:46:28Z</time></trkpt>
<trkpt lat="53.651690" lon="-3.009321"><time>2026-09-20T11:46:29Z</time></trkpt>
<trkpt lat="53.651696" lon="-3.009303"><time>2026-09-20T11:46:30Z</time></trkpt>
<trkpt lat="53.651703" lon="-3.009265"><time>2026-09-20T11:46:31Z</time></trkpt>
<trkpt lat="53.651708" lon="-3.009258"><time>2026-09-20T11:46:32Z</time></trkpt>
<trkpt lat="53.651715" lon="-3.009233"><time>2026-09-20T11:46:33Z</time></trkpt>
<trkpt lat="53.651717" lon="-3.009200"><time>2026-09-20T11:46:34Z</time></trkpt>
<trkpt lat="53.651725" lon="-3.009187"><time>2026-09-20T11:46:35Z</time></trkpt>
<trkpt lat="53.651732" lon="-3.009159"><time>2026-09-20T11:46:36Z</time></trkpt>
<trkpt lat="53.651742" lon="-3.009134"><time>2026-09-20T11:46:37Z</time></trkpt>
<trkpt lat="53.651744" lon="-3.009111"><time>2026-09-20T11:46:38Z</time></trkpt>
<trkpt lat="53.651752" lon="-3.009094"><time>2026-09-20T11:46:39Z</time></trkpt>
<trkpt lat="53.651756" lon="-3.009059"><time>2026-09-20T11:46:40Z</time></trkpt>
<trkpt lat="53.651759" lon="-3.009037"><time>2026-09-20T11:46:41Z</time></trkpt>
<trkpt lat="53.651771" lon="-3.009009"><time>2026-09-20T11:46:42Z</time></trkpt>
<trkpt lat="53.651771" lon="-3.008997"><time>2026-09-20T11:46:43Z</time></trkpt>
<trkpt lat="53.651779" lon="-3.008973"><time>2026-09-20T11:46:44Z</time></trkpt>
<trkpt lat="53.651791" lon="-3.008950"><time>2026-09-20T11:46:45Z</time></trkpt>
<trkpt lat="53.651792" lon="-3.008923"><time>2026-09-20T11:46:46Z</time></trkpt>
<trkpt lat="53.651800" lon="-3.008895"><time>2026-09-20T11:46:47Z</time></trkpt>
<trkpt lat="53.651802" lon="-3.008873"><time>2026-09-20T11:46:48Z</time></trkpt>
<trkpt lat="53.651806" lon="-3.008843"><time>2026-09-20T11:46:49Z</time></trkpt>
<trkpt lat="53.651815" lon="-3.008827"><time>2026-09-20T11:46:50Z</time></trkpt>
<trkpt lat="53.651823" lon="-3.008793"><time>2026-09-20T11:46:51Z</time></trkpt>
<trkpt lat="53.651834" lon="-3.008763"><time>2026-09-20T11:46:52Z</time></trkpt>
<trkpt lat="53.651832" lon="-3.008749"><time>2026-09-20T11:46:53Z</time></trkpt>
<trkpt lat="53.651839" lon="-3.008709"><time>2026-09-20T11:46:54Z</time></trkpt>
<trkpt lat="53.651850" lon="-3.008698"><time>2026-09-20T11:46:55Z</time></trkpt>
<trkpt lat="53.651852" lon="-3.008667"><time>2026-09-20T11:46:56Z</time></trkpt>
<trkpt lat="53.651862" lon="-3.008638"><time>2026-09-20T11:46:57Z</time></trkpt>
<trkpt lat="53.651868" lon="-3.008618"><time>2026-09-20T11:46:58Z</time></trkpt>
<trkpt lat="53.651874" lon="-3.008595"><time>2026-09-20T11:46:59Z</time></trkpt>
<trkpt lat="53.651883" lon="-3.008554"><time>2026-09-20T11:47:00Z</time></trkpt>
<trkpt lat="53.651884" lon="-3.008532"><time>2026-09-20T11:47:01Z</time></trkpt>
<trkpt lat="53.651900" lon="-3.008513"><time>2026-09-20T11:47:02Z</time></trkpt>
<trkpt lat="53.651900" lon="-3.008481"><time>2026-09-20T11:47:03Z</time></trkpt>
<trkpt lat="53.651906" lon="-3.008449"><time>2026-09-20T11:47:04Z</time></trkpt>
<trkpt lat="53.651911" lon="-3.008423"><time>2026-09-20T11:47:05Z</time></trkpt>
<trkpt lat="53.651924" lon="-3.008406"><time>2026-09-20T11:47:06Z</time></trkpt>
<trkpt lat="53.651933" lon="-3.008380"><time>2026-09-20T11:47:07Z</time></trkpt>
<trkpt lat="53.651931" lon="-3.008351"><time>2026-09-20T11:47:08Z</time></trkpt>
<trkpt lat="53.651938" lon="-3.008328"><time>2026-09-20T11:47:09Z</time></trkpt>
<trkpt lat="53.651948" lon="-3.008294"><time>2026-09-20T11:47:10Z</time></trkpt>
<trkpt lat="53.651954" lon="-3.008279"><time>2026-09-20T11:47:11Z</time></trkpt>
<trkpt lat="53.651960" lon="-3.008242"><time>2026-09-20T11:47:12Z</time></trkpt>
<trkpt lat="53.651961" lon="-3.008232"><time>2026-09-20T11:47:13Z</time></trkpt>
<trkpt lat="53.651975" lon="-3.008209"><time>2026-09-20T11:47:14Z</time></trkpt>
<trkpt lat="53.651980" lon="-3.008181"><time>2026-09-20T11:47:15Z</time></trkpt>
<trkpt lat="53.651981" lon="-3.008160"><time>2026-09-20T11:47:16Z</time></trkpt>
<trkpt lat="53.651993" lon="-3.008130"><time>2026-09-20T11:47:17Z</time></trkpt>
<trkpt lat="53.651995" lon="-3.008102"><time>2026-09-20T11:47:18Z</time></trkpt>
<trkpt lat="53.652000" lon="-3.008089"><time>2026-09-20T11:47:19Z</time></trkpt>
<trkpt lat="53.652013" lon="-3.008060"><time>2026-09-20T11:47:20Z</time></trkpt>
<trkpt lat="53.652017" lon="-3.008041"><time>2026-09-20T11:47:21Z</time></trkpt>
<trkpt lat="53.652022" lon="-3.008002"><time>2026-09-20T11:47:22Z</time></trkpt>
<trkpt lat="53.652023" lon="-3.007983"><time>2026-09-20T11:47:23Z</time></trkpt>
<trkpt lat="53.652037" lon="-3.007956"><time>2026-09-20T11:47:24Z</time></trkpt>
<trkpt lat="53.652035" lon="-3.007944"><time>2026-09-20T11:47:25Z</time></trkpt>
<trkpt lat="53.652044" lon="-3.007911"><time>2026-09-20T11:47:26Z</time></trkpt>
<trkpt lat="53.652048" lon="-3.007893"><time>2026-09-20T11:47:27Z</time></trkpt>
<trkpt lat="53.652050" lon="-3.007871"><time>2026-09-20T11:47:28Z</time></trkpt>
<trkpt lat="53.652065" lon="-3.007842"><time>2026-09-20T11:47:29Z</time></trkpt>
<trkpt lat="53.652067" lon="-3.007827"><time>2026-09-20T11:47:30Z</time></trkpt>
<trkpt lat="53.652077" lon="-3.007812"><time>2026-09-20T11:47:31Z</time></trkpt>
<trkpt lat="53.652076" lon="-3.007807"><time>2026-09-20T11:47:32Z</time></trkpt>
<trkpt lat="53.652094" lon="-3.007810"><time>2026-09-20T11:47:33Z</time></trkpt>
<trkpt lat="53.652099" lon="-3.007821"><time>2026-09-20T11:47:34Z</time></trkpt>
<trkpt lat="53.652111" lon="-3.007826"><time>2026-09-20T11:47:35Z</time></trkpt>
<trkpt lat="53.652123" lon="-3.007816"><time>2026-09-20T11:47:36Z</time></trkpt>
<trkpt lat="53.652127" lon="-3.007831"><time>2026-09-20T11:47:37Z</time></trkpt>
<trkpt lat="53.652147" lon="-3.007844"><time>2026-09-20T11:47:38Z</time></trkpt>
<trkpt lat="53.652161" lon="-3.007849"><time>2026-09-20T11:47:39Z</time></trkpt>
<trkpt lat="53.652170" lon="-3.007851"><time>2026-09-20T11:47:40Z</time></trkpt>
<trkpt lat="53.652193" lon="-3.007851"><time>2026-09-20T11:47:41Z</time></trkpt>
<trkpt lat="53.652208" lon="-3.007868"><time>2026-09-20T11:47:42Z</time></trkpt>
<trkpt lat="53.652217" lon="-3.007876"><time>2026-09-20T11:47:43Z</time></trkpt>
<trkpt lat="53.652240" lon="-3.007891"><time>2026-09-20T11:47:44Z</time></trkpt>
<trkpt lat="53.652247" lon="-3.007896"><time>2026-09-20T11:47:45Z</time></trkpt>
<trkpt lat="53.652263" lon="-3.007893"><time>2026-09-20T11:47:46Z</time></trkpt>
<trkpt lat="53.652285" lon="-3.007914"><time>2026-09-20T11:47:47Z</time></trkpt>
<trkpt lat="53.652299" lon="-3.007921"><time>2026-09-20T11:47:48Z</time></trkpt>
<trkpt lat="53.652313" lon="-3.007916"><time>2026-09-20T11:47:49Z</time></trkpt>
<trkpt lat="53.652324" lon="-3.007933"><time>2026-09-20T11:47:50Z</time></trkpt>
<trkpt lat="53.652345" lon="-3.007943"><time>2026-09-20T11:47:51Z</time></trkpt>
<trkpt lat="53.652357" lon="-3.007945"><time>2026-09-20T11:47:52Z</time></trkpt>
<trkpt lat="53.652378" lon="-3.007951"><time>2026-09-20T11:47:53Z</time></trkpt>
<trkpt lat="53.652396" lon="-3.007959"><time>2026-09-20T11:47:54Z</time></trkpt>
<trkpt lat="53.652414" lon="-3.007965"><time>2026-09-20T11:47:55Z</time></trkpt>
<trkpt lat="53.652427" lon="-3.007981"><time>2026-09-20T11:47:56Z</time></trkpt>
<trkpt lat="53.652444" lon="-3.007994"><time>2026-09-20T11:47:57Z</time></trkpt>
<trkpt lat="53.652460" lon="-3.007992"><time>2026-09-20T11:47:58Z</time></trkpt>
<trkpt lat="53.652473" lon="-3.008015"><time>2026-09-20T11:47:59Z</time></trkpt>
<trkpt lat="53.652491" lon="-3.008017"><time>2026-09-20T11:48:00Z</time></trkpt>
<trkpt lat="53.652504" lon="-3.008022"><time>2026-09-20T11:48:01Z</time></trkpt>
<trkpt lat="53.652522" lon="-3.008024"><time>2026-09-20T11:48:02Z</time></trkpt>
<trkpt lat="53.652538" lon="-3.008044"><time>2026-09-20T11:48:03Z</time></trkpt>
<trkpt lat="53.652550" lon="-3.008055"><time>2026-09-20T11:48:04Z</time></trkpt>
<trkpt lat="53.652574" lon="-3.008048"><time>2026-09-20T11:48:05Z</time></trkpt>
<trkpt lat="53.652588" lon="-3.008070"><time>2026-09-20T11:48:06Z</time></trkpt>
<trkpt lat="53.652604" lon="-3.008076"><time>2026-09-20T11:48:07Z</time></trkpt>
<trkpt lat="53.652618" lon="-3.008084"><time>2026-09-20T11:48:08Z</time></trkpt>
<trkpt lat="53.652632" lon="-3.008087"><time>2026-09-20T11:48:09Z</time></trkpt>
<trkpt lat="53.652652" lon="-3.008094"><time>2026-09-20T11:48:10Z</time></trkpt>
<trkpt lat="53.652661" lon="-3.008104"><time>2026-09-20T11:48:11Z</time></trkpt>
<trkpt lat="53.652681" lon="-3.008114"><time>2026-09-20T11:48:12Z</time></trkpt>
<trkpt lat="53.652695" lon="-3.008123"><time>2026-09-20T11:48:13Z</time></trkpt>
<trkpt lat="53.652708" lon="-3.008118"><time>2026-09-20T11:48:14Z</time></trkpt>
<trkpt lat="53.652721" lon="-3.008140"><time>2026-09-20T11:48:15Z</time></trkpt>
<trkpt lat="53.652732" lon="-3.008150"><time>2026-09-20T11:48:16Z</time></trkpt>
<trkpt lat="53.652754" lon="-3.008152"><time>2026-09-20T11:48:17Z</time></trkpt>
<trkpt lat="53.652771" lon="-3.008164"><time>2026-09-20T11:48:18Z</time></trkpt>
<trkpt lat="53.652779" lon="-3.008168"><time>2026-09-20T11:48:19Z</time></trkpt>
<trkpt lat="53.652794" lon="-3.008166"><time>2026-09-20T11:48:20Z</time></trkpt>
<trkpt lat="53.652813" lon="-3.008171"><time>2026-09-20T11:48:21Z</time></trkpt>
<trkpt lat="53.652824" lon="-3.008180"><time>2026-09-20T11:48:22Z</time></trkpt>
<trkpt lat="53.652840" lon="-3.008184"><time>2026-09-20T11:48:23Z</time></trkpt>
<trkpt lat="53.652850" lon="-3.008204"><time>2026-09-20T11:48:24Z</time></trkpt>
<trkpt lat="53.652867" lon="-3.008212"><time>2026-09-20T11:48:25Z</time></trkpt>
<trkpt lat="53.652880" lon="-3.008223"><time>2026-09-20T11:48:26Z</time></trkpt>
<trkpt lat="53.652895" lon="-3.008228"><time>2026-09-20T11:48:27Z</time></trkpt>
<trkpt lat="53.652904" lon="-3.008225"><time>2026-09-20T11:48:28Z</time></trkpt>
<trkpt lat="53.652922" lon="-3.008235"><time>2026-09-20T11:48:29Z</time></trkpt>
<trkpt lat="53.652934" lon="-3.008249"><time>2026-09-20T11:48:30Z</time></trkpt>
<trkpt lat="53.652945" lon="-3.008244"><time>2026-09-20T11:48:31Z</time></trkpt>
<trkpt lat="53.652966" lon="-3.008252"><time>2026-09-20T11:48:32Z</time></trkpt>
<trkpt lat="53.652973" lon="-3.008268"><time>2026-09-20T11:48:33Z</time></trkpt>
<trkpt lat="53.652990" lon="-3.008272"><time>2026-09-20T11:48:34Z</time></trkpt>
<trkpt lat="53.653012" lon="-3.008283"><time>2026-09-20T11:48:35Z</time></trkpt>
<trkpt lat="53.653026" lon="-3.008292"><time>2026-09-20T11:48:36Z</time></trkpt>
<trkpt lat="53.653032" lon="-3.008300"><time>2026-09-20T11:48:37Z</time></trkpt>
<trkpt lat="53.653050" lon="-3.008300"><time>2026-09-20T11:48:38Z</time></trkpt>
<trkpt lat="53.653072" lon="-3.008319"><time>2026-09-20T11:48:39Z</time></trkpt>
<trkpt lat="53.653087" lon="-3.008322"><time>2026-09-20T11:48:40Z</time></trkpt>
<trkpt lat="53.653096" lon="-3.008332"><time>2026-09-20T11:48:41Z</time></trkpt>
<trkpt lat="53.653116" lon="-3.008336"><time>2026-09-20T11:48:42Z</time></trkpt>
<trkpt lat="53.653133" lon="-3.008343"><time>2026-09-20T11:48:43Z</time></trkpt>
<trkpt lat="53.653144" lon="-3.008344"><time>2026-09-20T11:48:44Z</time></trkpt>
<trkpt lat="53.653156" lon="-3.008365"><time>2026-09-20T11:48:45Z</time></trkpt>
<trkpt lat="53.653174" lon="-3.008360"><time>2026-09-20T11:48:46Z</time></trkpt>
<trkpt lat="53.653186" lon="-3.008311"><time>2026-09-20T11:48:47Z</time></trkpt>
<trkpt lat="53.653192" lon="-3.008284"><time>2026-09-20T11:48:48Z</time></trkpt>
<trkpt lat="53.653198" lon="-3.008244"><time>2026-09-20T11:48:49Z</time></trkpt>
<trkpt lat="53.653207" lon="-3.008218"><time>2026-09-20T11:48:50Z</time></trkpt>
<trkpt lat="53.653221" lon="-3.008171"><time>2026-09-20T11:48:51Z</time></trkpt>
<trkpt lat="53.653230" lon="-3.008136"><time>2026-09-20T11:48:52Z</time></trkpt>
<trkpt lat="53.653243" lon="-3.008092"><time>2026-09-20T11:48:53Z</time></trkpt>
<trkpt lat="53.653248" lon="-3.008055"><time>2026-09-20T11:48:54Z</time></trkpt>
<trkpt lat="53.653261" lon="-3.008027"><time>2026-09-20T11:48:55Z</time></trkpt>
<trkpt lat="53.653266" lon="-3.007979"><time>2026-09-20T11:48:56Z</time></trkpt>
<trkpt lat="53.653275" lon="-3.007949"><time>2026-09-20T11:48:57Z</time></trkpt>
<trkpt lat="53.653280" lon="-3.007923"><time>2026-09-20T11:48:58Z</time></trkpt>
<trkpt lat="53.653289" lon="-3.007884"><time>2026-09-20T11:48:59Z</time></trkpt>
<trkpt lat="53.653297" lon="-3.007834"><time>2026-09-20T11:49:00Z</time></trkpt>
<trkpt lat="53.653312" lon="-3.007810"><time>2026-09-20T11:49:01Z</time></trkpt>
<trkpt lat="53.653307" lon="-3.007802"><time>2026-09-20T11:49:02Z</time></trkpt>
<trkpt lat="53.653291" lon="-3.007793"><time>2026-09-20T11:49:03Z</time></trkpt>
<trkpt lat="53.653280" lon="-3.007802"><time>2026-09-20T11:49:04Z</time></trkpt>
<trkpt lat="53.653268" lon="-3.007806"><time>2026-09-20T11:49:05Z</time></trkpt>
<trkpt lat="53.653259" lon="-3.007806"><time>2026-09-20T11:49:06Z</time></trkpt>
<trkpt lat="53.653244" lon="-3.007797"><time>2026-09-20T11:49:07Z</time></trkpt>
<trkpt lat="53.653224" lon="-3.007809"><time>2026-09-20T11:49:08Z</time></trkpt>
<trkpt lat="53.653210" lon="-3.007810"><time>2026-09-20T11:49:09Z</time></trkpt>
<trkpt lat="53.653183" lon="-3.007807"><time>2026-09-20T11:49:10Z</time></trkpt>
<trkpt lat="53.653172" lon="-3.007803"><time>2026-09-20T11:49:11Z</time></trkpt>
<trkpt lat="53.653155" lon="-3.007805"><time>2026-09-20T11:49:12Z</time></trkpt>
<trkpt lat="53.653140" lon="-3.007804"><time>2026-09-20T11:49:13Z</time></trkpt>
<trkpt lat="53.653115" lon="-3.007810"><time>2026-09-20T11:49:14Z</time></trkpt>
<trkpt lat="53.653098" lon="-3.007815"><time>2026-09-20T11:49:15Z</time></trkpt>
<trkpt lat="53.653086" lon="-3.007821"><time>2026-09-20T11:49:16Z</time></trkpt>
<trkpt lat="53.653070" lon="-3.007823"><time>2026-09-20T11:49:17Z</time></trkpt>
<trkpt lat="53.653047" lon="-3.007818"><time>2026-09-20T11:49:18Z</time></trkpt>
<trkpt lat="53.653035" lon="-3.007828"><time>2026-09-20T11:49:19Z</time></trkpt>
<trkpt lat="53.653018" lon="-3.007820"><time>2026-09-20T11:49:20Z</time></trkpt>
<trkpt lat="53.653002" lon="-3.007821"><time>2026-09-20T11:49:21Z</time></trkpt>
<trkpt lat="53.652975" lon="-3.007827"><time>2026-09-20T11:49:22Z</time></trkpt>
<trkpt lat="53.652967" lon="-3.007832"><time>2026-09-20T11:49:23Z</time></trkpt>
<trkpt lat="53.652948" lon="-3.007828"><time>2026-09-20T11:49:24Z</time></trkpt>
<trkpt lat="53.652932" lon="-3.007823"><time>2026-09-20T11:49:25Z</time></trkpt>
<trkpt lat="53.652909" lon="-3.007836"><time>2026-09-20T11:49:26Z</time></trkpt>
<trkpt lat="53.652899" lon="-3.007838"><time>2026-09-20T11:49:27Z</time></trkpt>
<trkpt lat="53.652874" lon="-3.007826"><time>2026-09-20T11:49:28Z</time></trkpt>
<trkpt lat="53.652863" lon="-3.007839"><time>2026-09-20T11:49:29Z</time></trkpt>
<trkpt lat="53.652846" lon="-3.007841"><time>2026-09-20T11:49:30Z</time></trkpt>
<trkpt lat="53.652827" lon="-3.007841"><time>2026-09-20T11:49:31Z</time></trkpt>
<trkpt lat="53.652803" lon="-3.007840"><time>2026-09-20T11:49:32Z</time></trkpt>
<trkpt lat="53.652790" lon="-3.007836"><time>2026-09-20T11:49:33Z</time></trkpt>
<trkpt lat="53.652776" lon="-3.007835"><time>2026-09-20T11:49:34Z</time></trkpt>
<trkpt lat="53.652755" lon="-3.007851"><time>2026-09-20T11:49:35Z</time></trkpt>
<trkpt lat="53.652731" lon="-3.007846"><time>2026-09-20T11:49:36Z</time></trkpt>
<trkpt lat="53.652719" lon="-3.007846"><time>2026-09-20T11:49:37Z</time></trkpt>
<trkpt lat="53.652692" lon="-3.007858"><time>2026-09-20T11:49:38Z</time></trkpt>
<trkpt lat="53.652679" lon="-3.007843"><time>2026-09-20T11:49:39Z</time></trkpt>
<trkpt lat="53.652656" lon="-3.007861"><time>2026-09-20T11:49:40Z</time></trkpt>
<trkpt lat="53.652641" lon="-3.007848"><time>2026-09-20T11:49:41Z</time></trkpt>
<trkpt lat="53.652620" lon="-3.007856"><time>2026-09-20T11:49:42Z</time></trkpt>
<trkpt lat="53.652601" lon="-3.007852"><time>2026-09-20T11:49:43Z</time></trkpt>
<trkpt lat="53.652579" lon="-3.007861"><time>2026-09-20T11:49:44Z</time></trkpt>
<trkpt lat="53.652565" lon="-3.007861"><time>2026-09-20T11:49:45Z</time></trkpt>
<trkpt lat="53.652550" lon="-3.007864"><time>2026-09-20T11:49:46Z</time></trkpt>
<trkpt lat="53.652530" lon="-3.007870"><time>2026-09-20T11:49:47Z</time></trkpt>
<trkpt lat="53.652507" lon="-3.007869"><time>2026-09-20T11:49:48Z</time></trkpt>
<trkpt lat="53.652489" lon="-3.007861"><time>2026-09-20T11:49:49Z</time></trkpt>
<trkpt lat="53.652470" lon="-3.007868"><time>2026-09-20T11:49:50Z</time></trkpt>
<trkpt lat="53.652446" lon="-3.007876"><time>2026-09-20T11:49:51Z</time></trkpt>
<trkpt lat="53.652431" lon="-3.007867"><time>2026-09-20T11:49:52Z</time></trkpt>
<trkpt lat="53.652406" lon="-3.007873"><time>2026-09-20T11:49:53Z</time></trkpt>
<trkpt lat="53.652392" lon="-3.007882"><time>2026-09-20T11:49:54Z</time></trkpt>
<trkpt lat="53.652371" lon="-3.007872"><time>2026-09-20T11:49:55Z</time></trkpt>
<trkpt lat="53.652348" lon="-3.007888"><time>2026-09-20T11:49:56Z</time></trkpt>
<trkpt lat="53.652335" lon="-3.007886"><time>2026-09-20T11:49:57Z</time></trkpt>
<trkpt lat="53.652308" lon="-3.007886"><time>2026-09-20T11:49:58Z</time></trkpt>
<trkpt lat="53.652290" lon="-3.007883"><time>2026-09-20T11:49:59Z</time></trkpt>
<trkpt lat="53.652275" lon="-3.007885"><time>2026-09-20T11:50:00Z</time></trkpt>
<trkpt lat="53.652256" lon="-3.007896"><time>2026-09-20T11:50:01Z</time></trkpt>
<trkpt lat="53.652232" lon="-3.007889"><time>2026-09-20T11:50:02Z</time></trkpt>
<trkpt lat="53.652220" lon="-3.007900"><time>2026-09-20T11:50:03Z</time></trkpt>
<trkpt lat="53.652201" lon="-3.007892"><time>2026-09-20T11:50:04Z</time></trkpt>
<trkpt lat="53.652180" lon="-3.007898"><time>2026-09-20T11:50:05Z</time></trkpt>
<trkpt lat="53.652159" lon="-3.007889"><time>2026-09-20T11:50:06Z</time></trkpt>
<trkpt lat="53.652142" lon="-3.007902"><time>2026-09-20T11:50:07Z</time></trkpt>
<trkpt lat="53.652132" lon="-3.007898"><time>2026-09-20T11:50:08Z</time></trkpt>
<trkpt lat="53.652112" lon="-3.007899"><time>2026-09-20T11:50:09Z</time></trkpt>
<trkpt lat="53.652089" lon="-3.007908"><time>2026-09-20T11:50:10Z</time></trkpt>
<trkpt lat="53.652077" lon="-3.007910"><time>2026-09-20T11:50:11Z</time></trkpt>
<trkpt lat="53.652058" lon="-3.007901"><time>2026-09-20T11:50:12Z</time></trkpt>
<trkpt lat="53.652040" lon="-3.007907"><time>2026-09-20T11:50:13Z</time></trkpt>
<trkpt lat="53.652029" lon="-3.007913"><time>2026-09-20T11:50:14Z</time></trkpt>
<trkpt lat="53.652006" lon="-3.007918"><time>2026-09-20T11:50:15Z</time></trkpt>
<trkpt lat="53.651989" lon="-3.007922"><time>2026-09-20T11:50:16Z</time></trkpt>
<trkpt lat="53.651970" lon="-3.007916"><time>2026-09-20T11:50:17Z</time></trkpt>
<trkpt lat="53.651958" lon="-3.007916"><time>2026-09-20T11:50:18Z</time></trkpt>
<trkpt lat="53.651941" lon="-3.007909"><time>2026-09-20T11:50:19Z</time></trkpt>
<trkpt lat="53.651926" lon="-3.007921"><time>2026-09-20T11:50:20Z</time></trkpt>
<trkpt lat="53.651910" lon="-3.007920"><time>2026-09-20T11:50:21Z</time></trkpt>
<trkpt lat="53.651891" lon="-3.007919"><time>2026-09-20T11:50:22Z</time></trkpt>
<trkpt lat="53.651871" lon="-3.007923"><time>2026-09-20T11:50:23Z</time></trkpt>
<trkpt lat="53.651851" lon="-3.007924"><time>2026-09-20T11:50:24Z</time></trkpt>
<trkpt lat="53.651834" lon="-3.007929"><time>2026-09-20T11:50:25Z</time></trkpt>
<trkpt lat="53.651815" lon="-3.007935"><time>2026-09-20T11:50:26Z</time></trkpt>
<trkpt lat="53.651799" lon="-3.007937"><time>2026-09-20T11:50:27Z</time></trkpt>
<trkpt lat="53.651788" lon="-3.007933"><time>2026-09-20T11:50:28Z</time></trkpt>
<trkpt lat="53.651767" lon="-3.007927"><time>2026-09-20T11:50:29Z</time></trkpt>
<trkpt lat="53.651753" lon="-3.007939"><time>2026-09-20T11:50:30Z</time></trkpt>
<trkpt lat="53.651731" lon="-3.007941"><time>2026-09-20T11:50:31Z</time></trkpt>
<trkpt lat="53.651708" lon="-3.007932"><time>2026-09-20T11:50:32Z</time></trkpt>
<trkpt lat="53.651696" lon="-3.007945"><time>2026-09-20T11:50:33Z</time></trkpt>
<trkpt lat="53.651680" lon="-3.007933"><time>2026-09-20T11:50:34Z</time></trkpt>
<trkpt lat="53.651654" lon="-3.007941"><time>2026-09-20T11:50:35Z</time></trkpt>
<trkpt lat="53.651640" lon="-3.007939"><time>2026-09-20T11:50:36Z</time></trkpt>
<trkpt lat="53.651623" lon="-3.007954"><time>2026-09-20T11:50:37Z</time></trkpt>
<trkpt lat="53.651600" lon="-3.007940"><time>2026-09-20T11:50:38Z</time></trkpt>
<trkpt lat="53.651580" lon="-3.007941"><time>2026-09-20T11:50:39Z</time></trkpt>
<trkpt lat="53.651560" lon="-3.007949"><time>2026-09-20T11:50:40Z</time></trkpt>
<trkpt lat="53.651541" lon="-3.007948"><time>2026-09-20T11:50:41Z</time></trkpt>
<trkpt lat="53.651523" lon="-3.007947"><time>2026-09-20T11:50:42Z</time></trkpt>
<trkpt lat="53.651504" lon="-3.007957"><time>2026-09-20T11:50:43Z</time></trkpt>
<trkpt lat="53.651481" lon="-3.007958"><time>2026-09-20T11:50:44Z</time></trkpt>
<trkpt lat="53.651462" lon="-3.007965"><time>2026-09-20T11:50:45Z</time></trkpt>
<trkpt lat="53.651440" lon="-3.007961"><time>2026-09-20T11:50:46Z</time></trkpt>
<trkpt lat="53.651436" lon="-3.007973"><time>2026-09-20T11:50:47Z</time></trkpt>
<trkpt lat="53.651431" lon="-3.007995"><time>2026-09-20T11:50:48Z</time></trkpt>
<trkpt lat="53.651416" lon="-3.008013"><time>2026-09-20T11:50:49Z</time></trkpt>
<trkpt lat="53.651411" lon="-3.008034"><time>2026-09-20T11:50:50Z</time></trkpt>
<trkpt lat="53.651403" lon="-3.008050"><time>2026-09-20T11:50:51Z</time></trkpt>
<trkpt lat="53.651384" lon="-3.008068"><time>2026-09-20T11:50:52Z</time></trkpt>
<trkpt lat="53.651380" lon="-3.008085"><time>2026-09-20T11:50:53Z</time></trkpt>
<trkpt lat="53.651361" lon="-3.008102"><time>2026-09-20T11:50:54Z</time></trkpt>
<trkpt lat="53.651350" lon="-3.008139"><time>2026-09-20T11:50:55Z</time></trkpt>
<trkpt lat="53.651338" lon="-3.008161"><time>2026-09-20T11:50:56Z</time></trkpt>
<trkpt lat="53.651329" lon="-3.008172"><time>2026-09-20T11:50:57Z</time></trkpt>
<trkpt lat="53.651306" lon="-3.008197"><time>2026-09-20T11:50:58Z</time></trkpt>
<trkpt lat="53.651297" lon="-3.008228"><time>2026-09-20T11:50:59Z</time></trkpt>
<trkpt lat="53.651287" lon="-3.008239"><time>2026-09-20T11:51:00Z</time></trkpt>
<trkpt lat="53.651271" lon="-3.008266"><time>2026-09-20T11:51:01Z</time></trkpt>
<trkpt lat="53.651257" lon="-3.008295"><time>2026-09-20T11:51:02Z</time></trkpt>
<trkpt lat="53.651248" lon="-3.008322"><time>2026-09-20T11:51:03Z</time></trkpt>
<trkpt lat="53.651234" lon="-3.008329"><time>2026-09-20T11:51:04Z</time></trkpt>
<trkpt lat="53.651224" lon="-3.008358"><time>2026-09-20T11:51:05Z</time></trkpt>
<trkpt lat="53.651212" lon="-3.008376"><time>2026-09-20T11:51:06Z</time></trkpt>
<trkpt lat="53.651198" lon="-3.008401"><time>2026-09-20T11:51:07Z</time></trkpt>
<trkpt lat="53.651187" lon="-3.008428"><time>2026-09-20T11:51:08Z</time></trkpt>
<trkpt lat="53.651180" lon="-3.008447"><time>2026-09-20T11:51:09Z</time></trkpt>
<trkpt lat="53.651171" lon="-3.008470"><time>2026-09-20T11:51:10Z</time></trkpt>
<trkpt lat="53.651153" lon="-3.008492"><time>2026-09-20T11:51:11Z</time></trkpt>
<trkpt lat="53.651149" lon="-3.008497"><time>2026-09-20T11:51:12Z</time></trkpt>
<trkpt lat="53.651134" lon="-3.008527"><time>2026-09-20T11:51:13Z</time></trkpt>
<trkpt lat="53.651118" lon="-3.008548"><time>2026-09-20T11:51:14Z</time></trkpt>
<trkpt lat="53.651105" lon="-3.008570"><time>2026-09-20T11:51:15Z</time></trkpt>
<trkpt lat="53.651092" lon="-3.008594"><time>2026-09-20T11:51:16Z</time></trkpt>
<trkpt lat="53.651083" lon="-3.008612"><time>2026-09-20T11:51:17Z</time></trkpt>
<trkpt lat="53.651071" lon="-3.008632"><time>2026-09-20T11:51:18Z</time></trkpt>
<trkpt lat="53.651058" lon="-3.008648"><time>2026-09-20T11:51:19Z</time></trkpt>
<trkpt lat="53.651045" lon="-3.008669"><time>2026-09-20T11:51:20Z</time></trkpt>
<trkpt lat="53.651043" lon="-3.008688"><time>2026-09-20T11:51:21Z</time></trkpt>
<trkpt lat="53.651030" lon="-3.008712"><time>2026-09-20T11:51:22Z</time></trkpt>
<trkpt lat="53.651010" lon="-3.008742"><time>2026-09-20T11:51:23Z</time></trkpt>
<trkpt lat="53.651003" lon="-3.008761"><time>2026-09-20T11:51:24Z</time></trkpt>
<trkpt lat="53.650989" lon="-3.008791"><time>2026-09-20T11:51:25Z</time></trkpt>
<trkpt lat="53.650975" lon="-3.008814"><time>2026-09-20T11:51:26Z</time></trkpt>
<trkpt lat="53.650970" lon="-3.008824"><time>2026-09-20T11:51:27Z</time></trkpt>
<trkpt lat="53.650954" lon="-3.008851"><time>2026-09-20T11:51:28Z</time></trkpt>
<trkpt lat="53.650940" lon="-3.008872"><time>2026-09-20T11:51:29Z</time></trkpt>
<trkpt lat="53.650927" lon="-3.008904"><time>2026-09-20T11:51:30Z</time></trkpt>
<trkpt lat="53.650914" lon="-3.008913"><time>2026-09-20T11:51:31Z</time></trkpt>
<trkpt lat="53.650900" lon="-3.008948"><time>2026-09-20T11:51:32Z</time></trkpt>
<trkpt lat="53.650893" lon="-3.008960"><time>2026-09-20T11:51:33Z</time></trkpt>
<trkpt lat="53.650880" lon="-3.008996"><time>2026-09-20T11:51:34Z</time></trkpt>
<trkpt lat="53.650868" lon="-3.009005"><time>2026-09-20T11:51:35Z</time></trkpt>
<trkpt lat="53.650847" lon="-3.009040"><time>2026-09-20T11:51:36Z</time></trkpt>
<trkpt lat="53.650839" lon="-3.009054"><time>2026-09-20T11:51:37Z</time></trkpt>
<trkpt lat="53.650819" lon="-3.009081"><time>2026-09-20T11:51:38Z</time></trkpt>
<trkpt lat="53.650812" lon="-3.009105"><time>2026-09-20T11:51:39Z</time></trkpt>
<trkpt lat="53.650794" lon="-3.009137"><time>2026-09-20T11:51:40Z</time></trkpt>
<trkpt lat="53.650787" lon="-3.009158"><time>2026-09-20T11:51:41Z</time></trkpt>
<trkpt lat="53.650771" lon="-3.009187"><time>2026-09-20T11:51:42Z</time></trkpt>
<trkpt lat="53.650754" lon="-3.009212"><time>2026-09-20T11:51:43Z</time></trkpt>
<trkpt lat="53.650743" lon="-3.009234"><time>2026-09-20T11:51:44Z</time></trkpt>
<trkpt lat="53.650734" lon="-3.009247"><time>2026-09-20T11:51:45Z</time></trkpt>
<trkpt lat="53.650717" lon="-3.009283"><time>2026-09-20T11:51:46Z</time></trkpt>
<trkpt lat="53.650700" lon="-3.009307"><time>2026-09-20T11:51:47Z</time></trkpt>
<trkpt lat="53.650688" lon="-3.009334"><time>2026-09-20T11:51:48Z</time></trkpt>
<trkpt lat="53.650678" lon="-3.009354"><time>2026-09-20T11:51:49Z</time></trkpt>
<trkpt lat="53.650660" lon="-3.009367"><time>2026-09-20T11:51:50Z</time></trkpt>
<trkpt lat="53.650651" lon="-3.009391"><time>2026-09-20T11:51:51Z</time></trkpt>
<trkpt lat="53.650634" lon="-3.009419"><time>2026-09-20T11:51:52Z</time></trkpt>
<trkpt lat="53.650625" lon="-3.009448"><time>2026-09-20T11:51:53Z</time></trkpt>
<trkpt lat="53.650616" lon="-3.009466"><time>2026-09-20T11:51:54Z</time></trkpt>
<trkpt lat="53.650601" lon="-3.009484"><time>2026-09-20T11:51:55Z</time></trkpt>
<trkpt lat="53.650590" lon="-3.009521"><time>2026-09-20T11:51:56Z</time></trkpt>
<trkpt lat="53.650573" lon="-3.009532"><time>2026-09-20T11:51:57Z</time></trkpt>
<trkpt lat="53.650566" lon="-3.009555"><time>2026-09-20T11:51:58Z</time></trkpt>
<trkpt lat="53.650550" lon="-3.009579"><time>2026-09-20T11:51:59Z</time></trkpt>
<trkpt lat="53.650542" lon="-3.009597"><time>2026-09-20T11:52:00Z</time></trkpt>
<trkpt lat="53.650524" lon="-3.009624"><time>2026-09-20T11:52:01Z</time></trkpt>
<trkpt lat="53.650519" lon="-3.009653"><time>2026-09-20T11:52:02Z</time></trkpt>
<trkpt lat="53.650505" lon="-3.009673"><time>2026-09-20T11:52:03Z</time></trkpt>
<trkpt lat="53.650494" lon="-3.009683"><time>2026-09-20T11:52:04Z</time></trkpt>
<trkpt lat="53.650473" lon="-3.009706"><time>2026-09-20T11:52:05Z</time></trkpt>
<trkpt lat="53.650470" lon="-3.009739"><time>2026-09-20T11:52:06Z</time></trkpt>
<trkpt lat="53.650451" lon="-3.009751"><time>2026-09-20T11:52:07Z</time></trkpt>
<trkpt lat="53.650448" lon="-3.009766"><time>2026-09-20T11:52:08Z</time></trkpt>
<trkpt lat="53.650434" lon="-3.009801"><time>2026-09-20T11:52:09Z</time></trkpt>
<trkpt lat="53.650418" lon="-3.009807"><time>2026-09-20T11:52:10Z</time></trkpt>
<trkpt lat="53.650411" lon="-3.009840"><time>2026-09-20T11:52:11Z</time></trkpt>
<trkpt lat="53.650396" lon="-3.009854"><time>2026-09-20T11:52:12Z</time></trkpt>
<trkpt lat="53.650388" lon="-3.009883"><time>2026-09-20T11:52:13Z</time></trkpt>
<trkpt lat="53.650376" lon="-3.009896"><time>2026-09-20T11:52:14Z</time></trkpt>
<trkpt lat="53.650358" lon="-3.009927"><time>2026-09-20T11:52:15Z</time></trkpt>
<trkpt lat="53.650349" lon="-3.009941"><time>2026-09-20T11:52:16Z</time></trkpt>
<trkpt lat="53.650336" lon="-3.009964"><time>2026-09-20T11:52:17Z</time></trkpt>
<trkpt lat="53.650321" lon="-3.009988"><time>2026-09-20T11:52:18Z</time></trkpt>
<trkpt lat="53.650316" lon="-3.010004"><time>2026-09-20T11:52:19Z</time></trkpt>
<trkpt lat="53.650299" lon="-3.010024"><time>2026-09-20T11:52:20Z</time></trkpt>
<trkpt lat="53.650291" lon="-3.010030"><time>2026-09-20T11:52:21Z</time></trkpt>
<trkpt lat="53.650278" lon="-3.010034"><time>2026-09-20T11:52:22Z</time></trkpt>
<trkpt lat="53.650269" lon="-3.010037"><time>2026-09-20T11:52:23Z</time></trkpt>
<trkpt lat="53.650256" lon="-3.010039"><time>2026-09-20T11:52:24Z</time></trkpt>
<trkpt lat="53.650238" lon="-3.010045"><time>2026-09-20T11:52:25Z</time></trkpt>
<trkpt lat="53.650231" lon="-3.010045"><time>2026-09-20T11:52:26Z</time></trkpt>
<trkpt lat="53.650211" lon="-3.010038"><time>2026-09-20T11:52:27Z</time></trkpt>
<trkpt lat="53.650194" lon="-3.010043"><time>2026-09-20T11:52:28Z</time></trkpt>
<trkpt lat="53.650171" lon="-3.010043"><time>2026-09-20T11:52:29Z</time></trkpt>
<trkpt lat="53.650152" lon="-3.010038"><time>2026-09-20T11:52:30Z</time></trkpt>
<trkpt lat="53.650133" lon="-3.010050"><time>2026-09-20T11:52:31Z</time></trkpt>
<trkpt lat="53.650116" lon="-3.010048"><time>2026-09-20T11:52:32Z</time></trkpt>
<trkpt lat="53.650095" lon="-3.010053"><time>2026-09-20T11:52:33Z</time></trkpt>
<trkpt lat="53.650075" lon="-3.010050"><time>2026-09-20T11:52:34Z</time></trkpt>
<trkpt lat="53.650055" lon="-3.010057"><time>2026-09-20T11:52:35Z</time></trkpt>
<trkpt lat="53.650035" lon="-3.010053"><time>2026-09-20T11:52:36Z</time></trkpt>
<trkpt lat="53.650022" lon="-3.010063"><time>2026-09-20T11:52:37Z</time></trkpt>
<trkpt lat="53.649994" lon="-3.010070"><time>2026-09-20T11:52:38Z</time></trkpt>
<trkpt lat="53.649978" lon="-3.010055"><time>2026-09-20T11:52:39Z</time></trkpt>
<trkpt lat="53.649965" lon="-3.010058"><time>2026-09-20T11:52:40Z</time></trkpt>
<trkpt lat="53.649940" lon="-3.010066"><time>2026-09-20T11:52:41Z</time></trkpt>
<trkpt lat="53.649918" lon="-3.010076"><time>2026-09-20T11:52:42Z</time></trkpt>
<trkpt lat="53.649898" lon="-3.010061"><time>2026-09-20T11:52:43Z</time></trkpt>
<trkpt lat="53.649879" lon="-3.010070"><time>2026-09-20T11:52:44Z</time></trkpt>
<trkpt lat="53.649863" lon="-3.010070"><time>2026-09-20T11:52:45Z</time></trkpt>
<trkpt lat="53.649842" lon="-3.010074"><time>2026-09-20T11:52:46Z</time></trkpt>
<trkpt lat="53.649824" lon="-3.010084"><time>2026-09-20T11:52:47Z</time></trkpt>
<trkpt lat="53.649807" lon="-3.010073"><time>2026-09-20T11:52:48Z</time></trkpt>
<trkpt lat="53.649788" lon="-3.010079"><time>2026-09-20T11:52:49Z</time></trkpt>
<trkpt lat="53.649767" lon="-3.010075"><time>2026-09-20T11:52:50Z</time></trkpt>
<trkpt lat="53.649752" lon="-3.010084"><time>2026-09-20T11:52:51Z</time></trkpt>
<trkpt lat="53.649731" lon="-3.010080"><time>2026-09-20T11:52:52Z</time></trkpt>
<trkpt lat="53.649711" lon="-3.010082"><time>2026-09-20T11:52:53Z</time></trkpt>
<trkpt lat="53.649688" lon="-3.010088"><time>2026-09-20T11:52:54Z</time></trkpt>
<trkpt lat="53.649675" lon="-3.010083"><time>2026-09-20T11:52:55Z</time></trkpt>
<trkpt lat="53.649661" lon="-3.010095"><time>2026-09-20T11:52:56Z</time></trkpt>
<trkpt lat="53.649639" lon="-3.010095"><time>2026-09-20T11:52:57Z</time></trkpt>
<trkpt lat="53.649626" lon="-3.010094"><time>2026-09-20T11:52:58Z</time></trkpt>
<trkpt lat="53.649609" lon="-3.010101"><time>2026-09-20T11:52:59Z</time></trkpt>
<trkpt lat="53.649587" lon="-3.010089"><time>2026-09-20T11:53:00Z</time></trkpt>
<trkpt lat="53.649568" lon="-3.010099"><time>2026-09-20T11:53:01Z</time></trkpt>
<trkpt lat="53.649549" lon="-3.010095"><time>2026-09-20T11:53:02Z</time></trkpt>
<trkpt lat="53.649536" lon="-3.010109"><time>2026-09-20T11:53:03Z</time></trkpt>
<trkpt lat="53.649516" lon="-3.010097"><time>2026-09-20T11:53:04Z</time></trkpt>
<trkpt lat="53.649500" lon="-3.010099"><time>2026-09-20T11:53:05Z</time></trkpt>
<trkpt lat="53.649486" lon="-3.010101"><time>2026-09-20T11:53:06Z</time></trkpt>
<trkpt lat="53.649471" lon="-3.010109"><time>2026-09-20T11:53:07Z</time></trkpt>
<trkpt lat="53.649448" lon="-3.010110"><time>2026-09-20T11:53:08Z</time></trkpt>
<trkpt lat="53.649437" lon="-3.010103"><time>2026-09-20T11:53:09Z</time></trkpt>
<trkpt lat="53.649413" lon="-3.010117"><time>2026-09-20T11:53:10Z</time></trkpt>
<trkpt lat="53.649404" lon="-3.010123"><time>2026-09-20T11:53:11Z</time></trkpt>
<trkpt lat="53.649378" lon="-3.010107"><time>2026-09-20T11:53:12Z</time></trkpt>
<trkpt lat="53.649368" lon="-3.010119"><time>2026-09-20T11:53:13Z</time></trkpt>
<trkpt lat="53.649350" lon="-3.010112"><time>2026-09-20T11:53:14Z</time></trkpt>
<trkpt lat="53.649331" lon="-3.010124"><time>2026-09-20T11:53:15Z</time></trkpt>
<trkpt lat="53.649312" lon="-3.010116"><time>2026-09-20T11:53:16Z</time></trkpt>
<trkpt lat="53.649292" lon="-3.010115"><time>2026-09-20T11:53:17Z</time></trkpt>
<trkpt lat="53.649273" lon="-3.010129"><time>2026-09-20T11:53:18Z</time></trkpt>
<trkpt lat="53.649255" lon="-3.010129"><time>2026-09-20T11:53:19Z</time></trkpt>
<trkpt lat="53.649239" lon="-3.010126"><time>2026-09-20T11:53:20Z</time></trkpt>
<trkpt lat="53.649220" lon="-3.010127"><time>2026-09-20T11:53:21Z</time></trkpt>
<trkpt lat="53.649207" lon="-3.010135"><time>2026-09-20T11:53:22Z</time></trkpt>
<trkpt lat="53.649189" lon="-3.010135"><time>2026-09-20T11:53:23Z</time></trkpt>
<trkpt lat="53.649162" lon="-3.010139"><time>2026-09-20T11:53:24Z</time></trkpt>
<trkpt lat="53.649147" lon="-3.010138"><time>2026-09-20T11:53:25Z</time></trkpt>
<trkpt lat="53.649130" lon="-3.010145"><time>2026-09-20T11:53:26Z</time></trkpt>
<trkpt lat="53.649110" lon="-3.010134"><time>2026-09-20T11:53:27Z</time></trkpt>
<trkpt lat="53.649097" lon="-3.010135"><time>2026-09-20T11:53:28Z</time></trkpt>
<trkpt lat="53.649072" lon="-3.010150"><time>2026-09-20T11:53:29Z</time></trkpt>
<trkpt lat="53.649055" lon="-3.010149"><time>2026-09-20T11:53:30Z</time></trkpt>
<trkpt lat="53.649032" lon="-3.010144"><time>2026-09-20T11:53:31Z</time></trkpt>
<trkpt lat="53.649012" lon="-3.010141"><time>2026-09-20T11:53:32Z</time></trkpt>
<trkpt lat="53.648995" lon="-3.010142"><time>2026-09-20T11:53:33Z</time></trkpt>
<trkpt lat="53.648981" lon="-3.010145"><time>2026-09-20T11:53:34Z</time></trkpt>
<trkpt lat="53.648957" lon="-3.010158"><time>2026-09-20T11:53:35Z</time></trkpt>
<trkpt lat="53.648932" lon="-3.010162"><time>2026-09-20T11:53:36Z</time></trkpt>
<trkpt lat="53.648916" lon="-3.010161"><time>2026-09-20T11:53:37Z</time></trkpt>
<trkpt lat="53.648895" lon="-3.010160"><time>2026-09-20T11:53:38Z</time></trkpt>
<trkpt lat="53.648882" lon="-3.010151"><time>2026-09-20T11:53:39Z</time></trkpt>
<trkpt lat="53.648858" lon="-3.010168"><time>2026-09-20T11:53:40Z</time></trkpt>
<trkpt lat="53.648840" lon="-3.010166"><time>2026-09-20T11:53:41Z</time></trkpt>
<trkpt lat="53.648818" lon="-3.010166"><time>2026-09-20T11:53:42Z</time></trkpt>
<trkpt lat="53.648798" lon="-3.010165"><time>2026-09-20T11:53:43Z</time></trkpt>
<trkpt lat="53.648783" lon="-3.010161"><time>2026-09-20T11:53:44Z</time></trkpt>
<trkpt lat="53.648760" lon="-3.010179"><time>2026-09-20T11:53:45Z</time></trkpt>
<trkpt lat="53.648742" lon="-3.010170"><time>2026-09-20T11:53:46Z</time></trkpt>
<trkpt lat="53.648724" lon="-3.010172"><time>2026-09-20T11:53:47Z</time></trkpt>
<trkpt lat="53.648704" lon="-3.010179"><time>2026-09-20T11:53:48Z</time></trkpt>
<trkpt lat="53.648684" lon="-3.010177"><time>2026-09-20T11:53:49Z</time></trkpt>
<trkpt lat="53.648674" lon="-3.010174"><time>2026-09-20T11:53:50Z</time></trkpt>
<trkpt lat="53.648655" lon="-3.010180"><time>2026-09-20T11:53:51Z</time></trkpt>
<trkpt lat="53.648636" lon="-3.010189"><time>2026-09-20T11:53:52Z</time></trkpt>
<trkpt lat="53.648614" lon="-3.010179"><time>2026-09-20T11:53:53Z</time></trkpt>
<trkpt lat="53.648617" lon="-3.010209"><time>2026-09-20T11:53:54Z</time></trkpt>
<trkpt lat="53.648603" lon="-3.010205"><time>2026-09-20T11:53:55Z</time></trkpt>
<trkpt lat="53.648594" lon="-3.010231"><time>2026-09-20T11:53:56Z</time></trkpt>
<trkpt lat="53.648591" lon="-3.010252"><time>2026-09-20T11:53:57Z</time></trkpt>
<trkpt lat="53.648576" lon="-3.010260"><time>2026-09-20T11:53:58Z</time></trkpt>
<trkpt lat="53.648568" lon="-3.010274"><time>2026-09-20T11:53:59Z</time></trkpt>
<trkpt lat="53.648559" lon="-3.010302"><time>2026-09-20T11:54:00Z</time></trkpt>
<trkpt lat="53.648549" lon="-3.010316"><time>2026-09-20T11:54:01Z</time></trkpt>
<trkpt lat="53.648536" lon="-3.010352"><time>2026-09-20T11:54:02Z</time></trkpt>
<trkpt lat="53.648519" lon="-3.010370"><time>2026-09-20T11:54:03Z</time></trkpt>
<trkpt lat="53.648512" lon="-3.010380"><time>2026-09-20T11:54:04Z</time></trkpt>
<trkpt lat="53.648498" lon="-3.010404"><time>2026-09-20T11:54:05Z</time></trkpt>
<trkpt lat="53.648483" lon="-3.010428"><time>2026-09-20T11:54:06Z</time></trkpt>
<trkpt lat="53.648472" lon="-3.010440"><time>2026-09-20T11:54:07Z</time></trkpt>
<trkpt lat="53.648465" lon="-3.010468"><time>2026-09-20T11:54:08Z</time></trkpt>
<trkpt lat="53.648453" lon="-3.010483"><time>2026-09-20T11:54:09Z</time></trkpt>
<trkpt lat="53.648444" lon="-3.010518"><time>2026-09-20T11:54:10Z</time></trkpt>
<trkpt lat="53.648425" lon="-3.010535"><time>2026-09-20T11:54:11Z</time></trkpt>
<trkpt lat="53.648421" lon="-3.010556"><time>2026-09-20T11:54:12Z</time></trkpt>
<trkpt lat="53.648405" lon="-3.010585"><time>2026-09-20T11:54:13Z</time></trkpt>
<trkpt lat="53.648393" lon="-3.010607"><time>2026-09-20T11:54:14Z</time></trkpt>
<trkpt lat="53.648376" lon="-3.010613"><time>2026-09-20T11:54:15Z</time></trkpt>
<trkpt lat="53.648369" lon="-3.010636"><time>2026-09-20T11:54:16Z</time></trkpt>
<trkpt lat="53.648353" lon="-3.010664"><time>2026-09-20T11:54:17Z</time></trkpt>
<trkpt lat="53.648345" lon="-3.010692"><time>2026-09-20T11:54:18Z</time></trkpt>
<trkpt lat="53.648330" lon="-3.010710"><time>2026-09-20T11:54:19Z</time></trkpt>
<trkpt lat="53.648313" lon="-3.010738"><time>2026-09-20T11:54:20Z</time></trkpt>
<trkpt lat="53.648299" lon="-3.010751"><time>2026-09-20T11:54:21Z</time></trkpt>
<trkpt lat="53.648296" lon="-3.010773"><time>2026-09-20T11:54:22Z</time></trkpt>
<trkpt lat="53.648283" lon="-3.010801"><time>2026-09-20T11:54:23Z</time></trkpt>
<trkpt lat="53.648261" lon="-3.010823"><time>2026-09-20T11:54:24Z</time></trkpt>
<trkpt lat="53.648254" lon="-3.010857"><time>2026-09-20T11:54:25Z</time></trkpt>
<trkpt lat="53.648237" lon="-3.010873"><time>2026-09-20T11:54:26Z</time></trkpt>
<trkpt lat="53.648221" lon="-3.010904"><time>2026-09-20T11:54:27Z</time></trkpt>
<trkpt lat="53.648209" lon="-3.010927"><time>2026-09-20T11:54:28Z</time></trkpt>
<trkpt lat="53.648197" lon="-3.010945"><time>2026-09-20T11:54:29Z</time></trkpt>
<trkpt lat="53.648186" lon="-3.010969"><time>2026-09-20T11:54:30Z</time></trkpt>
<trkpt lat="53.648171" lon="-3.010998"><time>2026-09-20T11:54:31Z</time></trkpt>
<trkpt lat="53.648156" lon="-3.011013"><time>2026-09-20T11:54:32Z</time></trkpt>
<trkpt lat="53.648145" lon="-3.011041"><time>2026-09-20T11:54:33Z</time></trkpt>
<trkpt lat="53.648133" lon="-3.011059"><time>2026-09-20T11:54:34Z</time></trkpt>
<trkpt lat="53.648114" lon="-3.011087"><time>2026-09-20T11:54:35Z</time></trkpt>
<trkpt lat="53.648107" lon="-3.011114"><time>2026-09-20T11:54:36Z</time></trkpt>
<trkpt lat="53.648090" lon="-3.011138"><time>2026-09-20T11:54:37Z</time></trkpt>
<trkpt lat="53.648082" lon="-3.011164"><time>2026-09-20T11:54:38Z</time></trkpt>
<trkpt lat="53.648061" lon="-3.011193"><time>2026-09-20T11:54:39Z</time></trkpt>
<trkpt lat="53.648056" lon="-3.011211"><time>2026-09-20T11:54:40Z</time></trkpt>
<trkpt lat="53.648040" lon="-3.011242"><time>2026-09-20T11:54:41Z</time></trkpt>
<trkpt lat="53.648024" lon="-3.011258"><time>2026-09-20T11:54:42Z</time></trkpt>
<trkpt lat="53.648016" lon="-3.011274"><time>2026-09-20T11:54:43Z</time></trkpt>
<trkpt lat="53.648005" lon="-3.011302"><time>2026-09-20T11:54:44Z</time></trkpt>
<trkpt lat="53.647983" lon="-3.011332"><time>2026-09-20T11:54:45Z</time></trkpt>
<trkpt lat="53.647971" lon="-3.011352"><time>2026-09-20T11:54:46Z</time></trkpt>
<trkpt lat="53.647961" lon="-3.011372"><time>2026-09-20T11:54:47Z</time></trkpt>
<trkpt lat="53.647948" lon="-3.011404"><time>2026-09-20T11:54:48Z</time></trkpt>
<trkpt lat="53.647934" lon="-3.011410"><time>2026-09-20T11:54:49Z</time></trkpt>
<trkpt lat="53.647929" lon="-3.011447"><time>2026-09-20T11:54:50Z</time></trkpt>
<trkpt lat="53.647910" lon="-3.011454"><time>2026-09-20T11:54:51Z</time></trkpt>
<trkpt lat="53.647904" lon="-3.011485"><time>2026-09-20T11:54:52Z</time></trkpt>
<trkpt lat="53.647890" lon="-3.011508"><time>2026-09-20T11:54:53Z</time></trkpt>
<trkpt lat="53.647880" lon="-3.011522"><time>2026-09-20T11:54:54Z</time></trkpt>
<trkpt lat="53.647865" lon="-3.011548"><time>2026-09-20T11:54:55Z</time></trkpt>
<trkpt lat="53.647856" lon="-3.011574"><time>2026-09-20T11:54:56Z</time></trkpt>
<trkpt lat="53.647841" lon="-3.011599"><time>2026-09-20T11:54:57Z</time></trkpt>
<trkpt lat="53.647837" lon="-3.011610"><time>2026-09-20T11:54:58Z</time></trkpt>
<trkpt lat="53.647816" lon="-3.011639"><time>2026-09-20T11:54:59Z</time></trkpt>
<trkpt lat="53.647807" lon="-3.011659"><time>2026-09-20T11:55:00Z</time></trkpt>
<trkpt lat="53.647799" lon="-3.011672"><time>2026-09-20T11:55:01Z</time></trkpt>
<trkpt lat="53.647787" lon="-3.011697"><time>2026-09-20T11:55:02Z</time></trkpt>
<trkpt lat="53.647771" lon="-3.011718"><time>2026-09-20T11:55:03Z</time></trkpt>
<trkpt lat="53.647764" lon="-3.011729"><time>2026-09-20T11:55:04Z</time></trkpt>
<trkpt lat="53.647750" lon="-3.011768"><time>2026-09-20T11:55:05Z</time></trkpt>
<trkpt lat="53.647736" lon="-3.011777"><time>2026-09-20T11:55:06Z</time></trkpt>
<trkpt lat="53.647728" lon="-3.011805"><time>2026-09-20T11:55:07Z</time></trkpt>
<trkpt lat="53.647712" lon="-3.011823"><time>2026-09-20T11:55:08Z</time></trkpt>
<trkpt lat="53.647701" lon="-3.011846"><time>2026-09-20T11:55:09Z</time></trkpt>
<trkpt lat="53.647686" lon="-3.011871"><time>2026-09-20T11:55:10Z</time></trkpt>
<trkpt lat="53.647682" lon="-3.011882"><time>2026-09-20T11:55:11Z</time></trkpt>
<trkpt lat="53.647666" lon="-3.011920"><time>2026-09-20T11:55:12Z</time></trkpt>
<trkpt lat="53.647657" lon="-3.011933"><time>2026-09-20T11:55:13Z</time></trkpt>
<trkpt lat="53.647646" lon="-3.011958"><time>2026-09-20T11:55:14Z</time></trkpt>
<trkpt lat="53.647633" lon="-3.011980"><time>2026-09-20T11:55:15Z</time></trkpt>
<trkpt lat="53.647614" lon="-3.011996"><time>2026-09-20T11:55:16Z</time></trkpt>
<trkpt lat="53.647601" lon="-3.012026"><time>2026-09-20T11:55:17Z</time></trkpt>
<trkpt lat="53.647589" lon="-3.012047"><time>2026-09-20T11:55:18Z</time></trkpt>
<trkpt lat="53.647578" lon="-3.012062"><time>2026-09-20T11:55:19Z</time></trkpt>
<trkpt lat="53.647558" lon="-3.012045"><time>2026-09-20T11:55:20Z</time></trkpt>
<trkpt lat="53.647532" lon="-3.012049"><time>2026-09-20T11:55:21Z</time></trkpt>
<trkpt lat="53.647503" lon="-3.012037"><time>2026-09-20T11:55:22Z</time></trkpt>
<trkpt lat="53.647483" lon="-3.012013"><time>2026-09-20T11:55:23Z</time></trkpt>
<trkpt lat="53.647461" lon="-3.012018"><time>2026-09-20T11:55:24Z</time></trkpt>
<trkpt lat="53.647437" lon="-3.011992"><time>2026-09-20T11:55:25Z</time></trkpt>
<trkpt lat="53.647413" lon="-3.011995"><time>2026-09-20T11:55:26Z</time></trkpt>
<trkpt lat="53.647391" lon="-3.011981"><time>2026-09-20T11:55:27Z</time></trkpt>
<trkpt lat="53.647377" lon="-3.011960"><time>2026-09-20T11:55:28Z</time></trkpt>
<trkpt lat="53.647348" lon="-3.011950"><time>2026-09-20T11:55:29Z</time></trkpt>
<trkpt lat="53.647329" lon="-3.011942"><time>2026-09-20T11:55:30Z</time></trkpt>
<trkpt lat="53.647298" lon="-3.011944"><time>2026-09-20T11:55:31Z</time></trkpt>
<trkpt lat="53.647315" lon="-3.011945"><time>2026-09-20T11:55:32Z</time></trkpt>
<trkpt lat="53.647327" lon="-3.011947"><time>2026-09-20T11:55:33Z</time></trkpt>
<trkpt lat="53.647343" lon="-3.011952"><time>2026-09-20T11:55:34Z</time></trkpt>
<trkpt lat="53.647369" lon="-3.011966"><time>2026-09-20T11:55:35Z</time></trkpt>
<trkpt lat="53.647374" lon="-3.011976"><time>2026-09-20T11:55:36Z</time></trkpt>
<trkpt lat="53.647398" lon="-3.011987"><time>2026-09-20T11:55:37Z</time></trkpt>
<trkpt lat="53.647407" lon="-3.011999"><time>2026-09-20T11:55:38Z</time></trkpt>
<trkpt lat="53.647422" lon="-3.012007"><time>2026-09-20T11:55:39Z</time></trkpt>
<trkpt lat="53.647442" lon="-3.012007"><time>2026-09-20T11:55:40Z</time></trkpt>
<trkpt lat="53.647460" lon="-3.012007"><time>2026-09-20T11:55:41Z</time></trkpt>
<trkpt lat="53.647471" lon="-3.012026"><time>2026-09-20T11:55:42Z</time></trkpt>
<trkpt lat="53.647490" lon="-3.012024"><time>2026-09-20T11:55:43Z</time></trkpt>
<trkpt lat="53.647504" lon="-3.012045"><time>2026-09-20T11:55:44Z</time></trkpt>
<trkpt lat="53.647514" lon="-3.012054"><time>2026-09-20T11:55:45Z</time></trkpt>
<trkpt lat="53.647531" lon="-3.012047"><time>2026-09-20T11:55:46Z</time></trkpt>
<trkpt lat="53.647544" lon="-3.012064"><time>2026-09-20T11:55:47Z</time></trkpt>
<trkpt lat="53.647557" lon="-3.012061"><time>2026-09-20T11:55:48Z</time></trkpt>
<trkpt lat="53.647575" lon="-3.012077"><time>2026-09-20T11:55:49Z</time></trkpt>
<trkpt lat="53.647586" lon="-3.012088"><time>2026-09-20T11:55:50Z</time></trkpt>
<trkpt lat="53.647606" lon="-3.012088"><time>2026-09-20T11:55:51Z</time></trkpt>
<trkpt lat="53.647615" lon="-3.012103"><time>2026-09-20T11:55:52Z</time></trkpt>
<trkpt lat="53.647634" lon="-3.012099"><time>2026-09-20T11:55:53Z</time></trkpt>
<trkpt lat="53.647642" lon="-3.012118"><time>2026-09-20T11:55:54Z</time></trkpt>
<trkpt lat="53.647658" lon="-3.012128"><time>2026-09-20T11:55:55Z</time></trkpt>
<trkpt lat="53.647672" lon="-3.012124"><time>2026-09-20T11:55:56Z</time></trkpt>
<trkpt lat="53.647693" lon="-3.012141"><time>2026-09-20T11:55:57Z</time></trkpt>
<trkpt lat="53.647705" lon="-3.012138"><time>2026-09-20T11:55:58Z</time></trkpt>
<trkpt lat="53.647715" lon="-3.012144"><time>2026-09-20T11:55:59Z</time></trkpt>
<trkpt lat="53.647736" lon="-3.012164"><time>2026-09-20T11:56:00Z</time></trkpt>
<trkpt lat="53.647742" lon="-3.012166"><time>2026-09-20T11:56:01Z</time></trkpt>
<trkpt lat="53.647758" lon="-3.012176"><time>2026-09-20T11:56:02Z</time></trkpt>
<trkpt lat="53.647771" lon="-3.012174"><time>2026-09-20T11:56:03Z</time></trkpt>
<trkpt lat="53.647789" lon="-3.012179"><time>2026-09-20T11:56:04Z</time></trkpt>
<trkpt lat="53.647801" lon="-3.012197"><time>2026-09-20T11:56:05Z</time></trkpt>
<trkpt lat="53.647815" lon="-3.012199"><time>2026-09-20T11:56:06Z</time></trkpt>
<trkpt lat="53.647831" lon="-3.012203"><time>2026-09-20T11:56:07Z</time></trkpt>
<trkpt lat="53.647849" lon="-3.012214"><time>2026-09-20T11:56:08Z</time></trkpt>
<trkpt lat="53.647861" lon="-3.012218"><time>2026-09-20T11:56:09Z</time></trkpt>
<trkpt lat="53.647874" lon="-3.012227"><time>2026-09-20T11:56:10Z</time></trkpt>
<trkpt lat="53.647889" lon="-3.012236"><time>2026-09-20T11:56:11Z</time></trkpt>
<trkpt lat="53.647905" lon="-3.012243"><time>2026-09-20T11:56:12Z</time></trkpt>
<trkpt lat="53.647917" lon="-3.012248"><time>2026-09-20T11:56:13Z</time></trkpt>
<trkpt lat="53.647938" lon="-3.012255"><time>2026-09-20T11:56:14Z</time></trkpt>
<trkpt lat="53.647951" lon="-3.012274"><time>2026-09-20T11:56:15Z</time></trkpt>
<trkpt lat="53.647972" lon="-3.012284"><time>2026-09-20T11:56:16Z</time></trkpt>
<trkpt lat="53.647984" lon="-3.012285"><time>2026-09-20T11:56:17Z</time></trkpt>
<trkpt lat="53.648001" lon="-3.012299"><time>2026-09-20T11:56:18Z</time></trkpt>
<trkpt lat="53.648017" lon="-3.012309"><time>2026-09-20T11:56:19Z</time></trkpt>
<trkpt lat="53.648033" lon="-3.012304"><time>2026-09-20T11:56:20Z</time></trkpt>
<trkpt lat="53.648051" lon="-3.012313"><time>2026-09-20T11:56:21Z</time></trkpt>
<trkpt lat="53.648064" lon="-3.012336"><time>2026-09-20T11:56:22Z</time></trkpt>
<trkpt lat="53.648081" lon="-3.012346"><time>2026-09-20T11:56:23Z</time></trkpt>
<trkpt lat="53.648098" lon="-3.012354"><time>2026-09-20T11:56:24Z</time></trkpt>
<trkpt lat="53.648108" lon="-3.012345"><time>2026-09-20T11:56:25Z</time></trkpt>
<trkpt lat="53.648127" lon="-3.012363"><time>2026-09-20T11:56:26Z</time></trkpt>
<trkpt lat="53.648147" lon="-3.012376"><time>2026-09-20T11:56:27Z</time></trkpt>
<trkpt lat="53.648157" lon="-3.012377"><time>2026-09-20T11:56:28Z</time></trkpt>
<trkpt lat="53.648181" lon="-3.012391"><time>2026-09-20T11:56:29Z</time></trkpt>
<trkpt lat="53.648189" lon="-3.012388"><time>2026-09-20T11:56:30Z</time></trkpt>
<trkpt lat="53.648205" lon="-3.012400"><time>2026-09-20T11:56:31Z</time></trkpt>
<trkpt lat="53.648226" lon="-3.012415"><time>2026-09-20T11:56:32Z</time></trkpt>
<trkpt lat="53.648237" lon="-3.012415"><time>2026-09-20T11:56:33Z</time></trkpt>
<trkpt lat="53.648258" lon="-3.012433"><time>2026-09-20T11:56:34Z</time></trkpt>
<trkpt lat="53.648274" lon="-3.012440"><time>2026-09-20T11:56:35Z</time></trkpt>
<trkpt lat="53.648282" lon="-3.012441"><time>2026-09-20T11:56:36Z</time></trkpt>
<trkpt lat="53.648300" lon="-3.012443"><time>2026-09-20T11:56:37Z</time></trkpt>
<trkpt lat="53.648318" lon="-3.012466"><time>2026-09-20T11:56:38Z</time></trkpt>
<trkpt lat="53.648332" lon="-3.012474"><time>2026-09-20T11:56:39Z</time></trkpt>
<trkpt lat="53.648351" lon="-3.012480"><time>2026-09-20T11:56:40Z</time></trkpt>
<trkpt lat="53.648364" lon="-3.012477"><time>2026-09-20T11:56:41Z</time></trkpt>
<trkpt lat="53.648375" lon="-3.012489"><time>2026-09-20T11:56:42Z</time></trkpt>
<trkpt lat="53.648393" lon="-3.012492"><time>2026-09-20T11:56:43Z</time></trkpt>
<trkpt lat="53.648409" lon="-3.012505"><time>2026-09-20T11:56:44Z</time></trkpt>
<trkpt lat="53.648424" lon="-3.012519"><time>2026-09-20T11:56:45Z</time></trkpt>
<trkpt lat="53.648440" lon="-3.012515"><time>2026-09-20T11:56:46Z</time></trkpt>
<trkpt lat="53.648454" lon="-3.012525"><time>2026-09-20T11:56:47Z</time></trkpt>
<trkpt lat="53.648468" lon="-3.012536"><time>2026-09-20T11:56:48Z</time></trkpt>
<trkpt lat="53.648485" lon="-3.012543"><time>2026-09-20T11:56:49Z</time></trkpt>
<trkpt lat="53.648491" lon="-3.012541"><time>2026-09-20T11:56:50Z</time></trkpt>
<trkpt lat="53.648513" lon="-3.012560"><time>2026-09-20T11:56:51Z</time></trkpt>
<trkpt lat="53.648520" lon="-3.012566"><time>2026-09-20T11:56:52Z</time></trkpt>
<trkpt lat="53.648532" lon="-3.012577"><time>2026-09-20T11:56:53Z</time></trkpt>
<trkpt lat="53.648546" lon="-3.012581"><time>2026-09-20T11:56:54Z</time></trkpt>
<trkpt lat="53.648551" lon="-3.012577"><time>2026-09-20T11:56:55Z</time></trkpt>
<trkpt lat="53.648559" lon="-3.012557"><time>2026-09-20T11:56:56Z</time></trkpt>
<trkpt lat="53.648559" lon="-3.012543"><time>2026-09-20T11:56:57Z</time></trkpt>
<trkpt lat="53.648569" lon="-3.012516"><time>2026-09-20T11:56:58Z</time></trkpt>
<trkpt lat="53.648572" lon="-3.012496"><time>2026-09-20T11:56:59Z</time></trkpt>
<trkpt lat="53.648573" lon="-3.012476"><time>2026-09-20T11:57:00Z</time></trkpt>
<trkpt lat="53.648581" lon="-3.012456"><time>2026-09-20T11:57:01Z</time></trkpt>
<trkpt lat="53.648585" lon="-3.012432"><time>2026-09-20T11:57:02Z</time></trkpt>
<trkpt lat="53.648592" lon="-3.012416"><time>2026-09-20T11:57:03Z</time></trkpt>
<trkpt lat="53.648604" lon="-3.012399"><time>2026-09-20T11:57:04Z</time></trkpt>
<trkpt lat="53.648607" lon="-3.012361"><time>2026-09-20T11:57:05Z</time></trkpt>
<trkpt lat="53.648609" lon="-3.012338"><time>2026-09-20T11:57:06Z</time></trkpt>
<trkpt lat="53.648614" lon="-3.012314"><time>2026-09-20T11:57:07Z</time></trkpt>
<trkpt lat="53.648622" lon="-3.012294"><time>2026-09-20T11:57:08Z</time></trkpt>
<trkpt lat="53.648631" lon="-3.012272"><time>2026-09-20T11:57:09Z</time></trkpt>
<trkpt lat="53.648641" lon="-3.012253"><time>2026-09-20T11:57:10Z</time></trkpt>
<trkpt lat="53.648642" lon="-3.012222"><time>2026-09-20T11:57:11Z</time></trkpt>
<trkpt lat="53.648650" lon="-3.012197"><time>2026-09-20T11:57:12Z</time></trkpt>
<trkpt lat="53.648656" lon="-3.012160"><time>2026-09-20T11:57:13Z</time></trkpt>
<trkpt lat="53.648658" lon="-3.012141"><time>2026-09-20T11:57:14Z</time></trkpt>
<trkpt lat="53.648666" lon="-3.012113"><time>2026-09-20T11:57:15Z</time></trkpt>
<trkpt lat="53.648677" lon="-3.012096"><time>2026-09-20T11:57:16Z</time></trkpt>
<trkpt lat="53.648680" lon="-3.012067"><time>2026-09-20T11:57:17Z</time></trkpt>
<trkpt lat="53.648684" lon="-3.012035"><time>2026-09-20T11:57:18Z</time></trkpt>
<trkpt lat="53.648697" lon="-3.012020"><time>2026-09-20T11:57:19Z</time></trkpt>
<trkpt lat="53.648703" lon="-3.011979"><time>2026-09-20T11:57:20Z</time></trkpt>
<trkpt lat="53.648708" lon="-3.011958"><time>2026-09-20T11:57:21Z</time></trkpt>
<trkpt lat="53.648714" lon="-3.011941"><time>2026-09-20T11:57:22Z</time></trkpt>
<trkpt lat="53.648717" lon="-3.011900"><time>2026-09-20T11:57:23Z</time></trkpt>
<trkpt lat="53.648729" lon="-3.011873"><time>2026-09-20T11:57:24Z</time></trkpt>
<trkpt lat="53.648732" lon="-3.011852"><time>2026-09-20T11:57:25Z</time></trkpt>
<trkpt lat="53.648737" lon="-3.011833"><time>2026-09-20T11:57:26Z</time></trkpt>
<trkpt lat="53.648752" lon="-3.011808"><time>2026-09-20T11:57:27Z</time></trkpt>
<trkpt lat="53.648755" lon="-3.011785"><time>2026-09-20T11:57:28Z</time></trkpt>
<trkpt lat="53.648758" lon="-3.011750"><time>2026-09-20T11:57:29Z</time></trkpt>
<trkpt lat="53.648770" lon="-3.011718"><time>2026-09-20T11:57:30Z</time></trkpt>
<trkpt lat="53.648769" lon="-3.011691"><time>2026-09-20T11:57:31Z</time></trkpt>
<trkpt lat="53.648779" lon="-3.011677"><time>2026-09-20T11:57:32Z</time></trkpt>
<trkpt lat="53.648790" lon="-3.011651"><time>2026-09-20T11:57:33Z</time></trkpt>
<trkpt lat="53.648797" lon="-3.011631"><time>2026-09-20T11:57:34Z</time></trkpt>
<trkpt lat="53.648800" lon="-3.011602"><time>2026-09-20T11:57:35Z</time></trkpt>
<trkpt lat="53.648802" lon="-3.011577"><time>2026-09-20T11:57:36Z</time></trkpt>
<trkpt lat="53.648809" lon="-3.011549"><time>2026-09-20T11:57:37Z</time></trkpt>
<trkpt lat="53.648820" lon="-3.011523"><time>2026-09-20T11:57:38Z</time></trkpt>
<trkpt lat="53.648821" lon="-3.011502"><time>2026-09-20T11:57:39Z</time></trkpt>
<trkpt lat="53.648834" lon="-3.011481"><time>2026-09-20T11:57:40Z</time></trkpt>
<trkpt lat="53.648839" lon="-3.011446"><time>2026-09-20T11:57:41Z</time></trkpt>
<trkpt lat="53.648836" lon="-3.011434"><time>2026-09-20T11:57:42Z</time></trkpt>
<trkpt lat="53.648848" lon="-3.011400"><time>2026-09-20T11:57:43Z</time></trkpt>
<trkpt lat="53.648857" lon="-3.011386"><time>2026-09-20T11:57:44Z</time></trkpt>
<trkpt lat="53.648859" lon="-3.011358"><time>2026-09-20T11:57:45Z</time></trkpt>
<trkpt lat="53.648859" lon="-3.011339"><time>2026-09-20T11:57:46Z</time></trkpt>
<trkpt lat="53.648875" lon="-3.011310"><time>2026-09-20T11:57:47Z</time></trkpt>
<trkpt lat="53.648875" lon="-3.011296"><time>2026-09-20T11:57:48Z</time></trkpt>
<trkpt lat="53.648878" lon="-3.011263"><time>2026-09-20T11:57:49Z</time></trkpt>
<trkpt lat="53.648907" lon="-3.011283"><time>2026-09-20T11:57:50Z</time></trkpt>
<trkpt lat="53.648925" lon="-3.011287"><time>2026-09-20T11:57:51Z</time></trkpt>
<trkpt lat="53.648941" lon="-3.011297"><time>2026-09-20T11:57:52Z</time></trkpt>
<trkpt lat="53.648958" lon="-3.011317"><time>2026-09-20T11:57:53Z</time></trkpt>
<trkpt lat="53.648979" lon="-3.011320"><time>2026-09-20T11:57:54Z</time></trkpt>
<trkpt lat="53.649001" lon="-3.011329"><time>2026-09-20T11:57:55Z</time></trkpt>
<trkpt lat="53.649023" lon="-3.011342"><time>2026-09-20T11:57:56Z</time></trkpt>
<trkpt lat="53.649042" lon="-3.011357"><time>2026-09-20T11:57:57Z</time></trkpt>
<trkpt lat="53.649066" lon="-3.011358"><time>2026-09-20T11:57:58Z</time></trkpt>
<trkpt lat="53.649087" lon="-3.011375"><time>2026-09-20T11:57:59Z</time></trkpt>
<trkpt lat="53.649104" lon="-3.011376"><time>2026-09-20T11:58:00Z</time></trkpt>
<trkpt lat="53.649119" lon="-3.011395"><time>2026-09-20T11:58:01Z</time></trkpt>
<trkpt lat="53.649149" lon="-3.011401"><time>2026-09-20T11:58:02Z</time></trkpt>
<trkpt lat="53.649162" lon="-3.011414"><time>2026-09-20T11:58:03Z</time></trkpt>
<trkpt lat="53.649187" lon="-3.011428"><time>2026-09-20T11:58:04Z</time></trkpt>
<trkpt lat="53.649212" lon="-3.011443"><time>2026-09-20T11:58:05Z</time></trkpt>
<trkpt lat="53.649230" lon="-3.011458"><time>2026-09-20T11:58:06Z</time></trkpt>
<trkpt lat="53.649251" lon="-3.011457"><time>2026-09-20T11:58:07Z</time></trkpt>
<trkpt lat="53.649277" lon="-3.011473"><time>2026-09-20T11:58:08Z</time></trkpt>
<trkpt lat="53.649292" lon="-3.011477"><time>2026-09-20T11:58:09Z</time></trkpt>
<trkpt lat="53.649312" lon="-3.011502"><time>2026-09-20T11:58:10Z</time></trkpt>
<trkpt lat="53.649338" lon="-3.011505"><time>2026-09-20T11:58:11Z</time></trkpt>
<trkpt lat="53.649360" lon="-3.011527"><time>2026-09-20T11:58:12Z</time></trkpt>
<trkpt lat="53.649381" lon="-3.011526"><time>2026-09-20T11:58:13Z</time></trkpt>
</trkseg></trk>
</gpx>
