t_ms,lat,lon,sog_kn,hdg,heel,pitch
1790099100000,53.6492814,-3.0089581,4.02,342,12.1,0.2
1790099100100,53.6492746,-3.0089735,4.02,342,12.0,-0.1
1790099100200,53.6492779,-3.0089716,4.16,342,12.1,0.4
1790099100300,53.6492875,-3.0089763,4.03,342,11.6,0.2
1790099100400,53.6492813,-3.0089754,4.13,342,12.9,0.4
1790099100500,53.6492853,-3.0089806,4.05,342,12.6,0.0
1790099100600,53.6492886,-3.0089743,4.06,342,11.5,-0.2
1790099100700,53.6492874,-3.0089774,4.01,342,12.7,-0.2
1790099100800,53.6492936,-3.0089702,4.01,342,12.1,-0.2
1790099100900,53.6492937,-3.0089814,4.00,342,12.4,0.2
1790099101000,53.6492998,-3.0089813,4.08,342,12.0,-0.1
1790099101100,53.6492944,-3.0089758,4.02,342,12.0,-0.2
1790099101200,53.6492997,-3.0089821,4.17,342,11.6,-0.2
1790099101300,53.6493002,-3.0089712,4.09,342,11.8,0.1
1790099101400,53.6492977,-3.0089845,4.13,342,12.0,-0.3
1790099101500,53.6493092,-3.0089782,4.12,342,11.1,-0.5
1790099101600,53.6493023,-3.0089865,4.09,342,11.8,-0.5
1790099101700,53.6493063,-3.0089831,4.16,342,11.8,-0.6
1790099101800,53.6493075,-3.0089815,4.07,342,10.8,-0.6
1790099101900,53.6493093,-3.0089811,4.06,342,10.9,-0.5
1790099102000,53.6493126,-3.0089792,4.10,342,11.8,-0.3
1790099102100,53.6493111,-3.0089955,4.18,342,11.4,-0.9
1790099102200,53.6493169,-3.0089942,4.15,342,11.2,-0.9
1790099102300,53.6493221,-3.0089963,4.13,342,10.7,-0.7
1790099102400,53.6493163,-3.0089996,4.09,342,11.4,-0.4
1790099102500,53.6493256,-3.0089872,4.12,342,10.5,-1.0
1790099102600,53.6493298,-3.0089969,3.95,342,10.8,-0.5
1790099102700,53.6493259,-3.0089911,4.12,342,11.5,-0.8
1790099102800,53.6493297,-3.0089902,4.14,342,10.2,-1.1
1790099102900,53.6493271,-3.0089897,4.08,342,10.5,-0.9
1790099103000,53.6493272,-3.0089966,4.14,342,10.4,-1.3
1790099103100,53.6493317,-3.0089993,4.13,342,10.7,-0.9
1790099103200,53.6493360,-3.0089971,4.16,342,11.2,-0.9
1790099103300,53.6493416,-3.0089933,4.11,342,10.6,-1.2
1790099103400,53.6493337,-3.0089985,4.03,342,10.6,-1.6
1790099103500,53.6493364,-3.0089968,4.06,342,10.4,-1.5
1790099103600,53.6493396,-3.0090001,3.97,342,10.5,-1.3
1790099103700,53.6493451,-3.0090036,4.11,342,10.7,-1.5
1790099103800,53.6493437,-3.0090033,4.05,342,10.6,-1.2
1790099103900,53.6493461,-3.0090126,4.08,342,9.9,-1.4
1790099104000,53.6493531,-3.0089996,3.99,342,10.0,-1.8
1790099104100,53.6493500,-3.0090086,4.04,342,9.4,-1.6
1790099104200,53.6493565,-3.0090140,3.96,342,9.9,-2.0
1790099104300,53.6493514,-3.0090066,4.07,342,9.9,-1.8
1790099104400,53.6493606,-3.0090142,4.01,342,10.2,-2.1
1790099104500,53.6493534,-3.0090166,4.06,342,10.2,-1.8
1790099104600,53.6493555,-3.0090114,4.14,342,9.5,-1.5
1790099104700,53.6493615,-3.0090128,4.06,342,10.0,-1.9
1790099104800,53.6493589,-3.0090097,4.09,342,8.9,-1.9
1790099104900,53.6493624,-3.0090109,3.92,342,8.6,-2.2
1790099105000,53.6493634,-3.0090229,3.99,342,9.6,-2.2
1790099105100,53.6493697,-3.0090183,3.93,342,9.6,-1.6
1790099105200,53.6493688,-3.0090113,4.14,342,9.2,-1.7
1790099105300,53.6493681,-3.0090262,3.92,342,8.5,-2.1
1790099105400,53.6493729,-3.0090236,3.92,342,9.2,-2.0
1790099105500,53.6493718,-3.0090175,4.08,342,8.3,-1.7
1790099105600,53.6493791,-3.0090239,3.93,342,9.1,-1.9
1790099105700,53.6493782,-3.0090277,4.09,342,8.8,-2.5
1790099105800,53.6493776,-3.0090280,4.06,342,8.7,-1.8
1790099105900,53.6493799,-3.0090269,4.06,342,8.8,-2.4
1790099106000,53.6493866,-3.0090292,3.99,342,8.3,-1.9
1790099106100,53.6493858,-3.0090345,4.01,342,8.7,-2.0
1790099106200,53.6493861,-3.0090188,4.07,342,9.0,-2.0
1790099106300,53.6493853,-3.0090258,3.92,342,8.9,-1.9
1790099106400,53.6493971,-3.0090350,4.05,342,8.7,-2.5
1790099106500,53.6493948,-3.0090368,4.09,342,8.8,-2.1
1790099106600,53.6494000,-3.0090262,4.06,342,8.2,-1.8
1790099106700,53.6493998,-3.0090369,3.92,342,8.2,-2.0
1790099106800,53.6493986,-3.0090280,3.94,342,7.8,-2.2
1790099106900,53.6493959,-3.0090390,4.06,342,7.5,-2.2
1790099107000,53.6494005,-3.0090340,3.98,342,7.7,-1.9
1790099107100,53.6494054,-3.0090278,3.96,342,7.9,-2.2
1790099107200,53.6494064,-3.0090392,3.89,342,8.2,-2.4
1790099107300,53.6494067,-3.0090428,4.07,342,7.2,-2.0
1790099107400,53.6494063,-3.0090379,4.00,342,8.2,-1.8
1790099107500,53.6494088,-3.0090336,3.86,342,7.1,-2.5
1790099107600,53.6494181,-3.0090382,3.85,342,8.1,-2.1
1790099107700,53.6494138,-3.0090400,4.01,342,8.4,-2.0
1790099107800,53.6494201,-3.0090414,4.01,342,8.0,-2.1
1790099107900,53.6494193,-3.0090400,3.94,342,7.3,-2.1
1790099108000,53.6494162,-3.0090398,3.84,342,8.3,-2.0
1790099108100,53.6494174,-3.0090478,3.99,342,8.1,-1.9
1790099108200,53.6494198,-3.0090432,4.00,342,6.8,-2.0
1790099108300,53.6494291,-3.0090550,3.89,342,7.1,-2.0
1790099108400,53.6494310,-3.0090477,4.00,342,7.4,-2.0
1790099108500,53.6494303,-3.0090409,4.00,342,7.4,-1.7
1790099108600,53.6494300,-3.0090465,3.85,342,7.5,-2.0
1790099108700,53.6494321,-3.0090554,3.83,342,7.5,-1.9
1790099108800,53.6494391,-3.0090563,3.98,342,7.9,-1.8
1790099108900,53.6494373,-3.0090594,3.96,342,7.5,-1.7
1790099109000,53.6494407,-3.0090599,3.96,342,7.9,-1.8
1790099109100,53.6494364,-3.0090489,3.99,342,7.4,-1.6
1790099109200,53.6494372,-3.0090486,3.96,342,7.1,-1.8
1790099109300,53.6494372,-3.0090605,4.01,342,7.3,-1.8
1790099109400,53.6494447,-3.0090593,3.83,342,7.3,-1.7
1790099109500,53.6494425,-3.0090524,3.90,342,7.7,-1.0
1790099109600,53.6494488,-3.0090670,3.98,342,7.5,-1.2
1790099109700,53.6494501,-3.0090637,3.98,342,7.6,-1.4
1790099109800,53.6494474,-3.0090529,3.78,342,7.1,-1.3
1790099109900,53.6494495,-3.0090716,3.86,342,7.6,-1.2
1790099110000,53.6494510,-3.0090557,3.93,342,7.4,-0.8
1790099110100,53.6494612,-3.0090653,3.97,342,7.1,-1.1
1790099110200,53.6494601,-3.0090744,3.85,342,7.1,-0.9
1790099110300,53.6494601,-3.0090647,3.96,342,7.3,-0.6
1790099110400,53.6494579,-3.0090635,3.86,342,8.4,-0.6
1790099110500,53.6494648,-3.0090743,3.98,342,8.3,-0.5
1790099110600,53.6494673,-3.0090682,3.93,342,8.2,-0.6
1790099110700,53.6494644,-3.0090701,3.99,342,8.2,-0.6
1790099110800,53.6494669,-3.0090622,3.94,342,7.6,-0.6
1790099110900,53.6494743,-3.0090799,3.98,342,8.5,-0.9
1790099111000,53.6494695,-3.0090816,3.76,342,8.1,-0.3
1790099111100,53.6494751,-3.0090713,3.86,342,8.1,-0.2
1790099111200,53.6494739,-3.0090789,3.82,342,8.3,-0.5
1790099111300,53.6494752,-3.0090715,3.78,342,8.4,-0.7
1790099111400,53.6494794,-3.0090795,3.92,342,8.1,-0.4
1790099111500,53.6494851,-3.0090696,3.90,342,7.8,-0.2
1790099111600,53.6494794,-3.0090835,3.88,342,8.2,-0.3
1790099111700,53.6494866,-3.0090764,3.84,342,8.3,-0.3
1790099111800,53.6494857,-3.0090818,3.91,342,9.0,-0.5
1790099111900,53.6494859,-3.0090852,3.86,342,8.7,-0.4
1790099112000,53.6494878,-3.0090911,3.83,342,8.8,-0.4
1790099112100,53.6494925,-3.0090806,3.85,342,9.1,-0.3
1790099112200,53.6494935,-3.0090910,3.89,342,8.3,0.2
1790099112300,53.6494932,-3.0090838,3.88,342,8.4,0.1
1790099112400,53.6494925,-3.0090890,3.84,342,9.8,-0.2
1790099112500,53.6495016,-3.0090792,3.79,342,9.8,-0.3
1790099112600,53.6495027,-3.0090857,3.91,342,9.2,0.2
1790099112700,53.6495033,-3.0090909,3.86,342,8.7,-0.2
1790099112800,53.6495044,-3.0090981,3.75,342,8.9,-0.2
1790099112900,53.6495070,-3.0090830,3.74,342,9.5,0.5
1790099113000,53.6495081,-3.0090973,3.90,342,9.0,0.5
1790099113100,53.6495100,-3.0090991,3.88,342,9.7,0.3
1790099113200,53.6495097,-3.0090942,3.71,342,9.1,-0.2
1790099113300,53.6495098,-3.0090938,3.86,342,9.5,0.3
1790099113400,53.6495120,-3.0090940,3.82,342,9.3,0.5
1790099113500,53.6495136,-3.0091021,3.69,342,9.6,0.5
1790099113600,53.6495174,-3.0090963,3.81,342,10.1,0.5
1790099113700,53.6495211,-3.0090918,3.85,342,10.2,0.2
1790099113800,53.6495222,-3.0091027,3.79,342,10.5,0.5
1790099113900,53.6495155,-3.0091029,3.83,342,9.7,0.5
1790099114000,53.6495218,-3.0091054,3.68,342,10.2,-0.2
1790099114100,53.6495251,-3.0091051,3.75,342,10.1,0.4
1790099114200,53.6495271,-3.0090937,3.84,342,11.1,-0.2
1790099114300,53.6495307,-3.0091005,3.65,342,11.2,-0.1
1790099114400,53.6495295,-3.0091048,3.65,342,10.9,0.0
1790099114500,53.6495306,-3.0091047,3.81,342,10.1,0.4
1790099114600,53.6495360,-3.0091016,3.82,342,10.7,0.2
1790099114700,53.6495287,-3.0091113,3.73,342,11.0,-0.3
1790099114800,53.6495354,-3.0091147,3.75,342,11.2,-0.0
1790099114900,53.6495396,-3.0091132,3.79,342,11.6,-0.1
1790099115000,53.6495441,-3.0091028,3.80,342,11.3,-0.4
1790099115100,53.6495385,-3.0091107,3.82,342,10.4,0.3
1790099115200,53.6495402,-3.0091041,3.84,342,11.5,0.3
1790099115300,53.6495414,-3.0091078,3.83,342,10.6,-0.3
1790099115400,53.6495433,-3.0091090,3.75,342,11.7,0.2
1790099115500,53.6495469,-3.0091220,3.78,342,10.9,-0.3
1790099115600,53.6495512,-3.0091087,3.75,342,11.5,-0.1
1790099115700,53.6495547,-3.0091135,3.70,342,11.6,-0.0
1790099115800,53.6495514,-3.0091249,3.78,342,11.8,-0.4
1790099115900,53.6495541,-3.0091184,3.70,342,11.9,-0.5
1790099116000,53.6495529,-3.0091138,3.64,342,12.3,-0.3
1790099116100,53.6495519,-3.0091109,3.68,342,11.7,-0.8
1790099116200,53.6495627,-3.0091276,3.77,342,11.9,-0.0
1790099116300,53.6495579,-3.0091221,3.75,342,11.6,-0.5
1790099116400,53.6495638,-3.0091225,3.70,342,12.4,-0.6
1790099116500,53.6495630,-3.0091224,3.62,342,12.0,-0.3
1790099116600,53.6495636,-3.0091243,3.77,342,12.3,-0.8
1790099116700,53.6495625,-3.0091259,3.67,342,11.6,-1.1
1790099116800,53.6495631,-3.0091189,3.60,342,12.5,-0.4
1790099116900,53.6495727,-3.0091333,3.75,342,12.4,-1.0
1790099117000,53.6495714,-3.0091207,3.59,342,12.4,-1.1
1790099117100,53.6495689,-3.0091364,3.67,342,11.6,-1.2
1790099117200,53.6495750,-3.0091304,3.80,342,12.6,-1.0
1790099117300,53.6495764,-3.0091343,3.64,342,12.3,-0.7
1790099117400,53.6495750,-3.0091339,3.76,342,13.0,-1.2
1790099117500,53.6495756,-3.0091337,3.59,342,12.9,-1.1
1790099117600,53.6495849,-3.0091359,3.76,342,13.0,-1.5
1790099117700,53.6495877,-3.0091375,3.79,342,12.3,-1.4
1790099117800,53.6495884,-3.0091268,3.72,342,13.0,-1.5
1790099117900,53.6495895,-3.0091303,3.65,342,12.2,-1.2
1790099118000,53.6495844,-3.0091337,3.72,342,12.8,-1.2
1790099118100,53.6495948,-3.0091427,3.67,342,12.4,-1.5
1790099118200,53.6495888,-3.0091380,3.68,342,13.2,-1.6
1790099118300,53.6495965,-3.0091443,3.65,342,12.9,-1.4
1790099118400,53.6495890,-3.0091431,3.61,342,13.0,-1.6
1790099118500,53.6495982,-3.0091401,3.56,342,12.1,-1.4
1790099118600,53.6496026,-3.0091492,3.64,342,11.8,-1.8
1790099118700,53.6495991,-3.0091399,3.66,342,12.7,-1.4
1790099118800,53.6496059,-3.0091352,3.67,342,13.2,-1.9
1790099118900,53.6496047,-3.0091394,3.59,342,12.7,-1.9
1790099119000,53.6496006,-3.0091404,3.61,342,13.0,-1.8
1790099119100,53.6496051,-3.0091382,3.59,342,13.0,-2.0
1790099119200,53.6496033,-3.0091444,3.64,342,12.7,-1.7
1790099119300,53.6496086,-3.0091447,3.62,342,12.9,-2.3
1790099119400,53.6496064,-3.0091511,3.57,342,12.2,-2.2
1790099119500,53.6496122,-3.0091529,3.67,342,12.3,-1.6
1790099119600,53.6496093,-3.0091456,3.60,342,12.5,-2.4
1790099119700,53.6496120,-3.0091567,3.66,342,12.8,-2.3
1790099119800,53.6496176,-3.0091616,3.65,342,12.0,-2.4
1790099119900,53.6496149,-3.0091496,3.61,342,11.7,-1.7
1790099120000,53.6496240,-3.0091564,3.73,342,12.3,-2.3
1790099120100,53.6496256,-3.0091518,3.72,342,12.9,-2.2
1790099120200,53.6496225,-3.0091494,3.65,342,12.7,-1.8
1790099120300,53.6496232,-3.0091639,3.59,342,12.5,-2.3
1790099120400,53.6496307,-3.0091564,3.75,342,11.3,-2.5
1790099120500,53.6496233,-3.0091523,3.74,342,12.7,-2.0
1790099120600,53.6496273,-3.0091632,3.65,342,12.4,-2.5
1790099120700,53.6496301,-3.0091574,3.74,342,11.4,-2.3
1790099120800,53.6496292,-3.0091587,3.74,342,11.5,-2.4
1790099120900,53.6496325,-3.0091669,3.50,342,11.8,-2.1
1790099121000,53.6496351,-3.0091545,3.63,342,11.8,-2.2
1790099121100,53.6496406,-3.0091669,3.61,342,12.1,-2.0
1790099121200,53.6496348,-3.0091652,3.62,342,11.4,-2.1
1790099121300,53.6496404,-3.0091722,3.72,342,11.7,-2.0
1790099121400,53.6496379,-3.0091710,3.59,342,11.0,-2.3
1790099121500,53.6496421,-3.0091677,3.64,342,12.0,-2.1
1790099121600,53.6496502,-3.0091683,3.59,342,12.1,-2.3
1790099121700,53.6496434,-3.0091764,3.61,342,12.0,-2.1
1790099121800,53.6496517,-3.0091688,3.66,342,11.3,-2.1
1790099121900,53.6496543,-3.0091698,3.51,342,11.9,-2.3
1790099122000,53.6496547,-3.0091727,3.57,342,10.9,-2.4
1790099122100,53.6496539,-3.0091732,3.65,342,10.8,-2.0
1790099122200,53.6496519,-3.0091719,3.61,342,10.4,-2.1
1790099122300,53.6496604,-3.0091774,3.50,342,11.3,-2.3
1790099122400,53.6496542,-3.0091742,3.71,342,11.3,-2.2
1790099122500,53.6496634,-3.0091735,3.50,342,10.2,-1.8
1790099122600,53.6496637,-3.0091761,3.53,342,10.6,-2.1
1790099122700,53.6496606,-3.0091748,3.55,342,10.9,-2.3
1790099122800,53.6496608,-3.0091747,3.65,342,10.0,-1.6
1790099122900,53.6496675,-3.0091809,3.59,342,10.2,-1.5
1790099123000,53.6496646,-3.0091737,3.65,342,9.7,-1.4
1790099123100,53.6496689,-3.0091746,3.66,342,10.5,-1.3
1790099123200,53.6496725,-3.0091901,3.54,342,10.2,-1.7
1790099123300,53.6496750,-3.0091915,3.63,342,10.1,-1.9
1790099123400,53.6496786,-3.0091869,3.51,342,9.4,-1.5
1790099123500,53.6496764,-3.0091886,3.60,342,10.4,-1.8
1790099123600,53.6496817,-3.0091822,3.69,342,9.7,-1.9
1790099123700,53.6496743,-3.0091941,3.64,342,9.5,-1.2
1790099123800,53.6496761,-3.0091922,3.59,342,10.1,-1.1
1790099123900,53.6496799,-3.0091859,3.58,342,9.2,-1.4
1790099124000,53.6496813,-3.0091820,3.61,342,9.1,-1.3
1790099124100,53.6496839,-3.0091873,3.70,342,9.7,-1.1
1790099124200,53.6496884,-3.0091825,3.68,342,9.1,-1.4
1790099124300,53.6496891,-3.0091988,3.61,342,9.8,-1.4
1790099124400,53.6496885,-3.0091984,3.48,342,9.5,-1.4
1790099124500,53.6496952,-3.0091988,3.67,342,8.7,-0.9
1790099124600,53.6496966,-3.0091992,3.69,342,9.2,-1.1
1790099124700,53.6496943,-3.0091945,3.69,342,8.8,-1.1
1790099124800,53.6496932,-3.0092023,3.54,342,8.2,-0.8
1790099124900,53.6496958,-3.0091925,3.71,342,8.2,-1.1
1790099125000,53.6497033,-3.0091995,3.58,342,8.6,-1.1
1790099125100,53.6496970,-3.0091940,3.52,342,8.2,-0.9
1790099125200,53.6497059,-3.0091907,3.54,342,8.3,-0.9
1790099125300,53.6497036,-3.0091974,3.48,342,9.2,-0.8
1790099125400,53.6497020,-3.0092079,3.50,342,8.2,-0.4
1790099125500,53.6497030,-3.0092042,3.64,342,9.0,-0.9
1790099125600,53.6497060,-3.0092120,3.49,342,8.6,-0.8
1790099125700,53.6497067,-3.0092013,3.53,342,8.5,-0.1
1790099125800,53.6497143,-3.0091965,3.51,342,7.6,-0.8
1790099125900,53.6497185,-3.0092111,3.47,342,8.1,-0.4
1790099126000,53.6497175,-3.0092144,3.48,342,8.7,-0.2
1790099126100,53.6497182,-3.0092067,3.49,342,8.2,-0.1
1790099126200,53.6497163,-3.0092159,3.65,342,7.3,-0.5
1790099126300,53.6497147,-3.0092089,3.49,342,8.7,0.0
1790099126400,53.6497203,-3.0092178,3.72,342,7.7,-0.2
1790099126500,53.6497209,-3.0092060,3.71,342,7.6,0.3
1790099126600,53.6497280,-3.0092065,3.68,342,8.2,-0.3
1790099126700,53.6497309,-3.0092182,3.53,342,8.0,-0.3
1790099126800,53.6497306,-3.0092051,3.66,342,7.5,-0.3
1790099126900,53.6497296,-3.0092211,3.69,342,7.5,-0.3
1790099127000,53.6497326,-3.0092228,3.58,342,7.4,-0.3
1790099127100,53.6497288,-3.0092121,3.62,342,7.4,0.3
1790099127200,53.6497314,-3.0092212,3.67,342,7.7,-0.0
1790099127300,53.6497329,-3.0092119,3.54,342,6.9,0.2
1790099127400,53.6497387,-3.0092146,3.52,342,8.2,-0.0
1790099127500,53.6497403,-3.0092254,3.56,342,8.0,0.5
1790099127600,53.6497372,-3.0092244,3.64,342,7.0,0.3
1790099127700,53.6497420,-3.0092216,3.64,342,7.1,0.2
1790099127800,53.6497463,-3.0092241,3.55,342,7.8,-0.1
1790099127900,53.6497425,-3.0092294,3.51,342,7.9,0.3
1790099128000,53.6497468,-3.0092235,3.55,342,7.0,0.3
1790099128100,53.6497451,-3.0092203,3.66,342,7.6,0.0
1790099128200,53.6497445,-3.0092232,3.60,342,7.1,0.5
1790099128300,53.6497479,-3.0092179,3.59,342,7.1,-0.1
1790099128400,53.6497528,-3.0092240,3.59,342,8.0,-0.2
1790099128500,53.6497496,-3.0092325,3.62,342,7.2,-0.0
1790099128600,53.6497508,-3.0092237,3.54,342,6.8,-0.0
1790099128700,53.6497607,-3.0092344,3.55,342,7.6,0.1
1790099128800,53.6497552,-3.0092223,3.65,342,6.9,0.4
1790099128900,53.6497586,-3.0092363,3.61,342,7.0,0.1
1790099129000,53.6497590,-3.0092370,3.74,342,6.8,0.2
1790099129100,53.6497647,-3.0092287,3.59,342,7.1,-0.1
1790099129200,53.6497658,-3.0092399,3.50,342,8.2,0.4
1790099129300,53.6497624,-3.0092394,3.69,342,7.6,0.4
1790099129400,53.6497704,-3.0092369,3.61,342,7.8,-0.4
1790099129500,53.6497675,-3.0092323,3.70,342,7.7,-0.3
1790099129600,53.6497752,-3.0092464,3.62,342,8.0,0.3
1790099129700,53.6497712,-3.0092452,3.73,342,7.6,-0.3
1790099129800,53.6497724,-3.0092376,3.51,342,7.4,-0.4
1790099129900,53.6497812,-3.0092458,3.73,342,8.5,0.1
1790099130000,53.6497812,-3.0092331,3.66,342,8.2,-0.2
1790099130100,53.6497844,-3.0092347,3.60,342,8.6,-0.3
1790099130200,53.6497774,-3.0092432,3.65,342,7.3,-0.5
1790099130300,53.6497815,-3.0092450,3.64,342,8.5,-0.4
1790099130400,53.6497799,-3.0092485,3.52,342,7.4,-0.1
1790099130500,53.6497819,-3.0092510,3.60,342,7.7,-0.5
1790099130600,53.6497916,-3.0092462,3.54,342,8.3,-0.7
1790099130700,53.6497945,-3.0092540,3.71,342,8.6,-0.6
1790099130800,53.6497957,-3.0092434,3.74,342,8.7,-0.4
1790099130900,53.6497923,-3.0092534,3.64,342,8.7,-0.4
1790099131000,53.6497939,-3.0092534,3.54,342,8.3,-0.3
1790099131100,53.6497975,-3.0092476,3.56,342,8.8,-0.6
1790099131200,53.6497953,-3.0092472,3.70,342,8.4,-0.8
1790099131300,53.6497988,-3.0092448,3.63,342,8.2,-0.5
1790099131400,53.6497982,-3.0092583,3.73,342,8.4,-0.5
1790099131500,53.6498058,-3.0092500,3.70,342,8.5,-1.2
1790099131600,53.6498076,-3.0092572,3.56,342,8.6,-0.7
1790099131700,53.6498028,-3.0092529,3.67,342,8.4,-1.2
1790099131800,53.6498105,-3.0092512,3.76,342,8.4,-0.9
1790099131900,53.6498141,-3.0092516,3.72,342,8.4,-1.2
1790099132000,53.6498098,-3.0092513,3.64,342,9.6,-1.0
1790099132100,53.6498173,-3.0092566,3.70,342,8.9,-1.1
1790099132200,53.6498184,-3.0092610,3.68,342,8.7,-0.9
1790099132300,53.6498195,-3.0092670,3.64,342,9.3,-0.9
1790099132400,53.6498117,-3.0092613,3.74,342,9.0,-1.6
1790099132500,53.6498202,-3.0092616,3.56,342,9.9,-1.0
1790099132600,53.6498229,-3.0092647,3.57,342,9.6,-1.1
1790099132700,53.6498247,-3.0092632,3.72,342,9.0,-1.8
1790099132800,53.6498206,-3.0092617,3.66,342,9.1,-1.4
1790099132900,53.6498264,-3.0092660,3.59,342,10.5,-1.6
1790099133000,53.6498235,-3.0092714,3.75,342,9.4,-1.9
1790099133100,53.6498263,-3.0092720,3.74,342,10.1,-1.5
1790099133200,53.6498298,-3.0092690,3.81,342,9.4,-1.8
1790099133300,53.6498345,-3.0092699,3.62,342,9.9,-1.8
1790099133400,53.6498363,-3.0092721,3.71,342,10.2,-1.5
1790099133500,53.6498312,-3.0092641,3.62,342,10.2,-1.6
1790099133600,53.6498400,-3.0092699,3.67,342,11.1,-1.6
1790099133700,53.6498325,-3.0092784,3.61,342,10.6,-1.7
1790099133800,53.6498425,-3.0092787,3.69,342,10.3,-1.6
1790099133900,53.6498435,-3.0092665,3.73,342,10.3,-2.3
1790099134000,53.6498386,-3.0092792,3.63,342,10.4,-2.4
1790099134100,53.6498485,-3.0092827,3.73,342,11.5,-2.2
1790099134200,53.6498450,-3.0092807,3.77,342,11.4,-1.7
1790099134300,53.6498456,-3.0092860,3.72,342,10.6,-2.2
1790099134400,53.6498528,-3.0092888,3.67,342,11.7,-2.2
1790099134500,53.6498534,-3.0092819,3.77,342,10.8,-2.3
1790099134600,53.6498506,-3.0092776,3.65,342,11.5,-2.0
1790099134700,53.6498586,-3.0092759,3.77,342,11.0,-2.0
1790099134800,53.6498563,-3.0092808,3.62,342,10.7,-2.1
1790099134900,53.6498602,-3.0092931,3.71,342,11.2,-2.0
1790099135000,53.6498576,-3.0092766,3.66,342,11.4,-1.8
1790099135100,53.6498638,-3.0092888,3.83,342,11.1,-1.8
1790099135200,53.6498647,-3.0092827,3.84,342,12.3,-2.5
1790099135300,53.6498623,-3.0092829,3.77,342,11.7,-2.1
1790099135400,53.6498677,-3.0092893,3.75,342,11.4,-2.5
1790099135500,53.6498686,-3.0092930,3.72,342,11.7,-2.6
1790099135600,53.6498671,-3.0092955,3.77,342,11.1,-2.3
1790099135700,53.6498704,-3.0092877,3.68,342,12.2,-2.2
1790099135800,53.6498756,-3.0092968,3.86,342,12.1,-2.5
1790099135900,53.6498766,-3.0092960,3.78,342,12.2,-1.9
1790099136000,53.6498738,-3.0092897,3.84,342,11.3,-2.0
1790099136100,53.6498790,-3.0093034,3.82,342,11.9,-2.1
1790099136200,53.6498782,-3.0093002,3.85,342,11.5,-1.9
1790099136300,53.6498838,-3.0092902,3.69,342,11.4,-1.7
1790099136400,53.6498862,-3.0093054,3.74,342,11.5,-2.4
1790099136500,53.6498889,-3.0093028,3.80,342,12.2,-2.1
1790099136600,53.6498838,-3.0092937,3.83,342,12.6,-2.0
1790099136700,53.6498870,-3.0093001,3.72,342,12.6,-1.6
1790099136800,53.6498900,-3.0093045,3.76,342,12.7,-2.3
1790099136900,53.6498904,-3.0093114,3.82,342,11.7,-2.1
1790099137000,53.6498917,-3.0093094,3.67,342,11.7,-2.0
1790099137100,53.6498970,-3.0093086,3.87,342,11.9,-1.7
1790099137200,53.6498923,-3.0092964,3.72,342,12.4,-1.7
1790099137300,53.6498919,-3.0093124,3.79,342,12.2,-1.9
1790099137400,53.6498992,-3.0092995,3.81,342,12.0,-1.5
1790099137500,53.6499036,-3.0093170,3.82,342,11.8,-1.5
1790099137600,53.6499023,-3.0093147,3.69,342,11.9,-1.8
1790099137700,53.6499047,-3.0093158,3.83,342,12.8,-1.6
1790099137800,53.6499106,-3.0093127,3.72,342,13.2,-1.7
1790099137900,53.6499023,-3.0093179,3.88,342,12.8,-1.6
1790099138000,53.6499075,-3.0093106,3.92,342,11.8,-1.7
1790099138100,53.6499136,-3.0093050,3.85,342,11.8,-1.7
1790099138200,53.6499171,-3.0093084,3.89,342,13.2,-1.5
1790099138300,53.6499136,-3.0093161,3.86,342,12.4,-1.2
1790099138400,53.6499153,-3.0093254,3.82,342,13.0,-1.2
1790099138500,53.6499155,-3.0093176,3.84,342,12.4,-1.4
1790099138600,53.6499193,-3.0093245,3.79,342,13.0,-1.1
1790099138700,53.6499224,-3.0093270,3.86,342,12.2,-1.2
1790099138800,53.6499272,-3.0093154,3.89,342,12.2,-0.8
1790099138900,53.6499270,-3.0093221,3.75,342,12.5,-1.4
1790099139000,53.6499251,-3.0093221,3.81,342,12.0,-1.0
1790099139100,53.6499317,-3.0093308,3.94,342,12.4,-1.0
1790099139200,53.6499338,-3.0093300,3.88,342,12.8,-0.6
1790099139300,53.6499340,-3.0093333,3.93,342,11.7,-1.0
1790099139400,53.6499371,-3.0093317,3.91,342,12.0,-0.8
1790099139500,53.6499329,-3.0093233,3.86,342,12.9,-0.4
1790099139600,53.6499329,-3.0093339,3.78,342,11.5,-0.6
1790099139700,53.6499423,-3.0093344,3.75,342,11.5,-0.6
1790099139800,53.6499370,-3.0093316,3.81,342,12.4,-0.9
1790099139900,53.6499401,-3.0093356,3.91,342,12.4,-0.2
1790099140000,53.6499392,-3.0093350,3.83,342,11.9,-0.7
1790099140100,53.6499409,-3.0093249,3.96,342,11.8,-0.4
1790099140200,53.6499432,-3.0093330,3.93,342,12.5,-0.5
1790099140300,53.6499440,-3.0093251,3.87,342,11.2,-0.1
1790099140400,53.6499501,-3.0093421,3.80,342,11.7,-0.4
1790099140500,53.6499559,-3.0093443,3.84,342,11.3,-0.6
1790099140600,53.6499499,-3.0093379,4.00,342,12.3,0.1
1790099140700,53.6499506,-3.0093326,3.80,342,11.0,-0.5
1790099140800,53.6499599,-3.0093314,3.79,342,11.4,0.2
1790099140900,53.6499611,-3.0093472,3.85,342,11.2,0.2
1790099141000,53.6499601,-3.0093378,3.94,342,11.2,0.3
1790099141100,53.6499587,-3.0093464,3.79,342,11.1,-0.2
1790099141200,53.6499653,-3.0093508,3.87,342,10.7,0.1
1790099141300,53.6499657,-3.0093465,3.98,342,11.1,0.1
1790099141400,53.6499669,-3.0093369,3.90,342,10.4,0.1
1790099141500,53.6499726,-3.0093364,3.80,342,11.2,-0.2
1790099141600,53.6499699,-3.0093546,3.95,342,11.7,0.4
1790099141700,53.6499671,-3.0093388,3.99,342,10.3,0.1
1790099141800,53.6499784,-3.0093452,4.00,342,11.4,0.2
1790099141900,53.6499757,-3.0093548,4.03,342,11.5,-0.2
1790099142000,53.6499754,-3.0093447,3.92,342,10.9,0.0
1790099142100,53.6499750,-3.0093512,3.98,342,10.0,0.6
1790099142200,53.6499828,-3.0093526,3.87,342,10.5,0.3
1790099142300,53.6499868,-3.0093447,3.96,342,11.2,-0.1
1790099142400,53.6499800,-3.0093448,4.07,342,9.9,0.3
1790099142500,53.6499862,-3.0093480,4.04,342,10.0,-0.0
1790099142600,53.6499920,-3.0093482,4.01,342,10.1,0.1
1790099142700,53.6499886,-3.0093614,3.86,342,10.5,0.3
1790099142800,53.6499912,-3.0093514,3.85,342,9.8,-0.2
1790099142900,53.6499897,-3.0093657,3.87,342,9.4,0.1
1790099143000,53.6499994,-3.0093593,3.95,342,10.5,-0.1
1790099143100,53.6500007,-3.0093616,3.86,342,9.9,0.4
1790099143200,53.6500009,-3.0093573,3.87,342,10.1,-0.1
1790099143300,53.6500027,-3.0093632,3.97,342,9.4,0.4
1790099143400,53.6500019,-3.0093635,3.85,342,9.1,0.2
1790099143500,53.6500016,-3.0093664,4.01,342,9.1,-0.2
1790099143600,53.6500032,-3.0093601,3.85,342,9.2,-0.2
1790099143700,53.6500011,-3.0093685,4.08,342,9.2,0.4
1790099143800,53.6500049,-3.0093724,3.92,342,9.8,-0.2
1790099143900,53.6500076,-3.0093739,3.93,342,9.3,0.1
1790099144000,53.6500158,-3.0093671,3.88,342,9.8,-0.3
1790099144100,53.6500089,-3.0093707,3.98,342,8.3,0.3
1790099144200,53.6500197,-3.0093704,3.99,342,8.3,0.2
1790099144300,53.6500136,-3.0093704,3.92,342,9.5,-0.0
1790099144400,53.6500134,-3.0093760,4.05,342,9.2,0.1
1790099144500,53.6500190,-3.0093730,3.97,342,8.8,-0.1
1790099144600,53.6500233,-3.0093704,3.90,342,8.3,0.2
1790099144700,53.6500243,-3.0093797,3.99,342,8.4,-0.6
1790099144800,53.6500251,-3.0093703,3.89,342,9.2,-0.6
1790099144900,53.6500269,-3.0093705,3.96,342,7.8,-0.1
1790099145000,53.6500318,-3.0093837,4.03,342,8.5,-0.4
1790099145100,53.6500327,-3.0093880,4.07,342,8.1,-0.7
1790099145200,53.6500293,-3.0093719,4.08,342,7.8,-0.4
1790099145300,53.6500322,-3.0093878,4.06,342,8.9,-0.5
1790099145400,53.6500312,-3.0093787,3.96,342,8.0,-0.2
1790099145500,53.6500373,-3.0093855,4.03,342,7.9,-0.5
1790099145600,53.6500379,-3.0093933,4.08,342,8.5,-0.3
1790099145700,53.6500423,-3.0093801,3.94,342,7.5,-0.9
1790099145800,53.6500479,-3.0093901,4.02,342,8.0,-0.9
1790099145900,53.6500421,-3.0093876,4.04,342,7.5,-0.8
1790099146000,53.6500496,-3.0093806,4.12,342,7.7,-0.6
1790099146100,53.6500501,-3.0093964,3.92,342,7.3,-1.2
1790099146200,53.6500478,-3.0093839,4.05,342,8.1,-1.0
1790099146300,53.6500490,-3.0093929,3.99,342,7.1,-0.9
1790099146400,53.6500582,-3.0093986,4.11,342,7.2,-0.7
1790099146500,53.6500599,-3.0093939,4.04,342,7.0,-0.9
1790099146600,53.6500581,-3.0093930,4.01,342,8.2,-1.3
1790099146700,53.6500546,-3.0093928,3.94,342,7.1,-1.6
1790099146800,53.6500624,-3.0093884,4.02,342,7.8,-1.0
1790099146900,53.6500618,-3.0094027,4.12,342,8.0,-1.4
1790099147000,53.6500667,-3.0094003,4.09,342,8.2,-1.0
1790099147100,53.6500637,-3.0093921,4.18,342,8.1,-1.5
1790099147200,53.6500650,-3.0094005,4.18,342,7.5,-1.4
1790099147300,53.6500680,-3.0093933,4.16,342,6.9,-1.2
1790099147400,53.6500681,-3.0094013,3.97,342,7.8,-1.2
1790099147500,53.6500771,-3.0094011,4.15,342,6.9,-1.3
1790099147600,53.6500759,-3.0094065,4.03,342,7.1,-2.0
1790099147700,53.6500787,-3.0094103,4.14,342,7.0,-1.6
1790099147800,53.6500806,-3.0094107,3.98,342,7.4,-1.6
1790099147900,53.6500809,-3.0094141,4.18,342,7.0,-1.6
1790099148000,53.6500775,-3.0094063,3.99,342,7.3,-2.0
1790099148100,53.6500836,-3.0094108,3.99,342,7.8,-2.1
1790099148200,53.6500834,-3.0094171,4.06,342,6.8,-1.9
1790099148300,53.6500879,-3.0094192,4.03,342,8.3,-1.6
1790099148400,53.6500896,-3.0094056,4.12,342,7.6,-2.3
1790099148500,53.6500871,-3.0094211,4.09,342,7.2,-1.9
1790099148600,53.6500933,-3.0094104,4.12,342,7.6,-1.8
1790099148700,53.6500930,-3.0094109,3.98,342,7.9,-2.2
1790099148800,53.6500937,-3.0094141,4.11,342,7.8,-2.0
1790099148900,53.6501008,-3.0094088,4.04,342,8.4,-1.9
1790099149000,53.6500968,-3.0094150,4.13,342,7.1,-1.8
1790099149100,53.6500973,-3.0094221,4.20,342,7.2,-2.0
1790099149200,53.6501060,-3.0094214,4.01,342,7.3,-2.4
1790099149300,53.6501006,-3.0094267,4.04,342,7.4,-2.0
1790099149400,53.6501058,-3.0094223,4.12,342,8.4,-2.0
1790099149500,53.6501053,-3.0094180,4.07,342,8.2,-2.1
1790099149600,53.6501129,-3.0094296,4.05,342,7.8,-2.4
1790099149700,53.6501121,-3.0094247,4.08,342,7.8,-2.2
1790099149800,53.6501100,-3.0094188,4.02,342,7.8,-2.1
1790099149900,53.6501184,-3.0094237,4.18,342,7.6,-2.0
1790099150000,53.6501181,-3.0094272,4.17,342,8.5,-2.2
1790099150100,53.6501149,-3.0094362,4.04,342,7.7,-2.2
1790099150200,53.6501171,-3.0094208,4.00,342,8.2,-2.3
1790099150300,53.6501231,-3.0094316,4.12,342,8.4,-1.8
1790099150400,53.6501256,-3.0094286,4.13,342,7.7,-2.1
1790099150500,53.6501322,-3.0094244,4.17,342,7.9,-2.5
1790099150600,53.6501275,-3.0094377,4.10,342,8.3,-1.9
1790099150700,53.6501319,-3.0094436,4.03,342,8.7,-2.4
1790099150800,53.6501361,-3.0094313,4.08,342,8.9,-1.8
1790099150900,53.6501361,-3.0094309,4.03,342,8.9,-2.4
1790099151000,53.6501372,-3.0094448,4.04,342,9.0,-1.7
1790099151100,53.6501374,-3.0094332,4.08,342,9.2,-2.2
1790099151200,53.6501424,-3.0094313,4.12,342,8.5,-2.2
1790099151300,53.6501445,-3.0094417,4.09,342,9.7,-2.1
1790099151400,53.6501408,-3.0094352,4.20,342,9.2,-1.5
1790099151500,53.6501449,-3.0094384,4.06,342,9.7,-2.0
1790099151600,53.6501520,-3.0094442,4.10,342,9.8,-2.2
1790099151700,53.6501453,-3.0094515,4.19,342,8.8,-1.8
1790099151800,53.6501550,-3.0094461,4.22,342,9.4,-2.0
1790099151900,53.6501536,-3.0094535,4.05,342,9.8,-2.0
1790099152000,53.6501550,-3.0094561,4.02,342,9.7,-1.4
1790099152100,53.6501583,-3.0094422,4.04,342,9.3,-2.0
1790099152200,53.6501567,-3.0094577,4.12,342,9.2,-1.5
1790099152300,53.6501590,-3.0094541,4.20,342,10.3,-1.9
1790099152400,53.6501650,-3.0094512,4.20,342,10.3,-1.5
1790099152500,53.6501581,-3.0094518,4.17,342,10.4,-1.6
1790099152600,53.6501682,-3.0094595,4.07,342,9.6,-1.8
1790099152700,53.6501662,-3.0094606,4.14,342,10.4,-1.6
1790099152800,53.6501648,-3.0094482,4.14,342,10.4,-1.2
1790099152900,53.6501735,-3.0094476,4.24,342,9.8,-1.1
1790099153000,53.6501754,-3.0094497,4.07,342,11.0,-1.3
1790099153100,53.6501787,-3.0094662,4.14,342,10.7,-1.6
1790099153200,53.6501717,-3.0094634,4.19,342,11.0,-1.2
1790099153300,53.6501794,-3.0094594,4.05,342,10.5,-0.9
1790099153400,53.6501776,-3.0094630,4.23,342,11.1,-1.2
1790099153500,53.6501871,-3.0094662,4.23,342,10.5,-0.9
1790099153600,53.6501810,-3.0094562,4.05,342,11.5,-1.2
1790099153700,53.6501901,-3.0094708,4.16,342,11.6,-0.5
1790099153800,53.6501845,-3.0094722,4.04,342,11.6,-0.7
1790099153900,53.6501916,-3.0094590,4.16,342,11.3,-0.8
1790099154000,53.6501941,-3.0094722,4.09,342,11.3,-1.1
1790099154100,53.6501948,-3.0094704,4.09,342,10.6,-0.5
1790099154200,53.6501979,-3.0094734,4.07,342,11.4,-0.4
1790099154300,53.6501997,-3.0094675,4.19,342,10.8,-0.8
1790099154400,53.6502033,-3.0094762,4.05,342,11.8,-0.7
1790099154500,53.6501957,-3.0094776,4.15,342,11.9,-0.3
1790099154600,53.6502055,-3.0094759,4.07,342,11.2,-0.8
1790099154700,53.6502037,-3.0094811,4.03,342,11.1,-0.4
1790099154800,53.6502027,-3.0094842,4.18,342,12.1,0.0
1790099154900,53.6502093,-3.0094676,4.07,342,12.4,-0.2
1790099155000,53.6502073,-3.0094755,4.16,342,11.1,-0.6
1790099155100,53.6502084,-3.0094701,4.13,342,12.1,-0.5
1790099155200,53.6502134,-3.0094806,4.06,342,12.4,-0.1
1790099155300,53.6502154,-3.0094827,4.19,342,11.5,-0.2
1790099155400,53.6502185,-3.0094808,4.20,342,12.3,0.2
1790099155500,53.6502219,-3.0094747,3.98,342,11.6,0.3
1790099155600,53.6502158,-3.0094818,4.14,342,11.4,0.2
1790099155700,53.6502197,-3.0094829,4.13,342,12.2,-0.3
1790099155800,53.6502219,-3.0094784,4.16,342,11.6,0.4
1790099155900,53.6502227,-3.0094893,4.05,342,12.6,0.3
1790099156000,53.6502270,-3.0094938,4.20,342,12.3,0.2
1790099156100,53.6502313,-3.0094902,4.03,342,11.9,0.2
1790099156200,53.6502326,-3.0094822,4.22,342,11.6,-0.3
1790099156300,53.6502274,-3.0094933,4.01,342,12.2,0.3
1790099156400,53.6502308,-3.0094866,4.19,342,12.5,0.2
1790099156500,53.6502389,-3.0095001,4.22,342,12.7,0.0
1790099156600,53.6502421,-3.0094923,4.01,342,12.1,-0.2
1790099156700,53.6502353,-3.0094879,4.01,342,12.3,-0.1
1790099156800,53.6502415,-3.0094914,4.16,342,12.3,0.3
1790099156900,53.6502390,-3.0095013,4.04,342,12.6,-0.2
1790099157000,53.6502475,-3.0094912,4.11,342,12.6,0.0
1790099157100,53.6502481,-3.0095004,4.12,342,11.9,-0.0
1790099157200,53.6502523,-3.0094906,4.06,342,11.8,0.2
1790099157300,53.6502504,-3.0095029,4.22,342,12.5,0.3
1790099157400,53.6502515,-3.0095021,4.11,342,12.2,0.5
1790099157500,53.6502510,-3.0095078,4.02,342,12.5,-0.0
1790099157600,53.6502553,-3.0094945,4.01,342,11.8,-0.2
1790099157700,53.6502621,-3.0095100,3.98,342,13.0,0.4
1790099157800,53.6502638,-3.0095047,4.07,342,12.9,-0.1
1790099157900,53.6502585,-3.0095066,4.06,342,13.0,0.2
1790099158000,53.6502682,-3.0095106,4.10,342,12.9,0.3
1790099158100,53.6502631,-3.0095079,4.06,342,12.3,-0.1
1790099158200,53.6502669,-3.0095164,4.06,342,12.8,-0.2
1790099158300,53.6502734,-3.0095079,4.01,342,12.4,-0.3
1790099158400,53.6502708,-3.0095045,4.07,342,12.1,0.1
1790099158500,53.6502745,-3.0095057,4.05,342,11.8,0.3
1790099158600,53.6502730,-3.0095146,4.12,342,12.0,-0.0
1790099158700,53.6502760,-3.0095062,4.11,342,11.8,-0.0
1790099158800,53.6502819,-3.0095227,4.11,342,12.0,-0.5
1790099158900,53.6502823,-3.0095225,4.15,342,11.6,-0.2
1790099159000,53.6502821,-3.0095102,4.10,342,12.6,0.1
1790099159100,53.6502878,-3.0095181,4.14,342,12.4,-0.6
1790099159200,53.6502833,-3.0095204,4.03,342,11.8,-0.3
1790099159300,53.6502827,-3.0095129,4.03,342,12.6,-0.6
1790099159400,53.6502925,-3.0095274,3.99,342,12.4,-0.2
1790099159500,53.6502860,-3.0095285,3.96,342,12.4,-0.1
1790099159600,53.6502967,-3.0095306,4.08,342,12.6,-0.8
1790099159700,53.6502919,-3.0095183,4.15,342,12.4,-0.7
1790099159800,53.6502904,-3.0095200,3.98,342,12.3,-0.4
1790099159900,53.6502935,-3.0095295,4.06,342,12.2,-0.4
1790099160000,53.6502957,-3.0095266,3.98,342,12.3,-0.7
1790099160100,53.6502985,-3.0095341,4.00,342,11.2,-0.4
1790099160200,53.6503055,-3.0095250,4.06,342,11.5,-0.5
1790099160300,53.6503067,-3.0095361,4.16,342,11.9,-0.7
1790099160400,53.6503028,-3.0095374,4.13,342,11.1,-0.7
1790099160500,53.6503045,-3.0095359,3.97,342,11.4,-0.9
1790099160600,53.6503117,-3.0095235,3.95,342,10.8,-1.2
1790099160700,53.6503122,-3.0095382,3.97,342,10.9,-1.1
1790099160800,53.6503156,-3.0095406,4.09,342,11.8,-1.1
1790099160900,53.6503160,-3.0095383,4.16,342,11.4,-1.5
1790099161000,53.6503148,-3.0095311,4.10,342,10.8,-1.1
1790099161100,53.6503233,-3.0095310,3.95,342,10.4,-0.8
1790099161200,53.6503239,-3.0095386,4.11,342,10.5,-1.1
1790099161300,53.6503204,-3.0095312,4.12,342,10.1,-1.0
1790099161400,53.6503187,-3.0095346,3.91,342,10.4,-1.4
1790099161500,53.6503213,-3.0095382,4.00,342,11.2,-1.3
1790099161600,53.6503286,-3.0095498,4.04,342,10.3,-1.3
1790099161700,53.6503307,-3.0095446,4.10,342,10.9,-1.3
1790099161800,53.6503347,-3.0095404,4.02,342,10.1,-1.3
1790099161900,53.6503302,-3.0095404,4.06,342,10.0,-1.3
1790099162000,53.6503325,-3.0095397,3.97,342,10.4,-1.3
1790099162100,53.6503387,-3.0095542,4.01,342,10.1,-1.7
1790099162200,53.6503404,-3.0095558,3.92,342,9.4,-1.9
1790099162300,53.6503445,-3.0095488,3.98,342,9.7,-2.1
1790099162400,53.6503419,-3.0095504,4.00,342,9.8,-1.7
1790099162500,53.6503390,-3.0095475,3.99,342,10.3,-1.6
1790099162600,53.6503424,-3.0095474,4.01,342,10.2,-1.8
1790099162700,53.6503415,-3.0095590,3.99,342,9.9,-1.6
1790099162800,53.6503437,-3.0095508,3.94,342,9.2,-1.8
1790099162900,53.6503528,-3.0095602,3.92,342,8.9,-1.8
1790099163000,53.6503539,-3.0095495,3.88,342,10.1,-2.1
1790099163100,53.6503553,-3.0095532,4.06,342,9.5,-1.9
1790099163200,53.6503598,-3.0095620,3.93,342,9.8,-1.8
1790099163300,53.6503563,-3.0095499,4.09,342,9.7,-2.2
1790099163400,53.6503548,-3.0095681,3.95,342,9.5,-1.8
1790099163500,53.6503563,-3.0095650,3.98,342,9.6,-2.2
1790099163600,53.6503609,-3.0095541,3.91,342,9.6,-2.2
1790099163700,53.6503628,-3.0095553,3.93,342,9.5,-1.9
1790099163800,53.6503701,-3.0095595,3.99,342,9.4,-1.8
1790099163900,53.6503668,-3.0095564,4.02,342,9.0,-1.9
1790099164000,53.6503660,-3.0095636,3.91,342,8.3,-2.4
1790099164100,53.6503674,-3.0095741,4.07,342,8.1,-2.3
1790099164200,53.6503722,-3.0095624,4.01,342,8.8,-1.9
1790099164300,53.6503795,-3.0095616,3.89,342,8.8,-1.9
1790099164400,53.6503773,-3.0095603,4.01,342,8.9,-2.0
1790099164500,53.6503774,-3.0095615,3.93,342,7.9,-2.0
1790099164600,53.6503778,-3.0095727,3.92,342,8.0,-2.5
1790099164700,53.6503773,-3.0095804,3.89,342,8.1,-2.1
1790099164800,53.6503835,-3.0095638,3.93,342,8.1,-2.2
1790099164900,53.6503851,-3.0095745,3.88,342,7.6,-2.1
1790099165000,53.6503861,-3.0095658,3.92,342,8.4,-1.8
1790099165100,53.6503863,-3.0095828,3.92,342,8.8,-2.4
1790099165200,53.6503906,-3.0095674,3.87,342,7.6,-2.4
1790099165300,53.6503914,-3.0095751,3.92,342,7.4,-1.8
1790099165400,53.6503925,-3.0095786,3.92,342,8.0,-2.1
1790099165500,53.6503917,-3.0095779,3.85,342,7.5,-2.4
1790099165600,53.6504009,-3.0095786,3.93,342,7.4,-1.7
1790099165700,53.6503983,-3.0095745,3.88,342,7.1,-2.2
1790099165800,53.6503956,-3.0095889,4.02,342,7.0,-2.3
1790099165900,53.6503969,-3.0095777,3.94,342,7.2,-1.8
1790099166000,53.6504011,-3.0095896,3.91,342,7.0,-1.8
1790099166100,53.6504099,-3.0095774,3.85,342,7.4,-2.1
1790099166200,53.6504075,-3.0095775,3.89,342,7.0,-2.1
1790099166300,53.6504038,-3.0095809,3.92,342,7.5,-2.0
1790099166400,53.6504128,-3.0095850,3.94,342,7.2,-2.1
1790099166500,53.6504108,-3.0095934,3.86,342,7.7,-1.9
1790099166600,53.6504115,-3.0095900,3.81,342,7.6,-1.8
1790099166700,53.6504175,-3.0095862,3.93,342,8.2,-1.7
1790099166800,53.6504205,-3.0095964,3.90,342,7.5,-1.5
1790099166900,53.6504219,-3.0095992,3.94,342,8.1,-1.8
1790099167000,53.6504259,-3.0095861,3.83,342,7.3,-1.2
1790099167100,53.6504246,-3.0095928,3.86,342,7.9,-1.8
1790099167200,53.6504262,-3.0096006,3.82,342,8.2,-1.6
1790099167300,53.6504222,-3.0095930,3.80,342,8.2,-1.3
1790099167400,53.6504287,-3.0095902,3.93,342,7.5,-1.0
1790099167500,53.6504302,-3.0095932,3.91,342,7.6,-1.4
1790099167600,53.6504320,-3.0096072,3.91,342,8.1,-1.2
1790099167700,53.6504282,-3.0095949,3.74,342,7.7,-0.9
1790099167800,53.6504314,-3.0095984,3.87,342,7.4,-1.0
1790099167900,53.6504404,-3.0096009,3.91,342,8.1,-0.8
1790099168000,53.6504366,-3.0095946,3.89,342,7.6,-1.1
1790099168100,53.6504378,-3.0096076,3.97,342,7.3,-0.7
1790099168200,53.6504450,-3.0096017,3.75,342,7.2,-0.5
1790099168300,53.6504478,-3.0096040,3.86,342,6.9,-0.5
1790099168400,53.6504457,-3.0096072,3.88,342,7.7,-0.9
1790099168500,53.6504431,-3.0096101,3.94,342,7.9,-0.5
1790099168600,53.6504524,-3.0096016,3.90,342,8.5,-0.4
1790099168700,53.6504441,-3.0096079,3.84,342,7.1,-0.3
1790099168800,53.6504551,-3.0096179,3.78,342,7.9,-0.2
1790099168900,53.6504539,-3.0096047,3.82,342,7.4,-0.9
1790099169000,53.6504515,-3.0096035,3.85,342,7.5,-0.5
1790099169100,53.6504594,-3.0096209,3.83,342,8.4,-0.2
1790099169200,53.6504597,-3.0096205,3.78,342,8.5,-0.0
1790099169300,53.6504634,-3.0096081,3.76,342,7.9,-0.1
1790099169400,53.6504570,-3.0096202,3.85,342,7.9,-0.7
1790099169500,53.6504585,-3.0096095,3.81,342,8.5,-0.1
1790099169600,53.6504617,-3.0096132,3.74,342,8.1,0.2
1790099169700,53.6504610,-3.0096209,3.86,342,7.9,0.0
1790099169800,53.6504710,-3.0096261,3.75,342,9.0,0.2
1790099169900,53.6504641,-3.0096227,3.71,342,7.9,0.1
1790099170000,53.6504716,-3.0096188,3.81,342,8.1,-0.2
1790099170100,53.6504711,-3.0096261,3.86,342,7.9,-0.1
1790099170200,53.6504760,-3.0096178,3.69,342,8.8,-0.2
1790099170300,53.6504781,-3.0096279,3.86,342,8.9,-0.1
1790099170400,53.6504769,-3.0096278,3.79,342,9.3,-0.0
1790099170500,53.6504771,-3.0096192,3.82,342,8.3,0.2
1790099170600,53.6504783,-3.0096337,3.71,342,8.9,-0.2
1790099170700,53.6504874,-3.0096326,3.68,342,8.5,0.4
1790099170800,53.6504889,-3.0096318,3.84,342,8.4,0.4
1790099170900,53.6504855,-3.0096217,3.72,342,9.3,0.1
1790099171000,53.6504826,-3.0096357,3.85,342,9.3,0.1
1790099171100,53.6504855,-3.0096323,3.70,342,9.4,0.4
1790099171200,53.6504914,-3.0096313,3.81,342,9.8,-0.2
1790099171300,53.6504913,-3.0096340,3.82,342,10.0,0.6
1790099171400,53.6504962,-3.0096390,3.73,342,9.8,0.2
1790099171500,53.6504956,-3.0096400,3.71,342,10.1,0.3
1790099171600,53.6504956,-3.0096443,3.84,342,9.1,0.2
1790099171700,53.6505009,-3.0096371,3.82,342,9.2,0.4
1790099171800,53.6505045,-3.0096402,3.69,342,10.4,0.2
1790099171900,53.6504998,-3.0096343,3.71,342,9.8,-0.1
1790099172000,53.6505091,-3.0096390,3.83,342,10.5,0.1
1790099172100,53.6505085,-3.0096422,3.63,342,10.4,0.5
1790099172200,53.6505082,-3.0096342,3.67,342,9.6,0.5
1790099172300,53.6505086,-3.0096359,3.71,342,10.6,0.4
1790099172400,53.6505131,-3.0096346,3.69,342,10.7,-0.1
1790099172500,53.6505138,-3.0096453,3.71,342,10.0,0.1
1790099172600,53.6505109,-3.0096450,3.84,342,10.4,-0.2
1790099172700,53.6505164,-3.0096515,3.78,342,11.2,0.3
1790099172800,53.6505155,-3.0096513,3.71,342,10.2,0.2
1790099172900,53.6505186,-3.0096452,3.67,342,11.0,0.4
1790099173000,53.6505243,-3.0096434,3.64,342,11.2,0.1
1790099173100,53.6505192,-3.0096445,3.71,342,11.2,0.0
1790099173200,53.6505253,-3.0096574,3.80,342,10.4,-0.2
1790099173300,53.6505234,-3.0096486,3.58,342,11.5,-0.4
1790099173400,53.6505246,-3.0096518,3.75,342,10.8,-0.4
1790099173500,53.6505317,-3.0096583,3.65,342,10.7,-0.3
1790099173600,53.6505299,-3.0096519,3.72,342,11.8,-0.6
1790099173700,53.6505335,-3.0096511,3.58,342,10.8,-0.2
1790099173800,53.6505349,-3.0096534,3.64,342,10.8,-0.3
1790099173900,53.6505317,-3.0096597,3.73,342,11.3,-0.4
1790099174000,53.6505352,-3.0096573,3.73,342,11.5,-0.7
1790099174100,53.6505431,-3.0096529,3.74,342,11.3,-0.8
1790099174200,53.6505424,-3.0096626,3.69,342,11.7,-0.7
1790099174300,53.6505415,-3.0096567,3.77,342,11.7,-0.5
1790099174400,53.6505388,-3.0096650,3.76,342,12.0,-0.6
1790099174500,53.6505405,-3.0096597,3.64,342,11.5,-0.6
1790099174600,53.6505518,-3.0096576,3.72,342,12.1,-0.6
1790099174700,53.6505461,-3.0096595,3.76,342,12.4,-0.7
1790099174800,53.6505469,-3.0096643,3.69,342,11.7,-0.6
1790099174900,53.6505489,-3.0096660,3.75,342,11.3,-0.7
1790099175000,53.6505557,-3.0096672,3.62,342,11.8,-1.3
1790099175100,53.6505502,-3.0096696,3.59,342,12.4,-1.1
1790099175200,53.6505555,-3.0096730,3.74,342,12.1,-1.0
1790099175300,53.6505548,-3.0096648,3.70,342,11.6,-0.9
1790099175400,53.6505570,-3.0096771,3.76,342,12.4,-0.9
1790099175500,53.6505624,-3.0096688,3.67,342,12.5,-0.9
1790099175600,53.6505665,-3.0096628,3.62,342,12.7,-0.9
1790099175700,53.6505606,-3.0096742,3.75,342,12.4,-1.3
1790099175800,53.6505678,-3.0096746,3.51,342,13.1,-1.0
1790099175900,53.6505630,-3.0096800,3.63,342,11.8,-1.0
1790099176000,53.6505667,-3.0096724,3.67,342,12.1,-1.2
1790099176100,53.6505707,-3.0096743,3.51,342,12.3,-1.7
1790099176200,53.6505724,-3.0096738,3.73,342,13.1,-1.3
1790099176300,53.6505769,-3.0096717,3.71,342,12.7,-1.7
1790099176400,53.6505762,-3.0096734,3.69,342,12.3,-1.4
1790099176500,53.6505739,-3.0096742,3.61,342,11.8,-1.7
1790099176600,53.6505797,-3.0096726,3.60,342,12.6,-1.9
1790099176700,53.6505794,-3.0096854,3.59,342,12.5,-1.8
1790099176800,53.6505791,-3.0096853,3.65,342,12.6,-2.2
1790099176900,53.6505798,-3.0096891,3.69,342,12.4,-1.5
1790099177000,53.6505807,-3.0096779,3.70,342,12.8,-2.0
1790099177100,53.6505894,-3.0096877,3.70,342,12.7,-1.7
1790099177200,53.6505913,-3.0096865,3.67,342,11.8,-2.0
1790099177300,53.6505922,-3.0096781,3.54,342,12.9,-2.1
1790099177400,53.6505957,-3.0096960,3.58,342,12.5,-1.8
1790099177500,53.6505910,-3.0096848,3.67,342,12.9,-1.9
1790099177600,53.6505917,-3.0096972,3.68,342,13.0,-2.0
1790099177700,53.6505989,-3.0096829,3.53,342,12.2,-1.7
1790099177800,53.6505986,-3.0096987,3.62,342,13.0,-2.0
1790099177900,53.6505988,-3.0096947,3.62,342,13.1,-2.3
1790099178000,53.6506009,-3.0096966,3.67,342,12.3,-2.1
1790099178100,53.6506078,-3.0096981,3.59,342,12.0,-2.2
1790099178200,53.6506080,-3.0096886,3.66,342,11.9,-2.1
1790099178300,53.6506040,-3.0096877,3.67,342,11.7,-2.5
1790099178400,53.6506039,-3.0096914,3.59,342,12.6,-2.5
1790099178500,53.6506056,-3.0097003,3.56,342,12.0,-2.0
1790099178600,53.6506132,-3.0097038,3.62,342,12.1,-1.8
1790099178700,53.6506101,-3.0097031,3.59,342,12.3,-1.9
1790099178800,53.6506189,-3.0097054,3.64,342,11.7,-2.3
1790099178900,53.6506152,-3.0097051,3.64,342,12.4,-2.4
1790099179000,53.6506190,-3.0097071,3.54,342,12.7,-1.9
1790099179100,53.6506176,-3.0097016,3.57,342,11.6,-1.8
1790099179200,53.6506166,-3.0097009,3.70,342,11.5,-2.5
1790099179300,53.6506235,-3.0097004,3.69,342,11.1,-2.2
1790099179400,53.6506273,-3.0097081,3.62,342,11.2,-1.9
1790099179500,53.6506211,-3.0097061,3.58,342,12.3,-2.5
1790099179600,53.6506274,-3.0097070,3.64,342,11.0,-2.0
1790099179700,53.6506292,-3.0097108,3.47,342,11.8,-1.9
1790099179800,53.6506249,-3.0097059,3.60,342,11.0,-2.2
1790099179900,53.6506292,-3.0097033,3.67,342,11.3,-2.0
1790099180000,53.6506340,-3.0097156,3.63,342,11.6,-2.2
1790099180100,53.6506385,-3.0097135,3.64,342,11.5,-2.2
1790099180200,53.6506408,-3.0097184,3.63,342,10.9,-2.2
1790099180300,53.6506405,-3.0097033,3.55,342,10.8,-2.0
1790099180400,53.6506425,-3.0097197,3.70,342,11.4,-2.2
1790099180500,53.6506426,-3.0097072,3.56,342,10.8,-1.7
1790099180600,53.6506385,-3.0097224,3.53,342,10.2,-2.0
1790099180700,53.6506433,-3.0097200,3.48,342,11.3,-2.0
1790099180800,53.6506439,-3.0097237,3.60,342,11.3,-1.5
1790099180900,53.6506450,-3.0097212,3.51,342,11.4,-1.6
1790099181000,53.6506448,-3.0097133,3.67,342,10.0,-1.4
1790099181100,53.6506456,-3.0097163,3.70,342,11.2,-1.4
1790099181200,53.6506569,-3.0097246,3.58,342,10.2,-1.6
1790099181300,53.6506537,-3.0097283,3.53,342,10.5,-1.2
1790099181400,53.6506602,-3.0097142,3.58,342,9.7,-1.7
1790099181500,53.6506618,-3.0097146,3.61,342,10.5,-1.4
1790099181600,53.6506579,-3.0097160,3.50,342,9.8,-1.2
1790099181700,53.6506603,-3.0097188,3.60,342,10.3,-1.0
1790099181800,53.6506623,-3.0097223,3.65,342,9.3,-1.2
1790099181900,53.6506652,-3.0097193,3.60,342,9.8,-1.3
1790099182000,53.6506625,-3.0097261,3.59,342,9.9,-1.1
1790099182100,53.6506698,-3.0097217,3.48,342,9.6,-0.9
1790099182200,53.6506656,-3.0097229,3.50,342,9.8,-1.1
1790099182300,53.6506720,-3.0097327,3.55,342,9.5,-1.0
1790099182400,53.6506738,-3.0097322,3.47,342,9.0,-1.0
1790099182500,53.6506681,-3.0097354,3.56,342,9.2,-0.7
1790099182600,53.6506687,-3.0097330,3.57,342,9.6,-1.2
1790099182700,53.6506715,-3.0097323,3.55,342,8.5,-0.8
1790099182800,53.6506807,-3.0097338,3.46,342,8.5,-0.6
1790099182900,53.6506809,-3.0097347,3.57,342,9.4,-0.7
1790099183000,53.6506820,-3.0097349,3.53,342,9.0,-1.0
1790099183100,53.6506825,-3.0097421,3.63,342,8.7,-0.5
1790099183200,53.6506863,-3.0097442,3.68,342,8.9,-0.5
1790099183300,53.6506825,-3.0097423,3.69,342,9.0,-0.8
1790099183400,53.6506913,-3.0097348,3.53,342,8.7,-0.3
1790099183500,53.6506919,-3.0097400,3.69,342,9.3,-0.1
1790099183600,53.6506868,-3.0097368,3.54,342,8.7,-0.2
1790099183700,53.6506889,-3.0097402,3.59,342,7.9,-0.3
1790099183800,53.6506912,-3.0097412,3.58,342,8.2,-0.0
1790099183900,53.6506991,-3.0097508,3.51,342,8.3,-0.3
1790099184000,53.6506916,-3.0097396,3.67,342,8.0,-0.1
1790099184100,53.6507009,-3.0097441,3.68,342,8.0,0.1
1790099184200,53.6506976,-3.0097501,3.69,342,8.4,0.1
1790099184300,53.6507052,-3.0097409,3.52,342,8.7,0.2
1790099184400,53.6506982,-3.0097485,3.66,342,7.9,-0.2
1790099184500,53.6507044,-3.0097422,3.51,342,8.4,-0.2
1790099184600,53.6507055,-3.0097567,3.61,342,7.8,-0.2
1790099184700,53.6507092,-3.0097491,3.69,342,8.4,-0.2
1790099184800,53.6507114,-3.0097470,3.61,342,8.5,0.4
1790099184900,53.6507108,-3.0097554,3.57,342,7.2,0.2
1790099185000,53.6507128,-3.0097528,3.58,342,7.8,-0.1
1790099185100,53.6507170,-3.0097535,3.53,342,8.6,-0.1
1790099185200,53.6507201,-3.0097514,3.61,342,7.8,0.2
1790099185300,53.6507129,-3.0097613,3.71,342,8.2,0.5
1790099185400,53.6507181,-3.0097512,3.68,342,8.1,0.4
1790099185500,53.6507166,-3.0097514,3.62,342,7.3,0.2
1790099185600,53.6507260,-3.0097517,3.57,342,7.0,-0.2
1790099185700,53.6507185,-3.0097636,3.59,342,8.3,0.5
1790099185800,53.6507214,-3.0097681,3.64,342,7.0,0.0
1790099185900,53.6507213,-3.0097623,3.66,342,7.4,0.6
1790099186000,53.6507314,-3.0097640,3.56,342,8.0,0.6
1790099186100,53.6507327,-3.0097565,3.71,342,7.1,-0.0
1790099186200,53.6507345,-3.0097686,3.72,342,7.3,0.3
1790099186300,53.6507292,-3.0097647,3.49,342,7.5,-0.2
1790099186400,53.6507302,-3.0097655,3.67,342,7.6,-0.2
1790099186500,53.6507395,-3.0097679,3.58,342,7.6,-0.1
1790099186600,53.6507332,-3.0097659,3.59,342,7.2,-0.1
1790099186700,53.6507423,-3.0097600,3.52,342,8.2,-0.2
1790099186800,53.6507372,-3.0097598,3.61,342,8.1,-0.2
1790099186900,53.6507377,-3.0097721,3.66,342,8.1,0.3
1790099187000,53.6507442,-3.0097653,3.68,342,6.8,0.2
1790099187100,53.6507502,-3.0097667,3.64,342,7.0,0.3
1790099187200,53.6507466,-3.0097735,3.64,342,6.8,0.1
1790099187300,53.6507489,-3.0097793,3.70,342,7.3,0.0
1790099187400,53.6507521,-3.0097760,3.51,342,7.3,-0.3
1790099187500,53.6507486,-3.0097785,3.65,342,7.4,-0.2
1790099187600,53.6507566,-3.0097714,3.71,342,7.9,-0.4
1790099187700,53.6507565,-3.0097692,3.57,342,8.3,0.2
1790099187800,53.6507521,-3.0097725,3.72,342,8.1,-0.1
1790099187900,53.6507605,-3.0097835,3.77,342,7.2,-0.4
1790099188000,53.6507633,-3.0097709,3.60,342,7.1,-0.1
1790099188100,53.6507616,-3.0097722,3.65,342,7.1,-0.1
1790099188200,53.6507597,-3.0097783,3.65,342,7.5,-0.3
1790099188300,53.6507695,-3.0097793,3.74,342,7.6,-0.5
1790099188400,53.6507649,-3.0097869,3.75,342,8.0,-0.0
1790099188500,53.6507636,-3.0097867,3.63,342,7.7,-0.3
1790099188600,53.6507731,-3.0097834,3.53,342,7.4,-0.3
1790099188700,53.6507762,-3.0097922,3.64,342,8.2,-0.3
1790099188800,53.6507684,-3.0097817,3.63,342,7.6,-0.2
1790099188900,53.6507788,-3.0097835,3.75,342,7.5,-0.5
1790099189000,53.6507780,-3.0097959,3.73,342,8.0,-0.6
1790099189100,53.6507810,-3.0097829,3.62,342,8.7,-1.0
1790099189200,53.6507820,-3.0097867,3.72,342,8.6,-0.5
1790099189300,53.6507764,-3.0097965,3.59,342,8.3,-0.5
1790099189400,53.6507798,-3.0097885,3.55,342,8.6,-0.7
1790099189500,53.6507874,-3.0098004,3.65,342,8.6,-0.7
1790099189600,53.6507799,-3.0098006,2.03,258,-1.4,-1.2
1790099189700,53.6507846,-3.0097883,2.11,258,-1.4,-0.9
1790099189800,53.6507828,-3.0097999,2.02,258,-1.9,-1.1
1790099189900,53.6507822,-3.0098063,2.07,258,-1.0,-0.8
1790099190000,53.6507867,-3.0098039,2.13,258,-1.0,-1.4
1790099190100,53.6507814,-3.0097935,2.19,258,-2.1,-1.6
1790099190200,53.6507846,-3.0098099,2.19,258,-2.4,-1.4
1790099190300,53.6507777,-3.0098065,2.16,258,-2.2,-1.7
1790099190400,53.6507814,-3.0098046,2.23,258,-1.8,-1.3
1790099190500,53.6507780,-3.0098133,2.26,258,-2.2,-1.7
1790099190600,53.6507843,-3.0098124,2.18,258,-1.8,-1.3
1790099190700,53.6507784,-3.0098172,2.19,258,-1.5,-1.5
1790099190800,53.6507776,-3.0098133,2.24,258,-2.2,-1.4
1790099190900,53.6507834,-3.0098067,2.35,258,-2.8,-1.6
1790099191000,53.6507849,-3.0098114,2.36,258,-2.0,-1.4
1790099191100,53.6507795,-3.0098185,2.38,258,-2.6,-1.8
1790099191200,53.6507821,-3.0098167,2.43,258,-2.0,-1.4
1790099191300,53.6507800,-3.0098193,2.35,258,-1.7,-2.1
1790099191400,53.6507783,-3.0098287,2.48,258,-2.7,-1.7
1790099191500,53.6507792,-3.0098282,2.47,258,-3.0,-2.0
1790099191600,53.6507823,-3.0098327,2.47,258,-1.8,-2.0
1790099191700,53.6507824,-3.0098350,2.41,258,-2.1,-1.9
1790099191800,53.6507801,-3.0098277,2.47,258,-1.9,-2.0
1790099191900,53.6507803,-3.0098295,2.53,258,-2.9,-2.3
1790099192000,53.6507835,-3.0098427,2.64,258,-2.8,-1.9
1790099192100,53.6507750,-3.0098438,2.58,258,-3.0,-2.2
1790099192200,53.6507823,-3.0098335,2.63,258,-3.2,-1.8
1790099192300,53.6507742,-3.0098511,2.68,258,-2.5,-1.7
1790099192400,53.6507753,-3.0098381,2.59,258,-2.5,-2.0
1790099192500,53.6507782,-3.0098446,2.67,258,-2.6,-2.3
1790099192600,53.6507821,-3.0098401,2.76,258,-2.8,-2.3
1790099192700,53.6507773,-3.0098442,2.71,258,-3.3,-2.1
1790099192800,53.6507778,-3.0098563,2.68,258,-2.7,-1.9
1790099192900,53.6507748,-3.0098568,2.75,258,-3.4,-2.2
1790099193000,53.6507748,-3.0098627,2.77,258,-2.8,-2.1
1790099193100,53.6507705,-3.0098620,2.90,258,-3.6,-2.0
1790099193200,53.6507700,-3.0098572,2.88,258,-3.8,-2.4
1790099193300,53.6507720,-3.0098699,2.94,258,-3.7,-2.5
1790099193400,53.6507726,-3.0098566,2.96,258,-3.1,-2.2
1790099193500,53.6507739,-3.0098762,2.81,258,-4.1,-2.4
1790099193600,53.6507770,-3.0098717,2.96,258,-4.0,-2.2
1790099193700,53.6507748,-3.0098790,2.98,258,-3.8,-2.5
1790099193800,53.6507746,-3.0098789,2.89,258,-3.6,-2.2
1790099193900,53.6507739,-3.0098804,2.93,258,-2.9,-2.4
1790099194000,53.6507767,-3.0098864,3.01,258,-3.0,-2.3
1790099194100,53.6507770,-3.0098812,3.07,258,-4.1,-2.3
1790099194200,53.6507717,-3.0098904,3.07,258,-3.9,-2.0
1790099194300,53.6507768,-3.0098778,3.07,258,-3.5,-2.4
1790099194400,53.6507749,-3.0098861,3.06,258,-4.6,-1.7
1790099194500,53.6507717,-3.0098892,3.08,258,-4.5,-2.3
1790099194600,53.6507664,-3.0098981,3.24,258,-3.7,-1.6
1790099194700,53.6507698,-3.0098958,3.19,258,-4.6,-2.2
1790099194800,53.6507675,-3.0098971,3.13,258,-4.4,-1.6
1790099194900,53.6507721,-3.0099025,3.18,258,-5.0,-2.3
1790099195000,53.6507670,-3.0099106,3.22,258,-4.4,-1.6
1790099195100,53.6507703,-3.0099030,3.35,258,-5.3,-1.9
1790099195200,53.6507682,-3.0099131,3.33,258,-5.2,-1.7
1790099195300,53.6507735,-3.0099053,3.43,258,-4.4,-1.5
1790099195400,53.6507729,-3.0099169,3.46,258,-5.1,-1.3
1790099195500,53.6507666,-3.0099171,3.44,258,-4.7,-2.0
1790099195600,53.6507637,-3.0099266,3.35,258,-5.1,-1.4
1790099195700,53.6507630,-3.0099134,3.50,258,-4.7,-1.6
1790099195800,53.6507645,-3.0099257,3.43,258,-5.5,-1.7
1790099195900,53.6507619,-3.0099315,3.46,258,-5.5,-1.7
1790099196000,53.6507683,-3.0099270,3.56,258,-5.2,-1.2
1790099196100,53.6507661,-3.0099362,3.48,258,-5.1,-1.3
1790099196200,53.6507691,-3.0099357,3.52,258,-5.4,-1.5
1790099196300,53.6507650,-3.0099422,3.61,258,-5.2,-1.6
1790099196400,53.6507639,-3.0099333,3.62,258,-6.0,-1.0
1790099196500,53.6507674,-3.0099416,3.57,258,-6.6,-1.2
1790099196600,53.6507639,-3.0099400,3.73,258,-5.8,-0.8
1790099196700,53.6507610,-3.0099522,3.60,258,-6.3,-0.9
1790099196800,53.6507598,-3.0099440,3.76,258,-7.3,-0.7
1790099196900,53.6507594,-3.0099587,3.76,258,-6.7,-0.7
1790099197000,53.6507638,-3.0099586,3.65,258,-7.0,-1.2
1790099197100,53.6507617,-3.0099646,3.69,258,-7.6,-1.0
1790099197200,53.6507670,-3.0099570,3.83,258,-6.8,-0.9
1790099197300,53.6507595,-3.0099663,3.93,258,-7.6,-0.6
1790099197400,53.6507628,-3.0099733,3.90,258,-7.4,-0.6
1790099197500,53.6507596,-3.0099653,3.87,258,-8.1,-0.9
1790099197600,53.6507598,-3.0099748,3.81,258,-7.2,-1.0
1790099197700,53.6507556,-3.0099809,3.86,258,-7.5,-0.4
1790099197800,53.6507652,-3.0099747,3.80,258,-7.9,-0.3
1790099197900,53.6507612,-3.0099801,3.82,258,-7.8,-0.3
1790099198000,53.6507593,-3.0099776,3.90,258,-7.9,-0.5
1790099198100,53.6507620,-3.0099912,3.99,258,-8.5,-0.2
1790099198200,53.6507557,-3.0099893,3.82,258,-7.8,-0.2
1790099198300,53.6507533,-3.0099865,4.02,258,-7.7,-0.4
1790099198400,53.6507581,-3.0099966,3.81,258,-7.7,0.0
1790099198500,53.6507570,-3.0100014,3.86,258,-8.7,-0.0
1790099198600,53.6507599,-3.0100010,3.94,258,-7.8,0.2
1790099198700,53.6507607,-3.0100038,3.90,258,-7.7,-0.4
1790099198800,53.6507540,-3.0100124,4.00,258,-7.9,-0.1
1790099198900,53.6507596,-3.0100075,4.01,258,-7.9,-0.3
1790099199000,53.6507547,-3.0100220,3.88,258,-7.8,-0.3
1790099199100,53.6507523,-3.0100113,3.93,258,-8.8,0.0
1790099199200,53.6507506,-3.0100143,3.92,258,-8.0,0.3
1790099199300,53.6507597,-3.0100170,3.96,258,-8.2,0.4
1790099199400,53.6507494,-3.0100281,3.86,258,-8.7,0.4
1790099199500,53.6507487,-3.0100224,3.84,258,-8.0,-0.3
1790099199600,53.6507548,-3.0100428,4.00,258,-8.7,-0.1
1790099199700,53.6507574,-3.0100358,3.94,258,-9.3,0.5
1790099199800,53.6507508,-3.0100434,3.87,258,-9.3,0.1
1790099199900,53.6507490,-3.0100448,4.07,258,-8.4,-0.0
1790099200000,53.6507543,-3.0100441,4.05,258,-9.1,0.5
1790099200100,53.6507556,-3.0100426,3.89,258,-8.8,0.6
1790099200200,53.6507558,-3.0100545,3.95,258,-9.1,0.0
1790099200300,53.6507519,-3.0100564,4.07,258,-8.6,0.4
1790099200400,53.6507506,-3.0100574,3.93,258,-8.6,0.5
1790099200500,53.6507461,-3.0100660,3.92,258,-9.6,0.3
1790099200600,53.6507471,-3.0100680,3.90,258,-9.3,-0.2
1790099200700,53.6507452,-3.0100587,4.06,258,-9.5,-0.1
1790099200800,53.6507448,-3.0100734,3.95,258,-9.7,0.1
1790099200900,53.6507510,-3.0100746,3.94,258,-9.8,0.4
1790099201000,53.6507520,-3.0100728,3.98,258,-10.3,-0.1
1790099201100,53.6507429,-3.0100708,3.96,258,-9.5,-0.0
1790099201200,53.6507487,-3.0100767,4.07,258,-10.2,-0.2
1790099201300,53.6507480,-3.0100778,3.94,258,-9.5,0.2
1790099201400,53.6507416,-3.0100878,3.99,258,-10.6,0.5
1790099201500,53.6507467,-3.0100881,4.10,258,-10.2,-0.1
1790099201600,53.6507511,-3.0100880,3.98,258,-9.6,0.3
1790099201700,53.6507488,-3.0100979,3.98,258,-9.7,0.4
1790099201800,53.6507456,-3.0101002,3.98,258,-10.5,-0.2
1790099201900,53.6507418,-3.0101046,4.03,258,-10.1,0.2
1790099202000,53.6507419,-3.0101059,3.92,258,-10.2,-0.3
1790099202100,53.6507437,-3.0101134,4.08,258,-11.0,-0.2
1790099202200,53.6507461,-3.0101191,4.11,258,-10.1,-0.5
1790099202300,53.6507431,-3.0101135,4.01,258,-10.4,-0.2
1790099202400,53.6507458,-3.0101239,4.00,258,-11.3,-0.1
1790099202500,53.6507408,-3.0101246,4.08,258,-11.2,-0.7
1790099202600,53.6507426,-3.0101251,4.01,258,-11.0,-0.3
1790099202700,53.6507386,-3.0101289,3.98,258,-10.9,-0.0
1790099202800,53.6507445,-3.0101336,4.06,258,-11.4,-0.6
1790099202900,53.6507443,-3.0101296,4.00,258,-11.4,-0.3
1790099203000,53.6507358,-3.0101324,3.96,258,-11.1,-0.2
1790099203100,53.6507428,-3.0101390,4.18,258,-11.3,-0.8
1790099203200,53.6507401,-3.0101360,4.00,258,-11.4,-0.5
1790099203300,53.6507348,-3.0101553,4.03,258,-11.2,-1.0
1790099203400,53.6507435,-3.0101484,4.16,258,-11.8,-0.4
1790099203500,53.6507352,-3.0101485,3.96,258,-11.3,-0.7
1790099203600,53.6507415,-3.0101537,4.08,258,-12.4,-0.5
1790099203700,53.6507324,-3.0101533,4.14,258,-11.3,-0.4
1790099203800,53.6507322,-3.0101653,4.09,258,-11.3,-0.6
1790099203900,53.6507388,-3.0101733,4.04,258,-11.8,-0.6
1790099204000,53.6507374,-3.0101633,3.96,258,-11.4,-1.4
1790099204100,53.6507376,-3.0101723,4.14,258,-12.7,-1.3
1790099204200,53.6507379,-3.0101707,3.97,258,-11.8,-1.0
1790099204300,53.6507386,-3.0101760,4.20,258,-12.5,-1.3
1790099204400,53.6507329,-3.0101845,4.11,258,-12.8,-1.2
1790099204500,53.6507340,-3.0101834,4.14,258,-12.1,-0.9
1790099204600,53.6507379,-3.0101830,4.12,258,-11.5,-1.6
1790099204700,53.6507374,-3.0101975,4.02,258,-12.9,-1.0
1790099204800,53.6507383,-3.0102019,3.99,258,-12.0,-1.3
1790099204900,53.6507367,-3.0102008,4.09,258,-12.2,-1.2
1790099205000,53.6507341,-3.0102070,4.14,258,-12.7,-1.4
1790099205100,53.6507363,-3.0102073,4.03,258,-12.1,-1.7
1790099205200,53.6507335,-3.0102097,4.02,258,-11.7,-1.7
1790099205300,53.6507302,-3.0102145,4.12,258,-12.3,-1.3
1790099205400,53.6507263,-3.0102111,4.04,258,-12.3,-1.6
1790099205500,53.6507347,-3.0102241,4.16,258,-13.2,-1.8
1790099205600,53.6507283,-3.0102156,4.11,258,-12.2,-1.9
1790099205700,53.6507351,-3.0102304,4.06,258,-13.2,-1.8
1790099205800,53.6507297,-3.0102253,4.11,258,-12.3,-2.2
1790099205900,53.6507259,-3.0102202,4.12,258,-12.5,-1.8
1790099206000,53.6507296,-3.0102227,4.02,258,-11.9,-2.2
1790099206100,53.6507254,-3.0102400,4.00,258,-12.9,-1.9
1790099206200,53.6507240,-3.0102296,4.03,258,-12.8,-1.9
1790099206300,53.6507325,-3.0102357,4.01,258,-13.0,-2.1
1790099206400,53.6507228,-3.0102401,4.00,258,-12.9,-2.2
1790099206500,53.6507224,-3.0102402,4.09,258,-12.2,-2.2
1790099206600,53.6507264,-3.0102449,4.15,258,-11.9,-2.3
1790099206700,53.6507213,-3.0102535,4.13,258,-11.9,-1.7
1790099206800,53.6507214,-3.0102477,4.10,258,-13.1,-2.5
1790099206900,53.6507231,-3.0102509,4.17,258,-11.8,-1.9
1790099207000,53.6507215,-3.0102536,4.12,258,-12.6,-2.0
1790099207100,53.6507238,-3.0102650,4.13,258,-12.0,-1.9
1790099207200,53.6507211,-3.0102727,4.04,258,-13.1,-2.1
1790099207300,53.6507236,-3.0102757,4.03,258,-12.3,-1.8
1790099207400,53.6507254,-3.0102812,4.19,258,-12.2,-2.3
1790099207500,53.6507239,-3.0102839,4.09,258,-12.7,-2.1
1790099207600,53.6507232,-3.0102740,4.18,258,-12.4,-2.2
1790099207700,53.6507183,-3.0102821,4.10,258,-11.5,-1.8
1790099207800,53.6507258,-3.0102954,4.08,258,-12.4,-2.5
1790099207900,53.6507224,-3.0102945,4.13,258,-12.1,-2.3
1790099208000,53.6507213,-3.0102959,4.04,258,-11.9,-1.9
1790099208100,53.6507179,-3.0103026,4.23,258,-12.0,-2.6
1790099208200,53.6507186,-3.0102931,4.11,258,-12.0,-1.9
1790099208300,53.6507234,-3.0103104,4.04,258,-12.7,-2.4
1790099208400,53.6507189,-3.0103032,4.10,258,-11.7,-1.8
1790099208500,53.6507145,-3.0103145,4.19,258,-11.5,-2.1
1790099208600,53.6507237,-3.0103143,4.02,258,-11.4,-2.2
1790099208700,53.6507160,-3.0103202,4.21,258,-11.6,-2.3
1790099208800,53.6507175,-3.0103193,4.14,258,-11.8,-1.9
1790099208900,53.6507137,-3.0103166,4.10,258,-11.3,-2.4
1790099209000,53.6507188,-3.0103244,4.11,258,-12.0,-2.3
1790099209100,53.6507194,-3.0103239,4.20,258,-11.4,-2.2
1790099209200,53.6507118,-3.0103295,4.09,258,-11.1,-1.7
1790099209300,53.6507148,-3.0103378,4.09,258,-12.1,-2.2
1790099209400,53.6507114,-3.0103434,4.10,258,-10.7,-2.2
1790099209500,53.6507163,-3.0103492,4.02,258,-11.3,-1.9
1790099209600,53.6507198,-3.0103454,4.15,258,-11.5,-1.5
1790099209700,53.6507087,-3.0103439,4.04,258,-10.8,-1.9
1790099209800,53.6507108,-3.0103580,4.14,258,-10.3,-1.6
1790099209900,53.6507177,-3.0103466,4.19,258,-10.3,-1.9
1790099210000,53.6507177,-3.0103491,4.06,258,-10.4,-1.5
1790099210100,53.6507117,-3.0103532,4.07,258,-10.4,-1.4
1790099210200,53.6507084,-3.0103695,4.18,258,-10.9,-1.6
1790099210300,53.6507138,-3.0103722,4.15,258,-10.1,-1.7
1790099210400,53.6507118,-3.0103771,4.12,258,-10.2,-1.5
1790099210500,53.6507111,-3.0103731,4.11,258,-10.1,-1.4
1790099210600,53.6507129,-3.0103766,4.03,258,-10.0,-1.4
1790099210700,53.6507063,-3.0103741,4.12,258,-10.0,-1.3
1790099210800,53.6507108,-3.0103766,4.04,258,-9.9,-0.9
1790099210900,53.6507119,-3.0103915,4.25,258,-10.8,-1.4
1790099211000,53.6507041,-3.0103951,4.15,258,-10.5,-1.5
1790099211100,53.6507066,-3.0103821,4.09,258,-9.3,-0.9
1790099211200,53.6507110,-3.0103973,4.24,258,-10.4,-1.1
1790099211300,53.6507098,-3.0103929,4.07,258,-9.9,-0.6
1790099211400,53.6507083,-3.0104078,4.03,258,-10.3,-1.3
1790099211500,53.6507046,-3.0104027,4.15,258,-9.0,-1.0
1790099211600,53.6507031,-3.0104042,4.22,258,-9.4,-1.2
1790099211700,53.6507038,-3.0104027,4.15,258,-9.3,-0.6
1790099211800,53.6507085,-3.0104146,4.04,258,-8.9,-0.8
1790099211900,53.6507014,-3.0104118,4.08,258,-8.8,-0.7
1790099212000,53.6507010,-3.0104235,4.07,258,-9.7,-0.9
1790099212100,53.6507052,-3.0104128,4.03,258,-9.4,-0.9
1790099212200,53.6507023,-3.0104264,4.18,258,-9.2,-0.4
1790099212300,53.6507026,-3.0104221,4.05,258,-9.1,-0.2
1790099212400,53.6507013,-3.0104338,4.04,258,-8.3,-0.5
1790099212500,53.6506991,-3.0104364,4.05,258,-9.3,-0.5
1790099212600,53.6507000,-3.0104425,4.02,258,-8.0,-0.7
1790099212700,53.6506994,-3.0104382,4.09,258,-8.1,-0.4
1790099212800,53.6507068,-3.0104432,4.05,258,-8.4,-0.4
1790099212900,53.6506974,-3.0104399,4.17,258,-8.8,-0.3
1790099213000,53.6506982,-3.0104504,4.01,258,-8.8,-0.1
1790099213100,53.6507006,-3.0104518,4.20,258,-8.3,-0.1
1790099213200,53.6507028,-3.0104490,4.20,258,-9.0,-0.2
1790099213300,53.6506945,-3.0104661,4.04,258,-8.7,0.3
1790099213400,53.6507021,-3.0104632,4.16,258,-7.7,0.3
1790099213500,53.6507010,-3.0104634,4.21,258,-8.2,0.0
1790099213600,53.6506972,-3.0104674,4.09,258,-7.6,0.4
1790099213700,53.6506989,-3.0104686,4.09,258,-8.5,-0.3
1790099213800,53.6506990,-3.0104773,4.00,258,-7.9,0.2
1790099213900,53.6506986,-3.0104870,4.17,258,-7.9,0.0
1790099214000,53.6507016,-3.0104864,4.07,258,-7.3,0.2
1790099214100,53.6506957,-3.0104781,4.02,258,-7.8,0.2
1790099214200,53.6506963,-3.0104870,4.10,258,-7.8,0.3
1790099214300,53.6506992,-3.0104846,4.19,258,-8.1,-0.1
1790099214400,53.6506928,-3.0105025,3.99,258,-7.7,-0.1
1790099214500,53.6506946,-3.0104963,4.13,258,-7.4,0.3
1790099214600,53.6506960,-3.0104922,4.14,258,-7.4,0.3
1790099214700,53.6506959,-3.0105031,4.04,258,-7.0,0.5
1790099214800,53.6506925,-3.0104984,4.08,258,-7.2,0.5
1790099214900,53.6506894,-3.0105160,4.12,258,-8.2,0.4
1790099215000,53.6506957,-3.0105092,4.00,258,-8.2,0.2
1790099215100,53.6506931,-3.0105192,4.17,258,-8.0,0.4
1790099215200,53.6506910,-3.0105185,4.12,258,-7.6,0.2
1790099215300,53.6506867,-3.0105129,4.11,258,-8.2,0.0
1790099215400,53.6506874,-3.0105174,4.11,258,-7.4,0.6
1790099215500,53.6506945,-3.0105236,4.00,258,-7.5,-0.1
1790099215600,53.6506944,-3.0105288,4.02,258,-7.3,-0.0
1790099215700,53.6506903,-3.0105380,4.21,258,-7.2,0.0
1790099215800,53.6506949,-3.0105287,4.07,258,-7.4,0.4
1790099215900,53.6506853,-3.0105392,4.11,258,-7.6,0.3
1790099216000,53.6506880,-3.0105469,4.01,258,-7.8,0.3
1790099216100,53.6506926,-3.0105518,4.04,258,-7.7,-0.2
1790099216200,53.6506840,-3.0105510,3.98,258,-7.6,0.2
1790099216300,53.6506876,-3.0105521,3.98,258,-7.7,-0.4
1790099216400,53.6506894,-3.0105467,4.02,258,-7.2,-0.0
1790099216500,53.6506847,-3.0105561,4.03,258,-8.0,0.0
1790099216600,53.6506875,-3.0105664,4.12,258,-7.1,-0.2
1790099216700,53.6506843,-3.0105680,4.01,258,-7.4,0.1
1790099216800,53.6506912,-3.0105596,4.12,258,-7.7,0.1
1790099216900,53.6506811,-3.0105665,3.99,258,-8.3,-0.5
1790099217000,53.6506899,-3.0105671,4.08,258,-7.9,-0.6
1790099217100,53.6506857,-3.0105837,4.12,258,-7.1,-0.5
1790099217200,53.6506894,-3.0105856,4.11,258,-7.3,-0.7
1790099217300,53.6506788,-3.0105769,3.98,258,-7.9,-0.7
1790099217400,53.6506811,-3.0105824,3.95,258,-7.4,-0.3
1790099217500,53.6506882,-3.0105842,4.10,258,-7.9,-0.5
1790099217600,53.6506836,-3.0105896,4.07,258,-7.2,-0.8
1790099217700,53.6506879,-3.0106020,3.96,258,-7.3,-0.4
1790099217800,53.6506818,-3.0105922,4.02,258,-7.9,-0.7
1790099217900,53.6506825,-3.0105974,4.10,258,-8.4,-1.1
1790099218000,53.6506794,-3.0106054,4.08,258,-8.7,-0.6
1790099218100,53.6506827,-3.0106128,4.10,258,-8.6,-0.7
1790099218200,53.6506764,-3.0106027,4.11,258,-8.8,-0.7
1790099218300,53.6506794,-3.0106166,3.96,258,-7.6,-1.2
1790099218400,53.6506823,-3.0106214,4.11,258,-8.5,-1.1
1790099218500,53.6506788,-3.0106170,4.07,258,-7.8,-1.4
1790099218600,53.6506756,-3.0106206,3.93,258,-7.8,-1.3
1790099218700,53.6506754,-3.0106234,4.07,258,-9.0,-1.1
1790099218800,53.6506835,-3.0106315,4.05,258,-8.9,-0.9
1790099218900,53.6506776,-3.0106373,3.90,258,-8.3,-1.1
1790099219000,53.6506816,-3.0106449,4.06,258,-8.3,-1.5
1790099219100,53.6506754,-3.0106428,3.95,258,-8.9,-1.2
1790099219200,53.6506786,-3.0106486,4.05,258,-8.4,-1.3
1790099219300,53.6506764,-3.0106363,4.05,258,-8.5,-1.7
1790099219400,53.6506807,-3.0106472,4.07,258,-9.0,-1.4
1790099219500,53.6506746,-3.0106529,3.90,258,-9.1,-1.6
1790099219600,53.6506713,-3.0106452,4.06,258,-8.9,-1.9
1790099219700,53.6506716,-3.0106506,4.03,258,-9.2,-1.3
1790099219800,53.6506706,-3.0106568,4.02,258,-9.9,-1.7
1790099219900,53.6506715,-3.0106619,3.91,258,-8.7,-1.5
1790099220000,53.6506787,-3.0106717,3.95,258,-9.3,-1.7
1790099220100,53.6506732,-3.0106640,3.95,258,-9.0,-1.6
1790099220200,53.6506756,-3.0106695,3.91,258,-8.9,-1.8
1790099220300,53.6506675,-3.0106701,4.01,258,-10.3,-1.8
1790099220400,53.6506691,-3.0106795,3.88,258,-10.1,-1.8
1790099220500,53.6506736,-3.0106890,3.86,258,-9.4,-1.9
1790099220600,53.6506740,-3.0106815,3.98,258,-10.4,-1.7
1790099220700,53.6506716,-3.0106817,3.93,258,-10.4,-2.1
1790099220800,53.6506705,-3.0106945,3.98,258,-10.0,-1.8
1790099220900,53.6506693,-3.0107003,4.05,258,-9.5,-1.8
1790099221000,53.6506689,-3.0106886,3.86,258,-10.8,-2.0
1790099221100,53.6506690,-3.0106986,3.95,258,-9.7,-1.8
1790099221200,53.6506654,-3.0107033,3.82,258,-9.8,-1.9
1790099221300,53.6506741,-3.0107010,3.83,258,-10.2,-2.3
1790099221400,53.6506691,-3.0107123,3.96,258,-10.5,-1.9
1790099221500,53.6506669,-3.0107041,3.87,258,-10.4,-1.9
1790099221600,53.6506718,-3.0107125,3.87,258,-11.4,-2.1
1790099221700,53.6506650,-3.0107185,3.85,258,-10.4,-2.3
1790099221800,53.6506659,-3.0107140,3.97,258,-11.3,-1.9
1790099221900,53.6506655,-3.0107312,3.92,258,-11.6,-2.4
1790099222000,53.6506709,-3.0107300,3.94,258,-10.8,-2.4
1790099222100,53.6506624,-3.0107206,3.82,258,-10.9,-2.5
1790099222200,53.6506653,-3.0107291,3.92,258,-11.1,-2.1
1790099222300,53.6506606,-3.0107375,3.82,258,-11.5,-2.3
1790099222400,53.6506615,-3.0107322,3.89,258,-11.5,-2.0
1790099222500,53.6506671,-3.0107484,3.89,258,-11.5,-2.5
1790099222600,53.6506607,-3.0107505,4.04,258,-11.5,-2.5
1790099222700,53.6506586,-3.0107475,3.95,258,-11.3,-2.2
1790099222800,53.6506630,-3.0107410,3.98,258,-12.2,-2.5
1790099222900,53.6506667,-3.0107580,3.95,258,-12.2,-1.9
1790099223000,53.6506604,-3.0107642,3.85,258,-11.1,-2.1
1790099223100,53.6506620,-3.0107674,3.97,258,-11.1,-1.7
1790099223200,53.6506655,-3.0107617,3.85,258,-11.2,-2.0
1790099223300,53.6506665,-3.0107654,3.77,258,-12.2,-2.0
1790099223400,53.6506579,-3.0107754,3.97,258,-11.6,-1.8
1790099223500,53.6506569,-3.0107643,3.97,258,-12.7,-2.4
1790099223600,53.6506639,-3.0107802,3.95,258,-12.3,-1.7
1790099223700,53.6506545,-3.0107747,3.93,258,-12.1,-1.8
1790099223800,53.6506633,-3.0107767,3.96,258,-11.6,-1.7
1790099223900,53.6506557,-3.0107800,3.85,258,-12.3,-1.8
1790099224000,53.6506622,-3.0107773,3.95,258,-12.6,-1.7
1790099224100,53.6506552,-3.0107952,3.73,258,-12.8,-1.7
1790099224200,53.6506627,-3.0107860,3.86,258,-12.9,-1.9
1790099224300,53.6506586,-3.0107989,3.74,258,-11.8,-1.3
1790099224400,53.6506548,-3.0107998,3.83,258,-13.0,-1.8
1790099224500,53.6506610,-3.0107977,3.89,258,-13.0,-1.5
1790099224600,53.6506586,-3.0108090,3.80,258,-12.0,-1.2
1790099224700,53.6506510,-3.0107972,3.80,258,-13.0,-1.5
1790099224800,53.6506555,-3.0108150,3.89,258,-12.4,-1.4
1790099224900,53.6506509,-3.0108060,3.86,258,-12.0,-1.4
1790099225000,53.6506592,-3.0108190,3.91,258,-12.0,-1.1
1790099225100,53.6506579,-3.0108191,3.79,258,-12.3,-1.3
1790099225200,53.6506490,-3.0108138,3.86,258,-12.3,-1.2
1790099225300,53.6506589,-3.0108317,3.80,258,-11.9,-1.4
1790099225400,53.6506501,-3.0108212,3.94,258,-12.7,-1.5
1790099225500,53.6506539,-3.0108336,3.82,258,-11.8,-1.2
1790099225600,53.6506563,-3.0108257,3.73,258,-12.8,-1.4
1790099225700,53.6506471,-3.0108320,3.86,258,-12.3,-1.1
1790099225800,53.6506520,-3.0108462,3.88,258,-13.2,-0.8
1790099225900,53.6506502,-3.0108487,3.89,258,-12.5,-0.9
1790099226000,53.6506460,-3.0108414,3.77,258,-12.1,-1.1
1790099226100,53.6506528,-3.0108489,3.81,258,-11.9,-1.0
1790099226200,53.6506523,-3.0108541,3.81,258,-13.2,-0.7
1790099226300,53.6506503,-3.0108558,3.73,258,-11.9,-0.9
1790099226400,53.6506538,-3.0108629,3.89,258,-12.5,-0.3
1790099226500,53.6506530,-3.0108585,3.78,258,-12.6,-0.7
1790099226600,53.6506442,-3.0108634,3.87,258,-13.1,-0.6
1790099226700,53.6506439,-3.0108732,3.91,258,-12.7,-0.6
1790099226800,53.6506433,-3.0108672,3.68,258,-13.0,-0.3
1790099226900,53.6506507,-3.0108715,3.85,258,-12.4,-0.5
1790099227000,53.6506497,-3.0108695,3.70,258,-11.8,-0.1
1790099227100,53.6506447,-3.0108841,3.72,258,-12.7,0.1
1790099227200,53.6506488,-3.0108739,3.65,258,-11.8,0.0
1790099227300,53.6506483,-3.0108840,3.83,258,-12.6,-0.2
1790099227400,53.6506474,-3.0108877,3.87,258,-12.6,0.0
1790099227500,53.6506457,-3.0108867,3.67,258,-12.7,-0.3
1790099227600,53.6506475,-3.0108833,3.76,258,-11.7,0.0
1790099227700,53.6506498,-3.0108992,3.81,258,-12.4,-0.3
1790099227800,53.6506458,-3.0109043,3.82,258,-12.1,-0.0
1790099227900,53.6506425,-3.0109030,3.71,258,-11.8,-0.1
1790099228000,53.6506487,-3.0109038,3.64,258,-11.6,0.0
1790099228100,53.6506461,-3.0109032,3.68,258,-11.8,0.3
1790099228200,53.6506415,-3.0109112,3.76,258,-11.5,-0.1
1790099228300,53.6506433,-3.0109044,3.87,258,-12.0,-0.1
1790099228400,53.6506470,-3.0109140,3.68,258,-11.2,-0.0
1790099228500,53.6506415,-3.0109165,3.75,258,-12.1,-0.2
1790099228600,53.6506455,-3.0109196,3.71,258,-11.6,0.5
1790099228700,53.6506464,-3.0109136,3.59,258,-11.0,0.3
1790099228800,53.6506446,-3.0109216,3.76,258,-11.6,-0.1
1790099228900,53.6506430,-3.0109287,3.84,258,-10.8,0.3
1790099229000,53.6506357,-3.0109224,3.72,258,-11.8,-0.1
1790099229100,53.6506427,-3.0109250,3.75,258,-11.6,0.0
1790099229200,53.6506430,-3.0109326,3.77,258,-11.1,0.1
1790099229300,53.6506417,-3.0109375,3.72,258,-10.6,0.1
1790099229400,53.6506357,-3.0109487,3.78,258,-11.5,0.3
1790099229500,53.6506386,-3.0109452,3.69,258,-11.3,0.1
1790099229600,53.6506388,-3.0109399,3.62,258,-10.4,0.3
1790099229700,53.6506384,-3.0109457,3.64,258,-10.6,-0.0
1790099229800,53.6506412,-3.0109539,3.60,258,-10.3,0.3
1790099229900,53.6506378,-3.0109477,3.69,258,-10.0,0.0
1790099230000,53.6506370,-3.0109522,3.72,258,-10.4,0.5
1790099230100,53.6506396,-3.0109615,3.71,258,-10.8,0.4
1790099230200,53.6506321,-3.0109634,3.75,258,-10.1,0.3
1790099230300,53.6506328,-3.0109722,3.62,258,-9.8,0.1
1790099230400,53.6506333,-3.0109777,3.66,258,-9.9,0.2
1790099230500,53.6506319,-3.0109701,3.75,258,-10.6,0.4
1790099230600,53.6506375,-3.0109792,3.58,258,-10.6,0.3
1790099230700,53.6506362,-3.0109831,3.76,258,-9.5,-0.3
1790099230800,53.6506379,-3.0109785,3.59,258,-9.5,-0.3
1790099230900,53.6506310,-3.0109925,3.75,258,-10.1,0.2
1790099231000,53.6506384,-3.0109886,3.62,258,-9.0,-0.2
1790099231100,53.6506362,-3.0109872,3.76,258,-9.6,0.0
1790099231200,53.6506292,-3.0109949,3.69,258,-9.8,-0.5
1790099231300,53.6506322,-3.0109998,3.76,258,-9.1,0.1
1790099231400,53.6506294,-3.0110043,3.62,258,-9.1,-0.5
1790099231500,53.6506280,-3.0110063,3.55,258,-8.6,-0.1
1790099231600,53.6506292,-3.0110095,3.60,258,-8.8,-0.3
1790099231700,53.6506276,-3.0110018,3.75,258,-9.0,-0.3
1790099231800,53.6506262,-3.0110127,3.59,258,-8.6,-0.5
1790099231900,53.6506349,-3.0110030,3.61,258,-8.4,-0.2
1790099232000,53.6506286,-3.0110108,3.71,258,-9.4,-0.5
1790099232100,53.6506340,-3.0110173,3.67,258,-8.4,-0.5
1790099232200,53.6506334,-3.0110120,3.72,258,-8.4,-0.6
1790099232300,53.6506251,-3.0110189,3.60,258,-8.6,-0.9
1790099232400,53.6506276,-3.0110307,3.63,258,-8.3,-1.1
1790099232500,53.6506327,-3.0110345,3.67,258,-8.2,-0.9
1790099232600,53.6506230,-3.0110373,3.65,258,-9.0,-0.8
1790099232700,53.6506243,-3.0110383,3.67,258,-7.6,-0.8
1790099232800,53.6506240,-3.0110443,3.76,258,-8.3,-1.0
1790099232900,53.6506229,-3.0110343,3.55,258,-8.8,-1.3
1790099233000,53.6506239,-3.0110419,3.59,258,-7.9,-1.2
1790099233100,53.6506221,-3.0110380,3.60,258,-7.8,-1.3
1790099233200,53.6506260,-3.0110466,3.72,258,-8.0,-1.0
1790099233300,53.6506295,-3.0110546,3.72,258,-7.5,-1.5
1790099233400,53.6506210,-3.0110455,3.63,258,-8.7,-1.3
1790099233500,53.6506204,-3.0110491,3.55,258,-7.8,-1.0
1790099233600,53.6506291,-3.0110576,3.55,258,-7.6,-1.5
1790099233700,53.6506261,-3.0110616,3.70,258,-7.7,-1.7
1790099233800,53.6506277,-3.0110592,3.68,258,-7.2,-1.1
1790099233900,53.6506200,-3.0110666,3.58,258,-7.1,-1.6
1790099234000,53.6506277,-3.0110663,3.72,258,-7.4,-1.5
1790099234100,53.6506232,-3.0110699,3.53,258,-7.0,-1.5
1790099234200,53.6506258,-3.0110800,3.60,258,-8.4,-1.6
1790099234300,53.6506262,-3.0110751,3.72,258,-8.0,-1.5
1790099234400,53.6506200,-3.0110813,3.62,258,-7.9,-1.5
1790099234500,53.6506193,-3.0110860,3.65,258,-7.4,-1.4
1790099234600,53.6506205,-3.0110947,3.59,258,-7.4,-1.5
1790099234700,53.6506253,-3.0110955,3.50,258,-8.1,-1.9
1790099234800,53.6506232,-3.0110940,3.53,258,-7.6,-1.6
1790099234900,53.6506189,-3.0110970,3.60,258,-7.1,-1.7
1790099235000,53.6506197,-3.0110918,3.61,258,-8.1,-2.2
1790099235100,53.6506227,-3.0110964,3.52,258,-7.8,-2.2
1790099235200,53.6506224,-3.0111008,3.65,258,-7.7,-1.8
1790099235300,53.6506165,-3.0111074,3.58,258,-8.1,-1.8
1790099235400,53.6506191,-3.0111079,3.53,258,-8.1,-2.2
1790099235500,53.6506228,-3.0111182,3.55,258,-7.7,-1.9
1790099235600,53.6506220,-3.0111056,3.53,258,-7.0,-2.1
1790099235700,53.6506123,-3.0111204,3.57,258,-8.2,-2.4
1790099235800,53.6506121,-3.0111112,3.63,258,-7.6,-1.9
1790099235900,53.6506136,-3.0111185,3.64,258,-7.3,-2.0
1790099236000,53.6506109,-3.0111244,3.62,258,-7.7,-2.2
1790099236100,53.6506143,-3.0111293,3.72,258,-7.4,-2.2
1790099236200,53.6506167,-3.0111232,3.68,258,-7.2,-2.2
1790099236300,53.6506202,-3.0111288,3.48,258,-7.4,-2.2
1790099236400,53.6506135,-3.0111289,3.52,258,-7.6,-2.4
1790099236500,53.6506148,-3.0111324,3.55,258,-7.9,-1.9
1790099236600,53.6506085,-3.0111343,3.55,258,-8.1,-2.1
1790099236700,53.6506109,-3.0111495,3.51,258,-8.2,-2.4
1790099236800,53.6506093,-3.0111417,3.59,258,-8.3,-2.2
1790099236900,53.6506101,-3.0111488,3.66,258,-8.2,-2.5
1790099237000,53.6506092,-3.0111604,3.54,258,-8.2,-2.5
1790099237100,53.6506095,-3.0111471,3.62,258,-7.7,-1.8
1790099237200,53.6506115,-3.0111500,3.51,258,-7.8,-2.4
1790099237300,53.6506104,-3.0111589,3.59,258,-8.5,-2.0
1790099237400,53.6506070,-3.0111697,3.56,258,-7.4,-2.0
1790099237500,53.6506149,-3.0111601,3.55,258,-8.6,-2.2
1790099237600,53.6506153,-3.0111736,3.68,258,-7.8,-1.7
1790099237700,53.6506112,-3.0111679,3.66,258,-7.8,-2.0
1790099237800,53.6506126,-3.0111821,3.55,258,-9.0,-2.1
1790099237900,53.6506134,-3.0111861,3.70,258,-7.9,-1.8
1790099238000,53.6506038,-3.0111798,3.50,258,-9.0,-1.9
1790099238100,53.6506044,-3.0111828,3.66,258,-7.7,-1.8
1790099238200,53.6506096,-3.0111773,3.50,258,-7.7,-2.1
1790099238300,53.6506114,-3.0111959,3.55,258,-8.3,-1.5
1790099238400,53.6506084,-3.0111966,3.59,258,-8.7,-2.1
1790099238500,53.6506075,-3.0111959,3.55,258,-8.7,-1.9
1790099238600,53.6506060,-3.0112014,3.52,258,-9.3,-1.9
1790099238700,53.6506104,-3.0111972,3.66,258,-9.1,-1.6
1790099238800,53.6506031,-3.0111988,3.72,258,-9.6,-1.4
1790099238900,53.6506075,-3.0111987,3.49,258,-9.2,-1.3
1790099239000,53.6506025,-3.0112059,3.67,258,-9.6,-1.7
1790099239100,53.6506100,-3.0112076,3.61,258,-9.1,-1.7
1790099239200,53.6506000,-3.0112053,3.57,258,-8.7,-1.2
1790099239300,53.6505992,-3.0112215,3.70,258,-9.4,-1.4
1790099239400,53.6506079,-3.0112152,3.60,258,-9.6,-1.2
1790099239500,53.6506039,-3.0112196,3.64,258,-9.3,-1.1
1790099239600,53.6506056,-3.0112241,3.54,258,-10.0,-1.4
1790099239700,53.6506083,-3.0112259,3.60,258,-9.7,-1.0
1790099239800,53.6506052,-3.0112279,3.48,258,-10.1,-1.1
1790099239900,53.6506072,-3.0112284,3.67,258,-10.0,-1.2
1790099240000,53.6506073,-3.0112259,3.66,258,-10.1,-1.1
1790099240100,53.6506070,-3.0112425,3.48,258,-10.5,-0.8
1790099240200,53.6506020,-3.0112353,3.56,258,-10.1,-1.2
1790099240300,53.6505990,-3.0112416,3.49,258,-9.9,-1.0
1790099240400,53.6505958,-3.0112509,3.65,258,-9.8,-0.5
1790099240500,53.6506046,-3.0112547,3.61,258,-10.6,-1.1
1790099240600,53.6505990,-3.0112454,3.67,258,-10.6,-1.0
1790099240700,53.6506030,-3.0112453,3.61,258,-11.0,-0.6
1790099240800,53.6505963,-3.0112505,3.58,258,-11.1,-0.8
1790099240900,53.6505946,-3.0112668,3.64,258,-10.3,-0.5
1790099241000,53.6505971,-3.0112634,3.72,258,-11.0,-0.5
1790099241100,53.6506013,-3.0112644,3.68,258,-11.3,-0.2
1790099241200,53.6505938,-3.0112704,3.63,258,-11.2,-0.5
1790099241300,53.6505993,-3.0112777,3.60,258,-10.5,-0.3
1790099241400,53.6505983,-3.0112720,3.48,258,-11.3,-0.6
1790099241500,53.6505980,-3.0112742,3.68,258,-10.9,-0.6
1790099241600,53.6505929,-3.0112765,3.65,258,-11.1,-0.6
1790099241700,53.6506013,-3.0112804,3.52,258,-10.6,-0.4
1790099241800,53.6505944,-3.0112765,3.65,258,-11.6,0.0
1790099241900,53.6506004,-3.0112829,3.59,258,-11.9,-0.1
1790099242000,53.6505941,-3.0112952,3.61,258,-11.0,0.0
1790099242100,53.6505995,-3.0112834,3.49,258,-10.7,0.3
1790099242200,53.6505931,-3.0112901,3.66,258,-11.7,0.1
1790099242300,53.6505919,-3.0112940,3.60,258,-12.2,-0.4
1790099242400,53.6505906,-3.0113082,3.65,258,-12.3,0.2
1790099242500,53.6505931,-3.0113094,3.63,258,-11.3,0.2
1790099242600,53.6505925,-3.0112985,3.54,258,-11.5,0.3
1790099242700,53.6505949,-3.0113010,3.49,258,-11.4,0.4
1790099242800,53.6505927,-3.0113115,3.68,258,-12.3,0.2
1790099242900,53.6505885,-3.0113128,3.68,258,-11.7,-0.0
1790099243000,53.6505881,-3.0113159,3.62,258,-11.5,0.3
1790099243100,53.6505929,-3.0113139,3.57,258,-11.2,-0.2
1790099243200,53.6505911,-3.0113181,3.57,258,-12.0,0.5
1790099243300,53.6505910,-3.0113288,3.64,258,-12.0,-0.1
1790099243400,53.6505894,-3.0113365,3.54,258,-12.6,-0.2
1790099243500,53.6505878,-3.0113393,3.63,258,-12.4,0.1
1790099243600,53.6505882,-3.0113420,3.71,258,-11.8,-0.2
1790099243700,53.6505862,-3.0113281,3.71,258,-11.8,-0.1
1790099243800,53.6505883,-3.0113454,3.62,258,-12.3,-0.1
1790099243900,53.6505854,-3.0113408,3.58,258,-11.8,0.6
1790099244000,53.6505875,-3.0113496,3.73,258,-12.8,0.6
1790099244100,53.6505867,-3.0113499,3.74,258,-11.8,0.4
1790099244200,53.6505896,-3.0113413,3.61,258,-11.7,-0.1
1790099244300,53.6505908,-3.0113610,3.64,258,-12.2,0.3
1790099244400,53.6505830,-3.0113644,3.58,258,-12.7,0.1
1790099244500,53.6505860,-3.0113611,3.64,258,-12.5,-0.1
1790099244600,53.6505842,-3.0113578,3.63,258,-12.6,0.3
1790099244700,53.6505848,-3.0113579,3.55,258,-12.7,-0.2
1790099244800,53.6505808,-3.0113628,3.68,258,-12.6,-0.0
1790099244900,53.6505846,-3.0113654,3.72,258,-11.8,0.4
1790099245000,53.6505802,-3.0113643,3.74,258,-11.8,0.1
1790099245100,53.6505885,-3.0113713,3.60,258,-12.7,0.4
1790099245200,53.6505820,-3.0113699,3.62,258,-12.0,0.2
1790099245300,53.6505833,-3.0113878,3.71,258,-12.4,0.3
1790099245400,53.6505863,-3.0113821,3.64,258,-12.0,-0.2
1790099245500,53.6505816,-3.0113883,3.62,258,-11.9,0.0
1790099245600,53.6505818,-3.0113963,3.61,258,-12.6,-0.1
1790099245700,53.6505793,-3.0113948,3.69,258,-12.4,0.1
1790099245800,53.6505851,-3.0113990,3.55,258,-12.7,-0.3
1790099245900,53.6505860,-3.0114036,3.72,258,-13.1,0.0
1790099246000,53.6505768,-3.0113929,3.64,258,-12.7,-0.1
1790099246100,53.6505781,-3.0114107,3.63,258,-12.2,-0.7
1790099246200,53.6505833,-3.0114101,3.61,258,-11.8,-0.2
1790099246300,53.6505805,-3.0114155,3.73,258,-12.2,-0.2
1790099246400,53.6505835,-3.0114129,3.74,258,-12.9,-0.2
1790099246500,53.6505767,-3.0114131,3.60,258,-11.6,-0.3
1790099246600,53.6505804,-3.0114188,3.74,258,-12.4,-0.4
1790099246700,53.6505841,-3.0114230,3.69,258,-12.8,-0.3
1790099246800,53.6505824,-3.0114243,3.70,258,-12.4,-0.5
1790099246900,53.6505775,-3.0114207,3.81,258,-12.5,-0.5
1790099247000,53.6505828,-3.0114288,3.72,258,-11.4,-0.7
1790099247100,53.6505730,-3.0114397,3.74,258,-11.6,-1.1
1790099247200,53.6505763,-3.0114316,3.82,258,-11.7,-1.2
1790099247300,53.6505737,-3.0114426,3.74,258,-11.7,-0.7
1790099247400,53.6505816,-3.0114392,3.75,258,-12.2,-0.7
1790099247500,53.6505750,-3.0114387,3.80,258,-12.0,-1.4
1790099247600,53.6505729,-3.0114536,3.70,258,-12.5,-1.2
1790099247700,53.6505734,-3.0114479,3.81,258,-11.1,-0.8
1790099247800,53.6505733,-3.0114475,3.69,258,-11.1,-1.4
1790099247900,53.6505762,-3.0114581,3.69,258,-11.8,-1.3
1790099248000,53.6505698,-3.0114531,3.64,258,-11.6,-1.0
1790099248100,53.6505760,-3.0114585,3.82,258,-11.9,-1.4
1790099248200,53.6505764,-3.0114628,3.74,258,-11.9,-1.3
1790099248300,53.6505696,-3.0114670,3.78,258,-11.5,-1.2
1790099248400,53.6505681,-3.0114633,3.84,258,-10.8,-1.5
1790099248500,53.6505671,-3.0114685,3.63,258,-11.1,-1.3
1790099248600,53.6505768,-3.0114663,3.67,258,-11.5,-1.9
1790099248700,53.6505696,-3.0114788,3.71,258,-11.2,-1.3
1790099248800,53.6505682,-3.0114805,3.70,258,-10.5,-1.7
1790099248900,53.6505683,-3.0114834,3.72,258,-11.6,-1.9
1790099249000,53.6505757,-3.0114859,3.69,258,-11.1,-1.4
1790099249100,53.6505682,-3.0114974,3.86,258,-10.0,-1.8
1790099249200,53.6505675,-3.0114938,3.67,258,-10.0,-1.6
1790099249300,53.6505704,-3.0115012,3.68,258,-10.2,-2.2
1790099249400,53.6505699,-3.0114912,3.71,258,-9.9,-2.1
1790099249500,53.6505650,-3.0115072,3.66,258,-10.8,-1.6
1790099249600,53.6505667,-3.0115054,3.69,258,-10.7,-1.8
1790099249700,53.6505667,-3.0115076,3.71,258,-9.7,-2.2
1790099249800,53.6505728,-3.0115060,3.75,258,-10.6,-2.2
1790099249900,53.6505642,-3.0115102,3.65,258,-9.9,-1.8
1790099250000,53.6505651,-3.0115100,3.89,258,-10.1,-1.8
1790099250100,53.6505679,-3.0115163,3.86,258,-10.3,-1.9
1790099250200,53.6505661,-3.0115214,3.90,258,-10.0,-1.9
1790099250300,53.6505633,-3.0115272,3.83,258,-9.3,-2.0
1790099250400,53.6505679,-3.0115305,3.87,258,-9.0,-1.8
1790099250500,53.6505640,-3.0115205,3.91,258,-9.4,-2.0
1790099250600,53.6505623,-3.0115325,3.70,258,-10.2,-2.4
1790099250700,53.6505617,-3.0115279,3.73,258,-9.6,-1.9
1790099250800,53.6505637,-3.0115345,3.83,258,-9.1,-2.2
1790099250900,53.6505677,-3.0115455,3.76,258,-9.8,-2.1
1790099251000,53.6505685,-3.0115363,3.70,258,-9.0,-2.5
1790099251100,53.6505648,-3.0115494,3.84,258,-9.7,-2.6
1790099251200,53.6505639,-3.0115570,3.89,258,-9.1,-2.2
1790099251300,53.6505670,-3.0115507,3.83,258,-8.7,-2.0
1790099251400,53.6505603,-3.0115473,3.72,258,-9.3,-2.5
1790099251500,53.6505651,-3.0115543,3.87,258,-8.8,-2.0
1790099251600,53.6505594,-3.0115644,3.81,258,-8.0,-1.9
1790099251700,53.6505578,-3.0115683,3.77,258,-8.8,-2.4
1790099251800,53.6505571,-3.0115614,3.92,258,-8.4,-2.0
1790099251900,53.6505610,-3.0115605,3.81,258,-8.3,-1.9
1790099252000,53.6505577,-3.0115806,3.94,258,-8.5,-1.9
1790099252100,53.6505548,-3.0115729,3.87,258,-8.8,-1.9
1790099252200,53.6505626,-3.0115805,3.94,258,-9.0,-2.2
1790099252300,53.6505615,-3.0115765,3.85,258,-8.6,-1.7
1790099252400,53.6505612,-3.0115811,3.84,258,-8.3,-2.3
1790099252500,53.6505576,-3.0115946,3.96,258,-8.4,-2.3
1790099252600,53.6505598,-3.0115841,3.88,258,-8.1,-1.7
1790099252700,53.6505616,-3.0115974,3.84,258,-8.5,-2.3
1790099252800,53.6505550,-3.0116048,3.98,258,-8.3,-1.9
1790099252900,53.6505524,-3.0115907,3.83,258,-7.6,-1.8
1790099253000,53.6505586,-3.0116041,3.85,258,-8.3,-1.6
1790099253100,53.6505538,-3.0116044,3.86,258,-7.5,-1.8
1790099253200,53.6505583,-3.0116131,3.95,258,-8.0,-1.5
1790099253300,53.6505592,-3.0116197,3.78,258,-7.6,-1.8
1790099253400,53.6505531,-3.0116079,3.79,258,-8.2,-1.8
1790099253500,53.6505502,-3.0116127,3.92,258,-7.5,-1.7
1790099253600,53.6505528,-3.0116135,3.85,258,-7.9,-1.8
1790099253700,53.6505532,-3.0116289,3.88,258,-8.2,-1.4
1790099253800,53.6505540,-3.0116217,3.82,258,-8.0,-1.3
1790099253900,53.6505548,-3.0116262,3.86,258,-8.0,-1.1
1790099254000,53.6505549,-3.0116319,3.87,258,-7.3,-1.3
1790099254100,53.6505478,-3.0116262,3.86,258,-7.2,-1.4
1790099254200,53.6505508,-3.0116356,4.01,258,-8.0,-1.1
1790099254300,53.6505537,-3.0116447,3.95,258,-7.5,-0.8
1790099254400,53.6505543,-3.0116360,3.99,258,-8.3,-1.4
1790099254500,53.6505543,-3.0116551,4.00,258,-7.9,-1.3
1790099254600,53.6505472,-3.0116452,3.91,258,-6.8,-0.8
1790099254700,53.6505531,-3.0116496,3.92,258,-7.9,-1.3
1790099254800,53.6505481,-3.0116620,3.94,258,-7.8,-1.1
1790099254900,53.6505436,-3.0116558,3.90,258,-8.0,-0.9
1790099255000,53.6505462,-3.0116596,3.83,258,-7.2,-0.5
1790099255100,53.6505441,-3.0116690,4.00,258,-7.2,-0.7
1790099255200,53.6505509,-3.0116652,3.94,258,-7.0,-0.6
1790099255300,53.6505511,-3.0116665,4.01,258,-7.0,-0.7
1790099255400,53.6505437,-3.0116774,3.99,258,-7.0,-0.6
1790099255500,53.6505438,-3.0116768,3.96,258,-7.2,-0.2
1790099255600,53.6505503,-3.0116845,3.89,258,-7.0,-0.6
1790099255700,53.6505438,-3.0116795,3.95,258,-7.1,-0.4
1790099255800,53.6505477,-3.0116912,4.04,258,-7.2,-0.7
1790099255900,53.6505404,-3.0116888,3.95,258,-8.2,-0.2
1790099256000,53.6505448,-3.0117004,3.86,258,-8.0,-0.5
1790099256100,53.6505429,-3.0116900,3.91,258,-7.5,-0.1
1790099256200,53.6505446,-3.0116941,3.92,258,-8.5,-0.1
1790099256300,53.6505487,-3.0116914,3.92,258,-7.9,0.0
1790099256400,53.6505380,-3.0116980,3.87,258,-8.1,-0.5
1790099256500,53.6505398,-3.0116982,3.89,258,-8.4,-0.4
1790099256600,53.6505387,-3.0117126,3.91,258,-8.3,-0.4
1790099256700,53.6505381,-3.0117195,3.97,258,-7.5,0.2
1790099256800,53.6505435,-3.0117138,3.99,258,-7.7,0.3
1790099256900,53.6505461,-3.0117152,4.03,258,-8.5,0.2
1790099257000,53.6505394,-3.0117160,3.94,258,-8.3,0.1
1790099257100,53.6505365,-3.0117246,4.02,258,-7.6,0.4
1790099257200,53.6505390,-3.0117328,4.11,258,-8.2,0.4
1790099257300,53.6505394,-3.0117250,3.89,258,-8.1,-0.2
1790099257400,53.6505360,-3.0117303,4.08,258,-7.9,0.4
1790099257500,53.6505429,-3.0117291,3.94,258,-8.2,0.1
1790099257600,53.6505435,-3.0117368,4.07,258,-8.7,0.3
1790099257700,53.6505345,-3.0117421,4.02,258,-7.9,-0.1
1790099257800,53.6505368,-3.0117382,3.98,258,-9.0,-0.1
1790099257900,53.6505381,-3.0117409,4.00,258,-8.6,-0.2
1790099258000,53.6505356,-3.0117600,4.11,258,-8.3,0.5
1790099258100,53.6505369,-3.0117516,3.93,258,-9.1,0.4
1790099258200,53.6505392,-3.0117563,3.94,258,-9.4,0.4
1790099258300,53.6505329,-3.0117553,4.11,258,-9.5,0.0
1790099258400,53.6505377,-3.0117635,3.96,258,-8.3,0.1
1790099258500,53.6505334,-3.0117739,4.03,258,-9.5,-0.2
1790099258600,53.6505313,-3.0117791,4.02,258,-9.2,0.5
1790099258700,53.6505299,-3.0117716,4.00,258,-9.7,-0.0
1790099258800,53.6505304,-3.0117696,3.97,258,-8.7,0.5
1790099258900,53.6505307,-3.0117778,4.02,258,-9.0,0.5
1790099259000,53.6505336,-3.0117803,3.93,258,-9.1,0.2
1790099259100,53.6505315,-3.0117873,4.13,258,-9.2,0.1
1790099259200,53.6505338,-3.0117907,3.92,258,-9.3,-0.1
1790099259300,53.6505309,-3.0117944,4.09,258,-9.5,0.2
1790099259400,53.6505366,-3.0117986,3.93,258,-10.5,0.2
1790099259500,53.6505264,-3.0118009,4.07,258,-9.7,-0.3
1790099259600,53.6505360,-3.0117975,4.14,258,-10.0,0.1
1790099259700,53.6505300,-3.0118055,4.02,258,-9.3,0.2
1790099259800,53.6505346,-3.0118094,4.13,258,-9.9,0.2
1790099259900,53.6505347,-3.0118114,4.11,258,-9.8,-0.3
1790099260000,53.6505322,-3.0118173,3.96,258,-10.4,0.0
1790099260100,53.6505248,-3.0118101,4.00,258,-9.9,0.1
1790099260200,53.6505261,-3.0118228,4.00,258,-10.7,-0.3
1790099260300,53.6505242,-3.0118303,4.12,258,-10.3,-0.4
1790099260400,53.6505280,-3.0118325,4.15,258,-10.4,-0.3
1790099260500,53.6505269,-3.0118247,4.16,258,-10.8,-0.5
1790099260600,53.6505243,-3.0118269,4.16,258,-10.3,-0.8
1790099260700,53.6505236,-3.0118395,4.00,258,-10.9,-0.6
1790099260800,53.6505245,-3.0118345,4.16,258,-11.2,-0.4
1790099260900,53.6505304,-3.0118381,4.03,258,-10.2,-0.1
1790099261000,53.6505248,-3.0118373,4.18,258,-11.0,-0.6
1790099261100,53.6505288,-3.0118461,4.14,258,-11.2,-0.8
1790099261200,53.6505205,-3.0118561,4.12,258,-11.5,-1.0
1790099261300,53.6505217,-3.0118593,4.09,258,-10.8,-0.7
1790099261400,53.6505237,-3.0118649,4.07,258,-11.2,-1.0
1790099261500,53.6505197,-3.0118575,4.04,258,-11.9,-0.5
1790099261600,53.6505180,-3.0118695,3.99,258,-11.1,-0.9
1790099261700,53.6505256,-3.0118695,4.06,258,-11.7,-1.2
1790099261800,53.6505213,-3.0118624,4.01,258,-11.6,-0.8
1790099261900,53.6505197,-3.0118714,4.02,258,-12.2,-0.9
1790099262000,53.6505212,-3.0118758,4.12,258,-11.9,-1.3
1790099262100,53.6505213,-3.0118807,4.05,258,-12.0,-1.1
1790099262200,53.6505250,-3.0118809,4.20,258,-11.9,-0.9
1790099262300,53.6505231,-3.0118915,4.00,258,-11.5,-1.0
1790099262400,53.6505178,-3.0118915,4.07,258,-12.4,-1.7
1790099262500,53.6505238,-3.0118871,4.04,258,-11.5,-1.4
1790099262600,53.6505161,-3.0118959,4.02,258,-12.3,-1.7
1790099262700,53.6505195,-3.0118934,4.22,258,-12.2,-1.6
1790099262800,53.6505196,-3.0119058,4.12,258,-12.3,-1.8
1790099262900,53.6505194,-3.0119059,4.05,258,-12.0,-1.8
1790099263000,53.6505209,-3.0119063,4.02,258,-12.8,-1.4
1790099263100,53.6505174,-3.0119089,4.06,258,-12.4,-1.6
1790099263200,53.6505142,-3.0119099,4.04,258,-12.1,-1.9
1790099263300,53.6505112,-3.0119118,4.12,258,-11.5,-1.6
1790099263400,53.6505150,-3.0119240,4.08,258,-11.7,-1.5
1790099263500,53.6505168,-3.0119175,4.07,258,-12.6,-1.8
1790099263600,53.6505191,-3.0119234,4.04,258,-12.8,-1.6
1790099263700,53.6505169,-3.0119359,4.09,258,-12.3,-1.8
1790099263800,53.6505158,-3.0119245,4.12,258,-12.2,-2.1
1790099263900,53.6505179,-3.0119332,4.20,258,-13.0,-1.6
1790099264000,53.6505127,-3.0119431,4.15,258,-11.8,-1.7
1790099264100,53.6505182,-3.0119391,4.06,258,-12.3,-2.4
1790099264200,53.6505104,-3.0119377,4.19,258,-12.1,-2.3
1790099264300,53.6505083,-3.0119563,4.24,258,-12.0,-1.8
1790099264400,53.6505168,-3.0119559,4.19,258,-13.1,-2.4
1790099264500,53.6505067,-3.0119485,4.15,258,-12.4,-2.1
1790099264600,53.6505064,-3.0119531,4.01,258,-12.1,-1.8
1790099264700,53.6505066,-3.0119589,4.24,258,-12.9,-2.3
1790099264800,53.6505143,-3.0119706,4.21,258,-12.9,-2.0
1790099264900,53.6505112,-3.0119579,4.10,258,-12.1,-2.5
1790099265000,53.6505148,-3.0119774,4.11,258,-13.1,-2.4
1790099265100,53.6505086,-3.0119748,4.18,258,-12.5,-2.3
1790099265200,53.6505131,-3.0119844,4.23,258,-11.7,-2.4
1790099265300,53.6505077,-3.0119807,4.09,258,-12.0,-2.1
1790099265400,53.6505075,-3.0119789,4.21,258,-12.7,-2.3
1790099265500,53.6505042,-3.0119854,4.17,258,-12.7,-1.9
1790099265600,53.6505055,-3.0119937,4.18,258,-12.9,-1.8
1790099265700,53.6505076,-3.0119901,4.11,258,-12.1,-2.0
1790099265800,53.6505089,-3.0120021,4.14,258,-12.3,-2.0
1790099265900,53.6505015,-3.0119971,4.06,258,-12.6,-2.0
1790099266000,53.6505107,-3.0120082,4.15,258,-12.0,-1.8
1790099266100,53.6505102,-3.0120066,4.05,258,-11.8,-2.5
1790099266200,53.6505000,-3.0120062,4.03,258,-12.2,-2.5
1790099266300,53.6505079,-3.0120194,4.03,258,-12.2,-1.8
1790099266400,53.6505036,-3.0120131,4.11,258,-12.1,-2.0
1790099266500,53.6505000,-3.0120156,4.08,258,-12.4,-1.9
1790099266600,53.6505063,-3.0120137,4.06,258,-12.5,-2.1
1790099266700,53.6505057,-3.0120216,4.12,258,-12.1,-2.4
1790099266800,53.6505016,-3.0120226,4.18,258,-12.0,-2.3
1790099266900,53.6505014,-3.0120338,4.23,258,-11.7,-1.8
1790099267000,53.6505061,-3.0120270,4.16,258,-11.3,-2.0
1790099267100,53.6504961,-3.0120397,4.12,258,-11.4,-1.8
1790099267200,53.6504979,-3.0120320,3.99,258,-11.5,-1.6
1790099267300,53.6504964,-3.0120456,4.20,258,-11.9,-1.5
1790099267400,53.6504992,-3.0120401,4.14,258,-12.0,-1.7
1790099267500,53.6504988,-3.0120549,4.23,258,-11.7,-2.0
1790099267600,53.6504967,-3.0120557,4.06,258,-11.8,-2.0
1790099267700,53.6504983,-3.0120509,4.15,258,-10.9,-1.6
1790099267800,53.6505023,-3.0120641,4.08,258,-11.1,-2.0
1790099267900,53.6504973,-3.0120519,4.05,258,-11.2,-1.5
1790099268000,53.6504985,-3.0120600,4.22,258,-10.5,-1.2
1790099268100,53.6504970,-3.0120719,4.08,258,-11.2,-1.7
1790099268200,53.6504938,-3.0120736,4.07,258,-11.4,-1.2
1790099268300,53.6504995,-3.0120799,4.19,258,-11.0,-1.6
1790099268400,53.6505004,-3.0120728,4.18,258,-11.2,-1.5
1790099268500,53.6504995,-3.0120820,4.14,258,-10.9,-1.1
1790099268600,53.6504945,-3.0120889,4.24,258,-11.1,-0.9
1790099268700,53.6504977,-3.0120790,4.15,258,-10.4,-1.3
1790099268800,53.6504938,-3.0120810,4.13,258,-10.6,-1.5
1790099268900,53.6504960,-3.0120900,4.11,258,-10.9,-1.4
1790099269000,53.6504970,-3.0120953,4.01,258,-10.1,-1.1
1790099269100,53.6504933,-3.0120932,4.08,258,-10.4,-1.4
1790099269200,53.6504899,-3.0120991,4.13,258,-10.1,-0.6
1790099269300,53.6504943,-3.0121023,4.08,258,-9.9,-0.9
1790099269400,53.6504915,-3.0121094,4.01,258,-10.7,-1.0
1790099269500,53.6504915,-3.0121082,4.06,258,-10.4,-0.4
1790099269600,53.6504937,-3.0121093,4.11,258,-9.7,-0.7
1790099269700,53.6504923,-3.0121091,4.03,258,-9.2,-0.6
1790099269800,53.6504926,-3.0121285,4.15,258,-10.0,-0.8
1790099269900,53.6504854,-3.0121309,4.16,258,-9.7,-0.5
1790099270000,53.6504856,-3.0121284,4.22,258,-10.0,-0.3
1790099270100,53.6504864,-3.0121383,4.06,258,-9.1,-0.2
1790099270200,53.6504866,-3.0121390,4.12,258,-9.3,-0.6
1790099270300,53.6504855,-3.0121368,4.05,258,-9.7,-0.4
1790099270400,53.6504835,-3.0121403,4.21,258,-8.7,-0.4
1790099270500,53.6504911,-3.0121465,4.06,258,-9.4,-0.2
1790099270600,53.6504889,-3.0121387,4.02,258,-9.1,-0.6
1790099270700,53.6504882,-3.0121545,4.04,258,-9.1,-0.0
1790099270800,53.6504854,-3.0121457,4.12,258,-8.8,-0.4
1790099270900,53.6504827,-3.0121485,4.21,258,-8.5,0.1
1790099271000,53.6504829,-3.0121516,4.12,258,-8.3,0.3
1790099271100,53.6504822,-3.0121608,4.14,258,-8.8,0.1
1790099271200,53.6504837,-3.0121626,4.01,258,-8.7,0.1
1790099271300,53.6504809,-3.0121707,4.14,258,-9.1,0.4
1790099271400,53.6504861,-3.0121792,3.99,258,-9.2,0.4
1790099271500,53.6504863,-3.0121801,4.09,258,-8.2,0.2
1790099271600,53.6504838,-3.0121799,4.09,258,-8.9,0.3
1790099271700,53.6504812,-3.0121768,4.06,258,-9.1,-0.1
1790099271800,53.6504818,-3.0121901,4.12,258,-7.9,-0.1
1790099271900,53.6504837,-3.0121834,4.11,258,-8.1,-0.1
1790099272000,53.6504779,-3.0121958,4.02,258,-8.0,0.3
1790099272100,53.6504865,-3.0121872,4.00,258,-8.8,0.2
1790099272200,53.6504760,-3.0121944,3.97,258,-8.6,0.2
1790099272300,53.6504771,-3.0122054,4.04,258,-8.2,-0.0
1790099272400,53.6504785,-3.0122081,4.04,258,-8.5,0.6
1790099272500,53.6504813,-3.0122025,4.10,258,-8.5,-0.1
1790099272600,53.6504757,-3.0122061,4.03,258,-8.4,0.3
1790099272700,53.6504833,-3.0122041,4.16,258,-8.6,0.4
1790099272800,53.6504747,-3.0122192,4.13,258,-8.5,0.3
1790099272900,53.6504758,-3.0122173,3.97,258,-7.2,-0.2
1790099273000,53.6504775,-3.0122262,4.00,258,-8.0,0.3
1790099273100,53.6504829,-3.0122189,4.07,258,-7.7,0.5
1790099273200,53.6504733,-3.0122253,4.02,258,-7.3,0.5
1790099273300,53.6504811,-3.0122236,4.05,258,-7.7,0.2
1790099273400,53.6504742,-3.0122285,4.11,258,-7.3,0.2
1790099273500,53.6504736,-3.0122365,4.12,258,-7.7,-0.3
1790099273600,53.6504722,-3.0122399,3.98,258,-6.9,0.2
1790099273700,53.6504702,-3.0122366,3.98,258,-8.2,-0.2
1790099273800,53.6504712,-3.0122488,4.12,258,-6.8,0.1
1790099273900,53.6504744,-3.0122421,4.15,258,-7.0,-0.2
1790099274000,53.6504744,-3.0122442,3.99,258,-8.2,0.3
1790099274100,53.6504712,-3.0122477,4.06,258,-7.4,0.4
1790099274200,53.6504736,-3.0122643,4.13,258,-8.2,0.1
1790099274300,53.6504702,-3.0122679,3.91,258,-7.3,-0.2
1790099274400,53.6504694,-3.0122551,4.08,258,-7.7,0.1
1790099274500,53.6504673,-3.0122683,3.98,258,-7.1,0.2
1790099274600,53.6504678,-3.0122671,3.98,258,-6.9,-0.1
1790099274700,53.6504766,-3.0122795,4.04,258,-7.3,-0.4
1790099274800,53.6504731,-3.0122702,3.94,258,-7.1,-0.6
1790099274900,53.6504741,-3.0122781,3.97,258,-7.4,-0.1
1790099275000,53.6504679,-3.0122741,4.02,258,-7.5,-0.4
1790099275100,53.6504680,-3.0122911,3.96,258,-8.3,-0.6
1790099275200,53.6504642,-3.0122966,3.93,258,-7.8,-0.4
1790099275300,53.6504666,-3.0122896,3.89,258,-7.8,-0.2
1790099275400,53.6504646,-3.0122905,4.11,258,-7.8,-0.1
1790099275500,53.6504669,-3.0122998,3.98,258,-8.0,-0.9
1790099275600,53.6504627,-3.0123037,4.05,258,-7.9,-0.9
1790099275700,53.6504647,-3.0123014,3.99,258,-8.4,-0.8
1790099275800,53.6504699,-3.0123089,3.91,258,-7.6,-0.9
1790099275900,53.6504686,-3.0123095,4.08,258,-8.3,-0.5
1790099276000,53.6504699,-3.0123046,3.92,258,-7.7,-0.7
1790099276100,53.6504633,-3.0123123,4.04,258,-7.9,-0.9
1790099276200,53.6504672,-3.0123226,3.94,258,-8.6,-1.0
1790099276300,53.6504657,-3.0123208,4.02,258,-8.4,-0.8
1790099276400,53.6504660,-3.0123209,4.06,258,-7.5,-0.7
1790099276500,53.6504627,-3.0123212,3.99,258,-8.4,-0.7
1790099276600,53.6504690,-3.0123337,3.87,258,-8.8,-1.3
1790099276700,53.6504597,-3.0123283,4.04,258,-8.7,-1.6
1790099276800,53.6504624,-3.0123437,3.89,258,-7.6,-1.4
1790099276900,53.6504627,-3.0123370,3.98,258,-8.7,-1.2
1790099277000,53.6504669,-3.0123437,3.86,258,-8.1,-1.6
1790099277100,53.6504642,-3.0123410,3.91,258,-8.4,-1.1
1790099277200,53.6504640,-3.0123475,3.92,258,-7.9,-1.3
1790099277300,53.6504613,-3.0123502,4.04,258,-8.8,-1.9
1790099277400,53.6504647,-3.0123582,4.00,258,-9.1,-1.3
1790099277500,53.6504568,-3.0123632,4.04,258,-9.2,-1.7
1790099277600,53.6504586,-3.0123651,4.05,258,-9.2,-1.7
1790099277700,53.6504553,-3.0123592,3.93,258,-8.4,-1.9
1790099277800,53.6504621,-3.0123731,4.03,258,-9.5,-2.1
1790099277900,53.6504571,-3.0123607,3.93,258,-8.9,-1.5
1790099278000,53.6504610,-3.0123704,3.90,258,-9.4,-1.9
1790099278100,53.6504575,-3.0123804,3.89,258,-8.4,-1.8
1790099278200,53.6504560,-3.0123758,3.90,258,-9.6,-1.6
1790099278300,53.6504550,-3.0123893,3.90,258,-8.8,-2.3
1790099278400,53.6504539,-3.0123774,3.98,258,-8.6,-1.9
1790099278500,53.6504560,-3.0123814,4.02,258,-8.9,-2.0
1790099278600,53.6504537,-3.0123820,3.96,258,-9.6,-1.8
1790099278700,53.6504508,-3.0124002,3.99,258,-9.2,-2.4
1790099278800,53.6504570,-3.0123904,3.87,258,-10.0,-2.0
1790099278900,53.6504551,-3.0124018,3.81,258,-9.1,-1.8
1790099279000,53.6504554,-3.0124041,3.84,258,-9.3,-2.3
1790099279100,53.6504546,-3.0124094,3.89,258,-10.7,-2.0
1790099279200,53.6504495,-3.0124055,3.97,258,-9.3,-2.4
1790099279300,53.6504506,-3.0124053,3.84,258,-9.5,-1.9
1790099279400,53.6504499,-3.0124070,3.97,258,-10.0,-2.2
1790099279500,53.6504503,-3.0124140,3.98,258,-9.7,-2.4
1790099279600,53.6504532,-3.0124146,3.82,258,-9.8,-2.0
1790099279700,53.6504543,-3.0124200,3.88,258,-10.8,-2.3
1790099279800,53.6504522,-3.0124191,3.93,258,-11.2,-2.4
1790099279900,53.6504504,-3.0124361,3.93,258,-10.7,-2.0
1790099280000,53.6504474,-3.0124246,3.77,258,-10.8,-2.4
1790099280100,53.6504479,-3.0124373,3.75,258,-10.3,-2.6
1790099280200,53.6504516,-3.0124404,3.92,258,-10.5,-2.2
1790099280300,53.6504461,-3.0124353,3.95,258,-11.2,-2.6
1790099280400,53.6504471,-3.0124468,3.81,258,-10.2,-1.8
1790099280500,53.6504476,-3.0124498,3.97,258,-10.6,-1.8
1790099280600,53.6504530,-3.0124447,3.89,258,-11.4,-2.5
1790099280700,53.6504529,-3.0124589,3.81,258,-11.6,-2.5
1790099280800,53.6504493,-3.0124572,3.83,258,-11.8,-2.3
1790099280900,53.6504464,-3.0124555,2.13,342,-1.7,-2.0
1790099281000,53.6504494,-3.0124504,2.17,342,-1.0,-1.7
1790099281100,53.6504544,-3.0124536,2.14,342,-1.9,-2.4
1790099281200,53.6504492,-3.0124572,2.20,342,-1.9,-2.0
1790099281300,53.6504498,-3.0124625,2.25,342,-0.5,-2.0
1790099281400,53.6504493,-3.0124655,2.20,342,-1.2,-1.7
1790099281500,53.6504508,-3.0124635,2.31,342,-0.4,-1.6
1790099281600,53.6504572,-3.0124625,2.26,342,-0.9,-2.1
1790099281700,53.6504606,-3.0124523,2.29,342,-1.5,-2.2
1790099281800,53.6504580,-3.0124551,2.35,342,-0.6,-1.4
1790099281900,53.6504545,-3.0124682,2.36,342,-0.7,-2.1
1790099282000,53.6504618,-3.0124632,2.34,342,-0.0,-2.0
1790099282100,53.6504589,-3.0124560,2.34,342,-0.6,-1.6
1790099282200,53.6504585,-3.0124625,2.32,342,-0.2,-2.0
1790099282300,53.6504664,-3.0124652,2.43,342,0.2,-1.5
1790099282400,53.6504687,-3.0124652,2.41,342,-0.0,-1.5
1790099282500,53.6504621,-3.0124568,2.37,342,-0.8,-1.2
1790099282600,53.6504651,-3.0124608,2.48,342,-0.2,-1.8
1790099282700,53.6504653,-3.0124634,2.49,342,-0.7,-1.5
1790099282800,53.6504718,-3.0124675,2.47,342,-0.0,-1.5
1790099282900,53.6504708,-3.0124611,2.45,342,-0.1,-1.1
1790099283000,53.6504754,-3.0124654,2.50,342,-0.4,-1.1
1790099283100,53.6504747,-3.0124610,2.55,342,0.7,-1.0
1790099283200,53.6504685,-3.0124745,2.50,342,0.8,-1.6
1790099283300,53.6504698,-3.0124740,2.68,342,0.7,-0.8
1790099283400,53.6504703,-3.0124726,2.60,342,0.7,-0.8
1790099283500,53.6504816,-3.0124721,2.62,342,0.1,-0.8
1790099283600,53.6504738,-3.0124733,2.63,342,1.1,-0.8
1790099283700,53.6504828,-3.0124773,2.77,342,0.6,-0.8
1790099283800,53.6504776,-3.0124814,2.67,342,0.9,-0.5
1790099283900,53.6504821,-3.0124783,2.72,342,0.5,-0.4
1790099284000,53.6504782,-3.0124817,2.70,342,0.8,-0.8
1790099284100,53.6504876,-3.0124839,2.84,342,0.8,-0.3
1790099284200,53.6504809,-3.0124830,2.74,342,1.6,-0.3
1790099284300,53.6504888,-3.0124787,2.84,342,1.4,-0.8
1790099284400,53.6504918,-3.0124834,2.80,342,1.7,-0.7
1790099284500,53.6504908,-3.0124870,2.78,342,1.6,-0.6
1790099284600,53.6504932,-3.0124730,2.79,342,2.2,-0.5
1790099284700,53.6504903,-3.0124780,2.79,342,2.4,-0.3
1790099284800,53.6504939,-3.0124840,2.82,342,2.6,-0.8
1790099284900,53.6504917,-3.0124783,2.90,342,2.7,-0.4
1790099285000,53.6504971,-3.0124766,2.98,342,3.3,-0.3
1790099285100,53.6504973,-3.0124877,2.99,342,3.4,-0.2
1790099285200,53.6505006,-3.0124856,2.96,342,2.5,-0.6
1790099285300,53.6505013,-3.0124911,2.90,342,2.9,0.1
1790099285400,53.6504995,-3.0124917,3.02,342,3.6,0.0
1790099285500,53.6505019,-3.0124780,3.07,342,3.9,0.2
1790099285600,53.6504976,-3.0124826,3.01,342,4.4,0.1
1790099285700,53.6505035,-3.0124881,2.98,342,4.2,-0.2
1790099285800,53.6505049,-3.0124831,3.13,342,3.4,-0.4
1790099285900,53.6505036,-3.0124827,2.99,342,4.4,-0.1
1790099286000,53.6505078,-3.0124850,3.20,342,4.5,-0.1
1790099286100,53.6505131,-3.0124924,3.07,342,5.0,-0.3
1790099286200,53.6505101,-3.0124987,3.11,342,5.4,0.2
1790099286300,53.6505147,-3.0124841,3.16,342,5.6,0.3
1790099286400,53.6505129,-3.0124908,3.09,342,4.6,-0.2
1790099286500,53.6505194,-3.0124885,3.26,342,5.4,0.5
1790099286600,53.6505165,-3.0124916,3.15,342,5.3,0.5
1790099286700,53.6505206,-3.0124853,3.32,342,5.9,0.1
1790099286800,53.6505181,-3.0124862,3.24,342,6.4,0.2
1790099286900,53.6505178,-3.0124917,3.29,342,5.6,0.4
1790099287000,53.6505246,-3.0124891,3.30,342,6.0,0.4
1790099287100,53.6505235,-3.0124929,3.34,342,6.5,-0.2
1790099287200,53.6505231,-3.0124993,3.29,342,5.8,-0.1
1790099287300,53.6505220,-3.0125016,3.37,342,6.7,0.0
1790099287400,53.6505328,-3.0124913,3.46,342,6.7,-0.1
1790099287500,53.6505286,-3.0125032,3.36,342,7.3,-0.0
1790099287600,53.6505266,-3.0124941,3.41,342,7.7,-0.2
1790099287700,53.6505298,-3.0125014,3.42,342,7.3,-0.2
1790099287800,53.6505334,-3.0125102,3.53,342,7.8,-0.2
1790099287900,53.6505401,-3.0125064,3.42,342,7.2,0.5
1790099288000,53.6505336,-3.0124975,3.42,342,8.0,0.3
1790099288100,53.6505416,-3.0125132,3.38,342,8.5,0.2
1790099288200,53.6505451,-3.0125077,3.58,342,8.0,0.4
1790099288300,53.6505370,-3.0124986,3.54,342,8.7,0.4
1790099288400,53.6505414,-3.0125099,3.64,342,9.5,-0.2
1790099288500,53.6505501,-3.0125115,3.64,342,9.2,0.4
1790099288600,53.6505499,-3.0125139,3.52,342,10.1,-0.2
1790099288700,53.6505430,-3.0125058,3.63,342,10.2,-0.2
1790099288800,53.6505541,-3.0125054,3.72,342,9.6,-0.4
1790099288900,53.6505558,-3.0125133,3.67,342,10.1,-0.4
1790099289000,53.6505494,-3.0125097,3.67,342,10.0,-0.4
1790099289100,53.6505535,-3.0125181,3.64,342,10.7,-0.4
1790099289200,53.6505561,-3.0125153,3.65,342,10.0,0.1
1790099289300,53.6505629,-3.0125086,3.64,342,10.8,-0.4
1790099289400,53.6505632,-3.0125189,3.62,342,11.1,-0.3
1790099289500,53.6505660,-3.0125117,3.72,342,10.9,-0.5
1790099289600,53.6505622,-3.0125231,3.70,342,11.0,-0.6
1790099289700,53.6505641,-3.0125228,3.57,342,10.0,-0.5
1790099289800,53.6505626,-3.0125165,3.66,342,11.0,-0.2
1790099289900,53.6505651,-3.0125274,3.57,342,10.3,-0.4
1790099290000,53.6505670,-3.0125194,3.70,342,10.7,-0.6
1790099290100,53.6505730,-3.0125301,3.68,342,10.8,-0.5
1790099290200,53.6505771,-3.0125192,3.61,342,10.4,-0.3
1790099290300,53.6505747,-3.0125279,3.63,342,10.6,-0.9
1790099290400,53.6505725,-3.0125338,3.72,342,11.2,-1.2
1790099290500,53.6505762,-3.0125207,3.66,342,11.2,-0.9
1790099290600,53.6505795,-3.0125258,3.53,342,11.0,-1.2
1790099290700,53.6505772,-3.0125358,3.51,342,11.8,-0.9
1790099290800,53.6505810,-3.0125276,3.65,342,10.9,-1.0
1790099290900,53.6505801,-3.0125245,3.54,342,11.1,-0.7
1790099291000,53.6505843,-3.0125271,3.67,342,11.0,-0.9
1790099291100,53.6505892,-3.0125230,3.50,342,11.1,-1.2
1790099291200,53.6505922,-3.0125337,3.54,342,12.3,-1.3
1790099291300,53.6505897,-3.0125261,3.51,342,11.5,-1.1
1790099291400,53.6505954,-3.0125366,3.61,342,12.4,-1.4
1790099291500,53.6505931,-3.0125310,3.50,342,11.3,-1.3
1790099291600,53.6505898,-3.0125352,3.54,342,11.9,-1.6
1790099291700,53.6505941,-3.0125357,3.56,342,11.9,-1.2
1790099291800,53.6506025,-3.0125406,3.59,342,11.6,-1.6
1790099291900,53.6505969,-3.0125451,3.61,342,12.7,-1.7
1790099292000,53.6505964,-3.0125341,3.54,342,12.4,-1.8
1790099292100,53.6506036,-3.0125421,3.52,342,11.4,-2.0
1790099292200,53.6506077,-3.0125389,3.73,342,12.4,-2.0
1790099292300,53.6506037,-3.0125460,3.53,342,11.5,-2.1
1790099292400,53.6506037,-3.0125480,3.49,342,12.2,-1.9
1790099292500,53.6506062,-3.0125389,3.50,342,11.6,-1.8
1790099292600,53.6506112,-3.0125354,3.48,342,12.5,-1.6
1790099292700,53.6506109,-3.0125383,3.61,342,12.2,-1.9
1790099292800,53.6506082,-3.0125440,3.59,342,11.7,-1.7
1790099292900,53.6506165,-3.0125437,3.60,342,12.7,-1.9
1790099293000,53.6506142,-3.0125451,3.67,342,12.0,-2.0
1790099293100,53.6506179,-3.0125464,3.59,342,12.0,-2.4
1790099293200,53.6506182,-3.0125527,3.62,342,11.8,-2.0
1790099293300,53.6506190,-3.0125564,3.57,342,12.5,-2.0
1790099293400,53.6506259,-3.0125534,3.59,342,11.9,-2.3
1790099293500,53.6506293,-3.0125591,3.66,342,12.0,-2.5
1790099293600,53.6506247,-3.0125550,3.53,342,12.8,-2.5
1790099293700,53.6506304,-3.0125603,3.51,342,11.9,-1.8
1790099293800,53.6506251,-3.0125595,3.52,342,12.9,-2.3
1790099293900,53.6506283,-3.0125469,3.56,342,12.0,-2.1
1790099294000,53.6506321,-3.0125612,3.66,342,13.1,-2.4
1790099294100,53.6506318,-3.0125658,3.60,342,11.9,-2.2
1790099294200,53.6506361,-3.0125577,3.64,342,11.8,-2.1
1790099294300,53.6506379,-3.0125671,3.67,342,13.1,-2.6
1790099294400,53.6506427,-3.0125600,3.56,342,13.1,-2.4
1790099294500,53.6506449,-3.0125539,3.57,342,12.0,-2.0
1790099294600,53.6506408,-3.0125696,3.51,342,11.9,-2.6
1790099294700,53.6506407,-3.0125545,3.55,342,12.5,-2.3
1790099294800,53.6506421,-3.0125673,3.57,342,12.7,-2.1
1790099294900,53.6506505,-3.0125672,3.71,342,12.0,-2.2
1790099295000,53.6506531,-3.0125563,3.59,342,12.6,-2.0
1790099295100,53.6506498,-3.0125625,3.63,342,12.0,-2.1
1790099295200,53.6506501,-3.0125751,3.51,342,11.8,-2.4
1790099295300,53.6506488,-3.0125759,3.46,342,11.5,-2.2
1790099295400,53.6506516,-3.0125681,3.61,342,12.9,-1.9
1790099295500,53.6506555,-3.0125689,3.47,342,12.6,-2.0
1790099295600,53.6506597,-3.0125646,3.69,342,11.7,-1.7
1790099295700,53.6506587,-3.0125625,3.60,342,11.4,-1.8
1790099295800,53.6506591,-3.0125660,3.62,342,12.1,-2.4
1790099295900,53.6506645,-3.0125782,3.72,342,11.7,-2.3
1790099296000,53.6506615,-3.0125712,3.55,342,12.1,-2.1
1790099296100,53.6506639,-3.0125699,3.48,342,11.9,-2.1
1790099296200,53.6506664,-3.0125829,3.56,342,11.1,-2.0
1790099296300,53.6506669,-3.0125705,3.69,342,11.4,-2.2
1790099296400,53.6506668,-3.0125739,3.67,342,11.7,-2.1
1790099296500,53.6506698,-3.0125776,3.61,342,12.1,-1.3
1790099296600,53.6506692,-3.0125860,3.65,342,12.0,-2.0
1790099296700,53.6506779,-3.0125817,3.55,342,10.8,-1.4
1790099296800,53.6506778,-3.0125807,3.47,342,11.9,-1.4
1790099296900,53.6506723,-3.0125891,3.55,342,12.0,-1.2
1790099297000,53.6506774,-3.0125894,3.68,342,10.7,-1.4
1790099297100,53.6506791,-3.0125761,3.65,342,11.4,-1.4
1790099297200,53.6506823,-3.0125913,3.51,342,11.1,-1.8
1790099297300,53.6506894,-3.0125911,3.65,342,11.7,-1.2
1790099297400,53.6506872,-3.0125786,3.63,342,10.6,-1.3
1790099297500,53.6506837,-3.0125920,3.52,342,10.6,-1.5
1790099297600,53.6506925,-3.0125847,3.64,342,11.0,-1.3
1790099297700,53.6506944,-3.0125895,3.68,342,10.4,-1.2
1790099297800,53.6506935,-3.0125928,3.49,342,11.0,-1.4
1790099297900,53.6506958,-3.0125921,3.65,342,11.1,-0.8
1790099298000,53.6506956,-3.0125920,3.47,342,11.2,-1.3
1790099298100,53.6506938,-3.0125900,3.51,342,9.7,-0.8
1790099298200,53.6506983,-3.0126012,3.52,342,10.8,-1.1
1790099298300,53.6507023,-3.0125956,3.53,342,10.5,-1.2
1790099298400,53.6506990,-3.0125994,3.62,342,9.6,-0.9
1790099298500,53.6507032,-3.0125933,3.57,342,10.5,-0.9
1790099298600,53.6507066,-3.0125944,3.73,342,10.2,-0.4
1790099298700,53.6507067,-3.0125907,3.73,342,9.4,-0.9
1790099298800,53.6507042,-3.0126042,3.57,342,10.0,-0.5
1790099298900,53.6507136,-3.0126032,3.60,342,10.5,-0.4
1790099299000,53.6507126,-3.0125999,3.54,342,9.0,-0.3
1790099299100,53.6507118,-3.0126035,3.61,342,9.8,-0.4
1790099299200,53.6507141,-3.0126103,3.62,342,10.3,-0.6
1790099299300,53.6507104,-3.0126103,3.60,342,9.0,-0.3
1790099299400,53.6507214,-3.0126117,3.58,342,8.8,-0.6
1790099299500,53.6507240,-3.0126070,3.58,342,8.6,0.1
1790099299600,53.6507184,-3.0126125,3.58,342,8.6,0.0
1790099299700,53.6507261,-3.0126046,3.66,342,9.8,-0.3
1790099299800,53.6507264,-3.0126032,3.65,342,9.4,-0.3
1790099299900,53.6507200,-3.0126109,3.52,342,9.1,-0.3
1790099300000,53.6507265,-3.0126014,3.57,342,8.3,0.1
1790099300100,53.6507288,-3.0126094,3.60,342,8.4,0.1
1790099300200,53.6507252,-3.0126025,3.67,342,8.9,-0.2
1790099300300,53.6507345,-3.0126104,3.67,342,8.2,0.2
1790099300400,53.6507327,-3.0126148,3.49,342,8.8,0.4
1790099300500,53.6507332,-3.0126062,3.64,342,8.4,0.4
1790099300600,53.6507313,-3.0126105,3.71,342,7.9,-0.3
1790099300700,53.6507339,-3.0126191,3.62,342,8.1,0.0
1790099300800,53.6507423,-3.0126238,3.66,342,8.5,0.3
1790099300900,53.6507457,-3.0126087,3.72,342,9.1,0.0
1790099301000,53.6507396,-3.0126216,3.60,342,8.4,0.1
1790099301100,53.6507417,-3.0126095,3.55,342,8.3,-0.1
1790099301200,53.6507469,-3.0126135,3.69,342,8.6,-0.0
1790099301300,53.6507513,-3.0126263,3.75,342,8.3,-0.1
1790099301400,53.6507524,-3.0126126,3.54,342,8.7,0.6
1790099301500,53.6507540,-3.0126297,3.67,342,8.0,0.1
1790099301600,53.6507536,-3.0126257,3.76,342,8.7,0.1
1790099301700,53.6507591,-3.0126181,3.63,342,8.5,0.1
1790099301800,53.6507504,-3.0126290,3.73,342,8.2,0.4
1790099301900,53.6507541,-3.0126184,3.77,342,7.9,0.0
1790099302000,53.6507544,-3.0126290,3.77,342,7.2,-0.1
1790099302100,53.6507604,-3.0126237,3.73,342,8.2,0.2
1790099302200,53.6507618,-3.0126264,3.72,342,7.2,0.4
1790099302300,53.6507604,-3.0126299,3.76,342,7.8,-0.2
1790099302400,53.6507647,-3.0126353,3.59,342,7.5,0.3
1790099302500,53.6507698,-3.0126391,3.61,342,7.7,-0.2
1790099302600,53.6507692,-3.0126320,3.76,342,7.1,0.0
1790099302700,53.6507706,-3.0126303,3.67,342,8.3,0.0
1790099302800,53.6507688,-3.0126350,3.65,342,8.0,-0.3
1790099302900,53.6507722,-3.0126429,3.70,342,8.1,0.3
1790099303000,53.6507700,-3.0126283,3.71,342,7.0,-0.4
1790099303100,53.6507767,-3.0126354,3.68,342,8.0,0.2
1790099303200,53.6507755,-3.0126290,3.72,342,8.1,0.2
1790099303300,53.6507767,-3.0126312,3.69,342,8.0,0.1
1790099303400,53.6507773,-3.0126386,3.78,342,8.0,-0.3
1790099303500,53.6507878,-3.0126379,3.61,342,7.4,0.2
1790099303600,53.6507809,-3.0126315,3.60,342,7.7,0.1
1790099303700,53.6507914,-3.0126421,3.64,342,6.9,0.1
1790099303800,53.6507828,-3.0126383,3.75,342,7.4,-0.0
1790099303900,53.6507890,-3.0126410,3.65,342,7.7,-0.1
1790099304000,53.6507917,-3.0126435,3.74,342,6.9,-0.5
1790099304100,53.6507908,-3.0126473,3.58,342,7.2,-0.3
1790099304200,53.6507899,-3.0126388,3.67,342,7.4,-0.7
1790099304300,53.6507946,-3.0126439,3.68,342,7.1,-0.9
1790099304400,53.6507966,-3.0126497,3.82,342,8.3,-0.3
1790099304500,53.6507979,-3.0126513,3.82,342,7.2,-1.0
1790099304600,53.6508027,-3.0126464,3.64,342,7.5,-0.9
1790099304700,53.6508066,-3.0126496,3.60,342,8.1,-1.0
1790099304800,53.6508038,-3.0126584,3.60,342,7.9,-0.8
1790099304900,53.6508084,-3.0126470,3.67,342,7.4,-1.2
1790099305000,53.6508087,-3.0126488,3.85,342,7.8,-1.2
1790099305100,53.6508075,-3.0126540,3.75,342,7.4,-1.0
1790099305200,53.6508086,-3.0126528,3.68,342,7.9,-1.2
1790099305300,53.6508150,-3.0126599,3.78,342,7.7,-0.7
1790099305400,53.6508123,-3.0126564,3.80,342,8.0,-1.0
1790099305500,53.6508115,-3.0126578,3.68,342,8.6,-0.9
1790099305600,53.6508138,-3.0126541,3.74,342,8.2,-0.9
1790099305700,53.6508244,-3.0126641,3.83,342,8.5,-1.6
1790099305800,53.6508221,-3.0126620,3.74,342,8.8,-1.0
1790099305900,53.6508175,-3.0126591,3.67,342,8.3,-1.4
1790099306000,53.6508257,-3.0126565,3.85,342,7.6,-1.1
1790099306100,53.6508216,-3.0126670,3.76,342,8.5,-1.7
1790099306200,53.6508285,-3.0126577,3.84,342,8.6,-1.5
1790099306300,53.6508318,-3.0126602,3.68,342,8.1,-1.3
1790099306400,53.6508263,-3.0126683,3.77,342,8.9,-1.5
1790099306500,53.6508307,-3.0126752,3.64,342,8.3,-1.4
1790099306600,53.6508364,-3.0126730,3.86,342,8.8,-2.0
1790099306700,53.6508305,-3.0126691,3.83,342,9.1,-1.5
1790099306800,53.6508354,-3.0126692,3.86,342,8.3,-1.8
1790099306900,53.6508376,-3.0126742,3.84,342,8.6,-1.6
1790099307000,53.6508413,-3.0126734,3.89,342,8.6,-1.5
1790099307100,53.6508429,-3.0126778,3.77,342,8.5,-2.0
1790099307200,53.6508460,-3.0126805,3.66,342,8.9,-2.2
1790099307300,53.6508476,-3.0126695,3.79,342,9.7,-1.8
1790099307400,53.6508508,-3.0126737,3.69,342,9.6,-2.1
1790099307500,53.6508500,-3.0126819,3.82,342,9.9,-2.3
1790099307600,53.6508463,-3.0126741,3.83,342,9.9,-2.0
1790099307700,53.6508474,-3.0126849,3.72,342,9.9,-2.0
1790099307800,53.6508536,-3.0126713,3.75,342,10.2,-2.3
1790099307900,53.6508568,-3.0126741,3.70,342,10.1,-2.0
1790099308000,53.6508609,-3.0126764,3.69,342,9.8,-2.2
1790099308100,53.6508557,-3.0126816,3.73,342,10.0,-1.8
1790099308200,53.6508555,-3.0126867,3.78,342,10.3,-2.1
1790099308300,53.6508585,-3.0126753,3.90,342,9.3,-2.0
1790099308400,53.6508626,-3.0126890,3.78,342,9.2,-2.2
1790099308500,53.6508662,-3.0126787,3.83,342,10.3,-2.4
1790099308600,53.6508620,-3.0126773,3.75,342,10.4,-1.8
1790099308700,53.6508722,-3.0126902,3.78,342,9.5,-2.5
1790099308800,53.6508655,-3.0126949,3.91,342,9.6,-2.1
1790099308900,53.6508696,-3.0126965,3.87,342,10.6,-2.5
1790099309000,53.6508695,-3.0126883,3.76,342,9.8,-2.2
1790099309100,53.6508723,-3.0126975,3.97,342,10.7,-1.9
1790099309200,53.6508745,-3.0126896,3.90,342,10.7,-1.9
1790099309300,53.6508755,-3.0126840,3.89,342,10.6,-2.3
1790099309400,53.6508812,-3.0126955,3.76,342,10.4,-2.3
1790099309500,53.6508849,-3.0127024,3.91,342,10.9,-1.9
1790099309600,53.6508812,-3.0127029,3.92,342,10.5,-1.8
1790099309700,53.6508863,-3.0126981,3.79,342,11.3,-2.2
1790099309800,53.6508869,-3.0126881,3.81,342,10.5,-1.8
1790099309900,53.6508911,-3.0126990,3.92,342,11.9,-2.3
1790099310000,53.6508865,-3.0126943,3.87,342,11.1,-1.7
1790099310100,53.6508874,-3.0127054,3.91,342,11.6,-2.4
1790099310200,53.6508892,-3.0127080,3.90,342,11.9,-1.8
1790099310300,53.6508954,-3.0126923,3.88,342,12.1,-2.2
1790099310400,53.6508972,-3.0126953,3.82,342,10.8,-2.3
1790099310500,53.6508999,-3.0127075,3.84,342,11.0,-2.2
1790099310600,53.6509009,-3.0127059,3.96,342,11.0,-1.5
1790099310700,53.6509036,-3.0126998,3.87,342,11.0,-2.0
1790099310800,53.6509090,-3.0126973,3.80,342,11.1,-1.7
1790099310900,53.6509102,-3.0127022,3.89,342,11.8,-1.6
1790099311000,53.6509079,-3.0127145,3.90,342,12.6,-2.1
1790099311100,53.6509122,-3.0127088,4.03,342,11.9,-1.7
1790099311200,53.6509099,-3.0127138,3.80,342,11.4,-1.4
1790099311300,53.6509168,-3.0127072,3.94,342,12.0,-1.2
1790099311400,53.6509198,-3.0127049,3.98,342,11.7,-1.2
1790099311500,53.6509197,-3.0127038,3.82,342,11.8,-1.6
1790099311600,53.6509132,-3.0127061,3.96,342,12.3,-1.2
1790099311700,53.6509187,-3.0127122,3.82,342,11.7,-1.2
1790099311800,53.6509212,-3.0127081,3.94,342,11.8,-1.1
1790099311900,53.6509220,-3.0127166,3.84,342,12.9,-1.2
1790099312000,53.6509216,-3.0127110,3.95,342,11.8,-0.8
1790099312100,53.6509226,-3.0127136,4.06,342,12.6,-1.1
1790099312200,53.6509333,-3.0127187,3.93,342,12.7,-1.4
1790099312300,53.6509293,-3.0127271,4.07,342,11.9,-1.4
1790099312400,53.6509278,-3.0127141,3.87,342,12.1,-1.3
1790099312500,53.6509330,-3.0127132,4.04,342,12.1,-1.2
1790099312600,53.6509394,-3.0127232,4.02,342,12.1,-0.7
1790099312700,53.6509428,-3.0127303,4.01,342,13.2,-1.1
1790099312800,53.6509442,-3.0127248,3.91,342,12.6,-0.6
1790099312900,53.6509419,-3.0127169,3.89,342,12.4,-0.6
1790099313000,53.6509399,-3.0127201,3.97,342,12.3,-0.9
1790099313100,53.6509400,-3.0127231,3.96,342,11.8,-0.4
1790099313200,53.6509462,-3.0127313,4.02,342,12.1,-0.6
1790099313300,53.6509495,-3.0127343,3.95,342,11.8,-0.4
1790099313400,53.6509546,-3.0127255,4.05,342,12.0,-0.3
1790099313500,53.6509544,-3.0127368,4.00,342,13.2,-0.2
1790099313600,53.6509490,-3.0127250,3.97,342,12.2,-0.7
1790099313700,53.6509596,-3.0127343,4.01,342,11.9,-0.0
1790099313800,53.6509581,-3.0127271,3.94,342,11.8,-0.6
1790099313900,53.6509594,-3.0127302,3.91,342,13.1,-0.4
1790099314000,53.6509602,-3.0127361,4.03,342,12.0,-0.4
1790099314100,53.6509614,-3.0127396,3.90,342,11.9,0.0
1790099314200,53.6509613,-3.0127309,3.94,342,12.4,0.2
1790099314300,53.6509697,-3.0127406,3.94,342,12.9,-0.2
1790099314400,53.6509634,-3.0127351,3.92,342,13.0,-0.4
1790099314500,53.6509685,-3.0127357,3.98,342,11.7,0.1
1790099314600,53.6509753,-3.0127472,3.88,342,11.9,0.2
1790099314700,53.6509693,-3.0127476,4.09,342,12.7,0.2
1790099314800,53.6509737,-3.0127433,3.96,342,11.5,0.0
1790099314900,53.6509783,-3.0127519,4.07,342,11.8,-0.0
1790099315000,53.6509766,-3.0127421,3.98,342,12.4,0.4
1790099315100,53.6509751,-3.0127553,4.04,342,12.3,-0.1
1790099315200,53.6509833,-3.0127487,3.93,342,11.9,0.2
1790099315300,53.6509776,-3.0127554,3.93,342,12.3,-0.0
1790099315400,53.6509804,-3.0127419,4.14,342,12.6,-0.0
1790099315500,53.6509828,-3.0127436,4.04,342,11.4,0.3
1790099315600,53.6509845,-3.0127536,4.02,342,11.3,-0.2
1790099315700,53.6509875,-3.0127602,4.16,342,12.2,0.2
1790099315800,53.6509944,-3.0127475,4.00,342,12.4,0.5
1790099315900,53.6509894,-3.0127465,4.08,342,10.9,-0.1
1790099316000,53.6509976,-3.0127535,4.07,342,11.2,-0.1
1790099316100,53.6509983,-3.0127514,4.13,342,11.9,0.1
1790099316200,53.6509975,-3.0127635,3.97,342,12.0,-0.1
1790099316300,53.6509961,-3.0127595,4.04,342,11.1,-0.2
1790099316400,53.6510019,-3.0127637,3.95,342,11.0,-0.1
1790099316500,53.6509991,-3.0127660,4.18,342,11.9,0.3
1790099316600,53.6510023,-3.0127682,3.94,342,11.0,0.2
1790099316700,53.6510053,-3.0127563,4.11,342,10.8,0.5
1790099316800,53.6510078,-3.0127635,4.01,342,10.5,-0.0
1790099316900,53.6510143,-3.0127652,4.16,342,11.4,0.0
1790099317000,53.6510126,-3.0127624,3.99,342,10.2,0.0
1790099317100,53.6510156,-3.0127707,4.13,342,10.3,-0.1
1790099317200,53.6510202,-3.0127642,4.17,342,10.2,0.4
1790099317300,53.6510230,-3.0127636,4.11,342,11.1,0.2
1790099317400,53.6510202,-3.0127606,4.13,342,9.9,0.2
1790099317500,53.6510225,-3.0127772,3.96,342,10.1,-0.2
1790099317600,53.6510187,-3.0127634,4.13,342,11.1,0.1
1790099317700,53.6510255,-3.0127669,4.02,342,11.0,-0.4
1790099317800,53.6510315,-3.0127725,3.97,342,10.0,-0.2
1790099317900,53.6510344,-3.0127828,4.07,342,10.8,0.0
1790099318000,53.6510306,-3.0127783,4.00,342,10.3,0.1
1790099318100,53.6510321,-3.0127761,4.19,342,9.4,-0.1
1790099318200,53.6510375,-3.0127691,4.00,342,10.7,-0.2
1790099318300,53.6510377,-3.0127873,4.17,342,10.1,-0.3
1790099318400,53.6510356,-3.0127735,4.16,342,9.5,-0.5
1790099318500,53.6510425,-3.0127884,4.20,342,10.0,-0.8
1790099318600,53.6510465,-3.0127853,4.00,342,9.9,-0.7
1790099318700,53.6510436,-3.0127899,4.16,342,9.6,-0.4
1790099318800,53.6510449,-3.0127887,3.97,342,9.6,-0.6
1790099318900,53.6510507,-3.0127797,4.16,342,10.1,-0.2
1790099319000,53.6510499,-3.0127842,4.16,342,8.9,-0.7
1790099319100,53.6510492,-3.0127952,4.17,342,8.8,-0.7
1790099319200,53.6510487,-3.0127849,4.21,342,9.8,-0.7
1790099319300,53.6510572,-3.0127917,4.03,342,9.8,-0.8
1790099319400,53.6510599,-3.0127845,4.18,342,9.8,-1.0
1790099319500,53.6510611,-3.0127811,4.07,342,9.4,-1.3
1790099319600,53.6510619,-3.0127928,4.08,342,9.0,-0.7
1790099319700,53.6510668,-3.0127935,4.06,342,8.5,-0.9
1790099319800,53.6510628,-3.0127918,4.01,342,8.2,-1.4
1790099319900,53.6510640,-3.0127868,4.10,342,8.3,-1.1
1790099320000,53.6510650,-3.0128021,4.09,342,8.0,-1.6
1790099320100,53.6510667,-3.0127991,4.15,342,8.2,-1.1
1790099320200,53.6510725,-3.0127926,4.03,342,8.9,-1.5
1790099320300,53.6510766,-3.0127965,4.07,342,8.9,-1.3
1790099320400,53.6510756,-3.0127929,4.06,342,8.9,-1.2
1790099320500,53.6510793,-3.0128016,4.12,342,7.5,-1.2
1790099320600,53.6510815,-3.0128076,4.10,342,8.0,-1.8
1790099320700,53.6510824,-3.0127989,4.03,342,8.4,-1.9
1790099320800,53.6510791,-3.0127977,4.06,342,7.7,-1.2
1790099320900,53.6510795,-3.0128077,4.12,342,8.1,-1.3
1790099321000,53.6510900,-3.0127977,4.25,342,8.7,-2.0
1790099321100,53.6510890,-3.0127991,4.03,342,8.3,-1.5
1790099321200,53.6510871,-3.0128136,4.13,342,8.0,-1.4
1790099321300,53.6510858,-3.0128144,4.11,342,7.4,-2.0
1790099321400,53.6510918,-3.0128090,4.04,342,8.2,-1.8
1790099321500,53.6510972,-3.0128144,4.05,342,8.5,-1.5
1790099321600,53.6510935,-3.0128058,4.08,342,7.7,-1.9
1790099321700,53.6510956,-3.0128141,4.10,342,8.4,-1.6
1790099321800,53.6511006,-3.0128140,4.17,342,8.2,-2.0
1790099321900,53.6511045,-3.0128196,4.04,342,7.1,-1.7
1790099322000,53.6511010,-3.0128067,4.18,342,8.2,-1.9
1790099322100,53.6511042,-3.0128249,4.19,342,7.7,-2.0
1790099322200,53.6511113,-3.0128233,4.16,342,7.2,-1.9
1790099322300,53.6511124,-3.0128198,4.04,342,8.3,-2.2
1790099322400,53.6511086,-3.0128275,4.02,342,7.6,-2.3
1790099322500,53.6511152,-3.0128219,4.08,342,7.2,-2.3
1790099322600,53.6511106,-3.0128263,4.19,342,7.1,-2.2
1790099322700,53.6511205,-3.0128178,4.05,342,7.3,-1.8
1790099322800,53.6511226,-3.0128259,4.19,342,8.0,-2.1
1790099322900,53.6511224,-3.0128290,4.18,342,7.9,-2.0
1790099323000,53.6511249,-3.0128162,4.09,342,7.2,-2.1
1790099323100,53.6511251,-3.0128235,4.04,342,7.4,-1.8
1790099323200,53.6511255,-3.0128299,4.13,342,8.2,-2.5
1790099323300,53.6511251,-3.0128294,4.11,342,7.2,-2.6
1790099323400,53.6511266,-3.0128248,4.07,342,7.0,-1.9
1790099323500,53.6511341,-3.0128336,4.15,342,8.2,-2.0
1790099323600,53.6511368,-3.0128386,4.21,342,7.5,-2.5
1790099323700,53.6511349,-3.0128260,4.06,342,7.4,-2.3
1790099323800,53.6511351,-3.0128339,4.01,342,7.3,-2.0
1790099323900,53.6511378,-3.0128396,4.11,342,7.5,-2.4
1790099324000,53.6511412,-3.0128414,4.20,342,8.3,-2.1
1790099324100,53.6511389,-3.0128425,4.16,342,6.9,-2.4
1790099324200,53.6511385,-3.0128407,4.09,342,7.9,-1.8
1790099324300,53.6511461,-3.0128463,4.08,342,8.0,-2.4
1790099324400,53.6511460,-3.0128438,4.25,342,7.2,-1.9
1790099324500,53.6511432,-3.0128333,4.05,342,8.1,-1.7
1790099324600,53.6511455,-3.0128328,4.08,342,8.4,-2.0
1790099324700,53.6511565,-3.0128428,4.14,342,8.1,-2.4
1790099324800,53.6511542,-3.0128413,4.16,342,8.3,-1.6
1790099324900,53.6511553,-3.0128492,4.01,342,8.6,-2.2
1790099325000,53.6511526,-3.0128404,4.18,342,7.7,-2.1
1790099325100,53.6511639,-3.0128429,4.14,342,8.5,-1.5
1790099325200,53.6511579,-3.0128402,4.20,342,8.2,-1.9
1790099325300,53.6511631,-3.0128539,4.24,342,8.0,-2.1
1790099325400,53.6511700,-3.0128560,4.18,342,8.8,-1.8
1790099325500,53.6511707,-3.0128432,4.20,342,7.9,-1.6
1790099325600,53.6511673,-3.0128494,4.17,342,8.2,-1.8
1790099325700,53.6511669,-3.0128446,4.11,342,8.3,-1.9
1790099325800,53.6511750,-3.0128597,4.22,342,8.7,-1.2
1790099325900,53.6511750,-3.0128494,4.13,342,8.7,-1.8
1790099326000,53.6511706,-3.0128590,4.11,342,9.0,-1.6
1790099326100,53.6511755,-3.0128631,4.04,342,7.9,-1.6
1790099326200,53.6511803,-3.0128636,4.10,342,8.5,-1.2
1790099326300,53.6511808,-3.0128613,4.18,342,8.6,-1.2
1790099326400,53.6511868,-3.0128652,4.22,342,9.3,-1.6
1790099326500,53.6511889,-3.0128612,4.22,342,9.3,-1.2
1790099326600,53.6511907,-3.0128529,4.12,342,8.7,-1.2
1790099326700,53.6511904,-3.0128568,4.08,342,9.4,-1.2
1790099326800,53.6511867,-3.0128555,4.21,342,9.2,-0.8
1790099326900,53.6511946,-3.0128645,4.16,342,9.1,-0.7
1790099327000,53.6511917,-3.0128615,4.17,342,9.1,-0.9
1790099327100,53.6511969,-3.0128622,4.21,342,8.7,-0.8
1790099327200,53.6511932,-3.0128731,4.13,342,9.1,-0.7
1790099327300,53.6512012,-3.0128710,4.06,342,10.2,-1.0
1790099327400,53.6512010,-3.0128711,4.15,342,8.9,-0.6
1790099327500,53.6512023,-3.0128702,4.20,342,10.0,-0.5
1790099327600,53.6512061,-3.0128740,4.12,342,10.5,-0.5
1790099327700,53.6512031,-3.0128754,4.01,342,9.7,-0.6
1790099327800,53.6512126,-3.0128663,3.96,342,9.7,-0.8
1790099327900,53.6512100,-3.0128696,4.17,342,10.6,-0.4
1790099328000,53.6512106,-3.0128748,4.06,342,10.8,-0.5
1790099328100,53.6512122,-3.0128790,4.12,342,10.0,-0.5
1790099328200,53.6512114,-3.0128805,4.04,342,10.5,-0.5
1790099328300,53.6512212,-3.0128839,4.00,342,9.6,-0.7
1790099328400,53.6512171,-3.0128850,4.10,342,10.1,-0.3
1790099328500,53.6512194,-3.0128763,4.07,342,11.0,-0.5
1790099328600,53.6512224,-3.0128849,4.04,342,10.6,0.1
1790099328700,53.6512296,-3.0128753,4.08,342,10.3,-0.1
1790099328800,53.6512244,-3.0128752,4.19,342,10.4,-0.4
1790099328900,53.6512241,-3.0128902,4.14,342,10.4,0.1
1790099329000,53.6512270,-3.0128833,3.99,342,10.3,-0.0
1790099329100,53.6512270,-3.0128809,4.12,342,11.3,0.3
1790099329200,53.6512299,-3.0128806,3.97,342,10.6,0.4
1790099329300,53.6512302,-3.0128796,4.16,342,11.2,0.1
1790099329400,53.6512371,-3.0128923,4.17,342,10.9,0.4
1790099329500,53.6512374,-3.0128881,4.03,342,11.2,0.0
1790099329600,53.6512407,-3.0128870,4.12,342,11.9,0.3
1790099329700,53.6512392,-3.0128873,4.05,342,11.1,-0.2
1790099329800,53.6512443,-3.0128871,4.17,342,11.1,-0.1
1790099329900,53.6512439,-3.0128864,4.15,342,11.5,0.5
1790099330000,53.6512522,-3.0128910,3.92,342,11.2,0.3
1790099330100,53.6512446,-3.0128914,4.05,342,12.1,-0.2
1790099330200,53.6512543,-3.0128971,4.03,342,11.6,0.1
1790099330300,53.6512578,-3.0128931,4.05,342,11.7,0.1
1790099330400,53.6512515,-3.0128932,4.18,342,12.3,0.3
1790099330500,53.6512591,-3.0129050,4.09,342,11.6,0.2
1790099330600,53.6512572,-3.0129041,4.04,342,12.2,-0.1
1790099330700,53.6512583,-3.0128999,4.03,342,12.2,0.6
1790099330800,53.6512580,-3.0129026,4.03,342,11.4,0.4
1790099330900,53.6512587,-3.0129014,4.03,342,12.1,0.5
1790099331000,53.6512673,-3.0129050,3.96,342,12.0,0.5
1790099331100,53.6512644,-3.0129084,4.06,342,12.7,0.1
1790099331200,53.6512659,-3.0129136,4.10,342,12.0,0.2
1790099331300,53.6512763,-3.0129133,3.96,342,12.9,0.2
1790099331400,53.6512681,-3.0129126,4.05,342,12.6,0.3
1790099331500,53.6512747,-3.0129144,4.04,342,13.0,0.1
1790099331600,53.6512750,-3.0129172,4.03,342,12.2,-0.3
1790099331700,53.6512755,-3.0129101,3.95,342,12.2,0.2
1790099331800,53.6512822,-3.0129155,4.06,342,12.5,-0.2
1790099331900,53.6512855,-3.0129134,4.06,342,12.8,-0.1
1790099332000,53.6512822,-3.0129186,3.96,342,12.6,0.2
1790099332100,53.6512902,-3.0129156,3.95,342,11.8,-0.3
1790099332200,53.6512853,-3.0129103,4.01,342,12.8,0.0
1790099332300,53.6512903,-3.0129138,4.13,342,12.4,0.1
1790099332400,53.6512865,-3.0129109,3.95,342,11.9,-0.0
1790099332500,53.6512923,-3.0129169,3.95,342,12.7,-0.3
1790099332600,53.6512894,-3.0129229,4.05,342,13.0,-0.3
1790099332700,53.6512946,-3.0129187,4.06,342,12.0,0.1
1790099332800,53.6513010,-3.0129196,3.90,342,12.9,-0.7
1790099332900,53.6512958,-3.0129176,4.08,342,12.4,-0.3
1790099333000,53.6513005,-3.0129242,3.97,342,11.9,-0.7
1790099333100,53.6512983,-3.0129204,4.03,342,12.3,-0.3
1790099333200,53.6513023,-3.0129284,3.93,342,12.8,-0.6
1790099333300,53.6513041,-3.0129262,4.04,342,12.0,-0.3
1790099333400,53.6513078,-3.0129207,3.89,342,11.8,-0.6
1790099333500,53.6513139,-3.0129340,3.97,342,12.3,-1.0
1790099333600,53.6513074,-3.0129316,3.86,342,12.0,-0.6
1790099333700,53.6513137,-3.0129242,3.91,342,12.8,-1.0
1790099333800,53.6513109,-3.0129284,4.02,342,13.1,-0.9
1790099333900,53.6513158,-3.0129309,3.99,342,11.8,-0.5
1790099334000,53.6513139,-3.0129263,3.87,342,12.9,-0.8
1790099334100,53.6513183,-3.0129407,3.99,342,13.0,-0.9
1790099334200,53.6513225,-3.0129427,3.92,342,12.9,-1.0
1790099334300,53.6513248,-3.0129435,3.89,342,12.4,-1.1
1790099334400,53.6513243,-3.0129328,4.02,342,12.4,-1.1
1790099334500,53.6513269,-3.0129327,3.99,342,12.7,-1.4
1790099334600,53.6513305,-3.0129325,3.89,342,11.5,-1.2
1790099334700,53.6513349,-3.0129423,3.85,342,12.1,-1.3
1790099334800,53.6513347,-3.0129408,3.88,342,11.5,-1.1
1790099334900,53.6513354,-3.0129468,3.89,342,11.7,-1.7
1790099335000,53.6513366,-3.0129479,3.85,342,11.7,-1.1
1790099335100,53.6513347,-3.0129509,3.94,342,11.1,-1.7
1790099335200,53.6513384,-3.0129509,3.88,342,12.5,-1.6
1790099335300,53.6513366,-3.0129517,4.02,342,11.0,-1.8
1790099335400,53.6513456,-3.0129385,3.89,342,11.0,-1.8
1790099335500,53.6513439,-3.0129532,3.85,342,12.1,-1.7
1790099335600,53.6513502,-3.0129563,3.84,342,11.4,-1.3
1790099335700,53.6513443,-3.0129446,3.94,342,11.7,-1.7
1790099335800,53.6513511,-3.0129425,3.83,342,11.8,-2.0
1790099335900,53.6513494,-3.0129578,3.87,342,11.8,-1.7
1790099336000,53.6513549,-3.0129561,4.00,342,11.0,-2.0
1790099336100,53.6513554,-3.0129440,3.87,342,10.8,-1.7
1790099336200,53.6513512,-3.0129555,3.90,342,11.3,-1.8
1790099336300,53.6513571,-3.0129590,3.79,342,11.5,-2.0
1790099336400,53.6513608,-3.0129620,3.93,342,10.8,-1.9
1790099336500,53.6513644,-3.0129488,3.91,342,11.0,-1.9
1790099336600,53.6513638,-3.0129608,3.98,342,11.2,-2.4
1790099336700,53.6513668,-3.0129542,3.82,342,10.7,-1.9
1790099336800,53.6513655,-3.0129503,3.87,342,10.6,-2.3
1790099336900,53.6513719,-3.0129526,3.97,342,10.3,-2.0
1790099337000,53.6513685,-3.0129625,3.91,342,10.0,-1.8
1790099337100,53.6513740,-3.0129629,3.98,342,10.9,-2.1
1790099337200,53.6513749,-3.0129680,3.96,342,10.8,-2.4
1790099337300,53.6513764,-3.0129589,3.80,342,11.0,-2.5
1790099337400,53.6513724,-3.0129704,3.98,342,9.9,-2.0
1790099337500,53.6513760,-3.0129646,3.91,342,10.7,-2.5
1790099337600,53.6513754,-3.0129738,3.82,342,9.4,-2.0
1790099337700,53.6513808,-3.0129683,3.84,342,10.6,-1.9
1790099337800,53.6513877,-3.0129749,3.95,342,9.5,-1.8
1790099337900,53.6513804,-3.0129653,3.87,342,9.9,-2.4
1790099338000,53.6513896,-3.0129764,3.84,342,9.2,-2.1
1790099338100,53.6513917,-3.0129730,3.78,342,10.0,-1.8
1790099338200,53.6513919,-3.0129791,3.94,342,9.9,-2.4
1790099338300,53.6513970,-3.0129795,3.79,342,10.2,-2.0
1790099338400,53.6513904,-3.0129763,3.72,342,9.7,-2.2
1790099338500,53.6513903,-3.0129746,3.91,342,8.7,-1.8
1790099338600,53.6513925,-3.0129727,3.70,342,8.7,-1.7
1790099338700,53.6513962,-3.0129842,3.91,342,9.2,-1.7
1790099338800,53.6514009,-3.0129695,3.68,342,8.8,-2.3
1790099338900,53.6514002,-3.0129729,3.88,342,9.7,-2.2
1790099339000,53.6514021,-3.0129838,3.69,342,9.0,-1.8
1790099339100,53.6514086,-3.0129721,3.88,342,9.1,-2.1
1790099339200,53.6514049,-3.0129761,3.72,342,9.2,-1.6
1790099339300,53.6514089,-3.0129774,3.81,342,8.4,-2.3
1790099339400,53.6514133,-3.0129795,3.80,342,8.4,-1.7
1790099339500,53.6514174,-3.0129809,3.82,342,8.7,-1.6
1790099339600,53.6514147,-3.0129894,3.72,342,8.6,-1.5
1790099339700,53.6514116,-3.0129891,3.90,342,8.2,-2.1
1790099339800,53.6514209,-3.0129828,3.89,342,8.4,-2.1
1790099339900,53.6514154,-3.0129895,3.87,342,8.0,-1.3
1790099340000,53.6514162,-3.0129939,3.76,342,7.5,-1.4
1790099340100,53.6514251,-3.0129971,3.75,342,8.4,-1.9
1790099340200,53.6514193,-3.0129830,3.76,342,8.1,-1.3
1790099340300,53.6514250,-3.0129933,3.85,342,8.5,-1.8
1790099340400,53.6514286,-3.0129843,3.90,342,7.3,-1.1
1790099340500,53.6514236,-3.0130001,3.67,342,7.7,-1.5
1790099340600,53.6514254,-3.0129916,3.70,342,7.6,-1.2
1790099340700,53.6514340,-3.0129909,3.84,342,8.6,-1.5
1790099340800,53.6514316,-3.0129966,3.83,342,7.9,-1.3
1790099340900,53.6514342,-3.0129996,3.75,342,7.9,-1.0
1790099341000,53.6514414,-3.0129944,3.66,342,8.5,-0.9
1790099341100,53.6514401,-3.0129939,3.76,342,8.5,-1.2
1790099341200,53.6514440,-3.0129930,3.74,342,8.3,-1.2
1790099341300,53.6514412,-3.0130044,3.72,342,7.8,-1.3
1790099341400,53.6514452,-3.0130018,3.67,342,7.4,-0.9
1790099341500,53.6514443,-3.0130098,3.61,342,7.4,-0.8
1790099341600,53.6514515,-3.0130012,3.79,342,7.4,-0.7
1790099341700,53.6514530,-3.0130009,3.81,342,7.0,-0.4
1790099341800,53.6514470,-3.0130040,3.72,342,7.5,-0.9
1790099341900,53.6514491,-3.0130124,3.79,342,7.4,-0.7
1790099342000,53.6514523,-3.0130153,3.80,342,8.2,-0.8
1790099342100,53.6514548,-3.0130019,3.68,342,7.2,-0.8
1790099342200,53.6514608,-3.0130046,3.62,342,7.8,-0.7
1790099342300,53.6514543,-3.0130071,3.77,342,7.2,-0.3
1790099342400,53.6514576,-3.0130078,3.62,342,7.5,-0.4
1790099342500,53.6514616,-3.0130196,3.62,342,7.1,-0.2
1790099342600,53.6514665,-3.0130196,3.67,342,6.8,-0.1
1790099342700,53.6514594,-3.0130042,3.65,342,7.4,-0.6
1790099342800,53.6514675,-3.0130123,3.70,342,7.3,-0.2
1790099342900,53.6514666,-3.0130225,3.76,342,7.9,-0.3
1790099343000,53.6514710,-3.0130138,3.73,342,7.8,-0.1
1790099343100,53.6514670,-3.0130212,3.62,342,8.3,-0.5
1790099343200,53.6514768,-3.0130176,3.63,342,7.9,-0.2
1790099343300,53.6514704,-3.0130097,3.65,342,7.2,0.3
1790099343400,53.6514771,-3.0130268,3.78,342,8.0,-0.2
1790099343500,53.6514788,-3.0130121,3.79,342,7.9,-0.3
1790099343600,53.6514838,-3.0130179,3.64,342,6.9,0.0
1790099343700,53.6514860,-3.0130302,3.57,342,8.3,-0.0
1790099343800,53.6514879,-3.0130317,3.71,342,8.3,-0.3
1790099343900,53.6514865,-3.0130235,3.60,342,7.7,0.0
1790099344000,53.6514848,-3.0130286,3.72,342,7.8,-0.1
1790099344100,53.6514830,-3.0130192,3.58,342,7.3,-0.0
1790099344200,53.6514910,-3.0130351,3.80,342,8.4,0.0
1790099344300,53.6514886,-3.0130300,3.72,342,7.5,0.2
1790099344400,53.6514941,-3.0130288,3.73,342,8.5,0.4
1790099344500,53.6514979,-3.0130215,3.56,342,7.6,-0.1
1790099344600,53.6514923,-3.0130325,3.68,342,7.8,0.1
1790099344700,53.6514957,-3.0130323,3.64,342,8.1,0.2
1790099344800,53.6515029,-3.0130326,3.65,342,8.5,-0.1
1790099344900,53.6514963,-3.0130283,3.62,342,8.1,0.4
1790099345000,53.6515063,-3.0130333,3.69,342,8.7,0.6
1790099345100,53.6515063,-3.0130257,3.73,342,9.0,0.2
1790099345200,53.6515067,-3.0130396,3.65,342,7.7,0.4
1790099345300,53.6515056,-3.0130328,3.55,342,7.8,-0.0
1790099345400,53.6515058,-3.0130436,3.72,342,8.4,0.4
1790099345500,53.6515073,-3.0130428,3.74,342,8.5,0.2
1790099345600,53.6515142,-3.0130325,3.67,342,8.1,0.2
1790099345700,53.6515184,-3.0130408,3.72,342,9.1,-0.1
1790099345800,53.6515162,-3.0130449,3.67,342,9.5,0.5
1790099345900,53.6515199,-3.0130362,3.58,342,9.2,-0.1
1790099346000,53.6515183,-3.0130410,3.73,342,8.7,-0.1
1790099346100,53.6515229,-3.0130423,3.56,342,9.1,-0.3
1790099346200,53.6515202,-3.0130469,3.59,342,9.7,-0.2
1790099346300,53.6515255,-3.0130428,3.55,342,8.8,-0.3
1790099346400,53.6515294,-3.0130467,3.51,342,8.6,0.4
1790099346500,53.6515278,-3.0130525,3.51,342,9.7,-0.5
1790099346600,53.6515237,-3.0130515,3.64,342,9.0,0.2
1790099346700,53.6515288,-3.0130425,3.66,342,8.9,-0.1
1790099346800,53.6515359,-3.0130523,3.67,342,9.1,-0.2
1790099346900,53.6515288,-3.0130564,3.62,342,9.6,-0.6
1790099347000,53.6515298,-3.0130463,3.69,342,10.3,-0.6
1790099347100,53.6515340,-3.0130549,3.73,342,9.2,-0.1
1790099347200,53.6515380,-3.0130542,3.63,342,10.0,-0.0
1790099347300,53.6515367,-3.0130526,3.71,342,10.3,-0.6
1790099347400,53.6515404,-3.0130600,3.71,342,9.5,-0.4
1790099347500,53.6515418,-3.0130513,3.62,342,10.1,-0.8
1790099347600,53.6515398,-3.0130500,3.52,342,9.9,-0.8
1790099347700,53.6515452,-3.0130596,3.59,342,9.8,-0.9
1790099347800,53.6515472,-3.0130551,3.55,342,9.8,-0.4
1790099347900,53.6515435,-3.0130677,3.61,342,10.7,-0.5
1790099348000,53.6515528,-3.0130539,3.50,342,10.0,-1.1
1790099348100,53.6515524,-3.0130553,3.58,342,10.4,-0.9
1790099348200,53.6515571,-3.0130576,3.70,342,10.3,-1.0
1790099348300,53.6515579,-3.0130630,3.55,342,11.3,-1.0
1790099348400,53.6515581,-3.0130643,3.64,342,10.1,-1.2
1790099348500,53.6515554,-3.0130707,3.57,342,11.2,-0.9
1790099348600,53.6515551,-3.0130583,3.71,342,10.7,-1.0
1790099348700,53.6515568,-3.0130633,3.50,342,11.5,-1.4
1790099348800,53.6515622,-3.0130653,3.51,342,11.1,-1.3
1790099348900,53.6515663,-3.0130602,3.67,342,10.6,-1.6
1790099349000,53.6515659,-3.0130634,3.52,342,11.9,-1.4
1790099349100,53.6515666,-3.0130713,3.65,342,11.6,-1.1
1790099349200,53.6515640,-3.0130714,3.71,342,11.9,-1.4
1790099349300,53.6515670,-3.0130748,3.49,342,11.1,-1.3
1790099349400,53.6515760,-3.0130774,3.69,342,11.4,-1.3
1790099349500,53.6515745,-3.0130748,3.70,342,11.7,-1.3
1790099349600,53.6515781,-3.0130799,3.50,342,11.5,-1.5
1790099349700,53.6515787,-3.0130825,3.71,342,12.0,-1.9
1790099349800,53.6515828,-3.0130804,3.68,342,12.0,-1.5
1790099349900,53.6515848,-3.0130840,3.68,342,11.8,-1.5
1790099350000,53.6515775,-3.0130759,3.66,342,11.5,-1.9
1790099350100,53.6515810,-3.0130745,3.62,342,12.3,-1.7
1790099350200,53.6515844,-3.0130772,3.49,342,12.1,-1.7
1790099350300,53.6515866,-3.0130752,3.58,342,11.6,-2.1
1790099350400,53.6515924,-3.0130889,3.56,342,12.0,-2.2
1790099350500,53.6515904,-3.0130855,3.65,342,11.7,-2.0
1790099350600,53.6515938,-3.0130817,3.57,342,12.4,-1.8
1790099350700,53.6515932,-3.0130866,3.62,342,11.6,-2.2
1790099350800,53.6515920,-3.0130749,3.58,342,11.6,-2.3
1790099350900,53.6515959,-3.0130816,3.47,342,12.1,-2.0
1790099351000,53.6515925,-3.0130830,3.51,342,12.6,-2.0
1790099351100,53.6516004,-3.0130803,3.58,342,11.9,-2.4
1790099351200,53.6516056,-3.0130929,3.62,342,12.2,-1.8
1790099351300,53.6516056,-3.0130904,3.64,342,12.7,-2.0
1790099351400,53.6516072,-3.0130814,3.57,342,12.7,-2.4
1790099351500,53.6516019,-3.0130984,3.50,342,12.3,-2.4
1790099351600,53.6516026,-3.0130991,3.57,342,12.7,-2.5
1790099351700,53.6516041,-3.0130844,3.63,342,12.6,-1.8
1790099351800,53.6516132,-3.0130891,3.51,342,13.0,-2.0
1790099351900,53.6516078,-3.0130895,3.50,342,11.8,-2.3
1790099352000,53.6516097,-3.0130871,3.66,342,12.8,-1.9
1790099352100,53.6516172,-3.0130937,3.57,342,13.1,-2.6
1790099352200,53.6516120,-3.0130897,3.45,342,13.2,-2.1
1790099352300,53.6516160,-3.0131007,3.52,342,12.3,-2.2
1790099352400,53.6516195,-3.0130944,3.64,342,13.2,-2.0
1790099352500,53.6516220,-3.0131040,3.68,342,12.2,-2.6
1790099352600,53.6516229,-3.0130979,3.56,342,13.2,-2.1
1790099352700,53.6516215,-3.0131029,3.60,342,12.6,-1.8
1790099352800,53.6516237,-3.0130984,3.60,342,12.8,-2.1
1790099352900,53.6516232,-3.0131050,3.60,342,12.9,-2.2
1790099353000,53.6516317,-3.0131090,3.66,342,12.3,-2.4
1790099353100,53.6516338,-3.0130955,3.63,342,11.8,-1.7
1790099353200,53.6516331,-3.0131108,3.56,342,12.8,-2.0
1790099353300,53.6516356,-3.0130992,3.69,342,12.9,-1.7
1790099353400,53.6516364,-3.0131060,3.58,342,13.1,-2.1
1790099353500,53.6516344,-3.0131123,3.50,342,13.0,-2.2
1790099353600,53.6516381,-3.0131128,3.57,342,12.2,-1.7
1790099353700,53.6516353,-3.0131125,3.62,342,11.6,-1.7
1790099353800,53.6516462,-3.0131141,3.63,342,11.9,-2.0
1790099353900,53.6516478,-3.0131159,3.48,342,12.7,-1.6
1790099354000,53.6516455,-3.0131030,3.61,342,11.9,-1.7
1790099354100,53.6516476,-3.0131173,3.53,342,12.3,-1.9
1790099354200,53.6516471,-3.0131117,3.55,342,12.0,-1.8
1790099354300,53.6516482,-3.0131226,3.55,342,11.6,-1.6
1790099354400,53.6516524,-3.0131143,3.61,342,12.1,-1.4
1790099354500,53.6516516,-3.0131100,3.62,342,12.2,-1.7
1790099354600,53.6516560,-3.0131177,3.54,342,12.3,-1.5
1790099354700,53.6516567,-3.0131087,3.57,342,11.8,-1.6
1790099354800,53.6516583,-3.0131133,3.57,342,12.3,-1.4
1790099354900,53.6516549,-3.0131220,3.57,342,11.1,-1.2
1790099355000,53.6516563,-3.0131266,3.65,342,11.3,-1.7
1790099355100,53.6516593,-3.0131198,3.61,342,11.9,-1.2
1790099355200,53.6516677,-3.0131278,3.66,342,12.1,-1.1
1790099355300,53.6516695,-3.0131139,3.67,342,11.6,-0.9
1790099355400,53.6516695,-3.0131260,3.62,342,11.3,-1.0
1790099355500,53.6516652,-3.0131304,3.54,342,11.7,-1.2
1790099355600,53.6516701,-3.0131251,3.73,342,11.1,-1.2
1790099355700,53.6516699,-3.0131277,3.69,342,10.7,-1.1
1790099355800,53.6516742,-3.0131226,3.54,342,10.8,-0.9
1790099355900,53.6516706,-3.0131309,3.62,342,10.2,-0.9
1790099356000,53.6516716,-3.0131366,3.53,342,11.6,-0.6
1790099356100,53.6516745,-3.0131210,3.63,342,10.4,-0.8
1790099356200,53.6516821,-3.0131357,3.72,342,10.8,-0.6
1790099356300,53.6516801,-3.0131296,3.60,342,11.2,-0.6
1790099356400,53.6516807,-3.0131381,3.53,342,10.3,-1.0
1790099356500,53.6516795,-3.0131290,3.71,342,10.5,-0.7
1790099356600,53.6516848,-3.0131356,3.50,342,10.9,-0.7
1790099356700,53.6516821,-3.0131391,3.56,342,10.3,-0.5
1790099356800,53.6516932,-3.0131271,3.70,342,10.9,-0.4
1790099356900,53.6516924,-3.0131411,3.51,342,9.5,-0.8
1790099357000,53.6516906,-3.0131342,3.71,342,10.0,-0.7
1790099357100,53.6516884,-3.0131442,3.59,342,10.5,-0.7
1790099357200,53.6516935,-3.0131406,3.71,342,9.3,-0.3
1790099357300,53.6516975,-3.0131320,3.74,342,10.4,-0.2
1790099357400,53.6516989,-3.0131498,3.64,342,9.0,-0.5
1790099357500,53.6517022,-3.0131420,3.50,342,10.3,-0.5
1790099357600,53.6517011,-3.0131399,3.70,342,9.6,-0.1
1790099357700,53.6517082,-3.0131422,3.58,342,9.6,0.0
1790099357800,53.6517031,-3.0131400,3.59,342,9.8,-0.1
1790099357900,53.6517048,-3.0131531,3.67,342,8.8,-0.1
1790099358000,53.6517073,-3.0131491,3.52,342,9.5,-0.0
1790099358100,53.6517060,-3.0131437,3.70,342,8.8,0.0
1790099358200,53.6517130,-3.0131419,3.58,342,8.7,-0.1
1790099358300,53.6517090,-3.0131506,3.67,342,9.7,-0.2
1790099358400,53.6517138,-3.0131460,3.57,342,9.5,0.4
1790099358500,53.6517112,-3.0131490,3.56,342,8.2,0.2
1790099358600,53.6517171,-3.0131446,3.70,342,9.5,0.2
1790099358700,53.6517174,-3.0131572,3.61,342,9.5,0.0
1790099358800,53.6517260,-3.0131587,3.68,342,8.9,0.0
1790099358900,53.6517204,-3.0131455,3.77,342,8.9,0.3
1790099359000,53.6517261,-3.0131494,3.77,342,8.9,-0.1
1790099359100,53.6517234,-3.0131626,3.64,342,8.8,0.4
1790099359200,53.6517223,-3.0131544,3.61,342,8.6,0.4
1790099359300,53.6517335,-3.0131663,3.80,342,7.7,-0.1
1790099359400,53.6517302,-3.0131521,3.77,342,8.6,0.3
1790099359500,53.6517284,-3.0131599,3.71,342,8.4,0.1
1790099359600,53.6517353,-3.0131563,3.67,342,8.0,0.4
1790099359700,53.6517323,-3.0131620,3.60,342,8.9,0.4
1790099359800,53.6517334,-3.0131682,3.76,342,8.6,0.5
1790099359900,53.6517380,-3.0131605,3.78,342,8.5,0.4
1790099360000,53.6517450,-3.0131582,3.60,342,7.8,-0.2
1790099360100,53.6517419,-3.0131721,3.69,342,7.5,0.4
1790099360200,53.6517393,-3.0131714,3.65,342,8.4,-0.0
1790099360300,53.6517495,-3.0131709,3.79,342,7.2,0.1
1790099360400,53.6517458,-3.0131695,3.78,342,7.4,-0.2
1790099360500,53.6517537,-3.0131762,3.67,342,7.6,-0.2
1790099360600,53.6517542,-3.0131786,3.75,342,7.3,0.2
1790099360700,53.6517529,-3.0131779,3.78,342,7.3,0.2
1790099360800,53.6517538,-3.0131705,3.60,342,7.3,-0.0
1790099360900,53.6517521,-3.0131753,3.81,342,7.4,-0.1
1790099361000,53.6517617,-3.0131648,3.77,342,7.0,-0.1
1790099361100,53.6517539,-3.0131822,3.81,342,6.9,-0.1
1790099361200,53.6517574,-3.0131779,3.68,342,8.1,0.2
1790099361300,53.6517662,-3.0131794,3.84,342,8.2,0.1
1790099361400,53.6517681,-3.0131799,3.72,342,8.2,-0.4
1790099361500,53.6517649,-3.0131751,3.75,342,7.9,0.1
1790099361600,53.6517639,-3.0131754,3.66,342,7.2,-0.5
1790099361700,53.6517650,-3.0131798,3.74,342,7.3,-0.7
1790099361800,53.6517652,-3.0131805,3.67,342,7.5,-0.8
1790099361900,53.6517695,-3.0131812,3.67,342,7.6,-0.6
1790099362000,53.6517732,-3.0131746,3.68,342,7.8,-0.2
1790099362100,53.6517741,-3.0131812,3.81,342,7.5,-0.4
1790099362200,53.6517717,-3.0131876,3.70,342,7.8,-0.5
1790099362300,53.6517796,-3.0131886,3.80,342,7.2,-0.5
1790099362400,53.6517776,-3.0131772,3.64,342,7.6,-0.8
1790099362500,53.6517851,-3.0131783,3.85,342,8.0,-0.9
1790099362600,53.6517874,-3.0131793,3.72,342,7.6,-1.2
1790099362700,53.6517851,-3.0131890,3.68,342,7.4,-0.9
1790099362800,53.6517822,-3.0131874,3.68,342,8.2,-0.6
1790099362900,53.6517870,-3.0131862,3.72,342,8.3,-0.8
1790099363000,53.6517863,-3.0131993,3.72,342,8.2,-0.7
1790099363100,53.6517875,-3.0131972,3.82,342,7.5,-0.7
1790099363200,53.6517932,-3.0131906,3.74,342,7.0,-1.5
1790099363300,53.6517965,-3.0131919,3.85,342,7.0,-1.4
1790099363400,53.6517915,-3.0131991,3.70,342,8.3,-1.1
1790099363500,53.6517962,-3.0131942,3.82,342,7.7,-0.9
1790099363600,53.6517980,-3.0132050,3.78,342,7.6,-1.2
1790099363700,53.6518004,-3.0131910,3.76,342,7.7,-1.6
1790099363800,53.6518054,-3.0131949,3.80,342,8.0,-1.0
1790099363900,53.6518028,-3.0132066,3.77,342,8.2,-1.2
1790099364000,53.6518105,-3.0132030,3.78,342,8.0,-1.8
1790099364100,53.6518038,-3.0131983,3.77,342,7.8,-1.4
1790099364200,53.6518143,-3.0131980,3.78,342,8.7,-1.5
1790099364300,53.6518128,-3.0132064,3.87,342,8.3,-1.7
1790099364400,53.6518080,-3.0132117,3.84,342,8.0,-1.6
1790099364500,53.6518179,-3.0132135,3.87,342,8.5,-1.5
1790099364600,53.6518170,-3.0132062,3.91,342,9.0,-1.4
1790099364700,53.6518144,-3.0132015,3.86,342,8.0,-1.7
1790099364800,53.6518208,-3.0132135,3.72,342,7.7,-1.6
1790099364900,53.6518170,-3.0132083,3.74,342,8.7,-1.8
1790099365000,53.6518264,-3.0132141,3.90,342,8.7,-1.8
1790099365100,53.6518267,-3.0132147,3.90,342,9.1,-2.1
1790099365200,53.6518255,-3.0132056,3.91,342,9.3,-2.0
1790099365300,53.6518314,-3.0132098,3.92,342,9.2,-2.3
1790099365400,53.6518340,-3.0132061,3.75,342,9.2,-2.2
1790099365500,53.6518355,-3.0132184,3.76,342,8.2,-2.2
1790099365600,53.6518320,-3.0132194,3.90,342,8.3,-2.2
1790099365700,53.6518371,-3.0132195,3.93,342,9.4,-1.9
1790099365800,53.6518378,-3.0132114,3.89,342,9.6,-2.4
1790099365900,53.6518349,-3.0132135,3.84,342,9.9,-2.4
1790099366000,53.6518350,-3.0132179,3.93,342,9.2,-2.1
1790099366100,53.6518467,-3.0132160,3.97,342,8.7,-1.9
1790099366200,53.6518422,-3.0132261,3.92,342,9.7,-2.0
1790099366300,53.6518493,-3.0132140,3.81,342,9.7,-2.1
1790099366400,53.6518431,-3.0132135,3.86,342,9.9,-2.0
1790099366500,53.6518449,-3.0132262,3.81,342,9.9,-2.4
1790099366600,53.6518458,-3.0132230,3.89,342,9.4,-2.4
1790099366700,53.6518509,-3.0132341,3.96,342,9.5,-2.2
1790099366800,53.6518551,-3.0132335,3.99,342,9.2,-2.3
1790099366900,53.6518529,-3.0132334,3.80,342,10.5,-2.2
1790099367000,53.6518618,-3.0132234,3.79,342,9.5,-2.5
1790099367100,53.6518592,-3.0132278,3.92,342,10.9,-2.5
1790099367200,53.6518639,-3.0132303,3.79,342,9.6,-2.2
1790099367300,53.6518575,-3.0132316,3.94,342,10.4,-2.3
1790099367400,53.6518594,-3.0132246,3.98,342,9.8,-2.4
1790099367500,53.6518607,-3.0132347,3.91,342,10.6,-1.9
1790099367600,53.6518685,-3.0132391,3.91,342,10.4,-2.1
1790099367700,53.6518733,-3.0132314,4.02,342,10.4,-1.8
1790099367800,53.6518714,-3.0132271,4.02,342,10.6,-2.1
1790099367900,53.6518739,-3.0132357,3.81,342,10.1,-2.4
1790099368000,53.6518712,-3.0132355,3.84,342,10.7,-1.7
1790099368100,53.6518766,-3.0132393,3.96,342,10.5,-2.3
1790099368200,53.6518777,-3.0132461,3.90,342,11.3,-2.1
1790099368300,53.6518798,-3.0132411,3.91,342,11.6,-1.9
1790099368400,53.6518774,-3.0132429,3.95,342,11.3,-1.7
1790099368500,53.6518779,-3.0132473,3.84,342,11.1,-1.6
1790099368600,53.6518803,-3.0132508,3.94,342,12.1,-1.8
1790099368700,53.6518832,-3.0132485,3.88,342,11.4,-2.0
1790099368800,53.6518834,-3.0132481,3.89,342,10.9,-1.7
1790099368900,53.6518933,-3.0132523,3.82,342,12.0,-1.5
1790099369000,53.6518936,-3.0132461,3.86,342,11.8,-1.6
1790099369100,53.6518983,-3.0132455,3.83,342,11.8,-1.5
1790099369200,53.6518897,-3.0132490,3.94,342,11.9,-1.9
1790099369300,53.6518975,-3.0132497,3.90,342,11.1,-1.8
1790099369400,53.6519024,-3.0132583,3.93,342,12.2,-1.5
1790099369500,53.6518994,-3.0132472,3.95,342,11.9,-1.7
1790099369600,53.6518970,-3.0132558,3.92,342,11.9,-1.2
1790099369700,53.6519073,-3.0132458,4.03,342,12.6,-1.4
1790099369800,53.6519026,-3.0132535,4.08,342,12.6,-1.5
1790099369900,53.6519100,-3.0132615,4.01,342,11.7,-1.0
1790099370000,53.6519124,-3.0132584,4.08,342,11.7,-1.5
1790099370100,53.6519100,-3.0132604,3.92,342,11.6,-0.8
1790099370200,53.6519125,-3.0132539,4.09,342,11.9,-0.9
1790099370300,53.6519118,-3.0132564,4.10,342,11.8,-0.8
1790099370400,53.6519129,-3.0132554,3.99,342,11.8,-0.7
1790099370500,53.6519133,-3.0132630,3.95,342,12.5,-0.8
1790099370600,53.6519143,-3.0132571,4.02,342,12.2,-0.5
1790099370700,53.6519181,-3.0132625,3.91,342,12.7,-0.4
1790099370800,53.6519201,-3.0132703,3.98,342,11.9,-0.6
1790099370900,53.6519285,-3.0132635,4.06,342,12.6,-0.9
1790099371000,53.6519284,-3.0132656,4.12,342,12.7,-0.8
1790099371100,53.6519280,-3.0132737,3.89,342,12.4,-0.2
1790099371200,53.6519273,-3.0132620,3.89,342,12.8,-0.8
1790099371300,53.6519311,-3.0132611,4.02,342,12.5,-0.1
1790099371400,53.6519367,-3.0132620,4.00,342,13.1,-0.1
1790099371500,53.6519312,-3.0132797,4.13,342,12.7,-0.0
1790099371600,53.6519392,-3.0132678,3.91,342,12.8,0.0
1790099371700,53.6519413,-3.0132731,4.11,342,12.1,-0.0
1790099371800,53.6519424,-3.0132685,4.03,342,11.9,-0.2
1790099371900,53.6519445,-3.0132819,3.92,342,13.0,-0.1
1790099372000,53.6519449,-3.0132679,4.02,342,12.9,-0.0
1790099372100,53.6519506,-3.0132742,3.92,342,11.8,-0.3
1790099372200,53.6519450,-3.0132754,4.12,342,12.6,0.1
1790099372300,53.6519503,-3.0132700,4.05,342,12.5,-0.1
1790099372400,53.6519503,-3.0132878,3.99,342,12.1,0.2
1790099372500,53.6519569,-3.0132744,4.06,342,13.0,0.3
1790099372600,53.6519494,-3.0132889,3.99,342,12.0,0.1
1790099372700,53.6519580,-3.0132889,4.00,342,12.1,-0.2
1790099372800,53.6519541,-3.0132878,4.05,342,11.9,0.2
1790099372900,53.6519633,-3.0132766,4.08,342,11.9,-0.0
1790099373000,53.6519574,-3.0132944,3.94,342,12.8,0.1
1790099373100,53.6519610,-3.0132869,4.06,342,12.0,-0.0
1790099373200,53.6519644,-3.0132955,3.94,342,11.6,0.4
1790099373300,53.6519701,-3.0132912,3.99,342,12.9,0.3
1790099373400,53.6519728,-3.0132917,4.01,342,11.5,-0.1
1790099373500,53.6519677,-3.0132948,4.11,342,12.4,-0.0
1790099373600,53.6519721,-3.0132832,4.08,342,11.8,0.2
1790099373700,53.6519780,-3.0132935,4.12,342,12.1,-0.2
1790099373800,53.6519716,-3.0132892,4.19,342,11.8,0.5
1790099373900,53.6519733,-3.0133025,4.15,342,11.5,-0.2
1790099374000,53.6519744,-3.0132885,4.04,342,11.6,0.5
1790099374100,53.6519824,-3.0132993,4.14,342,12.4,0.4
1790099374200,53.6519817,-3.0133005,4.19,342,11.6,0.0
1790099374300,53.6519832,-3.0133051,2.21,258,1.5,0.2
1790099374400,53.6519828,-3.0133071,2.26,258,0.8,0.3
1790099374500,53.6519816,-3.0133053,2.28,258,1.9,-0.1
1790099374600,53.6519850,-3.0132952,2.33,258,1.8,0.2
1790099374700,53.6519798,-3.0133114,2.40,258,0.8,0.3
1790099374800,53.6519770,-3.0133102,2.35,258,0.6,-0.1
1790099374900,53.6519801,-3.0133015,2.36,258,1.0,-0.3
1790099375000,53.6519788,-3.0133080,2.43,258,0.4,-0.3
1790099375100,53.6519854,-3.0133095,2.43,258,-0.1,0.4
1790099375200,53.6519801,-3.0133165,2.50,258,-0.7,0.2
1790099375300,53.6519860,-3.0133191,2.47,258,-0.3,0.4
1790099375400,53.6519802,-3.0133169,2.55,258,-0.5,0.2
1790099375500,53.6519827,-3.0133248,2.59,258,-0.4,-0.3
1790099375600,53.6519841,-3.0133204,2.54,258,-1.5,-0.1
1790099375700,53.6519809,-3.0133330,2.54,258,-1.7,-0.3
1790099375800,53.6519758,-3.0133221,2.64,258,-1.6,-0.2
1790099375900,53.6519827,-3.0133219,2.68,258,-1.1,-0.1
1790099376000,53.6519782,-3.0133253,2.68,258,-2.0,-0.4
1790099376100,53.6519739,-3.0133342,2.67,258,-2.5,-0.3
1790099376200,53.6519781,-3.0133329,2.69,258,-2.2,-0.2
1790099376300,53.6519822,-3.0133285,2.74,258,-2.5,-0.8
1790099376400,53.6519752,-3.0133321,2.81,258,-2.2,-0.7
1790099376500,53.6519758,-3.0133349,2.72,258,-2.7,-0.6
1790099376600,53.6519811,-3.0133445,2.76,258,-3.4,-0.7
1790099376700,53.6519768,-3.0133420,2.82,258,-3.2,-0.4
1790099376800,53.6519790,-3.0133433,2.81,258,-3.3,-0.3
1790099376900,53.6519803,-3.0133449,2.80,258,-3.6,-0.9
1790099377000,53.6519775,-3.0133577,2.92,258,-3.7,-0.8
1790099377100,53.6519772,-3.0133457,2.96,258,-4.6,-0.5
1790099377200,53.6519717,-3.0133526,2.88,258,-3.7,-0.6
1790099377300,53.6519784,-3.0133569,2.99,258,-4.2,-0.9
1790099377400,53.6519730,-3.0133597,3.00,258,-4.6,-0.6
1790099377500,53.6519778,-3.0133705,2.98,258,-5.0,-1.2
1790099377600,53.6519734,-3.0133600,2.94,258,-4.9,-1.2
1790099377700,53.6519706,-3.0133597,3.05,258,-5.1,-1.2
1790099377800,53.6519752,-3.0133687,3.15,258,-5.4,-1.2
1790099377900,53.6519757,-3.0133723,3.19,258,-6.0,-1.2
1790099378000,53.6519723,-3.0133738,3.14,258,-5.3,-0.9
1790099378100,53.6519746,-3.0133767,3.07,258,-5.2,-1.4
1790099378200,53.6519713,-3.0133758,3.09,258,-5.4,-1.5
1790099378300,53.6519703,-3.0133771,3.16,258,-6.3,-1.7
1790099378400,53.6519717,-3.0133803,3.29,258,-6.1,-1.1
1790099378500,53.6519767,-3.0133939,3.19,258,-6.5,-1.4
1790099378600,53.6519705,-3.0133867,3.19,258,-7.5,-1.7
1790099378700,53.6519757,-3.0133999,3.35,258,-6.7,-1.5
1790099378800,53.6519665,-3.0133950,3.31,258,-6.7,-1.9
1790099378900,53.6519654,-3.0133894,3.35,258,-7.4,-1.5
1790099379000,53.6519718,-3.0133994,3.37,258,-7.2,-1.5
1790099379100,53.6519654,-3.0133967,3.34,258,-7.2,-1.8
1790099379200,53.6519666,-3.0133966,3.43,258,-7.7,-2.0
1790099379300,53.6519741,-3.0134004,3.35,258,-8.3,-1.7
1790099379400,53.6519711,-3.0134153,3.37,258,-8.8,-2.1
1790099379500,53.6519663,-3.0134111,3.53,258,-7.9,-1.7
1790099379600,53.6519735,-3.0134086,3.43,258,-8.3,-1.7
1790099379700,53.6519652,-3.0134243,3.44,258,-9.4,-2.2
1790099379800,53.6519685,-3.0134133,3.63,258,-8.8,-2.4
1790099379900,53.6519675,-3.0134187,3.61,258,-8.5,-2.0
1790099380000,53.6519643,-3.0134232,3.62,258,-9.5,-2.3
1790099380100,53.6519705,-3.0134382,3.71,258,-10.1,-2.4
1790099380200,53.6519626,-3.0134245,3.66,258,-9.1,-2.5
1790099380300,53.6519653,-3.0134308,3.72,258,-10.5,-2.1
1790099380400,53.6519611,-3.0134303,3.66,258,-10.1,-2.5
1790099380500,53.6519659,-3.0134469,3.79,258,-10.7,-2.3
1790099380600,53.6519600,-3.0134372,3.73,258,-9.7,-1.9
1790099380700,53.6519691,-3.0134438,3.74,258,-10.0,-2.3
1790099380800,53.6519603,-3.0134418,3.79,258,-10.9,-2.6
1790099380900,53.6519635,-3.0134552,3.80,258,-11.0,-2.5
1790099381000,53.6519632,-3.0134540,3.86,258,-10.2,-2.4
1790099381100,53.6519630,-3.0134557,3.79,258,-10.9,-1.9
1790099381200,53.6519582,-3.0134594,3.84,258,-10.6,-2.2
1790099381300,53.6519593,-3.0134717,3.94,258,-10.8,-2.0
1790099381400,53.6519583,-3.0134656,3.96,258,-11.8,-2.4
1790099381500,53.6519630,-3.0134632,4.00,258,-12.2,-2.3
1790099381600,53.6519633,-3.0134802,3.93,258,-11.9,-2.4
1790099381700,53.6519634,-3.0134788,4.02,258,-11.0,-2.5
1790099381800,53.6519615,-3.0134863,4.03,258,-11.8,-1.8
1790099381900,53.6519626,-3.0134790,4.05,258,-11.6,-2.0
1790099382000,53.6519591,-3.0134833,3.97,258,-12.4,-1.9
1790099382100,53.6519606,-3.0134835,4.17,258,-11.9,-1.8
1790099382200,53.6519609,-3.0134926,4.05,258,-12.8,-2.4
1790099382300,53.6519622,-3.0134913,4.00,258,-12.0,-1.7
1790099382400,53.6519617,-3.0134925,4.08,258,-12.7,-2.0
1790099382500,53.6519527,-3.0134948,4.09,258,-12.9,-2.4
1790099382600,53.6519580,-3.0134985,4.11,258,-12.8,-1.6
1790099382700,53.6519538,-3.0135016,4.13,258,-13.0,-1.8
1790099382800,53.6519602,-3.0135145,4.22,258,-12.0,-1.7
1790099382900,53.6519590,-3.0135046,4.06,258,-12.6,-1.5
1790099383000,53.6519526,-3.0135101,4.02,258,-12.0,-1.9
1790099383100,53.6519582,-3.0135152,4.13,258,-12.3,-2.1
1790099383200,53.6519567,-3.0135239,4.04,258,-12.9,-1.4
1790099383300,53.6519590,-3.0135278,4.09,258,-11.8,-1.9
1790099383400,53.6519505,-3.0135292,4.11,258,-11.5,-1.5
1790099383500,53.6519576,-3.0135324,4.20,258,-11.6,-2.0
1790099383600,53.6519583,-3.0135313,4.02,258,-11.5,-1.4
1790099383700,53.6519531,-3.0135389,4.01,258,-11.7,-1.1
1790099383800,53.6519477,-3.0135381,4.17,258,-11.6,-1.3
1790099383900,53.6519484,-3.0135471,4.13,258,-11.1,-1.4
1790099384000,53.6519567,-3.0135533,4.18,258,-11.7,-1.6
1790099384100,53.6519538,-3.0135462,4.11,258,-11.0,-1.0
1790099384200,53.6519508,-3.0135550,3.99,258,-11.5,-1.1
1790099384300,53.6519474,-3.0135599,4.20,258,-12.1,-0.8
1790099384400,53.6519447,-3.0135590,4.04,258,-11.3,-0.8
1790099384500,53.6519529,-3.0135584,4.04,258,-11.6,-1.2
1790099384600,53.6519482,-3.0135693,4.03,258,-11.1,-1.3
1790099384700,53.6519460,-3.0135727,4.19,258,-10.9,-0.9
1790099384800,53.6519465,-3.0135674,4.00,258,-11.3,-1.3
1790099384900,53.6519519,-3.0135734,4.04,258,-11.0,-1.2
1790099385000,53.6519458,-3.0135732,4.11,258,-11.8,-0.5
1790099385100,53.6519510,-3.0135806,4.06,258,-10.9,-0.8
1790099385200,53.6519510,-3.0135877,4.17,258,-10.5,-1.1
1790099385300,53.6519499,-3.0135927,4.16,258,-10.7,-0.6
1790099385400,53.6519454,-3.0135900,4.04,258,-10.2,-0.6
1790099385500,53.6519466,-3.0135898,4.15,258,-10.5,-0.6
1790099385600,53.6519485,-3.0135963,3.95,258,-10.0,-0.4
1790099385700,53.6519451,-3.0136084,4.03,258,-10.4,-0.3
1790099385800,53.6519433,-3.0135963,4.12,258,-9.8,-0.8
1790099385900,53.6519447,-3.0136151,4.01,258,-10.7,-0.8
1790099386000,53.6519419,-3.0136106,4.03,258,-10.1,-0.0
1790099386100,53.6519464,-3.0136123,3.98,258,-10.2,-0.7
1790099386200,53.6519383,-3.0136139,3.96,258,-9.9,-0.3
1790099386300,53.6519441,-3.0136269,4.13,258,-10.4,0.0
1790099386400,53.6519449,-3.0136254,4.19,258,-10.1,-0.4
1790099386500,53.6519470,-3.0136221,4.17,258,-9.9,-0.3
1790099386600,53.6519364,-3.0136350,4.15,258,-9.0,-0.3
1790099386700,53.6519457,-3.0136239,3.96,258,-10.0,-0.4
1790099386800,53.6519445,-3.0136396,4.04,258,-9.6,0.3
1790099386900,53.6519355,-3.0136333,4.09,258,-10.2,-0.0
1790099387000,53.6519354,-3.0136414,4.00,258,-9.4,-0.3
1790099387100,53.6519426,-3.0136462,4.04,258,-9.3,0.3
1790099387200,53.6519435,-3.0136483,3.99,258,-8.8,0.5
1790099387300,53.6519337,-3.0136589,3.92,258,-9.3,0.1
1790099387400,53.6519411,-3.0136514,4.14,258,-8.6,-0.1
1790099387500,53.6519331,-3.0136599,3.97,258,-8.6,-0.3
1790099387600,53.6519367,-3.0136511,3.94,258,-9.1,0.2
1790099387700,53.6519386,-3.0136592,4.06,258,-9.2,0.3
1790099387800,53.6519398,-3.0136633,4.02,258,-9.1,0.2
1790099387900,53.6519322,-3.0136608,3.90,258,-9.4,-0.1
1790099388000,53.6519403,-3.0136631,3.99,258,-9.0,0.0
1790099388100,53.6519331,-3.0136821,4.03,258,-8.3,0.1
1790099388200,53.6519344,-3.0136839,4.01,258,-8.3,0.5
1790099388300,53.6519397,-3.0136723,4.03,258,-8.0,0.4
1790099388400,53.6519350,-3.0136852,4.10,258,-9.1,-0.1
1790099388500,53.6519389,-3.0136829,3.99,258,-8.6,0.1
1790099388600,53.6519344,-3.0136941,3.97,258,-7.7,0.5
1790099388700,53.6519304,-3.0136921,4.04,258,-8.1,0.2
1790099388800,53.6519282,-3.0137012,3.96,258,-8.6,-0.1
1790099388900,53.6519274,-3.0136989,3.99,258,-8.1,0.3
1790099389000,53.6519373,-3.0137093,3.91,258,-7.8,-0.0
1790099389100,53.6519366,-3.0137000,3.88,258,-8.7,0.5
1790099389200,53.6519324,-3.0137029,4.07,258,-8.4,-0.0
1790099389300,53.6519288,-3.0137149,3.91,258,-8.3,0.4
1790099389400,53.6519260,-3.0137151,4.06,258,-8.1,0.4
1790099389500,53.6519300,-3.0137151,4.00,258,-8.5,-0.0
1790099389600,53.6519296,-3.0137147,4.05,258,-7.4,-0.3
1790099389700,53.6519299,-3.0137251,3.94,258,-8.4,0.3
1790099389800,53.6519345,-3.0137230,4.09,258,-7.9,-0.0
1790099389900,53.6519328,-3.0137266,3.95,258,-7.7,0.3
1790099390000,53.6519329,-3.0137336,4.05,258,-8.0,-0.4
1790099390100,53.6519294,-3.0137353,4.02,258,-7.4,-0.1
1790099390200,53.6519317,-3.0137304,4.07,258,-7.2,-0.2
1790099390300,53.6519320,-3.0137362,3.91,258,-6.9,-0.4
1790099390400,53.6519278,-3.0137443,3.87,258,-7.5,-0.1
1790099390500,53.6519211,-3.0137547,4.05,258,-6.8,-0.4
1790099390600,53.6519233,-3.0137462,3.90,258,-8.0,-0.2
1790099390700,53.6519263,-3.0137547,3.95,258,-8.2,-0.7
1790099390800,53.6519238,-3.0137655,4.03,258,-6.9,-0.5
1790099390900,53.6519260,-3.0137678,3.94,258,-7.0,-0.9
1790099391000,53.6519274,-3.0137577,4.01,258,-7.8,-0.7
1790099391100,53.6519272,-3.0137591,4.04,258,-8.2,-0.7
1790099391200,53.6519261,-3.0137619,3.89,258,-7.3,-0.4
1790099391300,53.6519221,-3.0137653,3.88,258,-7.0,-0.9
1790099391400,53.6519235,-3.0137773,4.05,258,-7.5,-1.0
1790099391500,53.6519197,-3.0137800,3.89,258,-7.3,-0.7
1790099391600,53.6519178,-3.0137853,3.99,258,-7.7,-0.7
1790099391700,53.6519199,-3.0137812,3.98,258,-7.6,-0.8
1790099391800,53.6519192,-3.0137792,3.95,258,-7.9,-0.6
1790099391900,53.6519157,-3.0137929,4.02,258,-7.7,-0.9
1790099392000,53.6519166,-3.0137940,3.96,258,-6.9,-1.4
1790099392100,53.6519217,-3.0137960,3.94,258,-8.3,-1.3
1790099392200,53.6519216,-3.0138067,3.94,258,-7.9,-0.9
1790099392300,53.6519183,-3.0138043,3.87,258,-8.4,-1.5
1790099392400,53.6519160,-3.0138025,3.81,258,-8.3,-1.5
1790099392500,53.6519242,-3.0138033,3.86,258,-7.2,-1.4
1790099392600,53.6519234,-3.0138092,3.94,258,-7.9,-1.3
1790099392700,53.6519164,-3.0138093,3.78,258,-7.4,-1.2
1790099392800,53.6519123,-3.0138149,3.97,258,-7.5,-1.2
1790099392900,53.6519208,-3.0138286,3.81,258,-7.2,-1.1
1790099393000,53.6519118,-3.0138191,3.85,258,-8.1,-1.5
1790099393100,53.6519160,-3.0138253,3.95,258,-7.4,-1.9
1790099393200,53.6519176,-3.0138363,4.00,258,-8.0,-1.5
1790099393300,53.6519181,-3.0138280,3.79,258,-8.5,-1.5
1790099393400,53.6519129,-3.0138356,3.84,258,-8.5,-1.7
1790099393500,53.6519204,-3.0138406,3.79,258,-8.3,-1.9
1790099393600,53.6519168,-3.0138316,3.96,258,-7.9,-1.5
1790099393700,53.6519152,-3.0138513,3.93,258,-8.6,-2.1
1790099393800,53.6519107,-3.0138531,3.86,258,-7.8,-1.5
1790099393900,53.6519087,-3.0138494,3.98,258,-8.4,-2.0
1790099394000,53.6519134,-3.0138434,3.94,258,-7.8,-1.9
1790099394100,53.6519131,-3.0138506,3.96,258,-8.7,-2.4
1790099394200,53.6519081,-3.0138552,3.91,258,-8.5,-2.2
1790099394300,53.6519125,-3.0138661,3.79,258,-9.1,-1.7
1790099394400,53.6519128,-3.0138721,3.76,258,-8.6,-2.0
1790099394500,53.6519143,-3.0138752,3.77,258,-8.1,-2.1
1790099394600,53.6519130,-3.0138637,3.75,258,-9.2,-2.0
1790099394700,53.6519111,-3.0138646,3.82,258,-9.5,-1.8
1790099394800,53.6519151,-3.0138747,3.93,258,-9.2,-2.1
1790099394900,53.6519149,-3.0138765,3.80,258,-9.7,-2.3
1790099395000,53.6519047,-3.0138729,3.90,258,-9.4,-2.0
1790099395100,53.6519091,-3.0138826,3.88,258,-9.3,-2.2
1790099395200,53.6519097,-3.0138839,3.71,258,-8.8,-1.9
1790099395300,53.6519044,-3.0138913,3.74,258,-8.6,-2.6
1790099395400,53.6519099,-3.0138966,3.72,258,-8.9,-2.2
1790099395500,53.6519118,-3.0139041,3.73,258,-10.0,-2.4
1790099395600,53.6519040,-3.0139064,3.72,258,-9.3,-2.2
1790099395700,53.6519064,-3.0139089,3.89,258,-9.2,-2.4
1790099395800,53.6519089,-3.0139012,3.77,258,-10.4,-2.1
1790099395900,53.6519063,-3.0139122,3.73,258,-9.5,-2.4
1790099396000,53.6519042,-3.0139026,3.83,258,-9.7,-1.9
1790099396100,53.6519068,-3.0139145,3.87,258,-10.5,-2.5
1790099396200,53.6519081,-3.0139071,3.84,258,-9.4,-2.2
1790099396300,53.6519016,-3.0139177,3.68,258,-10.7,-2.4
1790099396400,53.6519080,-3.0139179,3.73,258,-9.8,-2.2
1790099396500,53.6519056,-3.0139248,3.80,258,-10.8,-2.3
1790099396600,53.6519001,-3.0139252,3.71,258,-11.0,-2.1
1790099396700,53.6519055,-3.0139311,3.86,258,-10.3,-1.8
1790099396800,53.6519078,-3.0139335,3.79,258,-10.6,-2.4
1790099396900,53.6519076,-3.0139442,3.77,258,-10.4,-1.9
1790099397000,53.6519008,-3.0139360,3.76,258,-10.3,-2.3
1790099397100,53.6518990,-3.0139444,3.63,258,-11.3,-1.8
1790099397200,53.6519062,-3.0139525,3.81,258,-11.5,-2.1
1790099397300,53.6518995,-3.0139495,3.80,258,-11.4,-1.8
1790099397400,53.6519002,-3.0139501,3.83,258,-11.6,-1.9
1790099397500,53.6519038,-3.0139602,3.73,258,-11.4,-1.7
1790099397600,53.6518965,-3.0139501,3.74,258,-11.4,-1.5
1790099397700,53.6518999,-3.0139615,3.75,258,-11.7,-1.9
1790099397800,53.6518956,-3.0139560,3.64,258,-12.0,-2.1
1790099397900,53.6519034,-3.0139716,3.70,258,-11.4,-1.5
1790099398000,53.6518957,-3.0139713,3.66,258,-12.0,-1.8
1790099398100,53.6519005,-3.0139691,3.79,258,-11.3,-1.7
1790099398200,53.6519022,-3.0139698,3.66,258,-11.7,-1.3
1790099398300,53.6519014,-3.0139784,3.73,258,-11.7,-1.3
1790099398400,53.6518928,-3.0139855,3.78,258,-11.4,-1.2
1790099398500,53.6519007,-3.0139835,3.68,258,-12.5,-1.5
1790099398600,53.6518969,-3.0139917,3.71,258,-12.1,-1.2
1790099398700,53.6518945,-3.0139885,3.69,258,-11.2,-1.4
1790099398800,53.6518948,-3.0139883,3.81,258,-11.9,-1.4
1790099398900,53.6518988,-3.0139846,3.76,258,-11.9,-1.5
1790099399000,53.6518954,-3.0139936,3.72,258,-12.7,-1.1
1790099399100,53.6518949,-3.0140039,3.68,258,-12.2,-1.4
1790099399200,53.6518957,-3.0139991,3.65,258,-12.3,-0.6
1790099399300,53.6518899,-3.0140109,3.67,258,-12.1,-0.8
1790099399400,53.6518952,-3.0140099,3.77,258,-11.5,-0.7
1790099399500,53.6518908,-3.0140110,3.68,258,-12.1,-0.8
1790099399600,53.6518951,-3.0140211,3.64,258,-12.2,-1.0
1790099399700,53.6518955,-3.0140218,3.78,258,-12.6,-0.5
1790099399800,53.6518918,-3.0140165,3.71,258,-11.8,-0.8
1790099399900,53.6518948,-3.0140261,3.78,258,-11.9,-0.9
1790099400000,53.6518867,-3.0140314,3.63,258,-12.3,-0.8
1790099400100,53.6518929,-3.0140193,3.70,258,-12.2,-0.5
1790099400200,53.6518928,-3.0140347,3.78,258,-12.2,-0.8
1790099400300,53.6518953,-3.0140417,3.71,258,-12.4,-0.1
1790099400400,53.6518856,-3.0140355,3.76,258,-12.1,-0.4
1790099400500,53.6518876,-3.0140456,3.71,258,-11.8,-0.4
1790099400600,53.6518939,-3.0140373,3.61,258,-12.5,-0.1
1790099400700,53.6518884,-3.0140394,3.64,258,-12.0,0.1
1790099400800,53.6518917,-3.0140507,3.62,258,-13.2,-0.4
1790099400900,53.6518911,-3.0140409,3.58,258,-11.9,-0.1
1790099401000,53.6518850,-3.0140443,3.59,258,-12.7,-0.4
1790099401100,53.6518888,-3.0140572,3.63,258,-12.5,0.0
1790099401200,53.6518915,-3.0140621,3.68,258,-12.7,-0.3
1790099401300,53.6518897,-3.0140667,3.65,258,-11.8,0.1
1790099401400,53.6518867,-3.0140647,3.74,258,-12.3,-0.3
1790099401500,53.6518902,-3.0140610,3.63,258,-11.9,-0.3
1790099401600,53.6518833,-3.0140758,3.71,258,-12.3,0.4
1790099401700,53.6518865,-3.0140794,3.67,258,-12.6,-0.3
1790099401800,53.6518840,-3.0140777,3.61,258,-12.5,0.1
1790099401900,53.6518895,-3.0140696,3.56,258,-12.3,-0.1
1790099402000,53.6518818,-3.0140768,3.74,258,-12.7,-0.2
1790099402100,53.6518797,-3.0140741,3.59,258,-12.5,-0.2
1790099402200,53.6518814,-3.0140870,3.71,258,-12.0,0.3
1790099402300,53.6518818,-3.0140810,3.72,258,-12.3,-0.1
1790099402400,53.6518855,-3.0140878,3.63,258,-12.6,-0.2
1790099402500,53.6518803,-3.0141017,3.70,258,-12.1,-0.1
1790099402600,53.6518852,-3.0141021,3.55,258,-11.4,-0.1
1790099402700,53.6518791,-3.0140955,3.64,258,-11.6,-0.1
1790099402800,53.6518831,-3.0140933,3.64,258,-11.5,0.4
1790099402900,53.6518768,-3.0141007,3.71,258,-11.7,0.3
1790099403000,53.6518766,-3.0141147,3.71,258,-12.7,0.0
1790099403100,53.6518784,-3.0141130,3.70,258,-11.7,0.5
1790099403200,53.6518854,-3.0141112,3.66,258,-11.8,0.3
1790099403300,53.6518783,-3.0141202,3.60,258,-11.6,0.5
1790099403400,53.6518772,-3.0141104,3.53,258,-12.1,0.2
1790099403500,53.6518768,-3.0141157,3.51,258,-11.2,0.4
1790099403600,53.6518810,-3.0141154,3.54,258,-12.2,0.3
1790099403700,53.6518767,-3.0141318,3.54,258,-11.9,0.4
1790099403800,53.6518774,-3.0141311,3.68,258,-11.0,0.2
1790099403900,53.6518808,-3.0141300,3.54,258,-11.6,-0.2
1790099404000,53.6518819,-3.0141428,3.66,258,-11.8,0.4
1790099404100,53.6518798,-3.0141409,3.72,258,-11.4,-0.2
1790099404200,53.6518744,-3.0141485,3.73,258,-11.6,0.3
1790099404300,53.6518766,-3.0141379,3.53,258,-11.3,-0.4
1790099404400,53.6518708,-3.0141390,3.51,258,-10.5,-0.0
1790099404500,53.6518729,-3.0141497,3.49,258,-11.5,0.2
1790099404600,53.6518748,-3.0141566,3.66,258,-10.6,-0.2
1790099404700,53.6518743,-3.0141596,3.49,258,-10.5,-0.5
1790099404800,53.6518694,-3.0141634,3.47,258,-10.4,-0.3
1790099404900,53.6518774,-3.0141691,3.72,258,-10.0,0.0
1790099405000,53.6518713,-3.0141708,3.52,258,-10.5,-0.2
1790099405100,53.6518780,-3.0141615,3.69,258,-10.6,-0.7
1790099405200,53.6518735,-3.0141618,3.59,258,-9.8,-0.6
1790099405300,53.6518712,-3.0141701,3.63,258,-10.0,-0.8
1790099405400,53.6518720,-3.0141804,3.65,258,-10.5,-0.4
1790099405500,53.6518728,-3.0141795,3.52,258,-9.9,-0.4
1790099405600,53.6518703,-3.0141774,3.60,258,-10.8,-0.3
1790099405700,53.6518713,-3.0141895,3.65,258,-9.7,-1.0
1790099405800,53.6518730,-3.0141783,3.47,258,-9.8,-0.4
1790099405900,53.6518739,-3.0141947,3.66,258,-9.8,-0.9
1790099406000,53.6518757,-3.0141964,3.56,258,-10.5,-1.2
1790099406100,53.6518750,-3.0141968,3.54,258,-9.2,-0.7
1790099406200,53.6518748,-3.0141950,3.71,258,-10.2,-0.9
1790099406300,53.6518645,-3.0142021,3.58,258,-9.4,-1.2
1790099406400,53.6518727,-3.0141997,3.70,258,-9.6,-0.8
1790099406500,53.6518675,-3.0142067,3.55,258,-9.9,-1.1
1790099406600,53.6518713,-3.0142044,3.53,258,-9.7,-1.2
1790099406700,53.6518657,-3.0142088,3.67,258,-8.9,-0.9
1790099406800,53.6518634,-3.0142127,3.49,258,-9.3,-0.8
1790099406900,53.6518726,-3.0142172,3.67,258,-9.4,-1.1
1790099407000,53.6518624,-3.0142222,3.47,258,-8.6,-1.7
1790099407100,53.6518711,-3.0142187,3.68,258,-9.5,-1.5
1790099407200,53.6518711,-3.0142308,3.65,258,-8.8,-1.1
1790099407300,53.6518712,-3.0142294,3.64,258,-9.5,-1.7
1790099407400,53.6518668,-3.0142254,3.61,258,-8.5,-1.4
1790099407500,53.6518622,-3.0142353,3.58,258,-8.1,-1.9
1790099407600,53.6518692,-3.0142307,3.53,258,-9.1,-1.2
1790099407700,53.6518672,-3.0142405,3.50,258,-8.5,-1.4
1790099407800,53.6518598,-3.0142405,3.53,258,-8.1,-1.5
1790099407900,53.6518612,-3.0142402,3.60,258,-8.2,-2.0
1790099408000,53.6518615,-3.0142393,3.60,258,-8.0,-1.6
1790099408100,53.6518657,-3.0142525,3.54,258,-8.8,-1.6
1790099408200,53.6518681,-3.0142433,3.66,258,-8.2,-1.8
1790099408300,53.6518659,-3.0142464,3.45,258,-8.0,-1.8
1790099408400,53.6518595,-3.0142590,3.66,258,-7.5,-1.8
1790099408500,53.6518610,-3.0142507,3.61,258,-8.8,-1.9
1790099408600,53.6518567,-3.0142701,3.54,258,-7.7,-2.2
1790099408700,53.6518649,-3.0142655,3.49,258,-8.5,-2.1
1790099408800,53.6518570,-3.0142743,3.63,258,-8.5,-2.1
1790099408900,53.6518610,-3.0142774,3.65,258,-7.4,-2.2
1790099409000,53.6518642,-3.0142770,3.49,258,-7.9,-2.3
1790099409100,53.6518651,-3.0142734,3.47,258,-7.7,-2.0
1790099409200,53.6518627,-3.0142697,3.62,258,-7.2,-2.2
1790099409300,53.6518577,-3.0142866,3.63,258,-8.3,-2.0
1790099409400,53.6518607,-3.0142861,3.50,258,-7.4,-1.8
1790099409500,53.6518545,-3.0142897,3.64,258,-7.4,-2.4
1790099409600,53.6518559,-3.0142943,3.49,258,-8.1,-2.0
1790099409700,53.6518554,-3.0142912,3.56,258,-7.5,-2.1
1790099409800,53.6518621,-3.0142890,3.49,258,-7.9,-2.0
1790099409900,53.6518619,-3.0143053,3.69,258,-7.6,-2.2
1790099410000,53.6518522,-3.0143075,3.62,258,-8.2,-2.5
1790099410100,53.6518519,-3.0143084,3.55,258,-7.0,-1.8
1790099410200,53.6518551,-3.0143009,3.57,258,-7.4,-2.3
1790099410300,53.6518587,-3.0143098,3.51,258,-7.2,-2.2
1790099410400,53.6518595,-3.0143137,3.55,258,-7.0,-1.8
1790099410500,53.6518575,-3.0143107,3.57,258,-6.8,-2.1
1790099410600,53.6518585,-3.0143232,3.59,258,-7.2,-2.5
1790099410700,53.6518510,-3.0143214,3.65,258,-8.0,-2.2
1790099410800,53.6518517,-3.0143200,3.59,258,-8.1,-1.9
1790099410900,53.6518548,-3.0143289,3.63,258,-8.2,-2.1
1790099411000,53.6518487,-3.0143188,3.58,258,-7.8,-2.1
1790099411100,53.6518517,-3.0143236,3.60,258,-7.5,-2.1
1790099411200,53.6518476,-3.0143332,3.62,258,-7.7,-2.1
1790099411300,53.6518531,-3.0143403,3.53,258,-7.4,-1.9
1790099411400,53.6518480,-3.0143407,3.63,258,-7.7,-1.7
1790099411500,53.6518499,-3.0143475,3.53,258,-7.7,-2.0
1790099411600,53.6518483,-3.0143485,3.66,258,-7.9,-2.1
1790099411700,53.6518469,-3.0143434,3.68,258,-7.6,-2.1
1790099411800,53.6518541,-3.0143482,3.67,258,-7.6,-1.6
1790099411900,53.6518491,-3.0143550,3.63,258,-7.9,-1.6
1790099412000,53.6518547,-3.0143610,3.58,258,-7.9,-1.7
1790099412100,53.6518513,-3.0143632,3.57,258,-8.2,-1.4
1790099412200,53.6518492,-3.0143662,3.61,258,-8.3,-1.5
1790099412300,53.6518537,-3.0143603,3.67,258,-7.8,-1.7
1790099412400,53.6518478,-3.0143563,3.59,258,-7.3,-1.4
1790099412500,53.6518481,-3.0143731,3.64,258,-8.2,-1.7
1790099412600,53.6518430,-3.0143688,3.67,258,-8.0,-1.7
1790099412700,53.6518456,-3.0143699,3.57,258,-7.6,-1.3
1790099412800,53.6518493,-3.0143696,3.68,258,-7.4,-1.4
1790099412900,53.6518495,-3.0143848,3.60,258,-8.5,-1.1
1790099413000,53.6518475,-3.0143746,3.73,258,-7.5,-1.5
1790099413100,53.6518506,-3.0143937,3.54,258,-8.2,-1.4
1790099413200,53.6518410,-3.0143882,3.66,258,-8.9,-1.0
1790099413300,53.6518501,-3.0143837,3.61,258,-7.7,-1.1
1790099413400,53.6518499,-3.0143852,3.69,258,-7.8,-0.8
1790099413500,53.6518439,-3.0144034,3.60,258,-8.8,-0.9
1790099413600,53.6518445,-3.0143902,3.53,258,-9.2,-1.3
1790099413700,53.6518483,-3.0144024,3.74,258,-8.4,-0.9
1790099413800,53.6518426,-3.0144125,3.65,258,-9.2,-0.8
1790099413900,53.6518403,-3.0144035,3.55,258,-8.9,-0.6
1790099414000,53.6518392,-3.0144142,3.67,258,-8.2,-0.7
1790099414100,53.6518430,-3.0144185,3.62,258,-8.4,-1.0
1790099414200,53.6518439,-3.0144072,3.62,258,-9.5,-0.7
1790099414300,53.6518469,-3.0144185,3.54,258,-8.8,-0.7
1790099414400,53.6518414,-3.0144117,3.62,258,-9.1,-0.6
1790099414500,53.6518360,-3.0144286,3.60,258,-9.4,-0.7
1790099414600,53.6518427,-3.0144185,3.76,258,-8.6,-0.4
1790099414700,53.6518455,-3.0144245,3.65,258,-9.2,-0.4
1790099414800,53.6518407,-3.0144350,3.60,258,-9.4,-0.5
1790099414900,53.6518399,-3.0144350,3.68,258,-10.2,-0.6
1790099415000,53.6518346,-3.0144454,3.78,258,-10.1,0.1
1790099415100,53.6518362,-3.0144457,3.61,258,-9.5,-0.4
1790099415200,53.6518372,-3.0144424,3.74,258,-9.8,-0.4
1790099415300,53.6518438,-3.0144422,3.71,258,-9.5,-0.4
1790099415400,53.6518364,-3.0144428,3.69,258,-10.3,0.1
1790099415500,53.6518344,-3.0144563,3.80,258,-10.6,0.0
1790099415600,53.6518381,-3.0144537,3.77,258,-10.5,-0.2
1790099415700,53.6518347,-3.0144638,3.74,258,-10.7,0.3
1790099415800,53.6518337,-3.0144665,3.71,258,-10.2,-0.4
1790099415900,53.6518333,-3.0144575,3.75,258,-9.5,0.2
1790099416000,53.6518386,-3.0144749,3.71,258,-10.2,-0.1
1790099416100,53.6518367,-3.0144634,3.60,258,-11.1,-0.1
1790099416200,53.6518394,-3.0144740,3.68,258,-9.8,-0.2
1790099416300,53.6518382,-3.0144734,3.76,258,-10.9,-0.3
1790099416400,53.6518373,-3.0144803,3.82,258,-10.6,-0.3
1790099416500,53.6518391,-3.0144829,3.57,258,-11.1,-0.2
1790099416600,53.6518324,-3.0144909,3.75,258,-11.6,-0.1
1790099416700,53.6518321,-3.0144944,3.73,258,-11.3,0.5
1790099416800,53.6518371,-3.0144896,3.70,258,-11.5,0.5
1790099416900,53.6518306,-3.0144982,3.77,258,-11.1,0.2
1790099417000,53.6518342,-3.0144899,3.58,258,-11.8,0.6
1790099417100,53.6518339,-3.0144899,3.80,258,-11.9,-0.2
1790099417200,53.6518357,-3.0144984,3.79,258,-10.6,0.4
1790099417300,53.6518303,-3.0145022,3.71,258,-11.8,0.2
1790099417400,53.6518337,-3.0145130,3.83,258,-11.8,-0.0
1790099417500,53.6518314,-3.0145106,3.66,258,-10.9,0.1
1790099417600,53.6518352,-3.0145186,3.67,258,-11.2,-0.1
1790099417700,53.6518282,-3.0145167,3.64,258,-11.4,-0.2
1790099417800,53.6518313,-3.0145091,3.85,258,-11.3,0.0
1790099417900,53.6518250,-3.0145261,3.67,258,-11.3,0.4
1790099418000,53.6518330,-3.0145144,3.65,258,-11.0,0.5
1790099418100,53.6518262,-3.0145262,3.64,258,-11.9,0.1
1790099418200,53.6518275,-3.0145211,3.74,258,-12.5,0.1
1790099418300,53.6518254,-3.0145371,3.66,258,-11.3,-0.3
1790099418400,53.6518235,-3.0145345,3.67,258,-11.4,0.4
1790099418500,53.6518295,-3.0145431,3.82,258,-11.5,-0.2
1790099418600,53.6518271,-3.0145361,3.70,258,-11.4,0.0
1790099418700,53.6518269,-3.0145402,3.67,258,-12.0,-0.3
1790099418800,53.6518290,-3.0145458,3.62,258,-12.9,-0.0
1790099418900,53.6518234,-3.0145490,3.67,258,-12.3,0.1
1790099419000,53.6518223,-3.0145428,3.80,258,-12.8,-0.3
1790099419100,53.6518286,-3.0145564,3.70,258,-12.4,-0.1
1790099419200,53.6518223,-3.0145565,3.72,258,-12.5,0.0
1790099419300,53.6518292,-3.0145566,3.70,258,-12.0,-0.1
1790099419400,53.6518279,-3.0145632,3.85,258,-12.0,-0.6
1790099419500,53.6518280,-3.0145642,3.80,258,-13.1,-0.4
1790099419600,53.6518229,-3.0145653,3.73,258,-12.4,-0.8
1790099419700,53.6518257,-3.0145641,3.86,258,-12.4,-0.7
1790099419800,53.6518198,-3.0145706,3.80,258,-12.8,-0.5
1790099419900,53.6518237,-3.0145837,3.83,258,-13.1,-0.7
1790099420000,53.6518168,-3.0145821,3.86,258,-12.2,-0.6
1790099420100,53.6518173,-3.0145801,3.74,258,-12.7,-0.4
1790099420200,53.6518202,-3.0145866,3.87,258,-12.8,-0.4
1790099420300,53.6518243,-3.0145800,3.69,258,-13.1,-0.9
1790099420400,53.6518235,-3.0145967,3.88,258,-12.7,-0.4
1790099420500,53.6518205,-3.0145926,3.88,258,-12.4,-0.9
1790099420600,53.6518216,-3.0145937,3.86,258,-13.1,-0.8
1790099420700,53.6518145,-3.0146087,3.93,258,-12.3,-0.5
1790099420800,53.6518138,-3.0146077,3.91,258,-12.5,-0.7
1790099420900,53.6518225,-3.0146092,3.86,258,-13.1,-1.2
1790099421000,53.6518223,-3.0146071,3.72,258,-12.1,-1.1
1790099421100,53.6518173,-3.0146066,3.81,258,-12.4,-1.4
1790099421200,53.6518194,-3.0146105,3.94,258,-11.9,-1.0
1790099421300,53.6518122,-3.0146170,3.75,258,-12.3,-0.9
1790099421400,53.6518157,-3.0146164,3.93,258,-12.1,-1.2
1790099421500,53.6518205,-3.0146289,3.79,258,-12.8,-1.0
1790099421600,53.6518210,-3.0146335,3.91,258,-12.0,-1.8
1790099421700,53.6518143,-3.0146214,3.85,258,-12.3,-1.3
1790099421800,53.6518138,-3.0146261,3.94,258,-12.4,-1.3
1790099421900,53.6518178,-3.0146410,3.90,258,-11.8,-1.4
1790099422000,53.6518117,-3.0146318,3.93,258,-11.9,-1.6
1790099422100,53.6518139,-3.0146461,3.93,258,-11.9,-1.7
1790099422200,53.6518086,-3.0146502,3.94,258,-11.7,-1.5
1790099422300,53.6518120,-3.0146393,3.96,258,-12.2,-1.8
1790099422400,53.6518080,-3.0146513,3.94,258,-11.8,-2.1
1790099422500,53.6518154,-3.0146598,3.82,258,-12.1,-1.5
1790099422600,53.6518141,-3.0146613,3.85,258,-12.5,-1.8
1790099422700,53.6518118,-3.0146575,3.86,258,-11.5,-2.0
1790099422800,53.6518098,-3.0146691,3.79,258,-12.5,-2.2
1790099422900,53.6518137,-3.0146669,3.80,258,-11.3,-1.6
1790099423000,53.6518149,-3.0146711,3.96,258,-11.8,-2.3
1790099423100,53.6518119,-3.0146730,3.91,258,-12.0,-2.4
1790099423200,53.6518133,-3.0146722,3.92,258,-12.1,-2.3
1790099423300,53.6518107,-3.0146727,3.94,258,-11.1,-1.9
1790099423400,53.6518127,-3.0146841,3.97,258,-11.0,-2.1
1790099423500,53.6518054,-3.0146847,4.02,258,-11.0,-2.2
1790099423600,53.6518093,-3.0146940,3.84,258,-10.7,-2.2
1790099423700,53.6518068,-3.0146870,3.90,258,-10.5,-2.5
1790099423800,53.6518062,-3.0146992,3.89,258,-10.6,-1.9
1790099423900,53.6518077,-3.0146990,3.89,258,-10.9,-2.5
1790099424000,53.6518057,-3.0146953,3.87,258,-11.5,-1.8
1790099424100,53.6518083,-3.0146973,4.00,258,-10.6,-2.1
1790099424200,53.6518068,-3.0146975,3.82,258,-11.1,-2.1
1790099424300,53.6518090,-3.0147005,3.95,258,-10.8,-1.9
1790099424400,53.6518032,-3.0147108,4.04,258,-10.4,-2.2
1790099424500,53.6517998,-3.0147129,3.99,258,-11.2,-2.3
1790099424600,53.6517995,-3.0147186,3.89,258,-9.8,-2.4
1790099424700,53.6518050,-3.0147252,4.01,258,-10.9,-1.9
1790099424800,53.6518006,-3.0147212,3.88,258,-9.8,-2.3
1790099424900,53.6518067,-3.0147167,3.91,258,-9.9,-2.1
1790099425000,53.6518068,-3.0147214,3.85,258,-9.7,-2.1
1790099425100,53.6517973,-3.0147254,3.82,258,-9.6,-2.0
1790099425200,53.6518014,-3.0147291,3.85,258,-9.6,-2.2
1790099425300,53.6518022,-3.0147393,3.94,258,-10.0,-2.4
1790099425400,53.6517971,-3.0147348,3.87,258,-10.1,-1.9
1790099425500,53.6518004,-3.0147344,3.83,258,-10.4,-2.3
1790099425600,53.6517990,-3.0147431,4.01,258,-9.9,-2.2
1790099425700,53.6517956,-3.0147500,3.91,258,-10.3,-1.9
1790099425800,53.6518044,-3.0147573,3.85,258,-9.8,-1.9
1790099425900,53.6518004,-3.0147458,3.94,258,-9.8,-2.2
1790099426000,53.6517952,-3.0147533,4.01,258,-9.0,-2.0
1790099426100,53.6518022,-3.0147590,3.92,258,-8.8,-2.0
1790099426200,53.6517940,-3.0147560,4.07,258,-8.6,-1.7
1790099426300,53.6517972,-3.0147583,3.87,258,-8.5,-1.7
1790099426400,53.6518006,-3.0147737,4.08,258,-9.4,-1.9
1790099426500,53.6518007,-3.0147682,4.02,258,-8.8,-1.6
1790099426600,53.6518008,-3.0147720,4.04,258,-9.3,-1.8
1790099426700,53.6518010,-3.0147709,4.01,258,-9.1,-1.3
1790099426800,53.6517911,-3.0147809,3.96,258,-8.7,-2.0
1790099426900,53.6517981,-3.0147824,4.04,258,-8.6,-1.5
1790099427000,53.6517964,-3.0147861,4.04,258,-8.6,-1.4
1790099427100,53.6517958,-3.0147821,3.89,258,-8.2,-1.4
1790099427200,53.6517965,-3.0147890,3.97,258,-9.3,-1.3
1790099427300,53.6517935,-3.0148059,4.05,258,-8.7,-1.7
1790099427400,53.6517965,-3.0147962,3.89,258,-8.2,-1.4
1790099427500,53.6517901,-3.0147997,4.11,258,-8.7,-1.1
1790099427600,53.6517935,-3.0148126,3.98,258,-8.2,-1.5
1790099427700,53.6517947,-3.0148076,3.92,258,-8.2,-1.1
1790099427800,53.6517891,-3.0148158,4.11,258,-7.5,-1.4
1790099427900,53.6517876,-3.0148178,4.06,258,-8.8,-1.4
1790099428000,53.6517888,-3.0148183,3.90,258,-8.1,-0.6
1790099428100,53.6517900,-3.0148298,3.93,258,-7.9,-1.0
1790099428200,53.6517871,-3.0148184,4.08,258,-7.4,-0.9
1790099428300,53.6517949,-3.0148320,3.93,258,-7.3,-0.5
1790099428400,53.6517933,-3.0148326,4.11,258,-7.2,-0.8
1790099428500,53.6517947,-3.0148322,3.96,258,-7.7,-0.5
1790099428600,53.6517857,-3.0148331,4.15,258,-8.2,-0.6
1790099428700,53.6517910,-3.0148352,3.97,258,-8.1,-0.4
1790099428800,53.6517917,-3.0148437,4.12,258,-7.9,-0.9
1790099428900,53.6517920,-3.0148390,4.14,258,-7.8,-0.7
1790099429000,53.6517839,-3.0148498,4.10,258,-7.1,-0.4
1790099429100,53.6517897,-3.0148564,4.02,258,-8.3,-0.5
1790099429200,53.6517917,-3.0148645,4.05,258,-7.0,-0.3
1790099429300,53.6517836,-3.0148611,4.15,258,-8.3,-0.6
1790099429400,53.6517823,-3.0148628,3.96,258,-8.2,-0.3
1790099429500,53.6517840,-3.0148561,4.04,258,-7.5,0.0
1790099429600,53.6517811,-3.0148753,4.09,258,-6.8,-0.5
1790099429700,53.6517829,-3.0148676,3.96,258,-8.3,-0.2
1790099429800,53.6517852,-3.0148787,4.07,258,-7.2,-0.2
1790099429900,53.6517839,-3.0148856,4.09,258,-6.8,0.3
1790099430000,53.6517845,-3.0148837,3.95,258,-7.0,-0.3
1790099430100,53.6517810,-3.0148798,4.05,258,-7.0,0.1
1790099430200,53.6517883,-3.0148875,3.97,258,-6.8,0.1
1790099430300,53.6517827,-3.0148822,4.13,258,-7.6,-0.4
1790099430400,53.6517775,-3.0148978,4.13,258,-7.8,-0.2
1790099430500,53.6517839,-3.0148941,4.15,258,-7.7,0.4
1790099430600,53.6517798,-3.0148948,3.96,258,-8.2,-0.2
1790099430700,53.6517819,-3.0148969,3.98,258,-7.4,0.1
1790099430800,53.6517817,-3.0149105,4.13,258,-7.7,-0.1
1790099430900,53.6517822,-3.0149005,4.16,258,-7.3,0.5
1790099431000,53.6517825,-3.0149049,4.12,258,-7.0,0.0
1790099431100,53.6517846,-3.0149215,4.00,258,-7.1,0.3
1790099431200,53.6517799,-3.0149136,4.12,258,-7.2,0.5
1790099431300,53.6517826,-3.0149175,4.13,258,-8.2,-0.1
1790099431400,53.6517769,-3.0149271,3.96,258,-8.5,0.2
1790099431500,53.6517737,-3.0149215,4.05,258,-7.5,0.0
1790099431600,53.6517797,-3.0149313,4.08,258,-7.1,0.0
1790099431700,53.6517818,-3.0149407,4.02,258,-7.5,0.5
1790099431800,53.6517729,-3.0149416,4.00,258,-7.4,0.5
1790099431900,53.6517774,-3.0149418,4.14,258,-8.1,0.4
1790099432000,53.6517761,-3.0149388,4.07,258,-7.4,0.5
1790099432100,53.6517729,-3.0149407,4.18,258,-8.3,0.3
1790099432200,53.6517809,-3.0149549,5.74,342,9.0,2.0
1790099432300,53.6517784,-3.0149515,5.64,342,8.6,2.0
1790099432400,53.6517846,-3.0149468,5.88,342,9.0,1.5
1790099432500,53.6517888,-3.0149471,5.80,342,8.8,1.5
1790099432600,53.6517911,-3.0149455,5.61,342,8.3,1.6
1790099432700,53.6517958,-3.0149526,5.78,342,9.1,1.6
1790099432800,53.6517969,-3.0149613,5.91,342,8.3,1.9
1790099432900,53.6517995,-3.0149650,5.89,342,8.2,1.3
1790099433000,53.6518005,-3.0149581,5.71,342,9.2,1.5
1790099433100,53.6518036,-3.0149662,5.62,342,8.4,1.3
1790099433200,53.6518037,-3.0149633,5.78,342,8.5,1.4
1790099433300,53.6518081,-3.0149570,5.92,342,7.7,1.7
1790099433400,53.6518137,-3.0149675,5.89,342,8.5,1.7
1790099433500,53.6518117,-3.0149594,5.84,342,8.9,1.7
1790099433600,53.6518162,-3.0149712,5.90,342,8.0,1.6
1790099433700,53.6518124,-3.0149706,5.80,342,8.6,1.1
1790099433800,53.6518229,-3.0149621,5.76,342,7.7,1.3
1790099433900,53.6518237,-3.0149783,5.92,342,8.4,0.9
1790099434000,53.6518199,-3.0149803,5.62,342,7.3,1.5
1790099434100,53.6518302,-3.0149777,5.66,342,7.1,1.4
1790099434200,53.6518271,-3.0149707,5.69,342,7.5,1.4
1790099434300,53.6518267,-3.0149702,5.64,342,8.1,1.0
1790099434400,53.6518391,-3.0149716,5.91,342,7.5,0.7
1790099434500,53.6518332,-3.0149784,5.89,342,7.3,0.7
1790099434600,53.6518420,-3.0149883,5.94,342,7.8,0.5
1790099434700,53.6518409,-3.0149858,5.82,342,6.9,0.5
1790099434800,53.6518405,-3.0149788,5.74,342,7.4,0.9
1790099434900,53.6518458,-3.0149894,5.95,342,7.3,0.6
1790099435000,53.6518500,-3.0149882,5.78,342,6.9,0.7
1790099435100,53.6518470,-3.0149932,5.85,342,6.2,0.6
1790099435200,53.6518549,-3.0149862,5.68,342,6.7,0.8
1790099435300,53.6518538,-3.0149818,5.81,342,7.3,0.4
1790099435400,53.6518590,-3.0149938,5.85,342,7.4,0.1
1790099435500,53.6518640,-3.0149856,5.74,342,6.6,0.2
1790099435600,53.6518676,-3.0149954,5.84,342,6.3,0.3
1790099435700,53.6518713,-3.0149997,5.80,342,6.8,0.6
1790099435800,53.6518702,-3.0149936,5.79,342,5.7,-0.0
1790099435900,53.6518674,-3.0149949,5.92,342,6.4,0.0
1790099436000,53.6518709,-3.0149990,5.65,342,5.7,0.1
1790099436100,53.6518799,-3.0149942,5.75,342,6.7,0.4
1790099436200,53.6518805,-3.0150102,5.84,342,5.7,0.2
1790099436300,53.6518862,-3.0150020,5.68,342,6.5,-0.2
1790099436400,53.6518869,-3.0150094,5.85,342,6.1,-0.4
1790099436500,53.6518879,-3.0150007,5.91,342,5.8,-0.3
1790099436600,53.6518866,-3.0150059,5.94,342,5.8,-0.2
1790099436700,53.6518881,-3.0150039,5.81,342,6.4,0.1
1790099436800,53.6518927,-3.0150179,5.79,342,6.0,-0.5
1790099436900,53.6518957,-3.0150107,5.73,342,4.9,-0.6
1790099437000,53.6518956,-3.0150145,5.80,342,5.2,-0.4
1790099437100,53.6519002,-3.0150133,5.84,342,5.9,-0.4
1790099437200,53.6519032,-3.0150148,5.69,342,5.9,-0.5
1790099437300,53.6519096,-3.0150143,5.68,342,5.2,-0.3
1790099437400,53.6519122,-3.0150166,5.72,342,5.4,-0.4
1790099437500,53.6519154,-3.0150197,5.69,342,5.5,-0.4
1790099437600,53.6519145,-3.0150183,5.92,342,4.8,-0.2
1790099437700,53.6519199,-3.0150283,5.87,342,4.4,-0.9
1790099437800,53.6519214,-3.0150170,5.66,342,5.5,-0.2
1790099437900,53.6519219,-3.0150238,5.81,342,5.0,-0.4
1790099438000,53.6519261,-3.0150198,5.88,342,5.0,-0.6
1790099438100,53.6519297,-3.0150237,5.67,342,4.5,-0.4
1790099438200,53.6519258,-3.0150244,5.67,342,5.0,-0.5
1790099438300,53.6519322,-3.0150296,5.65,342,4.8,-0.7
1790099438400,53.6519374,-3.0150268,5.86,342,5.2,-0.7
1790099438500,53.6519402,-3.0150334,5.88,342,5.2,-0.9
1790099438600,53.6519456,-3.0150365,5.86,342,4.7,-0.3
1790099438700,53.6519473,-3.0150324,5.67,342,4.7,-0.9
1790099438800,53.6519424,-3.0150393,5.92,342,4.6,-0.3
1790099438900,53.6519478,-3.0150311,5.86,342,4.4,-0.9
1790099439000,53.6519515,-3.0150409,5.85,342,5.0,-0.5
1790099439100,53.6519487,-3.0150470,5.94,342,4.5,-0.5
1790099439200,53.6519527,-3.0150429,5.75,342,4.0,-1.0
1790099439300,53.6519556,-3.0150469,5.81,342,3.9,-0.6
1790099439400,53.6519663,-3.0150477,5.81,342,4.4,-1.0
1790099439500,53.6519630,-3.0150544,5.92,342,4.9,-0.6
1790099439600,53.6519675,-3.0150518,5.64,342,4.8,-1.0
1790099439700,53.6519662,-3.0150573,5.60,342,4.4,-0.3
1790099439800,53.6519707,-3.0150466,5.80,342,4.6,-0.4
1790099439900,53.6519764,-3.0150480,5.75,342,4.8,-0.7
1790099440000,53.6519727,-3.0150578,5.64,342,5.0,-0.6
1790099440100,53.6519841,-3.0150573,5.66,342,5.0,-0.3
1790099440200,53.6519803,-3.0150633,5.71,342,5.2,-0.7
1790099440300,53.6519868,-3.0150572,5.83,342,4.4,-0.9
1790099440400,53.6519894,-3.0150540,4.84,98,-4.4,1.9
1790099440500,53.6519821,-3.0150477,4.82,98,-4.6,2.2
1790099440600,53.6519803,-3.0150438,4.70,98,-4.4,2.0
1790099440700,53.6519870,-3.0150473,4.62,98,-5.5,2.1
1790099440800,53.6519844,-3.0150366,4.68,98,-4.5,1.8
1790099440900,53.6519854,-3.0150402,4.83,98,-4.4,2.1
1790099441000,53.6519876,-3.0150259,4.74,98,-4.4,2.1
1790099441100,53.6519820,-3.0150275,4.61,98,-4.7,2.3
1790099441200,53.6519798,-3.0150253,4.75,98,-4.2,2.4
1790099441300,53.6519776,-3.0150250,4.65,98,-4.8,2.4
1790099441400,53.6519829,-3.0150115,4.76,98,-5.2,2.2
1790099441500,53.6519762,-3.0150117,4.86,98,-4.3,2.2
1790099441600,53.6519781,-3.0150124,4.63,98,-5.1,2.3
1790099441700,53.6519854,-3.0149981,4.69,98,-4.3,2.6
1790099441800,53.6519824,-3.0150123,4.75,98,-3.8,2.4
1790099441900,53.6519760,-3.0149959,4.86,98,-4.5,2.8
1790099442000,53.6519766,-3.0150014,4.82,98,-4.7,2.6
1790099442100,53.6519843,-3.0149891,4.59,98,-5.1,2.6
1790099442200,53.6519798,-3.0149948,4.73,98,-3.9,3.1
1790099442300,53.6519751,-3.0149827,4.81,98,-5.0,2.7
1790099442400,53.6519768,-3.0149812,4.83,98,-4.1,2.8
1790099442500,53.6519812,-3.0149763,4.61,98,-3.8,2.9
1790099442600,53.6519806,-3.0149761,4.70,98,-4.0,3.2
1790099442700,53.6519815,-3.0149639,4.70,98,-3.9,3.0
1790099442800,53.6519761,-3.0149629,4.63,98,-4.2,3.5
1790099442900,53.6519812,-3.0149616,4.76,98,-4.1,3.1
1790099443000,53.6519711,-3.0149528,4.77,98,-3.8,2.9
1790099443100,53.6519771,-3.0149548,4.63,98,-3.4,3.1
1790099443200,53.6519791,-3.0149609,4.77,98,-3.2,3.2
1790099443300,53.6519759,-3.0149417,4.72,98,-3.0,3.7
1790099443400,53.6519697,-3.0149436,4.72,98,-4.0,3.3
1790099443500,53.6519760,-3.0149330,4.57,98,-3.7,3.8
1790099443600,53.6519785,-3.0149324,4.64,98,-3.6,3.3
1790099443700,53.6519737,-3.0149294,4.65,98,-3.6,4.0
1790099443800,53.6519778,-3.0149270,4.66,98,-3.6,3.7
1790099443900,53.6519759,-3.0149265,4.70,98,-3.5,4.1
1790099444000,53.6519769,-3.0149216,4.62,98,-3.5,3.9
1790099444100,53.6519680,-3.0149244,4.78,98,-3.1,3.6
1790099444200,53.6519739,-3.0149175,4.69,98,-3.1,4.0
1790099444300,53.6519692,-3.0149073,4.66,98,-2.6,3.7
1790099444400,53.6519766,-3.0149105,4.72,98,-2.1,3.8
1790099444500,53.6519764,-3.0149028,4.81,98,-2.8,4.3
1790099444600,53.6519702,-3.0148949,4.59,98,-2.9,4.2
1790099444700,53.6519735,-3.0149029,4.64,98,-2.3,4.2
1790099444800,53.6519684,-3.0148861,4.75,98,-2.3,4.4
1790099444900,53.6519655,-3.0148943,4.54,98,-2.7,4.4
1790099445000,53.6519648,-3.0148934,4.54,98,-2.2,4.1
1790099445100,53.6519686,-3.0148863,4.67,98,-2.0,4.1
1790099445200,53.6519724,-3.0148806,4.70,98,-2.3,4.2
1790099445300,53.6519720,-3.0148851,4.62,98,-2.8,4.0
1790099445400,53.6519737,-3.0148660,4.49,98,-1.9,4.3
1790099445500,53.6519682,-3.0148671,4.57,98,-2.3,4.0
1790099445600,53.6519714,-3.0148733,4.62,98,-1.7,4.0
1790099445700,53.6519716,-3.0148674,4.48,98,-1.1,4.1
1790099445800,53.6519648,-3.0148656,4.53,98,-2.2,3.9
1790099445900,53.6519661,-3.0148495,4.62,98,-1.9,3.9
1790099446000,53.6519654,-3.0148577,4.71,98,-0.8,4.5
1790099446100,53.6519670,-3.0148404,4.66,98,-1.0,4.0
1790099446200,53.6519621,-3.0148496,4.54,98,-1.1,4.5
1790099446300,53.6519706,-3.0148471,4.74,98,-1.0,4.4
1790099446400,53.6519637,-3.0148361,4.57,98,-0.7,4.1
1790099446500,53.6519680,-3.0148362,4.67,98,-1.3,4.4
1790099446600,53.6519602,-3.0148345,4.58,98,-1.5,3.8
1790099446700,53.6519661,-3.0148297,4.57,98,-0.5,4.1
1790099446800,53.6519656,-3.0148230,4.60,98,-0.8,4.3
1790099446900,53.6519677,-3.0148188,4.67,98,-0.5,3.7
1790099447000,53.6519599,-3.0148234,4.66,98,-0.8,4.1
1790099447100,53.6519642,-3.0148101,4.65,98,-0.8,4.0
1790099447200,53.6519663,-3.0148177,4.67,98,-0.9,4.3
1790099447300,53.6519635,-3.0148127,4.57,98,-0.4,3.7
1790099447400,53.6519636,-3.0148073,4.46,98,-0.1,3.8
1790099447500,53.6519613,-3.0147955,4.46,98,-1.2,3.8
1790099447600,53.6519669,-3.0148035,4.52,98,-0.1,4.3
1790099447700,53.6519592,-3.0147850,4.66,98,-0.4,4.2
1790099447800,53.6519593,-3.0147842,4.43,98,-0.7,3.8
1790099447900,53.6519614,-3.0147799,4.44,98,-0.5,3.8
1790099448000,53.6519644,-3.0147819,4.51,98,-0.6,4.0
1790099448100,53.6519578,-3.0147771,4.63,98,-0.3,3.9
1790099448200,53.6519647,-3.0147663,4.54,98,-0.3,3.4
1790099448300,53.6519629,-3.0147704,4.56,98,0.1,3.4
1790099448400,53.6519572,-3.0147661,4.60,98,-0.9,3.7
1790099448500,53.6519574,-3.0147581,4.57,98,0.1,3.3
1790099448600,53.6519599,-3.0147674,4.63,98,-0.7,3.9
1790099448700,53.6519585,-3.0147564,4.63,98,-0.4,3.2
1790099448800,53.6519602,-3.0147533,4.45,98,0.5,3.2
1790099448900,53.6519629,-3.0147410,4.51,98,0.1,3.2
1790099449000,53.6519536,-3.0147415,4.60,98,-0.4,3.6
1790099449100,53.6519593,-3.0147330,4.46,98,-0.6,3.0
1790099449200,53.6519609,-3.0147365,4.47,98,-0.5,3.5
1790099449300,53.6519605,-3.0147303,4.54,98,0.2,3.4
1790099449400,53.6519581,-3.0147312,4.39,98,-0.5,3.5
1790099449500,53.6519518,-3.0147204,4.49,98,0.1,3.4
1790099449600,53.6519613,-3.0147162,4.37,98,0.7,3.2
1790099449700,53.6519613,-3.0147236,4.52,98,0.4,3.0
1790099449800,53.6519533,-3.0147198,4.52,98,0.5,3.3
1790099449900,53.6519603,-3.0147102,4.59,98,-0.6,3.3
1790099450000,53.6519577,-3.0147193,4.50,98,-0.7,2.8
1790099450100,53.6519509,-3.0147050,4.45,98,-0.8,3.1
1790099450200,53.6519562,-3.0147107,4.59,98,-0.6,2.5
1790099450300,53.6519521,-3.0146973,4.52,98,-0.7,2.9
1790099450400,53.6519508,-3.0146921,4.57,98,-0.5,2.5
1790099450500,53.6519505,-3.0146951,4.38,98,-0.0,3.0
1790099450600,53.6519513,-3.0146878,4.37,98,0.4,2.7
1790099450700,53.6519542,-3.0146930,4.51,98,-0.4,2.4
1790099450800,53.6519504,-3.0146817,4.51,98,0.5,2.5
1790099450900,53.6519504,-3.0146875,4.40,98,-0.6,2.0
1790099451000,53.6519510,-3.0146683,4.40,98,0.1,2.7
1790099451100,53.6519485,-3.0146667,4.49,98,-0.6,2.4
1790099451200,53.6519482,-3.0146652,4.38,98,0.1,2.2
1790099451300,53.6519537,-3.0146656,4.55,98,-0.2,2.2
1790099451400,53.6519516,-3.0146688,4.57,98,0.1,2.5
1790099451500,53.6519522,-3.0146599,4.53,98,-0.7,1.9
1790099451600,53.6519497,-3.0146563,4.34,98,-0.6,2.1
1790099451700,53.6519556,-3.0146461,4.51,98,-1.0,2.2
1790099451800,53.6519512,-3.0146450,4.42,98,-1.3,1.8
1790099451900,53.6519449,-3.0146534,4.41,98,-1.3,2.1
1790099452000,53.6519541,-3.0146495,4.48,98,-0.4,2.3
1790099452100,53.6519501,-3.0146436,4.40,98,-0.2,2.1
1790099452200,53.6519543,-3.0146328,4.31,98,-1.3,2.3
1790099452300,53.6519442,-3.0146283,4.32,98,-0.8,1.6
1790099452400,53.6519501,-3.0146327,4.50,98,-0.2,1.9
1790099452500,53.6519512,-3.0146193,4.43,98,-1.7,2.0
1790099452600,53.6519452,-3.0146220,4.30,98,-1.8,2.0
1790099452700,53.6519449,-3.0146207,4.30,98,-1.7,1.6
1790099452800,53.6519451,-3.0146181,4.43,98,-1.7,1.9
1790099452900,53.6519485,-3.0146171,4.27,98,-1.5,1.6
1790099453000,53.6519510,-3.0146081,4.32,98,-1.5,1.9
1790099453100,53.6519490,-3.0146087,4.33,98,-1.4,1.9
1790099453200,53.6519433,-3.0146029,4.31,98,-1.7,1.6
1790099453300,53.6519448,-3.0145906,4.28,98,-2.0,1.9
1790099453400,53.6519471,-3.0146008,4.29,98,-2.2,2.0
1790099453500,53.6519486,-3.0145864,4.48,98,-2.1,1.7
1790099453600,53.6519502,-3.0145849,4.30,98,-2.5,1.5
1790099453700,53.6519411,-3.0145820,4.27,98,-2.1,1.4
1790099453800,53.6519483,-3.0145882,4.42,98,-1.9,2.0
1790099453900,53.6519442,-3.0145765,4.43,98,-1.8,1.6
1790099454000,53.6519464,-3.0145731,4.21,98,-2.8,2.1
1790099454100,53.6519461,-3.0145698,4.23,98,-2.8,2.1
1790099454200,53.6519419,-3.0145663,4.26,98,-1.9,1.7
1790099454300,53.6519451,-3.0145701,4.25,98,-1.7,1.6
1790099454400,53.6519460,-3.0145643,4.35,98,-2.3,1.9
1790099454500,53.6519402,-3.0145606,4.25,98,-2.7,2.1
1790099454600,53.6519381,-3.0145596,4.39,98,-1.9,1.6
1790099454700,53.6519438,-3.0145563,4.40,98,-2.1,2.4
1790099454800,53.6519471,-3.0145419,4.22,98,-2.7,1.9
1790099454900,53.6519424,-3.0145406,4.21,98,-2.3,1.8
1790099455000,53.6519420,-3.0145385,4.43,98,-3.3,2.1
1790099455100,53.6519438,-3.0145343,4.37,98,-3.2,2.3
1790099455200,53.6519452,-3.0145402,4.44,98,-3.7,1.8
1790099455300,53.6519438,-3.0145354,4.34,98,-3.4,2.0
1790099455400,53.6519370,-3.0145237,4.41,98,-2.7,2.6
1790099455500,53.6519418,-3.0145259,4.32,98,-3.4,2.6
1790099455600,53.6519367,-3.0145277,4.38,98,-2.7,2.2
1790099455700,53.6519435,-3.0145160,4.43,98,-3.2,2.1
1790099455800,53.6519389,-3.0145227,4.17,98,-3.4,2.2
1790099455900,53.6519352,-3.0145198,4.29,98,-3.7,2.8
1790099456000,53.6519382,-3.0145101,4.21,98,-3.3,2.9
1790099456100,53.6519390,-3.0144975,4.27,98,-3.7,2.5
1790099456200,53.6519343,-3.0145007,4.31,98,-3.3,2.3
1790099456300,53.6519333,-3.0144980,4.31,98,-3.6,2.6
1790099456400,53.6519390,-3.0145009,4.33,98,-3.4,2.5
1790099456500,53.6519332,-3.0144995,4.17,98,-3.5,2.8
1790099456600,53.6519321,-3.0144873,4.36,98,-4.8,2.8
1790099456700,53.6519353,-3.0144918,4.31,98,-3.8,2.7
1790099456800,53.6519402,-3.0144842,4.17,98,-4.3,3.1
1790099456900,53.6519309,-3.0144819,4.40,98,-4.8,2.9
1790099457000,53.6519312,-3.0144702,4.39,98,-4.8,2.8
1790099457100,53.6519336,-3.0144731,4.34,98,-4.3,3.2
1790099457200,53.6519301,-3.0144608,4.16,98,-4.5,3.4
1790099457300,53.6519343,-3.0144588,4.28,98,-5.1,3.5
1790099457400,53.6519361,-3.0144534,4.11,98,-5.0,3.5
1790099457500,53.6519362,-3.0144651,4.25,98,-4.5,2.9
1790099457600,53.6519338,-3.0144584,4.36,98,-4.8,3.0
1790099457700,53.6519337,-3.0144441,4.15,98,-4.9,3.8
1790099457800,53.6519361,-3.0144438,4.16,98,-4.8,3.7
1790099457900,53.6519299,-3.0144534,4.13,98,-4.8,3.5
1790099458000,53.6519278,-3.0144387,4.13,98,-4.9,3.7
1790099458100,53.6519322,-3.0144363,4.30,98,-5.0,3.9
1790099458200,53.6519318,-3.0144353,4.34,98,-4.6,3.4
1790099458300,53.6519373,-3.0144276,4.23,98,-5.0,3.6
1790099458400,53.6519319,-3.0144207,4.14,98,-4.9,3.9
1790099458500,53.6519340,-3.0144343,4.19,98,-5.3,3.5
1790099458600,53.6519307,-3.0144211,4.18,98,-5.0,3.5
1790099458700,53.6519302,-3.0144263,4.16,98,-5.2,3.8
1790099458800,53.6519330,-3.0144146,4.14,98,-4.5,4.2
1790099458900,53.6519321,-3.0144204,4.32,98,-5.7,3.7
1790099459000,53.6519280,-3.0144023,4.33,98,-4.6,4.0
1790099459100,53.6519261,-3.0144041,4.21,98,-5.2,4.3
1790099459200,53.6519255,-3.0143965,4.09,98,-4.9,4.0
1790099459300,53.6519250,-3.0144054,4.25,98,-5.0,4.0
1790099459400,53.6519344,-3.0143951,4.17,98,-4.4,4.4
1790099459500,53.6519318,-3.0144000,4.33,98,-4.4,4.1
1790099459600,53.6519334,-3.0143941,4.28,98,-4.3,3.9
1790099459700,53.6519256,-3.0143892,4.20,98,-4.2,4.2
1790099459800,53.6519233,-3.0143746,4.25,98,-5.4,4.2
1790099459900,53.6519274,-3.0143889,4.13,98,-4.3,4.2
1790099460000,53.6519315,-3.0143811,4.23,98,-4.7,3.9
1790099460100,53.6519262,-3.0143823,4.08,98,-4.5,4.2
1790099460200,53.6519286,-3.0143640,4.06,98,-5.5,4.1
1790099460300,53.6519314,-3.0143684,4.14,98,-5.1,3.9
1790099460400,53.6519221,-3.0143631,4.15,98,-4.6,4.2
1790099460500,53.6519274,-3.0143621,4.15,98,-4.2,3.9
1790099460600,53.6519232,-3.0143523,4.22,98,-4.4,4.3
1790099460700,53.6519229,-3.0143595,4.29,98,-5.2,4.6
1790099460800,53.6519292,-3.0143488,4.21,98,-4.7,4.4
1790099460900,53.6519243,-3.0143532,4.18,98,-4.0,4.0
1790099461000,53.6519197,-3.0143471,4.10,98,-4.7,4.3
1790099461100,53.6519235,-3.0143353,4.16,98,-4.4,4.4
1790099461200,53.6519273,-3.0143334,4.09,98,-4.7,3.8
1790099461300,53.6519205,-3.0143387,4.16,98,-5.0,4.4
1790099461400,53.6519255,-3.0143375,4.29,98,-4.7,4.1
1790099461500,53.6519253,-3.0143360,4.26,98,-5.2,3.9
1790099461600,53.6519280,-3.0143280,4.26,98,-4.8,3.9
1790099461700,53.6519278,-3.0143246,4.13,98,-4.7,3.9
1790099461800,53.6519196,-3.0143127,4.24,98,-4.9,4.3
1790099461900,53.6519278,-3.0143150,4.28,98,-4.9,4.3
1790099462000,53.6519180,-3.0143100,4.09,98,-4.8,3.6
1790099462100,53.6519167,-3.0143121,4.13,98,-4.6,3.9
1790099462200,53.6519236,-3.0143080,4.22,98,-4.6,3.5
1790099462300,53.6519243,-3.0142955,4.13,98,-4.5,3.8
1790099462400,53.6519176,-3.0142955,4.05,98,-3.2,4.2
1790099462500,53.6519176,-3.0143026,4.14,98,-3.4,3.9
1790099462600,53.6519172,-3.0142962,4.09,98,-3.3,4.2
1790099462700,53.6519185,-3.0142925,4.22,98,-3.0,3.4
1790099462800,53.6519222,-3.0142797,4.03,98,-3.8,3.3
1790099462900,53.6519220,-3.0142785,4.07,98,-4.0,4.0
1790099463000,53.6519217,-3.0142860,4.26,98,-3.0,3.7
1790099463100,53.6519247,-3.0142714,4.24,98,-3.7,3.8
1790099463200,53.6519187,-3.0142663,4.12,98,-3.3,3.2
1790099463300,53.6519202,-3.0142669,4.07,98,-2.8,3.7
1790099463400,53.6519157,-3.0142652,4.19,98,-2.5,3.7
1790099463500,53.6519162,-3.0142604,4.23,98,-3.4,3.4
1790099463600,53.6519135,-3.0142555,4.22,98,-3.1,3.4
1790099463700,53.6519190,-3.0142560,4.08,98,-3.3,2.9
1790099463800,53.6519126,-3.0142513,4.10,98,-2.6,3.6
1790099463900,53.6519186,-3.0142538,4.18,98,-2.5,3.4
1790099464000,53.6519196,-3.0142498,4.07,98,-2.8,2.8
1790099464100,53.6519188,-3.0142501,4.04,98,-2.9,3.0
1790099464200,53.6519148,-3.0142454,4.23,98,-2.1,2.8
1790099464300,53.6519191,-3.0142449,4.03,98,-2.6,3.1
1790099464400,53.6519151,-3.0142371,4.26,98,-1.7,2.6
1790099464500,53.6519172,-3.0142345,4.25,98,-1.7,2.7
1790099464600,53.6519186,-3.0142231,4.28,98,-1.8,3.1
1790099464700,53.6519168,-3.0142249,4.22,98,-1.4,3.1
1790099464800,53.6519143,-3.0142139,4.27,98,-2.6,2.8
1790099464900,53.6519175,-3.0142273,4.11,98,-2.7,2.5
1790099465000,53.6519149,-3.0142172,4.17,98,-2.5,2.8
1790099465100,53.6519098,-3.0142115,4.16,98,-1.2,2.5
1790099465200,53.6519155,-3.0142044,4.07,98,-2.2,2.2
1790099465300,53.6519086,-3.0142078,4.27,98,-1.2,2.3
1790099465400,53.6519088,-3.0142057,4.16,98,-1.4,2.6
1790099465500,53.6519180,-3.0141998,4.16,98,-1.0,2.6
1790099465600,53.6519148,-3.0142002,4.04,98,-2.0,2.1
1790099465700,53.6519142,-3.0141870,4.24,98,-1.0,2.6
1790099465800,53.6519134,-3.0141838,4.01,98,-1.6,1.8
1790099465900,53.6519101,-3.0141813,4.11,98,-1.5,2.5
1790099466000,53.6519114,-3.0141841,4.23,98,-1.5,2.4
1790099466100,53.6519080,-3.0141844,4.27,98,-1.0,2.1
1790099466200,53.6519129,-3.0141781,4.06,98,-1.1,2.1
1790099466300,53.6519065,-3.0141665,4.26,98,-0.6,2.4
1790099466400,53.6519102,-3.0141772,4.13,98,-0.9,1.6
1790099466500,53.6519156,-3.0141640,4.04,98,-0.3,1.7
1790099466600,53.6519142,-3.0141655,4.07,98,-1.2,1.8
1790099466700,53.6519065,-3.0141667,4.03,98,-0.2,1.9
1790099466800,53.6519103,-3.0141604,4.11,98,0.0,2.3
1790099466900,53.6519130,-3.0141633,4.13,98,-1.1,2.0
1790099467000,53.6519055,-3.0141550,4.17,98,-1.2,2.3
1790099467100,53.6519120,-3.0141489,4.04,98,-1.2,2.2
1790099467200,53.6519093,-3.0141434,4.06,98,-0.5,1.9
1790099467300,53.6519058,-3.0141436,4.08,98,-0.5,1.7
1790099467400,53.6519069,-3.0141366,4.14,98,-0.2,1.8
1790099467500,53.6519116,-3.0141302,4.20,98,-0.2,2.2
1790099467600,53.6519055,-3.0141282,4.12,98,0.2,1.8
1790099467700,53.6519117,-3.0141291,4.16,98,0.1,1.4
1790099467800,53.6519080,-3.0141268,4.19,98,0.2,1.8
1790099467900,53.6519032,-3.0141272,4.14,98,0.4,1.7
1790099468000,53.6519117,-3.0141179,4.22,98,-0.2,1.6
1790099468100,53.6519081,-3.0141264,4.15,98,0.4,1.6
1790099468200,53.6519013,-3.0141162,4.31,98,-0.5,2.1
1790099468300,53.6519036,-3.0141025,4.23,98,0.4,1.7
1790099468400,53.6519037,-3.0141131,4.06,98,-0.5,2.0
1790099468500,53.6519101,-3.0141006,4.19,98,-0.6,1.6
1790099468600,53.6519071,-3.0140939,4.07,98,-0.6,2.0
1790099468700,53.6518994,-3.0141037,4.28,98,0.6,2.0
1790099468800,53.6519041,-3.0140892,4.07,98,0.2,1.7
1790099468900,53.6519057,-3.0140939,4.30,98,-0.3,1.9
1790099469000,53.6519060,-3.0140890,4.20,98,0.3,1.9
1790099469100,53.6519057,-3.0140910,4.08,98,-0.2,2.1
1790099469200,53.6519006,-3.0140854,4.26,98,0.6,2.1
1790099469300,53.6519003,-3.0140859,4.09,98,-0.7,2.0
1790099469400,53.6519069,-3.0140840,4.29,98,-0.1,2.4
1790099469500,53.6518993,-3.0140645,4.20,98,-0.6,2.5
1790099469600,53.6519062,-3.0140751,4.28,98,-0.8,2.1
1790099469700,53.6519006,-3.0140633,4.15,98,-0.4,2.1
1790099469800,53.6519052,-3.0140651,4.29,98,0.2,2.3
1790099469900,53.6519061,-3.0140662,4.13,98,0.5,2.3
1790099470000,53.6518972,-3.0140566,4.19,98,0.3,2.4
1790099470100,53.6519027,-3.0140447,4.33,98,0.1,2.2
1790099470200,53.6519048,-3.0140411,4.16,98,-0.5,2.1
1790099470300,53.6518992,-3.0140542,4.19,98,0.2,2.6
1790099470400,53.6518945,-3.0140458,4.18,98,-0.5,2.4
1790099470500,53.6519037,-3.0140312,4.20,98,-0.8,2.7
1790099470600,53.6519030,-3.0140331,4.22,98,-0.7,2.6
1790099470700,53.6519024,-3.0140378,4.22,98,-0.7,2.4
1790099470800,53.6518976,-3.0140213,4.27,98,-0.2,2.8
1790099470900,53.6518997,-3.0140176,4.18,98,-0.7,2.6
1790099471000,53.6518942,-3.0140245,4.21,98,0.2,2.4
1790099471100,53.6519021,-3.0140158,4.19,98,-0.9,2.8
1790099471200,53.6518968,-3.0140256,4.30,98,-0.9,2.9
1790099471300,53.6518992,-3.0140064,4.12,98,-0.2,3.0
1790099471400,53.6518941,-3.0140040,4.29,98,-0.7,3.4
1790099471500,53.6518952,-3.0140058,4.28,98,-1.3,3.2
1790099471600,53.6518943,-3.0139993,4.19,98,-0.1,3.0
1790099471700,53.6518941,-3.0140025,4.29,98,-0.5,3.5
1790099471800,53.6518983,-3.0140038,4.29,98,-1.3,3.6
1790099471900,53.6518975,-3.0139879,4.28,98,-1.4,3.3
1790099472000,53.6518987,-3.0139857,4.19,98,-1.2,3.4
1790099472100,53.6518985,-3.0139793,4.24,98,-1.1,3.0
1790099472200,53.6518947,-3.0139787,4.30,98,-1.0,3.5
1790099472300,53.6518997,-3.0139827,4.16,98,-1.6,3.5
1790099472400,53.6518933,-3.0139755,4.36,98,-1.8,3.5
1790099472500,53.6518989,-3.0139680,4.26,98,-0.8,3.6
1790099472600,53.6518984,-3.0139720,4.30,98,-2.1,3.4
1790099472700,53.6518988,-3.0139646,4.16,98,-1.7,3.3
1790099472800,53.6518972,-3.0139656,4.22,98,-1.0,3.9
1790099472900,53.6518948,-3.0139643,4.23,98,-1.4,3.6
1790099473000,53.6518901,-3.0139563,4.37,98,-2.3,3.5
1790099473100,53.6518955,-3.0139553,4.18,98,-2.5,3.4
1790099473200,53.6518896,-3.0139472,4.26,98,-2.0,3.9
1790099473300,53.6518972,-3.0139559,4.20,98,-2.3,3.5
1790099473400,53.6518909,-3.0139446,4.35,98,-2.0,4.0
1790099473500,53.6518939,-3.0139484,4.31,98,-2.8,4.3
1790099473600,53.6518919,-3.0139378,4.36,98,-1.6,4.4
1790099473700,53.6518863,-3.0139350,4.18,98,-2.1,4.2
1790099473800,53.6518955,-3.0139313,4.37,98,-2.6,4.3
1790099473900,53.6518902,-3.0139371,4.23,98,-3.1,3.9
1790099474000,53.6518904,-3.0139207,4.31,98,-2.6,3.7
1790099474100,53.6518892,-3.0139227,4.23,98,-2.9,4.1
1790099474200,53.6518861,-3.0139192,4.24,98,-2.2,4.5
1790099474300,53.6518841,-3.0139206,4.46,98,-2.9,4.2
1790099474400,53.6518902,-3.0139131,4.29,98,-2.8,4.0
1790099474500,53.6518926,-3.0139078,4.21,98,-2.6,4.2
1790099474600,53.6518843,-3.0139074,4.31,98,-2.6,4.1
1790099474700,53.6518904,-3.0139099,4.42,98,-3.1,4.0
1790099474800,53.6518908,-3.0139050,4.32,98,-3.3,4.2
1790099474900,53.6518909,-3.0138877,4.31,98,-3.7,4.3
1790099475000,53.6518873,-3.0138863,4.41,98,-3.5,3.9
1790099475100,53.6518818,-3.0138956,4.40,98,-3.4,4.1
1790099475200,53.6518916,-3.0138834,4.37,98,-3.4,4.0
1790099475300,53.6518830,-3.0138802,4.38,98,-3.2,4.2
1790099475400,53.6518903,-3.0138744,4.49,98,-3.9,4.5
1790099475500,53.6518809,-3.0138692,4.22,98,-3.6,3.9
1790099475600,53.6518809,-3.0138775,4.28,98,-4.0,4.2
1790099475700,53.6518887,-3.0138729,4.23,98,-3.6,4.0
1790099475800,53.6518892,-3.0138591,4.28,98,-3.2,4.3
1790099475900,53.6518809,-3.0138555,4.32,98,-3.4,4.2
1790099476000,53.6518875,-3.0138494,4.43,98,-4.6,4.0
1790099476100,53.6518845,-3.0138628,4.30,98,-4.1,4.3
1790099476200,53.6518878,-3.0138506,4.45,98,-4.0,3.8
1790099476300,53.6518825,-3.0138424,4.29,98,-4.1,4.1
1790099476400,53.6518877,-3.0138526,4.49,98,-4.9,4.0
1790099476500,53.6518854,-3.0138341,4.47,98,-4.4,3.8
1790099476600,53.6518799,-3.0138454,4.48,98,-3.7,4.2
1790099476700,53.6518792,-3.0138317,4.45,98,-3.7,4.1
1790099476800,53.6518800,-3.0138242,4.46,98,-4.2,4.1
1790099476900,53.6518818,-3.0138279,4.41,98,-5.0,4.2
1790099477000,53.6518791,-3.0138261,4.36,98,-4.2,3.8
1790099477100,53.6518842,-3.0138228,4.46,98,-3.9,3.8
1790099477200,53.6518785,-3.0138146,4.30,98,-4.0,3.7
1790099477300,53.6518824,-3.0138120,4.45,98,-5.0,3.5
1790099477400,53.6518787,-3.0138154,4.46,98,-4.7,3.8
1790099477500,53.6518775,-3.0138002,4.56,98,-5.1,3.3
1790099477600,53.6518815,-3.0138073,4.44,98,-5.0,3.3
1790099477700,53.6518810,-3.0137993,4.41,98,-5.4,3.3
1790099477800,53.6518802,-3.0137953,4.31,98,-4.2,3.3
1790099477900,53.6518790,-3.0137909,4.55,98,-5.4,3.3
1790099478000,53.6518787,-3.0137886,4.54,98,-4.3,3.0
1790099478100,53.6518732,-3.0137833,4.40,98,-5.2,3.1
1790099478200,53.6518768,-3.0137804,4.30,98,-4.3,3.1
1790099478300,53.6518792,-3.0137736,4.44,98,-5.6,3.0
1790099478400,53.6518751,-3.0137737,4.48,98,-4.8,3.3
1790099478500,53.6518728,-3.0137732,4.33,98,-4.7,2.8
1790099478600,53.6518778,-3.0137699,4.36,98,-4.6,2.8
1790099478700,53.6518821,-3.0137661,4.57,98,-4.9,2.8
1790099478800,53.6518720,-3.0137683,4.38,98,-4.4,2.6
1790099478900,53.6518740,-3.0137532,4.46,98,-4.8,2.8
1790099479000,53.6518799,-3.0137527,4.45,98,-5.5,3.0
1790099479100,53.6518743,-3.0137546,4.45,98,-4.3,2.8
1790099479200,53.6518774,-3.0137445,4.41,98,-5.5,2.5
1790099479300,53.6518700,-3.0137505,4.41,98,-5.5,2.3
1790099479400,53.6518798,-3.0137494,4.48,98,-5.0,2.5
1790099479500,53.6518713,-3.0137447,4.46,98,-5.6,2.3
1790099479600,53.6518750,-3.0137260,4.56,98,-5.1,2.2
1790099479700,53.6518699,-3.0137324,4.63,98,-4.8,2.4
1790099479800,53.6518752,-3.0137334,4.46,98,-5.5,2.7
1790099479900,53.6518757,-3.0137192,4.46,98,-4.8,2.6
1790099480000,53.6518702,-3.0137283,4.45,98,-4.9,2.5
1790099480100,53.6518765,-3.0137248,4.48,98,-5.4,2.1
1790099480200,53.6518740,-3.0137117,4.49,98,-4.6,2.5
1790099480300,53.6518692,-3.0137148,4.44,98,-4.9,2.0
1790099480400,53.6518709,-3.0137112,4.41,98,-4.1,2.0
1790099480500,53.6518679,-3.0137070,4.61,98,-4.2,2.2
1790099480600,53.6518673,-3.0136946,4.57,98,-4.2,2.0
1790099480700,53.6518677,-3.0136886,4.49,98,-4.7,1.8
1790099480800,53.6518713,-3.0136956,4.50,98,-4.7,1.6
1790099480900,53.6518684,-3.0136882,4.42,98,-4.2,2.2
1790099481000,53.6518752,-3.0136875,4.61,98,-4.6,2.2
1790099481100,53.6518654,-3.0136753,4.57,98,-3.7,2.1
1790099481200,53.6518669,-3.0136706,4.54,98,-4.3,1.6
1790099481300,53.6518734,-3.0136735,4.46,98,-4.8,2.3
1790099481400,53.6518639,-3.0136729,4.44,98,-4.0,2.2
1790099481500,53.6518720,-3.0136634,4.62,98,-4.9,2.1
1790099481600,53.6518713,-3.0136581,4.52,98,-4.3,1.5
1790099481700,53.6518668,-3.0136589,4.65,98,-4.5,2.0
1790099481800,53.6518661,-3.0136592,4.48,98,-3.5,1.5
1790099481900,53.6518670,-3.0136530,4.52,98,-3.2,1.9
1790099482000,53.6518716,-3.0136436,4.64,98,-4.4,2.1
1790099482100,53.6518629,-3.0136549,4.57,98,-3.2,2.1
1790099482200,53.6518654,-3.0136354,4.55,98,-4.2,2.1
1790099482300,53.6518634,-3.0136426,4.67,98,-3.3,1.6
1790099482400,53.6518673,-3.0136424,4.43,98,-3.5,1.5
1790099482500,53.6518627,-3.0136280,4.58,98,-3.3,1.7
1790099482600,53.6518612,-3.0136356,4.58,98,-3.3,1.5
1790099482700,53.6518628,-3.0136300,4.72,98,-3.4,1.8
1790099482800,53.6518700,-3.0136180,4.58,98,-3.9,2.1
1790099482900,53.6518629,-3.0136265,4.48,98,-3.2,2.0
1790099483000,53.6518607,-3.0136224,4.49,98,-3.2,1.6
1790099483100,53.6518620,-3.0136113,4.69,98,-3.0,1.5
1790099483200,53.6518607,-3.0136168,4.62,98,-2.6,1.7
1790099483300,53.6518607,-3.0135963,4.62,98,-3.1,2.1
1790099483400,53.6518592,-3.0136066,4.49,98,-2.7,1.9
1790099483500,53.6518600,-3.0135949,4.58,98,-3.0,1.8
1790099483600,53.6518642,-3.0136004,4.68,98,-3.2,1.7
1790099483700,53.6518608,-3.0135964,4.67,98,-2.1,2.0
1790099483800,53.6518579,-3.0135954,4.62,98,-2.9,2.4
1790099483900,53.6518666,-3.0135905,4.65,98,-3.0,2.4
1790099484000,53.6518589,-3.0135878,4.66,98,-1.5,2.1
1790099484100,53.6518610,-3.0135707,4.72,98,-2.6,1.9
1790099484200,53.6518642,-3.0135657,4.65,98,-1.5,2.3
1790099484300,53.6518594,-3.0135746,4.70,98,-2.2,2.5
1790099484400,53.6518585,-3.0135668,4.54,98,-2.0,2.0
1790099484500,53.6518590,-3.0135667,4.56,98,-2.4,2.3
1790099484600,53.6518550,-3.0135555,4.70,98,-2.3,2.8
1790099484700,53.6518620,-3.0135602,4.59,98,-1.4,2.6
1790099484800,53.6518597,-3.0135451,4.63,98,-1.9,2.5
1790099484900,53.6518540,-3.0135481,4.60,98,-1.8,2.2
1790099485000,53.6518537,-3.0135488,4.53,98,-2.1,2.8
1790099485100,53.6518552,-3.0135467,4.79,98,-0.9,2.5
1790099485200,53.6518564,-3.0135385,4.73,98,-0.8,2.5
1790099485300,53.6518579,-3.0135395,4.80,98,-0.9,2.3
1790099485400,53.6518537,-3.0135386,4.74,98,-1.5,2.8
1790099485500,53.6518616,-3.0135321,4.68,98,-1.7,2.4
1790099485600,53.6518584,-3.0135219,4.73,98,-1.8,3.0
1790099485700,53.6518532,-3.0135182,4.71,98,-1.3,2.6
1790099485800,53.6518544,-3.0135167,4.72,98,-1.4,2.7
1790099485900,53.6518583,-3.0135065,4.63,98,-1.3,3.2
1790099486000,53.6518519,-3.0135142,4.58,98,-0.7,3.3
1790099486100,53.6518505,-3.0135107,4.66,98,-0.5,3.4
1790099486200,53.6518507,-3.0134938,4.69,98,-0.6,3.2
1790099486300,53.6518528,-3.0134922,4.62,98,-1.4,3.5
1790099486400,53.6518552,-3.0134996,4.71,98,0.1,3.5
1790099486500,53.6518586,-3.0134906,4.70,98,-1.0,3.6
1790099486600,53.6518490,-3.0134860,4.66,98,-0.7,3.7
1790099486700,53.6518577,-3.0134871,4.79,98,-0.6,3.1
1790099486800,53.6518571,-3.0134820,4.60,98,-0.6,3.6
1790099486900,53.6518499,-3.0134681,4.68,98,-0.1,3.8
1790099487000,53.6518471,-3.0134759,4.71,98,-0.2,3.9
1790099487100,53.6518472,-3.0134665,4.75,98,-0.3,3.5
1790099487200,53.6518537,-3.0134720,4.74,98,-0.0,3.8
1790099487300,53.6518462,-3.0134621,4.76,98,0.3,3.8
1790099487400,53.6518494,-3.0134558,4.64,98,0.4,4.0
1790099487500,53.6518558,-3.0134573,4.65,98,0.1,3.6
1790099487600,53.6518492,-3.0134537,4.84,98,-0.6,3.8
1790099487700,53.6518469,-3.0134512,4.63,98,0.4,3.5
1790099487800,53.6518513,-3.0134473,4.61,98,0.1,3.6
1790099487900,53.6518531,-3.0134474,4.67,98,0.1,4.1
1790099488000,53.6518505,-3.0134311,4.84,98,0.0,3.6
1790099488100,53.6518452,-3.0134407,4.59,98,-0.2,3.9
1790099488200,53.6518527,-3.0134368,4.75,98,-0.5,3.7
1790099488300,53.6518525,-3.0134208,4.66,98,0.2,3.9
1790099488400,53.6518476,-3.0134211,4.79,98,0.3,3.7
1790099488500,53.6518509,-3.0134221,4.83,98,-0.2,3.7
1790099488600,53.6518428,-3.0134223,4.87,98,0.1,4.1
1790099488700,53.6518427,-3.0134089,4.68,98,0.4,4.4
1790099488800,53.6518491,-3.0134117,4.83,98,0.7,4.2
1790099488900,53.6518449,-3.0133988,4.62,98,-0.4,4.0
1790099489000,53.6518462,-3.0133955,4.78,98,-0.6,4.5
1790099489100,53.6518415,-3.0133926,4.75,98,-0.6,3.8
1790099489200,53.6518412,-3.0133854,4.74,98,0.2,4.5
1790099489300,53.6518471,-3.0133866,4.79,98,-0.1,3.9
1790099489400,53.6518433,-3.0133912,4.68,98,-0.2,4.4
1790099489500,53.6518442,-3.0133790,4.79,98,0.6,3.9
1790099489600,53.6518439,-3.0133833,4.83,98,-0.4,4.5
1790099489700,53.6518411,-3.0133787,4.65,98,-0.8,3.9
1790099489800,53.6518471,-3.0133730,4.68,98,0.0,4.2
1790099489900,53.6518415,-3.0133621,4.81,98,-0.3,4.5
1790099490000,53.6518434,-3.0133616,4.70,98,0.2,3.8
1790099490100,53.6518428,-3.0133652,4.75,98,-0.4,3.9
1790099490200,53.6518436,-3.0133508,4.71,98,-0.7,4.4
1790099490300,53.6518374,-3.0133594,4.78,98,-0.5,4.1
1790099490400,53.6518469,-3.0133384,4.83,98,0.1,3.9
1790099490500,53.6518440,-3.0133407,4.85,98,-0.1,3.9
1790099490600,53.6518423,-3.0133345,4.87,98,-0.9,3.9
1790099490700,53.6518400,-3.0133359,4.69,98,-0.7,4.4
1790099490800,53.6518371,-3.0133244,4.69,98,-1.2,4.1
1790099490900,53.6518379,-3.0133366,4.85,98,-1.1,4.0
1790099491000,53.6518452,-3.0133304,4.90,98,-1.3,3.6
1790099491100,53.6518361,-3.0133283,4.75,98,-1.3,3.7
1790099491200,53.6518374,-3.0133265,4.82,98,-0.5,4.1
1790099491300,53.6518426,-3.0133070,4.72,98,-0.9,4.1
1790099491400,53.6518379,-3.0133149,4.76,98,-1.2,3.6
1790099491500,53.6518343,-3.0133119,4.79,98,-0.7,4.1
1790099491600,53.6518394,-3.0133091,4.68,98,-0.7,3.9
1790099491700,53.6518354,-3.0133020,4.92,98,-1.6,3.8
1790099491800,53.6518384,-3.0132929,4.69,98,-0.5,3.5
1790099491900,53.6518402,-3.0132956,4.81,98,-1.5,3.7
1790099492000,53.6518423,-3.0132811,4.82,98,-0.8,3.2
1790099492100,53.6518407,-3.0132888,4.65,98,-1.4,3.8
1790099492200,53.6518347,-3.0132851,4.64,98,-1.9,3.3
1790099492300,53.6518374,-3.0132844,4.68,98,-0.9,3.1
1790099492400,53.6518315,-3.0132804,4.85,98,-2.2,3.0
1790099492500,53.6518389,-3.0132678,4.81,98,-1.6,3.4
1790099492600,53.6518384,-3.0132677,4.78,98,-1.5,3.0
1790099492700,53.6518322,-3.0132678,4.88,98,-2.2,3.3
1790099492800,53.6518309,-3.0132612,4.69,98,-1.6,3.0
1790099492900,53.6518364,-3.0132520,4.86,98,-2.3,2.8
1790099493000,53.6518291,-3.0132511,4.76,98,-1.5,3.2
1790099493100,53.6518298,-3.0132543,4.89,98,-2.3,2.8
1790099493200,53.6518341,-3.0132518,4.83,98,-1.7,2.8
1790099493300,53.6518380,-3.0132317,4.65,98,-1.9,2.7
1790099493400,53.6518332,-3.0132277,4.70,98,-2.5,3.0
1790099493500,53.6518357,-3.0132373,4.73,98,-3.2,2.5
1790099493600,53.6518286,-3.0132283,4.78,98,-2.8,2.3
1790099493700,53.6518370,-3.0132253,4.83,98,-2.5,2.7
1790099493800,53.6518346,-3.0132184,4.84,98,-2.5,2.8
1790099493900,53.6518356,-3.0132263,4.72,98,-3.1,2.9
1790099494000,53.6518329,-3.0132079,4.70,98,-2.9,2.8
1790099494100,53.6518261,-3.0132154,4.74,98,-3.5,2.4
1790099494200,53.6518277,-3.0132126,4.87,98,-2.6,2.4
1790099494300,53.6518256,-3.0131973,4.88,98,-2.8,2.6
1790099494400,53.6518266,-3.0131956,4.66,98,-3.3,2.4
1790099494500,53.6518341,-3.0131953,4.67,98,-3.1,2.5
1790099494600,53.6518280,-3.0131983,4.86,98,-3.9,2.5
1790099494700,53.6518304,-3.0131972,4.77,98,-3.8,2.5
1790099494800,53.6518242,-3.0131789,4.70,98,-3.3,1.8
1790099494900,53.6518291,-3.0131900,4.84,98,-4.3,2.2
1790099495000,53.6518249,-3.0131756,4.91,98,-3.3,2.0
1790099495100,53.6518303,-3.0131680,4.69,98,-3.6,2.4
1790099495200,53.6518244,-3.0131776,4.85,98,-3.2,1.8
1790099495300,53.6518295,-3.0131599,4.83,98,-3.5,1.7
1790099495400,53.6518268,-3.0131685,4.80,98,-3.9,1.7
1790099495500,53.6518312,-3.0131520,4.70,98,-4.1,2.1
1790099495600,53.6518265,-3.0131532,4.79,98,-4.8,2.2
1790099495700,53.6518262,-3.0131433,4.71,98,-4.1,2.2
1790099495800,53.6518280,-3.0131474,4.86,98,-3.5,1.6
1790099495900,53.6518218,-3.0131432,4.66,98,-4.7,1.8
1790099496000,53.6518275,-3.0131361,4.74,98,-3.7,1.9
1790099496100,53.6518235,-3.0131380,4.64,98,-4.8,1.5
1790099496200,53.6518255,-3.0131406,4.72,98,-3.8,1.8
1790099496300,53.6518290,-3.0131214,4.76,98,-4.1,1.6
1790099496400,53.6518225,-3.0131311,4.61,98,-5.3,1.5
1790099496500,53.6518204,-3.0131203,4.83,98,-4.4,1.9
1790099496600,53.6518258,-3.0131213,4.86,98,-4.3,1.5
1790099496700,53.6518213,-3.0131146,4.79,98,-4.5,1.5
1790099496800,53.6518261,-3.0131035,4.86,98,-5.2,1.8
1790099496900,53.6518191,-3.0131122,4.76,98,-4.9,1.7
1790099497000,53.6518252,-3.0131036,4.71,98,-4.9,1.6
1790099497100,53.6518193,-3.0130990,4.71,98,-5.2,1.5
1790099497200,53.6518257,-3.0131051,4.68,98,-5.0,1.7
1790099497300,53.6518251,-3.0130871,4.86,98,-5.3,1.9
1790099497400,53.6518153,-3.0130891,4.69,98,-4.5,1.9
1790099497500,53.6518252,-3.0130905,4.73,98,-5.0,1.7
1790099497600,53.6518176,-3.0130734,4.69,98,-4.5,1.5
1790099497700,53.6518221,-3.0130733,4.61,98,-4.3,1.9
1790099497800,53.6518228,-3.0130751,4.80,98,-5.4,2.2
1790099497900,53.6518238,-3.0130758,4.67,98,-4.8,2.0
1790099498000,53.6518203,-3.0130693,4.83,98,-4.3,1.9
1790099498100,53.6518155,-3.0130566,4.68,98,-4.9,2.0
1790099498200,53.6518222,-3.0130550,4.60,98,-4.3,1.8
1790099498300,53.6518168,-3.0130505,4.73,98,-5.5,2.4
1790099498400,53.6518183,-3.0130579,4.61,98,-4.6,2.5
1790099498500,53.6518132,-3.0130407,4.64,98,-4.7,2.5
1790099498600,53.6518135,-3.0130421,4.64,98,-4.9,1.8
1790099498700,53.6518196,-3.0130348,4.83,98,-4.9,1.9
1790099498800,53.6518129,-3.0130339,4.77,98,-4.9,1.9
1790099498900,53.6518190,-3.0130407,4.84,98,-5.6,2.2
1790099499000,53.6518114,-3.0130349,4.79,98,-5.1,2.1
1790099499100,53.6518172,-3.0130203,4.60,98,-4.5,2.7
1790099499200,53.6518172,-3.0130318,4.59,98,-4.4,2.6
1790099499300,53.6518144,-3.0130152,4.79,98,-5.1,2.6
1790099499400,53.6518193,-3.0130242,4.76,98,-4.7,2.7
1790099499500,53.6518160,-3.0130206,4.65,98,-4.2,2.7
1790099499600,53.6518159,-3.0130049,4.72,98,-4.9,2.7
1790099499700,53.6518099,-3.0130115,4.62,98,-5.2,2.8
1790099499800,53.6518128,-3.0130008,4.66,98,-4.1,2.8
1790099499900,53.6518115,-3.0130036,4.76,98,-4.1,2.4
1790099500000,53.6518123,-3.0129905,4.61,98,-4.3,2.7
1790099500100,53.6518106,-3.0129882,4.72,98,-4.9,2.9
1790099500200,53.6518117,-3.0129929,4.76,98,-4.4,3.2
1790099500300,53.6518120,-3.0129833,4.58,98,-4.7,2.7
1790099500400,53.6518093,-3.0129794,4.69,98,-5.0,2.8
1790099500500,53.6518149,-3.0129736,4.68,98,-4.3,2.8
1790099500600,53.6518095,-3.0129729,4.76,98,-4.8,2.8
1790099500700,53.6518143,-3.0129659,4.71,98,-4.8,3.2
1790099500800,53.6518130,-3.0129621,4.65,98,-4.4,3.5
1790099500900,53.6518118,-3.0129672,4.58,98,-3.8,3.2
1790099501000,53.6518082,-3.0129639,4.64,98,-4.3,3.1
1790099501100,53.6518094,-3.0129606,4.71,98,-3.8,3.7
1790099501200,53.6518110,-3.0129485,4.57,98,-3.7,3.5
1790099501300,53.6518095,-3.0129503,4.58,98,-4.3,3.5
1790099501400,53.6518102,-3.0129519,4.58,98,-3.2,3.7
1790099501500,53.6518110,-3.0129473,4.69,98,-3.8,3.9
1790099501600,53.6518105,-3.0129438,4.52,98,-3.9,3.7
1790099501700,53.6518059,-3.0129299,4.69,98,-3.2,3.9
1790099501800,53.6518102,-3.0129293,4.59,98,-3.3,3.8
1790099501900,53.6518082,-3.0129340,4.68,98,-3.5,4.1
1790099502000,53.6518062,-3.0129255,4.71,98,-3.4,3.6
1790099502100,53.6518020,-3.0129174,4.74,98,-3.5,3.7
1790099502200,53.6518109,-3.0129217,4.69,98,-3.4,4.2
1790099502300,53.6518009,-3.0129213,4.51,98,-3.0,4.2
1790099502400,53.6518012,-3.0129034,4.49,98,-3.5,4.1
1790099502500,53.6518083,-3.0128966,4.70,98,-3.2,4.2
1790099502600,53.6518013,-3.0129101,4.50,98,-3.7,4.3
1790099502700,53.6518009,-3.0128970,4.61,98,-2.6,4.2
1790099502800,53.6518071,-3.0128984,4.53,98,-2.4,3.9
1790099502900,53.6518014,-3.0128846,4.55,98,-3.4,4.2
1790099503000,53.6518088,-3.0128910,4.59,98,-2.3,4.0
1790099503100,53.6518001,-3.0128836,4.75,98,-2.1,4.3
1790099503200,53.6518044,-3.0128860,4.58,98,-2.8,3.8
1790099503300,53.6518018,-3.0128747,4.53,98,-2.0,4.4
1790099503400,53.6517982,-3.0128753,4.46,98,-2.4,4.1
1790099503500,53.6517997,-3.0128789,4.67,98,-1.6,4.0
1790099503600,53.6518027,-3.0128668,4.61,98,-2.1,4.5
1790099503700,53.6517967,-3.0128641,4.65,98,-2.5,4.3
1790099503800,53.6518039,-3.0128544,4.50,98,-1.4,4.1
1790099503900,53.6518010,-3.0128511,4.62,98,-2.6,4.3
1790099504000,53.6518055,-3.0128543,4.58,98,-2.4,3.8
1790099504100,53.6518031,-3.0128547,4.70,98,-1.4,3.8
1790099504200,53.6517994,-3.0128515,4.47,98,-1.7,4.4
1790099504300,53.6517967,-3.0128443,4.65,98,-1.8,4.0
1790099504400,53.6517986,-3.0128298,4.60,98,-1.3,4.2
1790099504500,53.6518018,-3.0128303,4.59,98,-0.7,4.5
1790099504600,53.6517948,-3.0128289,4.69,98,-1.3,3.9
1790099504700,53.6517969,-3.0128189,4.62,98,-1.9,4.1
1790099504800,53.6517973,-3.0128326,4.66,98,-1.9,4.2
1790099504900,53.6517979,-3.0128239,4.54,98,-1.7,4.4
1790099505000,53.6517935,-3.0128141,4.58,98,-1.2,4.0
1790099505100,53.6518000,-3.0128067,4.52,98,-0.5,4.2
1790099505200,53.6517994,-3.0128115,4.58,98,-1.6,3.9
1790099505300,53.6517984,-3.0128083,4.59,98,-0.4,4.2
1790099505400,53.6517928,-3.0128071,4.45,98,-1.6,4.0
1790099505500,53.6518017,-3.0127937,4.38,98,-0.2,4.0
1790099505600,53.6517977,-3.0128039,4.42,98,-0.6,3.7
1790099505700,53.6517963,-3.0127917,4.58,98,-0.2,3.8
1790099505800,53.6517973,-3.0127949,4.44,98,-1.4,4.1
1790099505900,53.6517927,-3.0127771,4.47,98,-1.2,4.1
1790099506000,53.6517901,-3.0127762,4.61,98,-1.1,3.4
1790099506100,53.6517981,-3.0127707,4.46,98,0.2,3.9
1790099506200,53.6517946,-3.0127689,4.45,98,-0.6,3.6
1790099506300,53.6517986,-3.0127801,4.52,98,-0.5,3.6
1790099506400,53.6517958,-3.0127651,4.39,98,0.3,3.4
1790099506500,53.6517971,-3.0127595,4.41,98,-0.7,3.2
1790099506600,53.6517947,-3.0127642,4.45,98,0.2,3.8
1790099506700,53.6517973,-3.0127496,4.57,98,0.1,3.2
1790099506800,53.6517877,-3.0127531,4.44,98,-0.4,3.3
1790099506900,53.6517941,-3.0127508,4.46,98,-0.2,3.6
1790099507000,53.6517901,-3.0127537,4.41,98,-0.4,3.6
1790099507100,53.6517944,-3.0127402,4.35,98,0.2,3.2
1790099507200,53.6517867,-3.0127387,4.33,98,0.2,3.4
1790099507300,53.6517954,-3.0127285,4.32,98,0.3,3.0
1790099507400,53.6517911,-3.0127310,4.54,98,-0.4,3.4
1790099507500,53.6517911,-3.0127312,4.45,98,-0.2,2.7
1790099507600,53.6517910,-3.0127216,4.45,98,0.6,3.3
1790099507700,53.6517927,-3.0127206,4.38,98,0.7,2.9
1790099507800,53.6517881,-3.0127285,4.49,98,-0.6,2.5
1790099507900,53.6517918,-3.0127183,4.42,98,-0.1,3.2
1790099508000,53.6517921,-3.0127067,4.41,98,0.4,2.4
1790099508100,53.6517863,-3.0127157,4.49,98,-0.5,2.5
1790099508200,53.6517833,-3.0127095,4.47,98,0.6,2.9
1790099508300,53.6517858,-3.0126997,4.54,98,0.6,2.8
1790099508400,53.6517908,-3.0127050,4.41,98,-0.5,2.4
1790099508500,53.6517849,-3.0127030,4.36,98,0.4,2.4
1790099508600,53.6517837,-3.0126865,4.44,98,0.1,2.7
1790099508700,53.6517868,-3.0126924,4.37,98,0.1,2.7
1790099508800,53.6517882,-3.0126944,4.51,98,-0.1,2.0
1790099508900,53.6517893,-3.0126859,4.40,98,-0.5,2.6
1790099509000,53.6517812,-3.0126732,4.38,98,0.2,2.3
1790099509100,53.6517883,-3.0126805,4.46,98,0.3,1.8
1790099509200,53.6517899,-3.0126706,4.49,98,-0.3,2.0
1790099509300,53.6517882,-3.0126692,4.36,98,-0.7,2.3
1790099509400,53.6517849,-3.0126660,4.25,98,0.5,2.2
1790099509500,53.6517899,-3.0126706,4.26,98,0.2,2.2
1790099509600,53.6517793,-3.0126544,4.50,98,0.2,2.4
1790099509700,53.6517849,-3.0126513,4.24,98,-1.1,1.8
1790099509800,53.6517893,-3.0126479,4.39,98,-0.3,1.7
1790099509900,53.6517881,-3.0126568,4.48,98,-1.2,2.3
1790099510000,53.6517814,-3.0126435,4.34,98,-0.7,1.7
1790099510100,53.6517830,-3.0126395,4.25,98,0.1,1.6
1790099510200,53.6517854,-3.0126416,4.22,98,-0.1,1.6
1790099510300,53.6517846,-3.0126273,4.47,98,-1.1,1.9
1790099510400,53.6517783,-3.0126341,4.47,98,-1.1,1.7
1790099510500,53.6517793,-3.0126227,4.41,98,-0.6,1.7
1790099510600,53.6517842,-3.0126228,4.33,98,-0.9,1.6
1790099510700,53.6517816,-3.0126226,4.25,98,-0.6,1.6
1790099510800,53.6517864,-3.0126172,4.47,98,-1.6,1.5
1790099510900,53.6517763,-3.0126220,4.30,98,-1.1,1.5
1790099511000,53.6517754,-3.0126057,4.38,98,-0.7,2.1
1790099511100,53.6517762,-3.0126060,4.43,98,-1.3,2.0
1790099511200,53.6517783,-3.0125967,4.44,98,-0.4,1.6
1790099511300,53.6517828,-3.0126093,4.31,98,-1.2,1.9
1790099511400,53.6517792,-3.0125923,4.21,98,-1.7,2.2
1790099511500,53.6517774,-3.0126023,4.37,98,-2.0,1.9
1790099511600,53.6517779,-3.0125964,4.28,98,-0.7,1.5
1790099511700,53.6517766,-3.0125904,4.22,98,-1.4,2.0
1790099511800,53.6517764,-3.0125836,4.24,98,-2.0,1.5
1790099511900,53.6517810,-3.0125893,4.31,98,-2.2,2.3
1790099512000,53.6517809,-3.0125783,4.34,98,-2.1,1.5
1790099512100,53.6517823,-3.0125798,4.39,98,-1.2,2.1
1790099512200,53.6517805,-3.0125788,4.33,98,-1.8,2.2
1790099512300,53.6517781,-3.0125633,4.35,98,-1.4,2.3
1790099512400,53.6517741,-3.0125598,4.40,98,-1.6,1.6
1790099512500,53.6517815,-3.0125567,4.14,98,-2.1,2.0
1790099512600,53.6517812,-3.0125647,4.28,98,-1.9,2.1
1790099512700,53.6517707,-3.0125536,4.23,98,-2.3,1.9
1790099512800,53.6517771,-3.0125431,4.16,98,-2.6,1.8
1790099512900,53.6517744,-3.0125558,4.19,98,-2.3,2.4
1790099513000,53.6517737,-3.0125541,4.23,98,-3.0,2.2
1790099513100,53.6517735,-3.0125459,4.17,98,-2.4,2.5
1790099513200,53.6517772,-3.0125336,4.32,98,-2.0,2.1
1790099513300,53.6517764,-3.0125359,4.19,98,-2.3,2.6
1790099513400,53.6517773,-3.0125343,4.17,98,-2.5,2.3
1790099513500,53.6517751,-3.0125366,4.40,98,-3.3,2.0
1790099513600,53.6517764,-3.0125216,4.22,98,-3.1,2.5
1790099513700,53.6517716,-3.0125202,4.16,98,-3.3,2.5
1790099513800,53.6517752,-3.0125175,4.34,98,-2.8,2.8
1790099513900,53.6517676,-3.0125089,4.27,98,-2.8,2.4
1790099514000,53.6517671,-3.0125086,4.28,98,-3.6,2.5
1790099514100,53.6517698,-3.0125093,4.35,98,-3.9,2.4
1790099514200,53.6517709,-3.0125069,4.22,98,-4.1,2.4
1790099514300,53.6517757,-3.0124948,4.14,98,-3.4,2.4
1790099514400,53.6517758,-3.0124920,4.17,98,-4.2,2.6
1790099514500,53.6517659,-3.0125036,4.21,98,-3.1,3.2
1790099514600,53.6517694,-3.0125019,4.36,98,-4.3,2.6
1790099514700,53.6517699,-3.0124947,4.36,98,-4.4,3.3
1790099514800,53.6517700,-3.0124915,4.29,98,-4.1,2.9
1790099514900,53.6517658,-3.0124861,4.19,98,-4.3,3.1
1790099515000,53.6517730,-3.0124725,4.23,98,-4.1,3.3
1790099515100,53.6517715,-3.0124842,4.18,98,-4.7,3.1
1790099515200,53.6517641,-3.0124694,4.22,98,-3.7,3.5
1790099515300,53.6517675,-3.0124773,4.14,98,-3.9,3.6
1790099515400,53.6517636,-3.0124661,4.33,98,-4.0,3.3
1790099515500,53.6517691,-3.0124658,4.25,98,-4.6,3.3
1790099515600,53.6517671,-3.0124517,4.25,98,-4.4,3.5
1790099515700,53.6517679,-3.0124644,4.12,98,-3.9,3.2
1790099515800,53.6517723,-3.0124482,4.13,98,-4.6,3.5
1790099515900,53.6517665,-3.0124480,4.14,98,-5.1,3.4
1790099516000,53.6517671,-3.0124448,4.23,98,-5.3,3.3
1790099516100,53.6517653,-3.0124394,4.18,98,-4.7,3.6
1790099516200,53.6517699,-3.0124438,4.16,98,-4.5,4.0
1790099516300,53.6517713,-3.0124313,4.11,98,-5.3,3.4
1790099516400,53.6517664,-3.0124294,4.08,98,-5.3,3.7
1790099516500,53.6517604,-3.0124256,4.20,98,-5.5,3.8
1790099516600,53.6517676,-3.0124226,4.21,98,-4.1,4.1
1790099516700,53.6517641,-3.0124262,4.29,98,-4.1,4.0
1790099516800,53.6517627,-3.0124271,4.07,98,-4.3,4.2
1790099516900,53.6517600,-3.0124254,4.29,98,-5.3,4.0
1790099517000,53.6517599,-3.0124131,4.16,98,-4.2,4.3
1790099517100,53.6517623,-3.0124167,4.32,98,-5.4,4.2
1790099517200,53.6517639,-3.0124004,4.26,98,-5.2,3.9
1790099517300,53.6517616,-3.0124004,4.12,98,-4.4,4.2
1790099517400,53.6517674,-3.0124007,4.19,98,-4.5,3.7
1790099517500,53.6517599,-3.0123921,4.10,98,-4.3,4.0
1790099517600,53.6517618,-3.0123941,4.14,98,-4.5,3.8
1790099517700,53.6517665,-3.0123976,4.09,98,-4.5,4.1
1790099517800,53.6517662,-3.0123875,4.14,98,-4.8,4.4
1790099517900,53.6517665,-3.0123869,4.17,98,-5.4,4.2
1790099518000,53.6517581,-3.0123744,4.03,98,-5.0,4.3
1790099518100,53.6517561,-3.0123771,4.06,98,-4.8,3.8
1790099518200,53.6517642,-3.0123854,4.04,98,-5.1,4.0
1790099518300,53.6517581,-3.0123753,4.17,98,-5.1,3.8
1790099518400,53.6517564,-3.0123700,4.11,98,-4.5,3.9
1790099518500,53.6517603,-3.0123625,4.09,98,-4.8,4.1
1790099518600,53.6517606,-3.0123618,4.15,98,-4.4,4.5
1790099518700,53.6517556,-3.0123614,4.14,98,-5.1,4.4
1790099518800,53.6517619,-3.0123528,4.04,98,-4.3,4.1
1790099518900,53.6517622,-3.0123633,4.13,98,-4.7,3.8
1790099519000,53.6517550,-3.0123431,4.12,98,-4.5,3.8
1790099519100,53.6517613,-3.0123393,4.19,98,-4.4,4.1
1790099519200,53.6517550,-3.0123520,4.14,98,-5.1,4.3
1790099519300,53.6517561,-3.0123361,4.07,98,-5.3,4.2
1790099519400,53.6517536,-3.0123338,4.24,98,-4.5,4.2
1790099519500,53.6517556,-3.0123326,4.29,98,-4.1,4.1
1790099519600,53.6517620,-3.0123328,4.18,98,-5.0,3.7
1790099519700,53.6517563,-3.0123316,4.17,98,-4.0,4.1
1790099519800,53.6517571,-3.0123234,4.23,98,-4.6,3.8
1790099519900,53.6517535,-3.0123228,4.10,98,-3.8,4.3
1790099520000,53.6517589,-3.0123258,4.20,98,-4.8,4.3
1790099520100,53.6517572,-3.0123074,4.09,98,-4.4,4.1
1790099520200,53.6517535,-3.0123061,4.23,98,-3.9,4.0
1790099520300,53.6517594,-3.0123097,4.21,98,-4.1,3.7
1790099520400,53.6517508,-3.0123019,4.02,98,-3.5,4.1
1790099520500,53.6517505,-3.0122946,4.02,98,-3.7,4.1
1790099520600,53.6517587,-3.0123021,4.21,98,-3.9,3.8
1790099520700,53.6517524,-3.0122959,4.10,98,-3.9,3.6
1790099520800,53.6517553,-3.0122911,4.28,98,-3.3,3.9
1790099520900,53.6517513,-3.0122843,4.24,98,-3.2,3.3
1790099521000,53.6517554,-3.0122826,4.13,98,-3.4,3.1
1790099521100,53.6517585,-3.0122756,4.07,98,-3.5,3.8
1790099521200,53.6517552,-3.0122729,4.12,98,-2.9,3.4
1790099521300,53.6517560,-3.0122762,4.14,98,-3.8,3.6
1790099521400,53.6517529,-3.0122711,4.11,98,-3.4,3.1
1790099521500,53.6517519,-3.0122796,4.19,98,-3.2,3.3
1790099521600,53.6517483,-3.0122626,4.28,98,-3.7,3.3
1790099521700,53.6517486,-3.0122640,4.22,98,-3.9,3.5
1790099521800,53.6517509,-3.0122573,4.12,98,-3.6,2.7
1790099521900,53.6517487,-3.0122544,4.04,98,-3.0,3.4
1790099522000,53.6517543,-3.0122574,4.21,98,-3.4,2.8
1790099522100,53.6517510,-3.0122459,4.04,98,-2.6,2.7
1790099522200,53.6517468,-3.0122489,4.03,98,-2.2,3.2
1790099522300,53.6517538,-3.0122480,4.09,98,-2.7,3.0
1790099522400,53.6517487,-3.0122429,4.24,98,-2.8,2.7
1790099522500,53.6517540,-3.0122417,4.13,98,-2.9,2.5
1790099522600,53.6517530,-3.0122276,4.23,98,-2.2,2.6
1790099522700,53.6517531,-3.0122271,4.23,98,-3.1,2.9
1790099522800,53.6517540,-3.0122272,4.26,98,-2.5,2.8
1790099522900,53.6517442,-3.0122293,4.27,98,-2.5,2.4
1790099523000,53.6517488,-3.0122282,4.29,98,-1.7,2.7
1790099523100,53.6517440,-3.0122283,4.15,98,-2.1,2.5
1790099523200,53.6517482,-3.0122165,4.26,98,-1.5,2.5
1790099523300,53.6517503,-3.0122070,4.25,98,-1.8,2.2
1790099523400,53.6517436,-3.0122044,4.02,98,-1.4,2.5
1790099523500,53.6517459,-3.0121987,4.25,98,-1.4,2.0
1790099523600,53.6517494,-3.0122087,4.24,98,-2.2,2.6
1790099523700,53.6517454,-3.0122081,4.26,98,-1.9,2.2
1790099523800,53.6517472,-3.0121996,4.21,98,-1.6,2.0
1790099523900,53.6517432,-3.0121855,4.16,98,-0.9,2.5
1790099524000,53.6517451,-3.0121982,4.22,98,-1.4,2.2
1790099524100,53.6517476,-3.0121945,4.26,98,-1.4,1.8
1790099524200,53.6517399,-3.0121804,4.04,98,-1.0,1.9
1790099524300,53.6517453,-3.0121723,4.16,98,-1.8,2.1
1790099524400,53.6517494,-3.0121694,4.10,98,-1.3,2.2
1790099524500,53.6517440,-3.0121828,4.17,98,-0.5,2.0
1790099524600,53.6517437,-3.0121783,4.08,98,-0.6,1.9
1790099524700,53.6517444,-3.0121750,4.15,98,-0.3,1.9
1790099524800,53.6517390,-3.0121620,4.25,98,-1.2,2.0
1790099524900,53.6517414,-3.0121647,4.06,98,-1.1,1.9
1790099525000,53.6517448,-3.0121545,4.11,98,-1.0,1.5
1790099525100,53.6517424,-3.0121542,4.16,98,-0.3,1.5
1790099525200,53.6517390,-3.0121567,4.10,98,-1.0,2.0
1790099525300,53.6517443,-3.0121570,4.10,98,-0.2,1.5
1790099525400,53.6517387,-3.0121449,4.19,98,-1.0,2.1
1790099525500,53.6517380,-3.0121443,4.28,98,-0.9,1.9
1790099525600,53.6517448,-3.0121435,4.20,98,0.2,2.0
1790099525700,53.6517438,-3.0121443,4.27,98,-0.5,2.0
1790099525800,53.6517363,-3.0121256,4.28,98,-0.4,1.7
1790099525900,53.6517455,-3.0121226,4.28,98,-0.9,1.6
1790099526000,53.6517438,-3.0121318,4.33,98,-0.7,2.1
1790099526100,53.6517424,-3.0121181,4.09,98,-1.0,1.6
1790099526200,53.6517362,-3.0121240,4.15,98,0.1,2.1
1790099526300,53.6517352,-3.0121209,4.29,98,0.1,1.8
1790099526400,53.6517424,-3.0121149,4.14,98,0.1,1.6
1790099526500,53.6517428,-3.0121034,4.26,98,-0.4,1.5
1790099526600,53.6517433,-3.0120984,4.10,98,-0.1,1.8
1790099526700,53.6517391,-3.0120943,4.29,98,0.1,2.2
1790099526800,53.6517372,-3.0120939,4.25,98,0.2,1.8
1790099526900,53.6517420,-3.0121039,4.28,98,0.6,2.0
1790099527000,53.6517372,-3.0121027,4.16,98,-0.5,2.3
1790099527100,53.6517410,-3.0120987,4.17,98,0.1,2.3
1790099527200,53.6517384,-3.0120828,4.11,98,0.2,2.4
1790099527300,53.6517355,-3.0120882,4.14,98,-0.3,2.3
1790099527400,53.6517392,-3.0120876,4.20,98,-0.4,2.3
1790099527500,53.6517352,-3.0120846,4.21,98,0.3,2.3
1790099527600,53.6517320,-3.0120654,4.13,98,-0.2,2.6
1790099527700,53.6517356,-3.0120645,4.29,98,-0.4,2.7
1790099527800,53.6517399,-3.0120740,4.16,98,-0.0,2.3
1790099527900,53.6517361,-3.0120629,4.25,98,0.6,2.3
1790099528000,53.6517315,-3.0120685,4.27,98,0.7,2.7
1790099528100,53.6517396,-3.0120621,4.35,98,-0.1,2.4
1790099528200,53.6517297,-3.0120572,4.29,98,0.5,2.2
1790099528300,53.6517347,-3.0120535,4.27,98,0.4,2.8
1790099528400,53.6517301,-3.0120535,4.36,98,-0.2,2.8
1790099528500,53.6517354,-3.0120525,4.37,98,-0.8,2.5
1790099528600,53.6517345,-3.0120374,4.31,98,-0.7,3.0
1790099528700,53.6517277,-3.0120404,4.27,98,-0.5,2.6
1790099528800,53.6517283,-3.0120368,4.31,98,0.1,2.4
1790099528900,53.6517314,-3.0120352,4.26,98,-0.9,2.5
1790099529000,53.6517295,-3.0120369,4.26,98,-0.7,3.3
1790099529100,53.6517357,-3.0120287,4.21,98,-0.4,2.6
1790099529200,53.6517289,-3.0120219,4.27,98,-0.5,2.7
1790099529300,53.6517278,-3.0120112,4.20,98,-0.4,3.3
1790099529400,53.6517348,-3.0120151,4.37,98,-1.2,3.3
1790099529500,53.6517271,-3.0120109,4.18,98,-0.7,2.8
1790099529600,53.6517302,-3.0120028,4.14,98,-1.2,3.3
1790099529700,53.6517274,-3.0120137,4.42,98,-0.5,3.1
1790099529800,53.6517337,-3.0120017,4.31,98,-0.2,3.1
1790099529900,53.6517285,-3.0119923,4.28,98,-0.4,3.7
1790099530000,53.6517301,-3.0120006,4.30,98,-0.2,3.1
1790099530100,53.6517340,-3.0119874,4.40,98,-0.6,3.2
1790099530200,53.6517265,-3.0119934,4.29,98,-0.9,3.4
1790099530300,53.6517232,-3.0119869,4.39,98,-0.6,3.9
1790099530400,53.6517232,-3.0119858,4.34,98,-1.1,3.8
1790099530500,53.6517264,-3.0119798,4.28,98,-1.0,3.7
1790099530600,53.6517230,-3.0119823,4.23,98,-0.6,3.5
1790099530700,53.6517265,-3.0119713,4.37,98,-1.2,3.9
1790099530800,53.6517283,-3.0119769,4.21,98,-1.8,3.9
1790099530900,53.6517282,-3.0119640,4.24,98,-0.7,3.5
1790099531000,53.6517269,-3.0119587,4.20,98,-1.3,4.2
1790099531100,53.6517243,-3.0119607,4.17,98,-1.4,4.0
1790099531200,53.6517285,-3.0119575,4.41,98,-1.2,3.8
1790099531300,53.6517303,-3.0119592,4.37,98,-1.2,4.3
1790099531400,53.6517272,-3.0119541,4.27,98,-2.4,4.3
1790099531500,53.6517211,-3.0119450,4.24,98,-2.3,4.3
1790099531600,53.6517226,-3.0119393,4.41,98,-2.4,3.8
1790099531700,53.6517262,-3.0119430,4.44,98,-1.8,4.2
1790099531800,53.6517279,-3.0119286,4.24,98,-2.6,4.2
1790099531900,53.6517282,-3.0119342,2.41,142,0.4,4.5
1790099532000,53.6517181,-3.0119347,2.38,142,0.7,4.2
1790099532100,53.6517176,-3.0119256,2.49,142,0.6,4.0
1790099532200,53.6517203,-3.0119349,2.48,142,-0.3,4.5
1790099532300,53.6517252,-3.0119268,2.52,142,0.2,4.5
1790099532400,53.6517220,-3.0119337,2.52,142,0.3,4.0
1790099532500,53.6517180,-3.0119331,2.55,142,0.0,3.8
1790099532600,53.6517121,-3.0119204,2.51,142,0.7,4.4
1790099532700,53.6517109,-3.0119309,2.54,142,-0.3,4.3
1790099532800,53.6517187,-3.0119267,2.61,142,-0.7,4.0
1790099532900,53.6517183,-3.0119157,2.71,142,-0.1,4.4
1790099533000,53.6517145,-3.0119259,2.67,142,0.4,4.3
1790099533100,53.6517124,-3.0119269,2.67,142,-0.5,4.6
1790099533200,53.6517136,-3.0119106,2.79,142,-0.3,4.2
1790099533300,53.6517088,-3.0119226,2.77,142,-0.9,4.4
1790099533400,53.6517100,-3.0119081,2.80,142,0.2,4.0
1790099533500,53.6517103,-3.0119146,2.75,142,-0.2,4.1
1790099533600,53.6517062,-3.0119050,2.87,142,-0.4,4.4
1790099533700,53.6517095,-3.0119029,2.82,142,-0.5,3.8
1790099533800,53.6517066,-3.0119147,2.86,142,-1.1,3.8
1790099533900,53.6517004,-3.0119158,2.87,142,-0.8,4.3
1790099534000,53.6517024,-3.0119050,2.89,142,-0.9,3.8
1790099534100,53.6517071,-3.0119090,2.97,142,-1.0,3.9
1790099534200,53.6517011,-3.0118956,2.91,142,-0.3,4.0
1790099534300,53.6517005,-3.0119051,3.08,142,-0.2,3.7
1790099534400,53.6516965,-3.0118970,3.11,142,-0.8,4.2
1790099534500,53.6516976,-3.0118992,3.13,142,-1.0,4.3
1790099534600,53.6516972,-3.0118946,3.05,142,-1.0,4.1
1790099534700,53.6516943,-3.0118995,3.07,142,-0.3,4.1
1790099534800,53.6516906,-3.0119034,3.21,142,-0.8,3.6
1790099534900,53.6516972,-3.0118913,3.22,142,-1.4,3.4
1790099535000,53.6516904,-3.0118914,3.25,142,-1.2,3.5
1790099535100,53.6516922,-3.0118918,3.22,142,-1.1,3.7
1790099535200,53.6516854,-3.0118809,3.32,142,-1.2,3.3
1790099535300,53.6516890,-3.0118931,3.29,142,-1.0,4.0
1790099535400,53.6516884,-3.0118786,3.38,142,-1.0,3.9
1790099535500,53.6516834,-3.0118933,3.43,142,-1.1,3.4
1790099535600,53.6516828,-3.0118839,3.27,142,-0.6,3.4
1790099535700,53.6516791,-3.0118762,3.43,142,-1.1,3.7
1790099535800,53.6516840,-3.0118768,3.34,142,-0.5,3.6
1790099535900,53.6516831,-3.0118827,3.50,142,-0.9,3.5
1790099536000,53.6516746,-3.0118851,3.41,142,-1.2,3.3
1790099536100,53.6516755,-3.0118815,3.47,142,-1.0,2.9
1790099536200,53.6516799,-3.0118722,3.58,142,-1.4,3.4
1790099536300,53.6516805,-3.0118754,3.55,142,-0.8,3.3
1790099536400,53.6516742,-3.0118754,3.70,142,-1.4,2.7
1790099536500,53.6516682,-3.0118589,3.64,142,-0.8,3.1
1790099536600,53.6516748,-3.0118660,3.64,142,-1.5,2.8
1790099536700,53.6516691,-3.0118554,3.68,142,-0.5,2.8
1790099536800,53.6516668,-3.0118712,3.71,142,-0.9,2.8
1790099536900,53.6516625,-3.0118520,3.80,142,-0.9,3.1
1790099537000,53.6516694,-3.0118525,3.85,142,-1.3,2.9
1790099537100,53.6516605,-3.0118534,3.92,142,-1.1,3.0
1790099537200,53.6516600,-3.0118473,3.79,142,-0.7,2.8
1790099537300,53.6516630,-3.0118599,3.96,142,-0.3,2.9
1790099537400,53.6516551,-3.0118508,3.92,142,-0.6,2.3
1790099537500,53.6516626,-3.0118419,3.99,142,-1.2,2.7
1790099537600,53.6516570,-3.0118476,3.86,142,-0.8,2.4
1790099537700,53.6516574,-3.0118411,3.84,142,-1.2,2.3
1790099537800,53.6516506,-3.0118481,4.05,142,-0.5,2.1
1790099537900,53.6516510,-3.0118466,4.10,142,-0.1,2.5
1790099538000,53.6516477,-3.0118338,4.06,142,-0.3,2.4
1790099538100,53.6516518,-3.0118299,4.03,142,0.2,2.4
1790099538200,53.6516510,-3.0118310,4.04,142,-0.5,1.9
1790099538300,53.6516503,-3.0118366,4.03,142,0.3,2.2
1790099538400,53.6516466,-3.0118309,4.28,142,0.1,2.3
1790099538500,53.6516448,-3.0118255,4.20,142,-0.0,1.9
1790099538600,53.6516456,-3.0118290,4.15,142,-0.2,2.0
1790099538700,53.6516426,-3.0118338,4.35,142,0.2,2.1
1790099538800,53.6516437,-3.0118157,4.41,142,0.3,1.7
1790099538900,53.6516429,-3.0118258,4.31,142,-0.6,2.1
1790099539000,53.6516417,-3.0118280,4.38,142,-0.0,1.5
1790099539100,53.6516325,-3.0118140,4.35,142,0.1,2.0
1790099539200,53.6516383,-3.0118179,4.44,142,-0.2,1.5
1790099539300,53.6516264,-3.0118202,4.49,142,1.0,1.8
1790099539400,53.6516310,-3.0118110,4.45,142,-0.0,2.0
1790099539500,53.6516285,-3.0118013,4.48,142,0.8,1.7
1790099539600,53.6516240,-3.0117983,4.54,142,0.6,1.4
1790099539700,53.6516206,-3.0118009,4.42,142,1.2,1.8
1790099539800,53.6516249,-3.0118092,4.56,142,0.2,1.7
1790099539900,53.6516204,-3.0118014,4.60,142,1.0,1.6
1790099540000,53.6516209,-3.0118039,4.66,142,0.6,2.0
1790099540100,53.6516144,-3.0117870,4.62,142,1.3,2.0
1790099540200,53.6516153,-3.0117939,4.63,142,0.6,2.2
1790099540300,53.6516164,-3.0117957,4.70,142,0.8,1.6
1790099540400,53.6516144,-3.0117923,4.71,142,0.8,2.1
1790099540500,53.6516100,-3.0117948,4.62,142,1.5,1.9
1790099540600,53.6516144,-3.0117785,4.51,142,1.5,1.9
1790099540700,53.6516113,-3.0117817,4.69,142,0.7,1.9
1790099540800,53.6516053,-3.0117799,4.76,142,1.3,1.5
1790099540900,53.6516066,-3.0117803,4.65,142,2.2,1.5
1790099541000,53.6516079,-3.0117831,4.57,142,2.1,1.6
1790099541100,53.6516046,-3.0117768,4.59,142,1.1,2.1
1790099541200,53.6516019,-3.0117731,4.78,142,1.6,1.9
1790099541300,53.6515943,-3.0117698,4.52,142,1.7,1.9
1790099541400,53.6515983,-3.0117704,4.56,142,2.1,2.4
1790099541500,53.6515976,-3.0117661,4.54,142,2.5,1.6
1790099541600,53.6515915,-3.0117711,4.59,142,2.1,1.8
1790099541700,53.6515932,-3.0117670,4.53,142,1.4,2.4
1790099541800,53.6515854,-3.0117616,4.78,142,2.3,1.8
1790099541900,53.6515911,-3.0117510,4.61,142,2.8,2.5
1790099542000,53.6515896,-3.0117469,4.68,142,2.1,2.6
1790099542100,53.6515885,-3.0117482,4.75,142,3.2,1.9
1790099542200,53.6515859,-3.0117428,4.75,142,2.1,2.6
1790099542300,53.6515802,-3.0117546,4.67,142,2.1,2.4
1790099542400,53.6515841,-3.0117380,4.56,142,2.7,2.3
1790099542500,53.6515742,-3.0117490,4.68,142,2.8,2.1
1790099542600,53.6515766,-3.0117400,4.56,142,2.8,2.5
1790099542700,53.6515747,-3.0117447,4.65,142,3.5,2.8
1790099542800,53.6515717,-3.0117324,4.78,142,3.5,2.6
1790099542900,53.6515750,-3.0117306,4.71,142,3.4,2.5
1790099543000,53.6515745,-3.0117331,4.59,142,3.2,2.6
1790099543100,53.6515670,-3.0117233,4.60,142,3.9,2.4
1790099543200,53.6515644,-3.0117282,4.59,142,2.7,2.7
1790099543300,53.6515614,-3.0117208,4.62,142,3.9,2.7
1790099543400,53.6515671,-3.0117212,4.73,142,3.4,3.1
1790099543500,53.6515595,-3.0117232,4.66,142,3.3,3.0
1790099543600,53.6515595,-3.0117101,4.61,142,3.2,2.6
1790099543700,53.6515622,-3.0117201,4.78,142,3.3,3.1
1790099543800,53.6515602,-3.0117118,4.62,142,3.9,3.0
1790099543900,53.6515549,-3.0117044,4.71,142,3.7,2.9
1790099544000,53.6515492,-3.0117094,4.65,142,3.3,3.5
1790099544100,53.6515536,-3.0117029,4.80,142,4.6,3.6
1790099544200,53.6515465,-3.0117039,4.79,142,4.3,3.5
1790099544300,53.6515508,-3.0116973,4.85,142,4.6,3.1
1790099544400,53.6515420,-3.0116972,4.70,142,4.8,3.3
1790099544500,53.6515485,-3.0116957,4.70,142,3.7,3.3
1790099544600,53.6515467,-3.0116996,4.74,142,3.9,3.2
1790099544700,53.6515434,-3.0116958,4.85,142,4.4,3.8
1790099544800,53.6515353,-3.0116990,4.82,142,4.9,3.2
1790099544900,53.6515358,-3.0116832,4.82,142,4.2,4.0
1790099545000,53.6515360,-3.0116881,4.72,142,4.9,4.0
1790099545100,53.6515297,-3.0116879,4.70,142,4.3,3.6
1790099545200,53.6515312,-3.0116863,4.78,142,4.1,3.5
1790099545300,53.6515328,-3.0116726,4.72,142,4.8,3.5
1790099545400,53.6515273,-3.0116772,4.82,142,4.4,3.6
1790099545500,53.6515287,-3.0116744,4.69,142,4.5,3.7
1790099545600,53.6515287,-3.0116755,4.77,142,5.2,3.9
1790099545700,53.6515278,-3.0116731,4.74,142,4.6,3.5
1790099545800,53.6515194,-3.0116619,4.78,142,5.1,3.7
1790099545900,53.6515171,-3.0116621,4.73,142,4.2,3.9
1790099546000,53.6515213,-3.0116643,4.67,142,5.4,3.8
1790099546100,53.6515117,-3.0116663,4.81,142,5.3,4.1
1790099546200,53.6515125,-3.0116500,4.80,142,5.5,4.1
1790099546300,53.6515137,-3.0116600,4.73,142,4.6,4.0
1790099546400,53.6515114,-3.0116576,4.75,142,5.0,4.4
1790099546500,53.6515123,-3.0116553,4.74,142,5.0,4.0
1790099546600,53.6515116,-3.0116487,4.73,142,5.6,4.5
1790099546700,53.6515023,-3.0116435,4.75,142,5.6,4.2
1790099546800,53.6514990,-3.0116483,4.90,142,5.7,4.0
1790099546900,53.6515030,-3.0116349,4.67,142,5.0,4.2
1790099547000,53.6515015,-3.0116412,4.86,142,4.3,3.9
1790099547100,53.6515004,-3.0116370,4.87,142,4.5,4.2
1790099547200,53.6515002,-3.0116441,4.75,142,5.4,4.0
1790099547300,53.6514902,-3.0116278,4.89,142,4.4,4.5
1790099547400,53.6514883,-3.0116252,4.66,142,4.3,3.8
1790099547500,53.6514956,-3.0116298,4.67,142,4.2,4.3
1790099547600,53.6514901,-3.0116267,4.72,142,4.7,4.2
1790099547700,53.6514849,-3.0116234,4.75,142,4.4,4.1
1790099547800,53.6514891,-3.0116155,4.76,142,5.4,4.2
1790099547900,53.6514900,-3.0116157,4.75,142,4.2,4.4
1790099548000,53.6514783,-3.0116239,4.70,142,4.8,4.5
1790099548100,53.6514816,-3.0116131,4.75,142,4.2,4.3
1790099548200,53.6514782,-3.0116051,4.67,142,4.5,4.3
1790099548300,53.6514816,-3.0116175,4.79,142,4.2,3.8
1790099548400,53.6514795,-3.0116038,4.70,142,5.2,4.2
1790099548500,53.6514710,-3.0116027,4.71,142,5.4,4.1
1790099548600,53.6514773,-3.0115997,4.84,142,5.0,3.7
1790099548700,53.6514698,-3.0115929,4.71,142,4.0,3.7
1790099548800,53.6514710,-3.0115975,4.74,142,4.7,4.2
1790099548900,53.6514724,-3.0115934,4.77,142,4.3,4.2
1790099549000,53.6514658,-3.0116027,4.81,142,3.8,3.7
1790099549100,53.6514600,-3.0115924,4.88,142,4.2,3.8
1790099549200,53.6514632,-3.0115962,4.91,142,4.7,4.2
1790099549300,53.6514626,-3.0115935,4.70,142,4.1,3.8
1790099549400,53.6514630,-3.0115772,4.89,142,3.6,3.9
1790099549500,53.6514580,-3.0115878,4.70,142,4.7,3.9
1790099549600,53.6514543,-3.0115757,4.80,142,4.5,3.3
1790099549700,53.6514489,-3.0115858,4.78,142,3.6,3.5
1790099549800,53.6514547,-3.0115846,4.84,142,4.7,3.7
1790099549900,53.6514455,-3.0115660,4.81,142,4.1,3.2
1790099550000,53.6514523,-3.0115672,4.72,142,3.3,3.5
1790099550100,53.6514419,-3.0115677,4.88,142,3.3,3.8
1790099550200,53.6514438,-3.0115600,4.82,142,3.3,3.0
1790099550300,53.6514452,-3.0115560,4.89,142,3.7,3.6
1790099550400,53.6514393,-3.0115555,4.78,142,3.7,3.5
1790099550500,53.6514393,-3.0115646,4.80,142,3.0,2.8
1790099550600,53.6514325,-3.0115581,4.81,142,4.1,3.2
1790099550700,53.6514360,-3.0115613,4.93,142,4.0,3.2
1790099550800,53.6514358,-3.0115548,4.64,142,4.1,3.2
1790099550900,53.6514351,-3.0115587,4.85,142,2.9,2.9
1790099551000,53.6514306,-3.0115478,4.70,142,3.1,2.6
1790099551100,53.6514247,-3.0115430,4.81,142,2.9,3.2
1790099551200,53.6514256,-3.0115477,4.77,142,3.7,3.1
1790099551300,53.6514279,-3.0115421,4.89,142,3.2,2.8
1790099551400,53.6514244,-3.0115450,4.89,142,3.4,2.9
1790099551500,53.6514177,-3.0115348,4.73,142,2.8,2.8
1790099551600,53.6514170,-3.0115256,4.85,142,3.0,3.0
1790099551700,53.6514216,-3.0115292,4.78,142,2.1,2.5
1790099551800,53.6514157,-3.0115267,4.75,142,3.2,2.8
1790099551900,53.6514180,-3.0115199,4.80,142,3.0,2.5
1790099552000,53.6514163,-3.0115271,4.66,142,2.6,2.4
1790099552100,53.6514146,-3.0115146,4.87,142,1.9,2.4
1790099552200,53.6514138,-3.0115225,4.78,142,2.7,2.7
1790099552300,53.6514051,-3.0115150,4.65,142,2.1,2.4
1790099552400,53.6514048,-3.0115131,4.80,142,2.5,2.0
1790099552500,53.6514015,-3.0115182,4.79,142,1.7,2.6
1790099552600,53.6514020,-3.0115141,4.82,142,2.1,2.1
1790099552700,53.6514062,-3.0115006,4.62,142,1.5,1.9
1790099552800,53.6514045,-3.0115085,4.79,142,2.4,2.2
1790099552900,53.6514006,-3.0114992,4.68,142,2.2,2.1
1790099553000,53.6513943,-3.0114985,4.78,142,1.9,1.7
1790099553100,53.6513943,-3.0115024,4.67,142,1.5,1.6
1790099553200,53.6513891,-3.0114906,4.64,142,0.9,2.3
1790099553300,53.6513902,-3.0114904,4.86,142,1.3,1.8
1790099553400,53.6513922,-3.0115003,4.65,142,0.6,2.3
1790099553500,53.6513881,-3.0114900,4.84,142,1.5,2.1
1790099553600,53.6513900,-3.0114803,4.67,142,1.6,1.5
1790099553700,53.6513885,-3.0114952,4.76,142,1.2,2.1
1790099553800,53.6513822,-3.0114827,4.71,142,0.8,1.9
1790099553900,53.6513802,-3.0114890,4.85,142,0.5,2.1
1790099554000,53.6513779,-3.0114876,4.73,142,1.3,2.1
1790099554100,53.6513798,-3.0114687,4.59,142,0.7,1.8
1790099554200,53.6513744,-3.0114821,4.71,142,0.1,2.1
1790099554300,53.6513687,-3.0114762,4.86,142,1.4,1.4
1790099554400,53.6513716,-3.0114638,4.81,142,1.0,2.0
1790099554500,53.6513747,-3.0114655,4.63,142,0.4,1.8
1790099554600,53.6513695,-3.0114751,4.70,142,0.8,2.1
1790099554700,53.6513693,-3.0114568,4.79,142,0.2,2.0
1790099554800,53.6513646,-3.0114669,4.65,142,-0.2,2.2
1790099554900,53.6513639,-3.0114597,4.74,142,0.1,1.7
1790099555000,53.6513574,-3.0114658,4.78,142,0.7,1.8
1790099555100,53.6513580,-3.0114516,4.66,142,0.1,1.8
1790099555200,53.6513606,-3.0114482,4.69,142,0.8,1.8
1790099555300,53.6513534,-3.0114482,4.65,142,-0.3,1.6
1790099555400,53.6513592,-3.0114525,4.73,142,0.3,1.6
1790099555500,53.6513497,-3.0114457,4.56,142,-0.4,1.6
1790099555600,53.6513476,-3.0114379,4.69,142,0.4,1.7
1790099555700,53.6513518,-3.0114322,4.82,142,0.3,1.8
1790099555800,53.6513507,-3.0114303,4.82,142,-0.3,2.2
1790099555900,53.6513458,-3.0114323,4.77,142,-0.2,2.1
1790099556000,53.6513401,-3.0114333,4.65,142,-0.2,2.4
1790099556100,53.6513472,-3.0114359,4.72,142,-0.5,2.4
1790099556200,53.6513402,-3.0114287,4.61,142,-0.1,2.5
1790099556300,53.6513340,-3.0114187,4.76,142,-0.1,2.3
1790099556400,53.6513425,-3.0114241,4.83,142,0.2,2.0
1790099556500,53.6513357,-3.0114300,4.73,142,0.7,2.5
1790099556600,53.6513369,-3.0114241,4.74,142,-0.6,1.9
1790099556700,53.6513305,-3.0114206,4.64,142,-0.5,2.6
1790099556800,53.6513347,-3.0114183,4.66,142,-0.1,2.4
1790099556900,53.6513307,-3.0114140,4.78,142,0.1,2.5
1790099557000,53.6513239,-3.0114066,4.65,142,0.2,2.4
1790099557100,53.6513298,-3.0114069,4.68,142,0.0,2.3
1790099557200,53.6513227,-3.0114154,4.70,142,0.4,2.5
1790099557300,53.6513232,-3.0114037,4.63,142,0.3,2.7
1790099557400,53.6513170,-3.0113992,4.66,142,0.1,2.7
1790099557500,53.6513134,-3.0114079,4.71,142,0.6,3.0
1790099557600,53.6513146,-3.0114072,4.55,142,0.4,2.4
1790099557700,53.6513179,-3.0113922,4.70,142,0.6,2.8
1790099557800,53.6513166,-3.0113990,4.60,142,-0.3,3.2
1790099557900,53.6513139,-3.0113861,4.72,142,0.5,2.7
1790099558000,53.6513088,-3.0113952,4.72,142,-0.3,3.3
1790099558100,53.6513121,-3.0113917,4.55,142,0.9,2.7
1790099558200,53.6513029,-3.0113879,4.75,142,-0.0,3.3
1790099558300,53.6513095,-3.0113882,4.75,142,0.5,3.4
1790099558400,53.6513045,-3.0113854,4.55,142,1.0,3.5
1790099558500,53.6513033,-3.0113849,4.59,142,0.7,3.2
1790099558600,53.6513047,-3.0113835,4.69,142,0.2,3.4
1790099558700,53.6512954,-3.0113763,4.73,142,0.5,3.6
1790099558800,53.6512938,-3.0113740,4.56,142,1.1,3.1
1790099558900,53.6512931,-3.0113689,4.54,142,0.9,3.2
1790099559000,53.6512908,-3.0113642,4.63,142,0.4,3.3
1790099559100,53.6512867,-3.0113592,4.50,142,0.0,3.8
1790099559200,53.6512864,-3.0113630,4.67,142,0.7,3.7
1790099559300,53.6512898,-3.0113551,4.56,142,0.4,3.9
1790099559400,53.6512840,-3.0113557,4.64,142,1.4,3.6
1790099559500,53.6512831,-3.0113629,4.65,142,0.7,3.9
1790099559600,53.6512863,-3.0113450,4.46,142,0.6,3.4
1790099559700,53.6512776,-3.0113582,4.68,142,1.4,3.7
1790099559800,53.6512765,-3.0113408,4.64,142,0.5,3.9
1790099559900,53.6512763,-3.0113472,4.58,142,1.8,3.6
1790099560000,53.6512758,-3.0113488,4.66,142,0.6,4.2
1790099560100,53.6512780,-3.0113426,4.57,142,1.4,3.6
1790099560200,53.6512782,-3.0113371,4.56,142,2.1,4.0
1790099560300,53.6512679,-3.0113466,4.47,142,2.1,4.3
1790099560400,53.6512676,-3.0113367,4.64,142,1.8,4.3
1790099560500,53.6512685,-3.0113300,4.54,142,1.2,4.0
1790099560600,53.6512663,-3.0113276,4.61,142,1.6,4.1
1790099560700,53.6512664,-3.0113286,4.49,142,1.3,4.3
1790099560800,53.6512590,-3.0113303,4.57,142,1.8,3.7
1790099560900,53.6512669,-3.0113263,4.59,142,1.4,4.1
1790099561000,53.6512576,-3.0113293,4.65,142,2.0,4.2
1790099561100,53.6512576,-3.0113207,4.45,142,1.6,4.4
1790099561200,53.6512554,-3.0113217,4.42,142,1.4,4.0
1790099561300,53.6512560,-3.0113192,4.46,142,2.8,3.8
1790099561400,53.6512533,-3.0113205,4.53,142,1.7,4.1
1790099561500,53.6512463,-3.0113090,4.60,142,1.7,4.2
1790099561600,53.6512483,-3.0113144,4.58,142,3.0,3.8
1790099561700,53.6512499,-3.0113169,4.66,142,2.7,4.3
1790099561800,53.6512460,-3.0112973,4.58,142,2.2,4.6
1790099561900,53.6512441,-3.0113106,4.59,142,3.4,4.4
1790099562000,53.6512418,-3.0113035,4.64,142,2.9,3.9
1790099562100,53.6512429,-3.0112969,4.47,142,2.4,4.3
1790099562200,53.6512406,-3.0112968,4.56,142,3.6,4.2
1790099562300,53.6512372,-3.0113021,4.41,142,2.6,4.0
1790099562400,53.6512416,-3.0112865,4.40,142,3.3,3.8
1790099562500,53.6512328,-3.0112900,4.43,142,3.2,4.5
1790099562600,53.6512367,-3.0112843,4.46,142,2.7,4.4
1790099562700,53.6512335,-3.0112895,4.41,142,3.1,4.4
1790099562800,53.6512319,-3.0112908,4.38,142,2.9,4.5
1790099562900,53.6512340,-3.0112810,4.48,142,4.2,3.9
1790099563000,53.6512306,-3.0112744,4.60,142,2.9,4.0
1790099563100,53.6512253,-3.0112842,4.47,142,4.3,4.3
1790099563200,53.6512249,-3.0112841,4.50,142,4.0,4.2
1790099563300,53.6512178,-3.0112688,4.45,142,3.5,4.2
1790099563400,53.6512182,-3.0112753,4.56,142,4.0,4.1
1790099563500,53.6512136,-3.0112677,4.54,142,3.2,3.8
1790099563600,53.6512156,-3.0112587,4.40,142,3.6,3.6
1790099563700,53.6512182,-3.0112738,4.55,142,4.1,3.9
1790099563800,53.6512087,-3.0112655,4.41,142,4.5,3.8
1790099563900,53.6512100,-3.0112567,4.34,142,3.6,3.4
1790099564000,53.6512161,-3.0112644,4.35,142,4.1,3.7
1790099564100,53.6512040,-3.0112612,4.37,142,4.1,4.0
1790099564200,53.6512066,-3.0112623,4.41,142,3.7,3.7
1790099564300,53.6512010,-3.0112466,4.33,142,4.3,3.1
1790099564400,53.6512038,-3.0112459,4.44,142,4.8,3.6
1790099564500,53.6512011,-3.0112531,4.43,142,4.7,3.5
1790099564600,53.6512037,-3.0112392,4.31,142,5.2,3.0
1790099564700,53.6511954,-3.0112418,4.35,142,5.0,3.6
1790099564800,53.6511938,-3.0112441,4.47,142,4.8,3.7
1790099564900,53.6511994,-3.0112393,4.45,142,5.2,3.5
1790099565000,53.6511998,-3.0112299,4.50,142,5.0,3.1
1790099565100,53.6511893,-3.0112437,4.42,142,4.5,3.1
1790099565200,53.6511937,-3.0112412,4.44,142,4.4,3.3
1790099565300,53.6511910,-3.0112350,4.31,142,4.7,2.6
1790099565400,53.6511922,-3.0112254,4.35,142,5.3,3.3
1790099565500,53.6511864,-3.0112325,4.38,142,5.1,2.8
1790099565600,53.6511827,-3.0112264,4.27,142,5.2,3.0
1790099565700,53.6511871,-3.0112206,4.33,142,5.3,2.7
1790099565800,53.6511799,-3.0112188,4.34,142,4.7,2.5
1790099565900,53.6511760,-3.0112100,4.30,142,4.4,2.4
1790099566000,53.6511749,-3.0112232,4.29,142,4.3,2.6
1790099566100,53.6511726,-3.0112166,4.31,142,4.4,2.5
1790099566200,53.6511739,-3.0112193,4.44,142,5.6,2.9
1790099566300,53.6511782,-3.0112185,4.41,142,4.4,2.8
1790099566400,53.6511674,-3.0112109,4.34,142,5.1,2.5
1790099566500,53.6511697,-3.0112023,4.26,142,5.2,2.8
1790099566600,53.6511674,-3.0112043,4.30,142,4.6,2.6
1790099566700,53.6511721,-3.0111944,4.34,142,4.8,2.0
1790099566800,53.6511612,-3.0111990,4.34,142,5.3,2.5
1790099566900,53.6511616,-3.0112013,4.34,142,5.0,2.0
1790099567000,53.6511600,-3.0112042,4.24,142,5.6,2.2
1790099567100,53.6511630,-3.0111878,4.25,142,5.2,2.0
1790099567200,53.6511550,-3.0111954,4.27,142,5.6,2.0
1790099567300,53.6511580,-3.0111957,4.25,142,4.3,2.5
1790099567400,53.6511536,-3.0111945,4.26,142,5.5,2.0
1790099567500,53.6511507,-3.0111927,4.31,142,5.5,2.4
1790099567600,53.6511546,-3.0111871,4.25,142,4.8,2.2
1790099567700,53.6511478,-3.0111900,4.37,142,5.0,2.1
1790099567800,53.6511490,-3.0111836,4.33,142,4.8,2.0
1790099567900,53.6511441,-3.0111838,4.23,142,4.8,1.8
1790099568000,53.6511431,-3.0111699,4.31,142,4.8,1.8
1790099568100,53.6511455,-3.0111799,4.43,142,4.7,2.1
1790099568200,53.6511429,-3.0111679,4.41,142,4.1,1.6
1790099568300,53.6511411,-3.0111623,4.30,142,4.3,1.7
1790099568400,53.6511379,-3.0111660,4.23,142,4.3,1.5
1790099568500,53.6511429,-3.0111715,4.28,142,4.2,1.9
1790099568600,53.6511396,-3.0111566,4.23,142,3.7,1.5
1790099568700,53.6511314,-3.0111639,4.22,142,4.9,1.5
1790099568800,53.6511297,-3.0111665,4.34,142,4.0,1.5
1790099568900,53.6511371,-3.0111479,4.35,142,4.0,1.8
1790099569000,53.6511295,-3.0111569,4.35,142,4.3,2.1
1790099569100,53.6511271,-3.0111503,4.29,142,3.8,2.2
1790099569200,53.6511318,-3.0111419,4.33,142,3.8,1.5
1790099569300,53.6511229,-3.0111552,4.24,142,4.1,1.8
1790099569400,53.6511221,-3.0111422,4.26,142,4.0,1.8
1790099569500,53.6511291,-3.0111401,4.34,142,3.2,1.6
1790099569600,53.6511197,-3.0111368,4.28,142,3.5,1.5
1790099569700,53.6511248,-3.0111334,4.39,142,4.1,1.5
1790099569800,53.6511141,-3.0111430,4.18,142,3.3,2.2
1790099569900,53.6511218,-3.0111360,4.34,142,3.7,1.6
1790099570000,53.6511148,-3.0111332,4.20,142,3.1,2.2
1790099570100,53.6511158,-3.0111290,4.17,142,4.1,2.1
1790099570200,53.6511097,-3.0111287,4.20,142,3.9,1.6
1790099570300,53.6511088,-3.0111321,4.21,142,3.0,2.3
1790099570400,53.6511135,-3.0111173,4.31,142,3.6,1.8
1790099570500,53.6511093,-3.0111177,4.37,142,3.7,2.4
1790099570600,53.6511076,-3.0111267,4.21,142,3.5,2.0
1790099570700,53.6511082,-3.0111235,4.32,142,2.4,2.0
1790099570800,53.6511013,-3.0111133,4.38,142,3.0,2.1
1790099570900,53.6510992,-3.0111079,4.30,142,3.4,1.9
1790099571000,53.6511039,-3.0111116,4.15,142,2.9,2.0
1790099571100,53.6510984,-3.0111093,4.27,142,3.0,2.4
1790099571200,53.6510996,-3.0111081,4.27,142,2.3,2.6
1790099571300,53.6511014,-3.0111094,4.31,142,2.5,2.8
1790099571400,53.6510950,-3.0111012,4.20,142,3.1,2.1
1790099571500,53.6510896,-3.0110998,4.19,142,2.9,2.8
1790099571600,53.6510885,-3.0111070,4.20,142,2.9,2.5
1790099571700,53.6510916,-3.0111029,4.36,142,2.9,2.4
1790099571800,53.6510870,-3.0111011,4.29,142,1.8,2.4
1790099571900,53.6510864,-3.0110927,4.35,142,2.4,2.4
1790099572000,53.6510898,-3.0110840,4.13,142,1.9,3.0
1790099572100,53.6510879,-3.0110914,4.29,142,2.6,3.0
1790099572200,53.6510855,-3.0110806,4.34,142,1.2,3.0
1790099572300,53.6510855,-3.0110853,4.32,142,1.6,2.7
1790099572400,53.6510737,-3.0110837,4.08,142,1.4,3.0
1790099572500,53.6510766,-3.0110843,4.10,142,1.7,2.8
1790099572600,53.6510777,-3.0110848,4.21,142,1.1,2.8
1790099572700,53.6510766,-3.0110815,4.11,142,0.9,2.7
1790099572800,53.6510711,-3.0110810,4.29,142,1.9,2.9
1790099572900,53.6510764,-3.0110754,4.29,142,1.4,3.4
1790099573000,53.6510653,-3.0110702,4.29,142,1.8,3.5
1790099573100,53.6510669,-3.0110746,4.08,142,0.7,3.5
1790099573200,53.6510642,-3.0110625,4.08,142,0.4,3.3
1790099573300,53.6510706,-3.0110633,4.09,142,1.4,3.4
1790099573400,53.6510610,-3.0110717,4.26,142,1.0,3.2
1790099573500,53.6510589,-3.0110562,4.06,142,1.0,3.4
1790099573600,53.6510555,-3.0110558,4.26,142,1.2,3.8
1790099573700,53.6510579,-3.0110513,4.13,142,1.3,3.6
1790099573800,53.6510571,-3.0110628,4.27,142,1.4,3.8
1790099573900,53.6510579,-3.0110545,4.17,142,0.6,3.8
1790099574000,53.6510578,-3.0110567,4.16,142,0.3,4.0
1790099574100,53.6510537,-3.0110495,4.12,142,1.3,3.8
1790099574200,53.6510525,-3.0110411,4.08,142,-0.1,4.2
1790099574300,53.6510505,-3.0110423,4.05,142,0.2,4.1
1790099574400,53.6510448,-3.0110525,4.23,142,0.1,4.0
1790099574500,53.6510423,-3.0110363,4.25,142,-0.1,3.7
1790099574600,53.6510494,-3.0110423,4.11,142,-0.1,3.9
1790099574700,53.6510412,-3.0110449,4.24,142,0.3,3.8
1790099574800,53.6510433,-3.0110428,4.13,142,-0.2,3.7
1790099574900,53.6510432,-3.0110429,4.10,142,-0.2,4.3
1790099575000,53.6510358,-3.0110327,4.05,142,0.7,3.7
1790099575100,53.6510333,-3.0110333,4.09,142,-0.3,3.8
1790099575200,53.6510336,-3.0110305,4.20,142,0.7,4.0
1790099575300,53.6510380,-3.0110310,4.26,142,-0.1,3.9
1790099575400,53.6510298,-3.0110169,4.17,142,-0.5,4.0
1790099575500,53.6510305,-3.0110259,4.15,142,-0.2,4.5
1790099575600,53.6510250,-3.0110135,4.24,142,0.4,3.8
1790099575700,53.6510267,-3.0110119,4.23,142,0.1,4.1
1790099575800,53.6510235,-3.0110093,4.16,142,0.2,4.2
1790099575900,53.6510310,-3.0110121,4.28,142,0.7,4.0
1790099576000,53.6510267,-3.0110089,4.16,142,-0.5,4.5
1790099576100,53.6510204,-3.0110065,4.24,142,-0.2,3.9
1790099576200,53.6510223,-3.0110060,4.15,142,0.7,4.4
1790099576300,53.6510250,-3.0110000,4.08,142,-0.7,3.9
1790099576400,53.6510223,-3.0110084,4.27,142,0.2,4.0
1790099576500,53.6510140,-3.0110058,4.12,142,-0.6,4.0
1790099576600,53.6510115,-3.0110044,4.08,142,0.5,4.3
1790099576700,53.6510161,-3.0110041,4.21,142,0.5,4.5
1790099576800,53.6510111,-3.0110004,4.13,142,0.1,3.8
1790099576900,53.6510058,-3.0109971,4.24,142,-0.3,4.5
1790099577000,53.6510095,-3.0109907,4.26,142,0.7,3.9
1790099577100,53.6510044,-3.0109836,4.08,142,-0.3,4.2
1790099577200,53.6510060,-3.0109836,4.15,142,0.5,4.5
1790099577300,53.6510019,-3.0109937,4.29,142,0.7,4.3
1790099577400,53.6510063,-3.0109869,4.23,142,0.8,4.0
1790099577500,53.6510056,-3.0109874,4.09,142,-0.5,3.7
1790099577600,53.6510043,-3.0109890,4.06,142,0.7,4.0
1790099577700,53.6510014,-3.0109750,4.10,142,0.9,4.1
1790099577800,53.6509985,-3.0109830,4.06,142,0.8,3.8
1790099577900,53.6509935,-3.0109830,4.08,142,0.6,3.8
1790099578000,53.6509898,-3.0109765,4.04,142,0.8,3.9
1790099578100,53.6509872,-3.0109687,4.30,142,1.2,3.8
1790099578200,53.6509859,-3.0109727,4.20,142,1.0,3.9
1790099578300,53.6509921,-3.0109645,4.21,142,0.1,3.6
1790099578400,53.6509837,-3.0109680,4.04,142,1.3,3.7
1790099578500,53.6509834,-3.0109710,4.24,142,1.2,3.9
1790099578600,53.6509877,-3.0109620,4.19,142,0.9,3.4
1790099578700,53.6509875,-3.0109511,4.18,142,0.3,3.5
1790099578800,53.6509820,-3.0109625,4.08,142,1.0,3.3
1790099578900,53.6509840,-3.0109594,4.25,142,0.4,3.2
1790099579000,53.6509781,-3.0109460,4.26,142,0.4,3.1
1790099579100,53.6509751,-3.0109551,4.08,142,1.3,3.0
1790099579200,53.6509750,-3.0109434,4.06,142,1.7,3.1
1790099579300,53.6509779,-3.0109536,4.08,142,1.5,3.1
1790099579400,53.6509728,-3.0109499,4.20,142,1.5,3.5
1790099579500,53.6509661,-3.0109429,4.04,142,1.2,3.5
1790099579600,53.6509721,-3.0109341,4.22,142,0.6,2.8
1790099579700,53.6509669,-3.0109353,4.18,142,2.0,3.3
1790099579800,53.6509711,-3.0109436,4.07,142,1.8,3.1
1790099579900,53.6509701,-3.0109311,4.31,142,1.8,3.3
1790099580000,53.6509662,-3.0109343,4.04,142,2.2,2.5
1790099580100,53.6509614,-3.0109313,4.12,142,1.9,3.2
1790099580200,53.6509579,-3.0109232,4.21,142,1.1,3.1
1790099580300,53.6509572,-3.0109293,4.13,142,2.1,3.1
1790099580400,53.6509534,-3.0109290,4.07,142,2.4,3.0
1790099580500,53.6509563,-3.0109170,4.29,142,2.7,2.3
1790099580600,53.6509563,-3.0109247,4.19,142,2.8,2.5
1790099580700,53.6509489,-3.0109174,4.23,142,1.5,2.3
1790099580800,53.6509519,-3.0109135,4.24,142,2.9,2.8
1790099580900,53.6509502,-3.0109129,4.12,142,1.6,2.6
1790099581000,53.6509477,-3.0109186,4.18,142,2.0,2.3
1790099581100,53.6509521,-3.0109122,4.12,142,2.9,2.6
1790099581200,53.6509432,-3.0109021,4.13,142,2.4,2.3
1790099581300,53.6509395,-3.0108981,4.08,142,3.0,2.1
1790099581400,53.6509456,-3.0108960,4.17,142,3.3,2.3
1790099581500,53.6509360,-3.0109037,4.24,142,3.0,2.3
1790099581600,53.6509441,-3.0109012,4.21,142,2.2,1.9
1790099581700,53.6509327,-3.0108970,4.28,142,2.9,2.3
1790099581800,53.6509385,-3.0109020,4.23,142,2.8,2.4
1790099581900,53.6509379,-3.0109031,4.15,142,2.8,2.1
1790099582000,53.6509343,-3.0108895,4.10,142,2.6,2.1
1790099582100,53.6509313,-3.0108943,4.19,142,3.6,2.1
1790099582200,53.6509345,-3.0108915,4.18,142,3.2,1.6
1790099582300,53.6509250,-3.0108870,4.29,142,3.9,1.6
1790099582400,53.6509307,-3.0108826,4.06,142,3.7,1.6
1790099582500,53.6509278,-3.0108834,4.14,142,3.4,1.8
1790099582600,53.6509234,-3.0108791,4.06,142,4.1,1.9
1790099582700,53.6509250,-3.0108747,4.20,142,3.0,2.0
1790099582800,53.6509218,-3.0108720,4.14,142,3.9,2.0
1790099582900,53.6509178,-3.0108767,4.26,142,4.0,1.5
1790099583000,53.6509186,-3.0108739,4.17,142,3.9,2.1
1790099583100,53.6509215,-3.0108653,4.29,142,4.7,1.9
1790099583200,53.6509106,-3.0108741,4.33,142,3.4,2.2
1790099583300,53.6509179,-3.0108710,4.15,142,3.6,2.0
1790099583400,53.6509114,-3.0108641,4.27,142,4.9,2.0
1790099583500,53.6509148,-3.0108652,4.17,142,3.5,2.1
1790099583600,53.6509047,-3.0108570,4.31,142,4.7,2.1
1790099583700,53.6509021,-3.0108648,4.23,142,4.8,1.6
1790099583800,53.6509057,-3.0108606,4.21,142,4.8,1.8
1790099583900,53.6508992,-3.0108526,4.36,142,5.2,2.2
1790099584000,53.6509051,-3.0108580,4.16,142,3.9,1.7
1790099584100,53.6509049,-3.0108467,4.12,142,4.5,1.6
1790099584200,53.6508972,-3.0108429,4.31,142,5.3,1.6
1790099584300,53.6508940,-3.0108532,4.37,142,4.3,1.6
1790099584400,53.6508933,-3.0108386,4.12,142,4.4,1.7
1790099584500,53.6508972,-3.0108464,4.09,142,4.2,2.1
1790099584600,53.6508968,-3.0108423,4.25,142,4.1,2.1
1790099584700,53.6508947,-3.0108303,4.16,142,5.3,2.3
1790099584800,53.6508939,-3.0108365,4.36,142,5.5,1.8
1790099584900,53.6508840,-3.0108426,4.11,142,4.2,2.4
1790099585000,53.6508853,-3.0108312,4.37,142,5.6,2.0
1790099585100,53.6508876,-3.0108221,4.19,142,5.1,2.0
1790099585200,53.6508812,-3.0108294,4.27,142,5.2,2.4
1790099585300,53.6508811,-3.0108263,4.13,142,5.2,2.1
1790099585400,53.6508804,-3.0108245,4.27,142,5.2,2.3
1790099585500,53.6508753,-3.0108216,4.34,142,5.0,2.0
1790099585600,53.6508821,-3.0108143,4.33,142,4.4,2.1
1790099585700,53.6508781,-3.0108162,4.28,142,4.6,2.2
1790099585800,53.6508794,-3.0108087,4.20,142,5.4,2.4
1790099585900,53.6508775,-3.0108180,4.22,142,5.1,2.5
1790099586000,53.6508723,-3.0108129,4.24,142,5.4,2.4
1790099586100,53.6508667,-3.0108016,4.18,142,4.8,2.8
1790099586200,53.6508687,-3.0108142,4.21,142,5.0,2.5
1790099586300,53.6508647,-3.0108037,4.13,142,4.4,2.8
1790099586400,53.6508643,-3.0108103,4.21,142,4.8,2.9
1790099586500,53.6508640,-3.0107997,4.36,142,5.0,2.4
1790099586600,53.6508676,-3.0107993,4.17,142,5.5,2.7
1790099586700,53.6508629,-3.0107939,4.42,142,5.3,2.8
1790099586800,53.6508628,-3.0107985,4.36,142,4.8,2.7
1790099586900,53.6508607,-3.0108013,4.24,142,5.1,2.6
1790099587000,53.6508546,-3.0107956,4.22,142,4.2,2.7
1790099587100,53.6508546,-3.0107857,4.41,142,5.1,3.0
1790099587200,53.6508565,-3.0107860,4.28,142,5.5,3.2
1790099587300,53.6508527,-3.0107843,4.23,142,4.9,3.4
1790099587400,53.6508475,-3.0107858,4.34,142,5.5,3.5
1790099587500,53.6508451,-3.0107839,4.32,142,4.8,3.5
1790099587600,53.6508424,-3.0107854,4.30,142,4.5,3.1
1790099587700,53.6508469,-3.0107709,4.39,142,4.2,3.5
1790099587800,53.6508472,-3.0107808,4.34,142,3.9,3.0
1790099587900,53.6508427,-3.0107677,4.44,142,5.1,3.6
1790099588000,53.6508424,-3.0107662,4.46,142,4.5,3.4
1790099588100,53.6508442,-3.0107773,4.45,142,4.2,3.7
1790099588200,53.6508363,-3.0107650,4.44,142,4.9,3.9
1790099588300,53.6508402,-3.0107724,4.31,142,4.5,3.5
1790099588400,53.6508300,-3.0107562,4.25,142,5.0,3.7
1790099588500,53.6508319,-3.0107610,4.44,142,3.6,3.8
1790099588600,53.6508317,-3.0107608,4.49,142,4.0,3.5
1790099588700,53.6508275,-3.0107578,4.28,142,4.4,3.5
1790099588800,53.6508265,-3.0107484,4.40,142,3.3,3.6
1790099588900,53.6508233,-3.0107440,4.44,142,4.2,3.9
1790099589000,53.6508228,-3.0107564,4.46,142,3.5,4.1
1790099589100,53.6508223,-3.0107485,4.36,142,3.2,4.3
1790099589200,53.6508165,-3.0107498,4.49,142,4.4,4.0
1790099589300,53.6508247,-3.0107474,4.29,142,3.1,3.9
1790099589400,53.6508175,-3.0107415,4.28,142,4.1,4.2
1790099589500,53.6508167,-3.0107384,4.41,142,3.9,3.8
1790099589600,53.6508102,-3.0107387,4.35,142,4.0,3.9
1790099589700,53.6508091,-3.0107294,4.33,142,4.1,4.3
1790099589800,53.6508161,-3.0107395,4.46,142,4.0,4.0
1790099589900,53.6508066,-3.0107265,4.49,142,3.0,4.2
1790099590000,53.6508034,-3.0107244,4.48,142,2.7,4.0
1790099590100,53.6508064,-3.0107302,4.43,142,2.4,4.0
1790099590200,53.6508000,-3.0107173,4.50,142,2.4,4.4
1790099590300,53.6508001,-3.0107294,4.48,142,2.6,4.4
1790099590400,53.6508041,-3.0107177,4.53,142,3.1,4.1
1790099590500,53.6508000,-3.0107189,4.53,142,2.8,4.4
1790099590600,53.6507972,-3.0107149,4.32,142,3.3,4.4
1790099590700,53.6507950,-3.0107051,4.44,142,2.4,4.0
1790099590800,53.6507970,-3.0107137,4.33,142,1.9,4.3
1790099590900,53.6507984,-3.0107129,4.55,142,2.0,4.5
1790099591000,53.6507889,-3.0106978,4.53,142,2.5,4.4
1790099591100,53.6507868,-3.0107009,4.41,142,2.3,3.8
1790099591200,53.6507911,-3.0107077,4.45,142,2.4,4.4
1790099591300,53.6507835,-3.0107040,4.38,142,2.9,4.4
1790099591400,53.6507843,-3.0107006,4.54,142,2.4,4.0
1790099591500,53.6507812,-3.0106955,4.48,142,1.6,4.3
1790099591600,53.6507815,-3.0106989,4.57,142,2.2,3.7
1790099591700,53.6507786,-3.0106850,4.43,142,1.4,4.0
1790099591800,53.6507741,-3.0106828,4.39,142,2.3,4.4
1790099591900,53.6507751,-3.0106945,4.49,142,1.0,4.2
1790099592000,53.6507729,-3.0106932,4.35,142,1.3,3.6
1790099592100,53.6507707,-3.0106887,4.57,142,1.8,4.0
1790099592200,53.6507760,-3.0106844,4.43,142,1.4,3.5
1790099592300,53.6507680,-3.0106703,4.44,142,1.0,3.8
1790099592400,53.6507691,-3.0106694,4.39,142,2.0,4.1
1790099592500,53.6507728,-3.0106715,4.36,142,1.4,3.5
1790099592600,53.6507633,-3.0106708,4.62,142,1.7,3.5
1790099592700,53.6507669,-3.0106779,4.61,142,1.0,3.5
1790099592800,53.6507584,-3.0106662,4.35,142,0.3,3.6
1790099592900,53.6507560,-3.0106600,4.61,142,0.6,3.4
1790099593000,53.6507618,-3.0106651,4.53,142,0.9,3.9
1790099593100,53.6507604,-3.0106552,4.40,142,0.3,3.2
1790099593200,53.6507592,-3.0106603,4.49,142,0.4,3.5
1790099593300,53.6507526,-3.0106607,4.43,142,-0.0,3.1
1790099593400,53.6507572,-3.0106500,4.48,142,0.4,3.2
1790099593500,53.6507514,-3.0106531,4.61,142,0.9,3.4
1790099593600,53.6507495,-3.0106557,4.56,142,0.5,3.2
1790099593700,53.6507520,-3.0106528,4.42,142,-0.2,3.2
1790099593800,53.6507468,-3.0106452,4.45,142,1.2,3.4
1790099593900,53.6507418,-3.0106389,4.51,142,0.8,3.1
1790099594000,53.6507439,-3.0106380,4.65,142,0.1,2.9
1790099594100,53.6507448,-3.0106333,4.63,142,0.3,2.9
1790099594200,53.6507422,-3.0106323,4.45,142,0.6,3.4
1790099594300,53.6507382,-3.0106332,4.60,142,0.6,3.2
1790099594400,53.6507350,-3.0106247,4.63,142,0.2,3.1
1790099594500,53.6507381,-3.0106291,4.45,142,0.1,3.2
1790099594600,53.6507371,-3.0106306,4.48,142,0.9,3.0
1790099594700,53.6507347,-3.0106337,4.54,142,-0.3,3.1
1790099594800,53.6507267,-3.0106261,4.66,142,-0.1,3.1
1790099594900,53.6507334,-3.0106306,4.62,142,-0.5,2.7
1790099595000,53.6507228,-3.0106177,4.67,142,-0.7,2.3
1790099595100,53.6507255,-3.0106233,4.68,142,-0.6,2.8
1790099595200,53.6507240,-3.0106214,4.59,142,0.2,2.3
1790099595300,53.6507231,-3.0106189,4.46,142,-0.1,2.5
1790099595400,53.6507148,-3.0106056,4.63,142,-0.5,2.1
1790099595500,53.6507198,-3.0106183,4.54,142,0.3,2.5
1790099595600,53.6507171,-3.0106100,4.70,142,0.2,2.0
1790099595700,53.6507122,-3.0105971,4.58,142,-0.5,2.4
1790099595800,53.6507178,-3.0105940,4.55,142,0.3,1.9
1790099595900,53.6507095,-3.0106059,4.66,142,0.1,1.9
1790099596000,53.6507074,-3.0106059,4.65,142,-0.7,2.0
1790099596100,53.6507087,-3.0106041,4.48,142,0.3,2.2
1790099596200,53.6507106,-3.0105982,4.54,142,-0.2,2.4
1790099596300,53.6507075,-3.0105926,4.61,142,-0.2,2.2
1790099596400,53.6506988,-3.0105934,4.71,142,-0.5,2.3
1790099596500,53.6507021,-3.0105862,4.63,142,0.2,2.3
1790099596600,53.6507012,-3.0105914,4.68,142,-0.6,2.1
1790099596700,53.6506940,-3.0105816,4.64,142,-0.4,1.8
1790099596800,53.6507009,-3.0105839,4.77,142,0.3,1.6
1790099596900,53.6506983,-3.0105702,4.51,142,0.0,1.8
1790099597000,53.6506886,-3.0105787,4.66,142,0.1,1.7
1790099597100,53.6506868,-3.0105682,4.73,142,0.2,1.7
1790099597200,53.6506934,-3.0105657,4.71,142,0.4,1.7
1790099597300,53.6506835,-3.0105667,4.63,142,-0.1,2.1
1790099597400,53.6506812,-3.0105750,4.70,142,-0.3,2.2
1790099597500,53.6506800,-3.0105646,4.56,142,0.6,1.6
1790099597600,53.6506853,-3.0105600,4.56,142,0.6,2.1
1790099597700,53.6506835,-3.0105687,4.55,142,0.0,1.5
1790099597800,53.6506798,-3.0105567,4.80,142,1.3,1.9
1790099597900,53.6506831,-3.0105484,4.73,142,1.0,1.9
1790099598000,53.6506769,-3.0105522,4.59,142,0.3,1.9
1790099598100,53.6506703,-3.0105512,4.71,142,0.6,2.0
1790099598200,53.6506780,-3.0105493,4.65,142,0.9,2.2
1790099598300,53.6506675,-3.0105544,4.78,142,0.2,1.7
1790099598400,53.6506667,-3.0105400,4.73,142,0.5,1.4
1790099598500,53.6506696,-3.0105470,4.71,142,1.5,2.2
1790099598600,53.6506624,-3.0105329,4.78,142,1.7,1.6
1790099598700,53.6506634,-3.0105311,4.78,142,1.6,1.5
1790099598800,53.6506578,-3.0105273,4.65,142,1.8,1.7
1790099598900,53.6506562,-3.0105333,4.60,142,1.7,1.9
1790099599000,53.6506623,-3.0105298,4.62,142,0.9,2.3
1790099599100,53.6506538,-3.0105341,4.70,142,0.7,2.1
1790099599200,53.6506574,-3.0105306,4.59,142,2.1,1.7
1790099599300,53.6506537,-3.0105319,4.62,142,1.6,1.7
1790099599400,53.6506471,-3.0105234,4.61,142,1.9,1.9
1790099599500,53.6506501,-3.0105282,4.76,142,1.5,1.9
1790099599600,53.6506533,-3.0105225,4.74,142,1.8,2.4
1790099599700,53.6506520,-3.0105068,4.84,142,2.0,2.1
1790099599800,53.6506467,-3.0105045,4.72,142,1.3,2.3
1790099599900,53.6506455,-3.0105078,4.61,142,2.4,2.0
1790099600000,53.6506439,-3.0105043,4.64,142,2.0,2.6
1790099600100,53.6506420,-3.0105035,4.81,142,2.4,2.4
1790099600200,53.6506432,-3.0104969,4.68,142,2.7,2.6
1790099600300,53.6506324,-3.0105092,4.64,142,1.6,2.7
1790099600400,53.6506317,-3.0104983,4.81,142,1.7,2.5
1790099600500,53.6506376,-3.0104987,4.61,142,3.1,2.4
1790099600600,53.6506287,-3.0104901,4.70,142,2.4,2.7
1790099600700,53.6506284,-3.0104942,4.65,142,3.3,2.9
1790099600800,53.6506256,-3.0104882,4.75,142,2.8,2.4
1790099600900,53.6506250,-3.0104813,4.84,142,2.0,2.8
1790099601000,53.6506265,-3.0104865,4.75,142,2.2,2.8
1790099601100,53.6506237,-3.0104756,4.65,142,3.6,2.6
1790099601200,53.6506218,-3.0104844,4.76,142,3.3,2.8
1790099601300,53.6506221,-3.0104747,4.64,142,2.6,2.9
1790099601400,53.6506142,-3.0104729,4.68,142,3.8,3.2
1790099601500,53.6506142,-3.0104666,4.78,142,4.0,2.6
1790099601600,53.6506192,-3.0104740,4.75,142,2.6,3.5
1790099601700,53.6506096,-3.0104774,4.80,142,3.9,3.3
1790099601800,53.6506073,-3.0104608,4.80,142,2.9,2.9
1790099601900,53.6506046,-3.0104686,4.79,142,2.9,2.9
1790099602000,53.6506104,-3.0104698,4.79,142,3.0,3.2
1790099602100,53.6506086,-3.0104624,4.66,142,3.8,3.2
1790099602200,53.6506082,-3.0104590,4.82,142,4.0,3.6
1790099602300,53.6506000,-3.0104480,4.71,142,4.2,3.4
1790099602400,53.6505955,-3.0104582,4.70,142,3.2,3.2
1790099602500,53.6505965,-3.0104538,4.77,142,4.7,3.4
1790099602600,53.6505995,-3.0104502,4.73,142,4.4,3.4
1790099602700,53.6505910,-3.0104508,4.84,142,4.1,3.4
1790099602800,53.6505990,-3.0104448,4.72,142,3.8,4.0
1790099602900,53.6505871,-3.0104425,4.76,142,4.5,4.0
1790099603000,53.6505947,-3.0104400,4.76,142,3.6,3.4
1790099603100,53.6505890,-3.0104470,4.76,142,3.7,4.0
1790099603200,53.6505891,-3.0104326,4.88,142,3.9,4.1
1790099603300,53.6505805,-3.0104323,4.76,142,4.5,3.7
1790099603400,53.6505802,-3.0104251,4.74,142,4.7,3.9
1790099603500,53.6505806,-3.0104236,4.90,142,5.0,3.6
1790099603600,53.6505798,-3.0104177,4.84,142,4.2,3.6
1790099603700,53.6505811,-3.0104241,4.81,142,4.2,4.2
1790099603800,53.6505807,-3.0104305,4.68,142,4.8,3.7
1790099603900,53.6505728,-3.0104110,4.81,142,4.1,4.3
1790099604000,53.6505707,-3.0104171,4.72,142,5.1,3.9
1790099604100,53.6505725,-3.0104143,4.85,142,5.0,4.0
1790099604200,53.6505720,-3.0104155,4.87,142,5.4,4.1
1790099604300,53.6505668,-3.0104124,4.69,142,5.5,4.3
1790099604400,53.6505670,-3.0104014,4.80,142,5.4,4.2
1790099604500,53.6505626,-3.0104052,4.79,142,5.2,4.1
1790099604600,53.6505664,-3.0104006,4.71,142,4.8,3.9
1790099604700,53.6505632,-3.0103933,4.68,142,4.5,4.6
1790099604800,53.6505627,-3.0103904,4.75,142,4.6,4.6
1790099604900,53.6505592,-3.0103960,4.74,142,5.3,4.5
1790099605000,53.6505567,-3.0104025,4.80,142,4.8,4.5
1790099605100,53.6505567,-3.0103889,4.71,142,5.6,3.9
1790099605200,53.6505559,-3.0103973,4.81,142,4.6,4.5
1790099605300,53.6505505,-3.0103960,4.70,142,4.3,4.0
1790099605400,53.6505512,-3.0103851,4.67,142,5.4,4.2
1790099605500,53.6505480,-3.0103770,4.79,142,4.4,3.8
1790099605600,53.6505491,-3.0103724,4.91,142,4.3,4.4
1790099605700,53.6505442,-3.0103712,4.67,142,4.3,4.5
1790099605800,53.6505397,-3.0103790,4.86,142,4.3,3.9
1790099605900,53.6505406,-3.0103750,4.70,142,5.0,3.8
1790099606000,53.6505421,-3.0103669,4.71,142,4.9,4.4
1790099606100,53.6505332,-3.0103635,4.85,142,4.6,3.7
1790099606200,53.6505399,-3.0103609,4.79,142,5.4,4.1
1790099606300,53.6505286,-3.0103671,4.80,142,4.4,4.0
1790099606400,53.6505343,-3.0103535,4.84,142,5.4,4.2
1790099606500,53.6505310,-3.0103640,4.66,142,4.7,3.9
1790099606600,53.6505272,-3.0103653,4.89,142,5.5,3.6
1790099606700,53.6505292,-3.0103604,4.74,142,4.9,4.1
1790099606800,53.6505231,-3.0103586,4.75,142,4.1,4.1
1790099606900,53.6505192,-3.0103530,4.68,142,5.0,4.1
1790099607000,53.6505227,-3.0103489,4.77,142,5.4,3.5
1790099607100,53.6505215,-3.0103391,4.66,142,4.2,3.4
1790099607200,53.6505143,-3.0103404,4.68,142,4.8,4.0
1790099607300,53.6505141,-3.0103375,4.92,142,4.2,3.3
1790099607400,53.6505084,-3.0103422,4.75,142,4.7,3.5
1790099607500,53.6505079,-3.0103284,4.81,142,4.9,3.6
1790099607600,53.6505115,-3.0103326,4.65,142,3.7,3.3
1790099607700,53.6505125,-3.0103408,4.67,142,4.8,3.6
1790099607800,53.6505081,-3.0103340,4.82,142,3.7,3.2
1790099607900,53.6505023,-3.0103328,4.70,142,4.6,3.4
1790099608000,53.6505041,-3.0103222,4.72,142,4.4,3.6
1790099608100,53.6505013,-3.0103320,4.76,142,4.1,3.2
1790099608200,53.6504969,-3.0103143,4.76,142,3.9,2.9
1790099608300,53.6504976,-3.0103160,4.71,142,3.8,3.3
1790099608400,53.6505002,-3.0103261,4.63,142,3.5,3.0
1790099608500,53.6504959,-3.0103131,4.82,142,4.1,3.0
1790099608600,53.6504916,-3.0103192,4.70,142,3.8,3.4
1790099608700,53.6504936,-3.0103102,4.65,142,4.0,2.9
1790099608800,53.6504886,-3.0103121,4.84,142,3.8,2.8
1790099608900,53.6504830,-3.0103112,4.70,142,3.3,3.2
1790099609000,53.6504874,-3.0103003,4.77,142,3.3,3.1
1790099609100,53.6504890,-3.0103059,4.65,142,3.4,2.7
1790099609200,53.6504796,-3.0102996,4.83,142,3.8,2.8
1790099609300,53.6504807,-3.0103018,4.67,142,3.4,2.9
1790099609400,53.6504767,-3.0102965,4.67,142,4.0,2.6
1790099609500,53.6504739,-3.0102907,4.71,142,3.5,2.5
1790099609600,53.6504782,-3.0102954,4.69,142,2.8,2.4
1790099609700,53.6504769,-3.0102929,4.71,142,2.7,2.6
1790099609800,53.6504687,-3.0102812,4.77,142,2.5,2.5
1790099609900,53.6504732,-3.0102844,4.74,142,3.1,2.1
1790099610000,53.6504744,-3.0102809,4.70,142,2.3,2.1
1790099610100,53.6504665,-3.0102793,4.69,142,2.9,2.4
1790099610200,53.6504604,-3.0102717,4.75,142,3.2,2.1
1790099610300,53.6504671,-3.0102659,4.69,142,3.0,2.5
1790099610400,53.6504638,-3.0102765,4.73,142,2.7,2.2
1790099610500,53.6504639,-3.0102731,4.71,142,2.8,2.1
1790099610600,53.6504619,-3.0102591,4.70,142,3.0,2.2
1790099610700,53.6504603,-3.0102659,4.65,142,2.9,1.7
1790099610800,53.6504511,-3.0102591,4.80,142,1.6,1.7
1790099610900,53.6504495,-3.0102629,4.79,142,1.7,2.0
1790099611000,53.6504532,-3.0102506,4.76,142,2.7,2.3
1790099611100,53.6504551,-3.0102622,4.69,142,2.5,1.7
1790099611200,53.6504444,-3.0102454,4.84,142,2.3,1.9
1790099611300,53.6504439,-3.0102499,4.69,142,1.1,1.8
1790099611400,53.6504453,-3.0102409,4.77,142,1.1,1.6
1790099611500,53.6504461,-3.0102504,4.64,142,2.2,2.2
1790099611600,53.6504367,-3.0102438,4.75,142,2.1,1.8
1790099611700,53.6504426,-3.0102443,4.59,142,0.9,1.5
1790099611800,53.6504433,-3.0102380,4.76,142,1.9,1.5
1790099611900,53.6504333,-3.0102336,4.58,142,1.0,1.5
1790099612000,53.6504335,-3.0102393,4.75,142,1.4,2.2
1790099612100,53.6504308,-3.0102252,4.78,142,0.6,2.0
1790099612200,53.6504353,-3.0102271,4.58,142,1.4,2.1
1790099612300,53.6504251,-3.0102271,4.77,142,1.3,1.7
1790099612400,53.6504226,-3.0102216,4.64,142,0.4,1.6
1790099612500,53.6504304,-3.0102297,4.72,142,1.3,2.2
1790099612600,53.6504221,-3.0102153,4.63,142,1.0,1.6
1790099612700,53.6504277,-3.0102248,4.62,142,0.7,1.8
1790099612800,53.6504260,-3.0102151,4.73,142,1.1,2.0
1790099612900,53.6504154,-3.0102192,4.67,142,0.7,1.5
1790099613000,53.6504202,-3.0102051,4.68,142,0.8,2.1
1790099613100,53.6504160,-3.0102151,4.79,142,0.2,2.0
1790099613200,53.6504106,-3.0102064,4.74,142,-0.3,2.0
1790099613300,53.6504150,-3.0102141,4.72,142,0.8,2.2
1790099613400,53.6504079,-3.0102117,4.57,142,1.1,1.7
1790099613500,53.6504070,-3.0101940,4.79,142,1.0,2.0
1790099613600,53.6504115,-3.0101921,4.57,142,0.4,2.2
1790099613700,53.6504070,-3.0102044,4.78,142,0.5,2.4
1790099613800,53.6503993,-3.0102021,4.77,142,0.4,2.3
1790099613900,53.6503971,-3.0101861,4.57,142,-0.1,2.0
1790099614000,53.6504014,-3.0101845,4.55,142,0.1,1.9
1790099614100,53.6504034,-3.0101939,4.60,142,-0.2,1.8
1790099614200,53.6503947,-3.0101924,2.57,98,-2.5,2.1
1790099614300,53.6504001,-3.0101928,2.56,98,-1.8,2.2
1790099614400,53.6503987,-3.0101845,2.63,98,-2.4,2.2
1790099614500,53.6504012,-3.0101743,2.55,98,-2.6,2.7
1790099614600,53.6503970,-3.0101712,2.61,98,-2.1,2.5
1790099614700,53.6504010,-3.0101839,2.74,98,-2.3,2.7
1790099614800,53.6504019,-3.0101802,2.73,98,-2.6,2.4
1790099614900,53.6503966,-3.0101801,2.81,98,-2.9,2.3
1790099615000,53.6504008,-3.0101685,2.72,98,-2.7,2.6
1790099615100,53.6503984,-3.0101700,2.74,98,-3.2,2.9
1790099615200,53.6503917,-3.0101657,2.81,98,-2.3,2.7
1790099615300,53.6503981,-3.0101722,2.87,98,-3.2,2.7
1790099615400,53.6503966,-3.0101635,2.79,98,-2.4,2.6
1790099615500,53.6503942,-3.0101622,2.83,98,-3.0,3.1
1790099615600,53.6503921,-3.0101602,2.97,98,-2.6,2.8
1790099615700,53.6504011,-3.0101609,2.84,98,-2.6,3.0
1790099615800,53.6503955,-3.0101604,2.99,98,-3.0,3.3
1790099615900,53.6503977,-3.0101416,3.05,98,-3.5,3.0
1790099616000,53.6503938,-3.0101544,2.94,98,-3.2,3.3
1790099616100,53.6503950,-3.0101526,3.09,98,-2.6,2.8
1790099616200,53.6503971,-3.0101498,2.99,98,-2.7,3.3
1790099616300,53.6503921,-3.0101332,3.11,98,-2.5,3.2
1790099616400,53.6503953,-3.0101393,3.16,98,-2.5,3.5
1790099616500,53.6503934,-3.0101298,3.06,98,-2.6,3.2
1790099616600,53.6503982,-3.0101254,3.21,98,-3.3,3.2
1790099616700,53.6503933,-3.0101293,3.12,98,-2.4,3.6
1790099616800,53.6503940,-3.0101255,3.27,98,-3.2,3.2
1790099616900,53.6503945,-3.0101214,3.28,98,-2.5,3.2
1790099617000,53.6503913,-3.0101310,3.31,98,-3.7,3.9
1790099617100,53.6503883,-3.0101139,3.35,98,-3.2,3.7
1790099617200,53.6503881,-3.0101219,3.23,98,-2.8,4.0
1790099617300,53.6503902,-3.0101230,3.27,98,-3.3,4.0
1790099617400,53.6503925,-3.0101075,3.30,98,-2.8,3.8
1790099617500,53.6503896,-3.0101040,3.42,98,-3.6,3.9
1790099617600,53.6503889,-3.0101047,3.37,98,-2.1,4.1
1790099617700,53.6503917,-3.0101103,3.46,98,-2.3,3.5
1790099617800,53.6503866,-3.0101095,3.48,98,-3.4,4.0
1790099617900,53.6503938,-3.0101017,3.50,98,-2.8,3.9
1790099618000,53.6503924,-3.0101026,3.52,98,-2.1,4.3
1790099618100,53.6503936,-3.0100856,3.44,98,-2.9,3.9
1790099618200,53.6503873,-3.0100872,3.57,98,-2.2,4.1
1790099618300,53.6503894,-3.0100816,3.62,98,-3.1,4.4
1790099618400,53.6503934,-3.0100909,3.60,98,-2.1,3.9
1790099618500,53.6503903,-3.0100831,3.50,98,-2.5,3.9
1790099618600,53.6503942,-3.0100771,3.53,98,-3.1,4.3
1790099618700,53.6503893,-3.0100806,3.56,98,-2.8,4.3
1790099618800,53.6503901,-3.0100783,3.57,98,-2.0,4.3
1790099618900,53.6503943,-3.0100670,3.79,98,-1.9,3.8
1790099619000,53.6503846,-3.0100756,3.79,98,-2.2,4.5
1790099619100,53.6503863,-3.0100730,3.59,98,-2.8,4.1
1790099619200,53.6503930,-3.0100611,3.84,98,-1.7,4.3
1790099619300,53.6503922,-3.0100580,3.86,98,-2.1,3.8
1790099619400,53.6503852,-3.0100512,3.78,98,-2.5,4.2
1790099619500,53.6503845,-3.0100510,3.83,98,-2.8,4.3
1790099619600,53.6503838,-3.0100570,3.71,98,-1.9,4.0
1790099619700,53.6503869,-3.0100422,3.81,98,-2.1,4.4
1790099619800,53.6503906,-3.0100393,3.97,98,-1.7,4.0
1790099619900,53.6503916,-3.0100518,3.95,98,-1.5,4.0
1790099620000,53.6503896,-3.0100385,3.95,98,-2.5,4.5
1790099620100,53.6503858,-3.0100334,3.97,98,-1.9,3.9
1790099620200,53.6503837,-3.0100411,3.88,98,-1.9,4.2
1790099620300,53.6503882,-3.0100242,3.93,98,-1.0,4.1
1790099620400,53.6503815,-3.0100251,4.00,98,-1.9,4.2
1790099620500,53.6503902,-3.0100209,4.00,98,-1.0,4.2
1790099620600,53.6503798,-3.0100191,3.99,98,-1.9,4.2
1790099620700,53.6503802,-3.0100251,4.11,98,-1.9,3.9
1790099620800,53.6503890,-3.0100078,4.02,98,-0.8,4.4
1790099620900,53.6503873,-3.0100185,4.00,98,-0.7,4.1
1790099621000,53.6503791,-3.0100009,4.22,98,-1.9,4.0
1790099621100,53.6503851,-3.0100030,4.12,98,-0.7,3.9
1790099621200,53.6503790,-3.0100097,4.21,98,-1.3,3.8
1790099621300,53.6503846,-3.0099993,4.21,98,-0.6,3.7
1790099621400,53.6503803,-3.0099872,4.28,98,-1.0,3.8
1790099621500,53.6503796,-3.0099893,4.38,98,-1.5,4.2
1790099621600,53.6503841,-3.0099947,4.21,98,-1.2,3.9
1790099621700,53.6503805,-3.0099776,4.43,98,-1.8,3.9
1790099621800,53.6503837,-3.0099902,4.45,98,-1.6,3.5
1790099621900,53.6503856,-3.0099824,4.42,98,-0.8,3.7
1790099622000,53.6503783,-3.0099757,4.46,98,-1.7,3.3
1790099622100,53.6503811,-3.0099665,4.40,98,-1.5,3.7
1790099622200,53.6503833,-3.0099618,4.28,98,-0.9,3.3
1790099622300,53.6503814,-3.0099580,4.29,98,-0.8,3.6
1790099622400,53.6503767,-3.0099595,4.41,98,-0.6,3.5
1790099622500,53.6503768,-3.0099605,4.46,98,-1.1,3.0
1790099622600,53.6503775,-3.0099614,4.38,98,-1.3,3.3
1790099622700,53.6503741,-3.0099466,4.40,98,0.0,3.2
1790099622800,53.6503839,-3.0099517,4.35,98,-0.8,3.2
1790099622900,53.6503827,-3.0099412,4.29,98,-1.0,3.1
1790099623000,53.6503773,-3.0099486,4.45,98,-0.7,3.2
1790099623100,53.6503738,-3.0099390,4.47,98,-0.0,2.9
1790099623200,53.6503804,-3.0099366,4.36,98,-0.7,2.9
1790099623300,53.6503750,-3.0099336,4.39,98,-0.4,2.6
1790099623400,53.6503812,-3.0099282,4.28,98,-0.5,3.0
1790099623500,53.6503732,-3.0099227,4.39,98,-0.6,3.0
1790099623600,53.6503734,-3.0099148,4.43,98,0.5,2.7
1790099623700,53.6503742,-3.0099268,4.31,98,0.5,2.4
1790099623800,53.6503775,-3.0099196,4.25,98,-0.0,2.5
1790099623900,53.6503797,-3.0099042,4.39,98,0.3,2.8
1790099624000,53.6503735,-3.0099062,4.38,98,-0.6,2.6
1790099624100,53.6503725,-3.0099013,4.34,98,-0.3,2.2
1790099624200,53.6503743,-3.0099083,4.38,98,-0.6,2.2
1790099624300,53.6503737,-3.0098934,4.34,98,-0.1,2.5
1790099624400,53.6503724,-3.0098982,4.44,98,0.6,2.7
1790099624500,53.6503789,-3.0098848,4.22,98,-0.8,2.0
1790099624600,53.6503751,-3.0098895,4.21,98,0.0,2.1
1790099624700,53.6503683,-3.0098827,4.19,98,0.4,1.9
1790099624800,53.6503768,-3.0098893,4.29,98,0.7,2.4
1790099624900,53.6503769,-3.0098769,4.42,98,0.3,2.5
1790099625000,53.6503692,-3.0098660,4.37,98,0.5,2.0
1790099625100,53.6503769,-3.0098657,4.36,98,0.3,2.3
1790099625200,53.6503773,-3.0098757,4.24,98,0.6,1.9
1790099625300,53.6503722,-3.0098574,4.43,98,0.2,2.3
1790099625400,53.6503762,-3.0098626,4.35,98,-0.5,1.9
1790099625500,53.6503700,-3.0098654,4.29,98,0.2,1.8
1790099625600,53.6503667,-3.0098572,4.19,98,-0.4,1.9
1790099625700,53.6503671,-3.0098499,4.18,98,0.5,2.1
1790099625800,53.6503719,-3.0098528,4.18,98,0.4,2.3
1790099625900,53.6503702,-3.0098441,4.29,98,0.2,1.7
1790099626000,53.6503715,-3.0098405,4.18,98,-0.4,1.6
1790099626100,53.6503666,-3.0098411,4.25,98,-0.6,1.9
1790099626200,53.6503714,-3.0098363,4.37,98,0.3,1.5
1790099626300,53.6503658,-3.0098343,4.14,98,-0.6,1.7
1790099626400,53.6503661,-3.0098307,4.11,98,0.1,1.5
1790099626500,53.6503684,-3.0098224,4.12,98,0.1,1.8
1790099626600,53.6503727,-3.0098215,4.31,98,-0.5,1.7
1790099626700,53.6503650,-3.0098203,4.23,98,-0.2,1.6
1790099626800,53.6503634,-3.0098126,4.37,98,-1.1,1.8
1790099626900,53.6503706,-3.0098143,4.32,98,-0.2,1.7
1790099627000,53.6503642,-3.0098048,4.32,98,-0.2,2.1
1790099627100,53.6503667,-3.0098111,4.13,98,-0.1,1.7
1790099627200,53.6503621,-3.0098104,4.21,98,-1.0,1.8
1790099627300,53.6503690,-3.0098063,4.26,98,-0.5,1.9
1790099627400,53.6503664,-3.0097921,4.19,98,-0.1,1.8
1790099627500,53.6503671,-3.0097860,4.29,98,-1.6,2.0
1790099627600,53.6503655,-3.0097805,4.30,98,-1.1,1.6
1790099627700,53.6503601,-3.0097875,4.28,98,-0.3,1.9
1790099627800,53.6503670,-3.0097773,4.31,98,-0.4,2.3
1790099627900,53.6503673,-3.0097830,4.16,98,-1.8,2.2
1790099628000,53.6503662,-3.0097687,4.19,98,-0.7,2.2
1790099628100,53.6503637,-3.0097726,4.20,98,-1.7,2.3
1790099628200,53.6503644,-3.0097655,4.34,98,-2.0,2.2
1790099628300,53.6503691,-3.0097720,4.19,98,-1.0,1.8
1790099628400,53.6503670,-3.0097653,4.24,98,-1.2,2.4
1790099628500,53.6503672,-3.0097684,4.08,98,-1.4,1.9
1790099628600,53.6503678,-3.0097561,4.34,98,-1.6,2.4
1790099628700,53.6503632,-3.0097515,4.32,98,-1.3,1.9
1790099628800,53.6503589,-3.0097577,4.19,98,-1.3,2.6
1790099628900,53.6503613,-3.0097514,4.18,98,-1.1,2.1
1790099629000,53.6503606,-3.0097399,4.20,98,-1.4,2.0
1790099629100,53.6503651,-3.0097324,4.13,98,-2.4,2.1
1790099629200,53.6503626,-3.0097363,4.21,98,-1.9,2.8
1790099629300,53.6503655,-3.0097249,4.26,98,-2.7,2.6
1790099629400,53.6503651,-3.0097245,4.12,98,-2.0,2.5
1790099629500,53.6503597,-3.0097216,4.09,98,-3.0,2.4
1790099629600,53.6503640,-3.0097196,4.20,98,-2.7,2.5
1790099629700,53.6503650,-3.0097202,4.31,98,-2.3,2.6
1790099629800,53.6503593,-3.0097187,4.29,98,-2.2,3.1
1790099629900,53.6503620,-3.0097112,4.26,98,-2.6,2.6
1790099630000,53.6503572,-3.0097155,4.24,98,-2.4,3.1
1790099630100,53.6503578,-3.0097157,4.32,98,-2.3,2.6
1790099630200,53.6503536,-3.0097114,4.25,98,-3.4,2.8
1790099630300,53.6503592,-3.0097062,4.21,98,-2.9,3.0
1790099630400,53.6503542,-3.0096955,4.27,98,-2.2,3.1
1790099630500,53.6503625,-3.0096949,4.20,98,-3.3,3.3
1790099630600,53.6503604,-3.0096842,4.08,98,-3.4,3.0
1790099630700,53.6503602,-3.0096967,4.20,98,-3.8,3.3
1790099630800,53.6503520,-3.0096843,4.07,98,-3.4,3.6
1790099630900,53.6503534,-3.0096876,4.25,98,-3.4,3.0
1790099631000,53.6503528,-3.0096693,4.31,98,-3.5,3.0
1790099631100,53.6503509,-3.0096772,4.24,98,-4.0,3.8
1790099631200,53.6503515,-3.0096658,4.09,98,-3.7,3.4
1790099631300,53.6503609,-3.0096644,4.25,98,-3.8,3.4
1790099631400,53.6503518,-3.0096708,4.24,98,-4.3,3.9
1790099631500,53.6503585,-3.0096648,4.17,98,-3.4,3.4
1790099631600,53.6503510,-3.0096585,4.16,98,-3.5,3.5
1790099631700,53.6503572,-3.0096643,4.21,98,-3.6,3.7
1790099631800,53.6503558,-3.0096508,4.16,98,-4.7,3.6
1790099631900,53.6503588,-3.0096430,4.26,98,-4.3,4.1
1790099632000,53.6503494,-3.0096546,4.19,98,-4.9,3.9
1790099632100,53.6503570,-3.0096508,4.19,98,-3.6,4.1
1790099632200,53.6503498,-3.0096321,4.23,98,-4.0,3.7
1790099632300,53.6503531,-3.0096272,4.22,98,-4.3,4.2
1790099632400,53.6503556,-3.0096370,4.08,98,-3.6,3.5
1790099632500,53.6503516,-3.0096268,4.13,98,-4.1,3.9
1790099632600,53.6503561,-3.0096244,4.14,98,-4.7,4.4
1790099632700,53.6503514,-3.0096238,4.09,98,-3.9,4.0
1790099632800,53.6503509,-3.0096217,4.03,98,-3.9,3.9
1790099632900,53.6503564,-3.0096204,4.16,98,-4.9,4.3
1790099633000,53.6503532,-3.0096129,4.23,98,-4.4,3.8
1790099633100,53.6503524,-3.0096075,4.26,98,-5.0,3.7
1790099633200,53.6503548,-3.0096110,4.07,98,-4.2,4.4
1790099633300,53.6503518,-3.0096127,4.12,98,-5.0,3.8
1790099633400,53.6503501,-3.0095988,4.08,98,-4.9,4.4
1790099633500,53.6503452,-3.0095988,4.20,98,-5.2,4.0
1790099633600,53.6503510,-3.0095909,4.04,98,-4.9,4.5
1790099633700,53.6503535,-3.0095881,4.25,98,-5.4,4.0
1790099633800,53.6503507,-3.0095855,4.16,98,-5.6,4.1
1790099633900,53.6503529,-3.0095812,4.02,98,-4.6,4.6
1790099634000,53.6503442,-3.0095829,4.26,98,-4.3,4.3
1790099634100,53.6503489,-3.0095855,4.18,98,-5.4,4.5
1790099634200,53.6503524,-3.0095823,4.15,98,-4.8,4.5
1790099634300,53.6503448,-3.0095771,4.16,98,-5.3,3.9
1790099634400,53.6503449,-3.0095710,4.22,98,-5.0,3.8
1790099634500,53.6503460,-3.0095612,4.19,98,-5.0,4.5
1790099634600,53.6503497,-3.0095604,4.09,98,-4.9,4.5
1790099634700,53.6503455,-3.0095582,4.26,98,-5.1,4.0
1790099634800,53.6503415,-3.0095615,4.13,98,-4.7,4.1
1790099634900,53.6503424,-3.0095565,4.11,98,-5.4,4.3
1790099635000,53.6503429,-3.0095430,4.05,98,-4.4,4.4
1790099635100,53.6503474,-3.0095454,4.10,98,-4.8,3.8
1790099635200,53.6503417,-3.0095489,4.11,98,-5.3,4.2
1790099635300,53.6503469,-3.0095439,4.19,98,-5.6,4.2
1790099635400,53.6503394,-3.0095421,4.09,98,-4.8,4.0
1790099635500,53.6503483,-3.0095314,4.19,98,-5.4,4.1
1790099635600,53.6503391,-3.0095394,4.21,98,-4.5,4.1
1790099635700,53.6503385,-3.0095283,4.13,98,-4.5,4.0
1790099635800,53.6503482,-3.0095328,4.11,98,-4.9,4.0
1790099635900,53.6503486,-3.0095140,4.25,98,-5.3,3.6
1790099636000,53.6503466,-3.0095199,4.18,98,-4.0,4.1
1790099636100,53.6503401,-3.0095207,4.24,98,-4.4,3.6
1790099636200,53.6503416,-3.0095075,4.27,98,-5.3,3.3
1790099636300,53.6503421,-3.0095028,4.25,98,-4.2,3.6
1790099636400,53.6503389,-3.0094973,4.23,98,-5.1,3.3
1790099636500,53.6503425,-3.0094927,4.06,98,-4.0,3.3
1790099636600,53.6503415,-3.0094998,4.06,98,-4.3,3.2
1790099636700,53.6503453,-3.0094923,4.10,98,-4.3,3.4
1790099636800,53.6503370,-3.0094854,4.14,98,-4.2,3.3
1790099636900,53.6503441,-3.0094810,4.08,98,-3.8,3.5
1790099637000,53.6503410,-3.0094769,4.05,98,-4.8,3.1
1790099637100,53.6503439,-3.0094822,4.21,98,-3.6,3.6
1790099637200,53.6503363,-3.0094823,4.15,98,-4.3,3.4
1790099637300,53.6503442,-3.0094739,4.16,98,-3.7,3.5
1790099637400,53.6503386,-3.0094684,4.22,98,-3.5,3.0
1790099637500,53.6503420,-3.0094730,4.17,98,-4.6,3.3
1790099637600,53.6503364,-3.0094647,4.05,98,-3.7,2.8
1790099637700,53.6503356,-3.0094582,4.21,98,-4.2,3.2
1790099637800,53.6503365,-3.0094547,4.27,98,-4.1,2.8
1790099637900,53.6503433,-3.0094583,4.11,98,-3.9,3.0
1790099638000,53.6503344,-3.0094600,4.06,98,-3.0,2.7
1790099638100,53.6503325,-3.0094455,4.19,98,-3.8,2.9
1790099638200,53.6503357,-3.0094444,4.12,98,-3.4,2.5
1790099638300,53.6503318,-3.0094362,4.10,98,-3.5,2.5
1790099638400,53.6503361,-3.0094419,4.24,98,-3.5,2.7
1790099638500,53.6503409,-3.0094363,4.12,98,-3.2,2.7
1790099638600,53.6503397,-3.0094384,4.13,98,-3.5,2.4
1790099638700,53.6503394,-3.0094347,4.22,98,-3.2,2.1
1790099638800,53.6503303,-3.0094210,4.33,98,-3.0,2.0
1790099638900,53.6503310,-3.0094154,4.30,98,-3.2,2.6
1790099639000,53.6503360,-3.0094216,4.10,98,-3.0,2.5
1790099639100,53.6503372,-3.0094162,4.27,98,-3.2,2.3
1790099639200,53.6503347,-3.0094095,4.10,98,-2.3,2.3
1790099639300,53.6503294,-3.0094194,4.19,98,-3.3,2.3
1790099639400,53.6503292,-3.0094063,4.06,98,-3.3,2.5
1790099639500,53.6503357,-3.0094130,4.23,98,-3.0,1.9
1790099639600,53.6503289,-3.0093956,4.21,98,-2.1,2.2
1790099639700,53.6503328,-3.0093921,4.31,98,-2.2,2.0
1790099639800,53.6503310,-3.0093997,4.32,98,-1.8,2.2
1790099639900,53.6503323,-3.0093834,4.06,98,-1.7,1.8
1790099640000,53.6503332,-3.0093933,4.30,98,-2.8,1.9
1790099640100,53.6503275,-3.0093940,4.33,98,-1.5,1.8
1790099640200,53.6503359,-3.0093844,4.28,98,-1.8,2.0
1790099640300,53.6503365,-3.0093811,4.28,98,-2.5,1.6
1790099640400,53.6503290,-3.0093755,4.15,98,-2.0,2.2
1790099640500,53.6503328,-3.0093704,4.24,98,-1.5,2.1
1790099640600,53.6503253,-3.0093773,4.33,98,-1.5,1.5
1790099640700,53.6503306,-3.0093602,4.29,98,-1.6,2.2
1790099640800,53.6503351,-3.0093543,4.18,98,-1.3,2.1
1790099640900,53.6503342,-3.0093591,4.23,98,-1.6,2.0
1790099641000,53.6503324,-3.0093569,4.28,98,-1.0,2.1
1790099641100,53.6503318,-3.0093586,4.25,98,-0.9,1.6
1790099641200,53.6503241,-3.0093435,4.31,98,-0.8,2.0
1790099641300,53.6503327,-3.0093506,4.21,98,-1.2,1.9
1790099641400,53.6503283,-3.0093491,4.38,98,-1.7,1.7
1790099641500,53.6503293,-3.0093316,4.14,98,-0.6,2.1
1790099641600,53.6503275,-3.0093381,4.35,98,-1.3,1.9
1790099641700,53.6503329,-3.0093303,4.17,98,-0.7,1.6
1790099641800,53.6503294,-3.0093317,4.28,98,-1.5,1.4
1790099641900,53.6503317,-3.0093233,4.17,98,-0.4,2.2
1790099642000,53.6503275,-3.0093261,4.19,98,-0.1,1.8
1790099642100,53.6503239,-3.0093264,4.23,98,-0.4,1.7
1790099642200,53.6503268,-3.0093196,4.22,98,-0.6,1.5
1790099642300,53.6503264,-3.0093144,4.14,98,-1.0,1.9
1790099642400,53.6503213,-3.0093036,4.41,98,-0.1,2.0
1790099642500,53.6503249,-3.0093089,4.22,98,-0.9,2.1
1790099642600,53.6503210,-3.0093075,4.36,98,-0.3,1.7
1790099642700,53.6503272,-3.0093074,4.35,98,-0.3,2.0
1790099642800,53.6503273,-3.0092949,4.38,98,-0.2,2.2
1790099642900,53.6503261,-3.0092876,4.17,98,-1.0,2.4
1790099643000,53.6503195,-3.0092809,4.41,98,-0.7,2.2
1790099643100,53.6503225,-3.0092902,4.32,98,0.4,2.4
1790099643200,53.6503276,-3.0092884,4.29,98,-0.0,1.8
1790099643300,53.6503216,-3.0092717,4.29,98,0.5,2.2
1790099643400,53.6503248,-3.0092777,4.32,98,-0.4,2.5
1790099643500,53.6503263,-3.0092822,4.39,98,-0.8,2.5
1790099643600,53.6503248,-3.0092655,4.33,98,0.6,2.8
1790099643700,53.6503182,-3.0092583,4.22,98,-0.8,2.8
1790099643800,53.6503175,-3.0092579,4.20,98,0.2,2.8
1790099643900,53.6503175,-3.0092595,4.16,98,-0.3,2.6
1790099644000,53.6503255,-3.0092616,4.29,98,-0.6,2.4
1790099644100,53.6503238,-3.0092485,4.18,98,-0.6,3.0
1790099644200,53.6503245,-3.0092537,4.42,98,-0.5,2.5
1790099644300,53.6503204,-3.0092391,4.32,98,-0.7,3.0
1790099644400,53.6503196,-3.0092359,4.43,98,0.6,2.6
1790099644500,53.6503199,-3.0092376,4.38,98,0.4,2.7
1790099644600,53.6503203,-3.0092455,4.35,98,0.3,3.2
1790099644700,53.6503245,-3.0092274,4.24,98,0.6,3.2
1790099644800,53.6503183,-3.0092334,4.41,98,0.2,3.1
1790099644900,53.6503236,-3.0092264,4.42,98,-0.7,3.0
1790099645000,53.6503187,-3.0092154,4.37,98,-0.6,3.4
1790099645100,53.6503179,-3.0092132,4.44,98,0.1,2.9
1790099645200,53.6503178,-3.0092176,4.45,98,-0.5,3.2
1790099645300,53.6503155,-3.0092173,4.27,98,0.6,2.9
1790099645400,53.6503127,-3.0092125,4.37,98,-0.3,3.0
1790099645500,53.6503184,-3.0092091,4.40,98,-0.6,3.7
1790099645600,53.6503175,-3.0092091,4.47,98,-0.3,3.7
1790099645700,53.6503176,-3.0091919,4.45,98,-0.1,3.3
1790099645800,53.6503169,-3.0092013,4.23,98,-0.5,3.9
1790099645900,53.6503180,-3.0091989,4.25,98,-0.4,3.7
1790099646000,53.6503195,-3.0091815,4.47,98,-1.1,3.3
1790099646100,53.6503130,-3.0091874,4.45,98,-0.8,3.7
1790099646200,53.6503123,-3.0091777,4.43,98,-0.6,3.7
1790099646300,53.6503134,-3.0091729,4.40,98,-0.9,3.7
1790099646400,53.6503160,-3.0091830,4.41,98,-0.8,3.8
1790099646500,53.6503161,-3.0091731,4.41,98,-0.6,3.8
1790099646600,53.6503093,-3.0091773,4.37,98,-0.1,4.0
1790099646700,53.6503143,-3.0091675,4.34,98,-1.1,3.9
1790099646800,53.6503143,-3.0091585,4.31,98,-1.2,3.7
1790099646900,53.6503180,-3.0091533,4.34,98,-0.5,3.6
1790099647000,53.6503124,-3.0091609,4.31,98,-1.2,4.1
1790099647100,53.6503131,-3.0091501,4.39,98,-0.4,4.1
1790099647200,53.6503079,-3.0091415,4.27,98,-1.2,4.2
1790099647300,53.6503161,-3.0091543,4.39,98,-0.9,3.8
1790099647400,53.6503088,-3.0091390,4.45,98,-0.4,4.5
1790099647500,53.6503134,-3.0091460,4.32,98,-1.6,4.3
1790099647600,53.6503059,-3.0091317,4.31,98,-1.2,4.3
1790099647700,53.6503153,-3.0091287,4.45,98,-0.6,4.2
1790099647800,53.6503108,-3.0091215,4.31,98,-2.0,3.9
1790099647900,53.6503067,-3.0091264,4.37,98,-1.0,4.0
1790099648000,53.6503110,-3.0091161,4.52,98,-1.3,4.5
1790099648100,53.6503105,-3.0091263,4.39,98,-1.9,4.4
1790099648200,53.6503055,-3.0091097,4.50,98,-1.7,4.4
1790099648300,53.6503081,-3.0091185,4.53,98,-2.5,4.1
1790099648400,53.6503052,-3.0091003,4.42,98,-1.3,4.4
1790099648500,53.6503126,-3.0091099,4.55,98,-1.2,4.4
1790099648600,53.6503082,-3.0090952,4.38,98,-1.3,4.1
1790099648700,53.6503061,-3.0090939,4.49,98,-2.1,4.4
1790099648800,53.6503085,-3.0090982,4.35,98,-1.4,3.9
1790099648900,53.6503032,-3.0090851,4.39,98,-1.5,3.9
1790099649000,53.6503059,-3.0090826,4.60,98,-1.9,4.0
1790099649100,53.6503075,-3.0090887,4.51,98,-1.9,4.4
1790099649200,53.6503050,-3.0090754,4.55,98,-2.0,3.8
1790099649300,53.6503025,-3.0090827,4.42,98,-2.1,4.3
1790099649400,53.6503060,-3.0090818,4.52,98,-2.2,4.2
1790099649500,53.6503076,-3.0090706,4.44,98,-2.7,3.8
1790099649600,53.6503085,-3.0090726,4.40,98,-2.7,4.4
1790099649700,53.6503005,-3.0090662,4.56,98,-3.3,4.4
1790099649800,53.6503050,-3.0090637,4.48,98,-3.2,4.2
1790099649900,53.6502997,-3.0090596,4.51,98,-3.3,3.9
1790099650000,53.6503004,-3.0090506,4.54,98,-3.1,4.2
1790099650100,53.6503029,-3.0090453,4.41,98,-3.4,3.9
1790099650200,53.6503026,-3.0090392,4.47,98,-3.9,4.2
1790099650300,53.6503070,-3.0090366,4.52,98,-3.7,3.7
1790099650400,53.6503035,-3.0090406,4.61,98,-2.7,3.6
1790099650500,53.6503054,-3.0090407,4.41,98,-3.1,3.6
1790099650600,53.6503024,-3.0090241,4.46,98,-4.0,3.6
1790099650700,53.6502974,-3.0090345,4.49,98,-3.9,3.9
1790099650800,53.6502978,-3.0090180,4.66,98,-3.8,3.3
1790099650900,53.6503024,-3.0090217,4.53,98,-3.4,3.3
1790099651000,53.6503027,-3.0090262,4.57,98,-3.1,3.5
1790099651100,53.6502994,-3.0090104,4.46,98,-3.7,3.3
1790099651200,53.6503044,-3.0090105,4.52,98,-3.8,3.7
1790099651300,53.6503007,-3.0089993,4.49,98,-3.4,3.2
1790099651400,53.6502976,-3.0090100,4.64,98,-3.7,3.2
1790099651500,53.6502999,-3.0089956,4.65,98,-3.8,3.5
1790099651600,53.6502989,-3.0089883,4.67,98,-4.4,3.1
1790099651700,53.6503025,-3.0090000,4.48,98,-4.7,3.4
1790099651800,53.6502942,-3.0089825,4.66,98,-4.8,2.9
1790099651900,53.6502970,-3.0089875,4.67,98,-3.9,3.4
1790099652000,53.6502970,-3.0089736,4.65,98,-4.7,3.3
1790099652100,53.6502971,-3.0089827,4.67,98,-3.9,3.0
1790099652200,53.6503008,-3.0089771,4.68,98,-4.1,2.6
1790099652300,53.6502952,-3.0089663,4.49,98,-5.1,2.9
1790099652400,53.6502933,-3.0089715,4.71,98,-5.1,3.1
1790099652500,53.6502941,-3.0089662,4.59,98,-4.6,2.7
1790099652600,53.6502944,-3.0089572,4.53,98,-4.8,3.0
1790099652700,53.6502951,-3.0089663,4.49,98,-5.2,2.7
1790099652800,53.6503004,-3.0089619,4.47,98,-4.5,2.3
1790099652900,53.6502909,-3.0089423,4.57,98,-5.4,2.6
1790099653000,53.6502998,-3.0089470,4.58,98,-4.7,2.1
1790099653100,53.6502960,-3.0089494,4.60,98,-5.5,2.3
1790099653200,53.6502956,-3.0089416,4.56,98,-4.8,2.6
1790099653300,53.6502985,-3.0089406,4.55,98,-4.9,2.3
1790099653400,53.6502906,-3.0089342,4.47,98,-5.0,2.0
1790099653500,53.6502948,-3.0089211,4.79,98,-4.7,2.5
1790099653600,53.6502914,-3.0089238,4.69,98,-4.5,2.2
1790099653700,53.6502890,-3.0089288,4.74,98,-5.0,2.1
1790099653800,53.6502937,-3.0089271,4.67,98,-5.7,1.8
1790099653900,53.6502965,-3.0089209,4.71,98,-4.4,2.2
1790099654000,53.6502925,-3.0089129,4.54,98,-4.4,2.0
1790099654100,53.6502931,-3.0089074,4.58,98,-5.1,2.0
1790099654200,53.6502887,-3.0088981,4.57,98,-4.6,2.4
1790099654300,53.6502881,-3.0089016,4.61,98,-5.5,1.6
1790099654400,53.6502899,-3.0088928,4.66,98,-5.6,1.8
1790099654500,53.6502866,-3.0088986,4.53,98,-5.4,2.3
1790099654600,53.6502923,-3.0088937,4.62,98,-4.9,1.8
1790099654700,53.6502891,-3.0088813,4.52,98,-5.2,1.6
1790099654800,53.6502945,-3.0088764,4.77,98,-4.6,2.2
1790099654900,53.6502904,-3.0088770,4.62,98,-4.5,2.0
1790099655000,53.6502884,-3.0088714,4.69,98,-5.1,1.6
1790099655100,53.6502920,-3.0088711,4.64,98,-4.5,1.9
1790099655200,53.6502889,-3.0088637,4.78,98,-5.3,2.1
1790099655300,53.6502847,-3.0088734,4.79,98,-5.0,1.5
1790099655400,53.6502898,-3.0088543,4.78,98,-4.8,1.7
1790099655500,53.6502882,-3.0088661,4.84,98,-4.9,1.6
1790099655600,53.6502846,-3.0088510,4.73,98,-5.3,1.8
1790099655700,53.6502824,-3.0088456,4.78,98,-4.7,1.9
1790099655800,53.6502827,-3.0088456,4.66,98,-4.5,2.0
1790099655900,53.6502820,-3.0088344,4.69,98,-4.4,1.4
1790099656000,53.6502813,-3.0088309,4.74,98,-4.3,2.1
1790099656100,53.6502854,-3.0088277,4.82,98,-5.2,2.0
1790099656200,53.6502905,-3.0088298,4.60,98,-4.2,1.9
1790099656300,53.6502843,-3.0088365,4.59,98,-3.8,1.8
1790099656400,53.6502820,-3.0088188,4.64,98,-3.7,2.2
1790099656500,53.6502903,-3.0088218,4.81,98,-5.0,1.6
1790099656600,53.6502893,-3.0088151,4.60,98,-4.4,1.8
1790099656700,53.6502792,-3.0088126,4.70,98,-3.6,2.3
1790099656800,53.6502832,-3.0088119,4.66,98,-3.9,2.3
1790099656900,53.6502884,-3.0088033,4.62,98,-4.6,2.1
1790099657000,53.6502824,-3.0088087,4.57,98,-4.0,1.6
1790099657100,53.6502841,-3.0088039,4.80,98,-4.6,2.0
1790099657200,53.6502855,-3.0088010,4.64,98,-3.4,2.0
1790099657300,53.6502852,-3.0087883,4.71,98,-3.7,2.5
1790099657400,53.6502778,-3.0087863,4.69,98,-4.2,2.3
1790099657500,53.6502785,-3.0087769,4.69,98,-2.9,2.2
1790099657600,53.6502767,-3.0087831,4.70,98,-3.2,2.6
1790099657700,53.6502823,-3.0087793,4.61,98,-3.9,2.5
1790099657800,53.6502822,-3.0087724,4.65,98,-2.9,2.4
1790099657900,53.6502804,-3.0087735,4.88,98,-4.0,2.1
1790099658000,53.6502834,-3.0087736,4.82,98,-3.6,2.7
1790099658100,53.6502788,-3.0087626,4.75,98,-3.1,2.6
1790099658200,53.6502755,-3.0087504,4.82,98,-3.2,2.1
1790099658300,53.6502804,-3.0087529,4.77,98,-2.4,2.5
1790099658400,53.6502743,-3.0087564,4.85,98,-2.3,2.5
1790099658500,53.6502792,-3.0087434,4.78,98,-3.6,2.4
1790099658600,53.6502809,-3.0087524,4.68,98,-2.4,2.8
1790099658700,53.6502768,-3.0087328,4.80,98,-2.4,3.0
1790099658800,53.6502767,-3.0087422,4.77,98,-2.4,3.1
1790099658900,53.6502777,-3.0087351,4.60,98,-2.6,2.7
1790099659000,53.6502792,-3.0087378,4.71,98,-3.0,3.2
1790099659100,53.6502762,-3.0087311,4.81,98,-2.0,2.6
1790099659200,53.6502772,-3.0087302,4.71,98,-3.0,2.6
1790099659300,53.6502775,-3.0087156,4.76,98,-2.7,2.6
1790099659400,53.6502731,-3.0087194,4.67,98,-1.7,3.3
1790099659500,53.6502756,-3.0087053,4.68,98,-1.6,3.5
1790099659600,53.6502732,-3.0087003,4.79,98,-2.6,3.0
1790099659700,53.6502779,-3.0087002,4.86,98,-1.6,3.1
1790099659800,53.6502753,-3.0087044,4.64,98,-1.6,3.1
1790099659900,53.6502735,-3.0087022,4.80,98,-2.3,3.6
1790099660000,53.6502703,-3.0086915,4.64,98,-2.2,3.8
1790099660100,53.6502746,-3.0086884,4.78,98,-1.1,3.2
1790099660200,53.6502754,-3.0086879,4.87,98,-1.3,3.3
1790099660300,53.6502690,-3.0086802,4.62,98,-1.0,3.2
1790099660400,53.6502726,-3.0086802,4.66,98,-1.5,3.7
1790099660500,53.6502770,-3.0086768,4.80,98,-1.4,3.2
1790099660600,53.6502703,-3.0086705,4.77,98,-1.0,4.0
1790099660700,53.6502750,-3.0086712,4.81,98,-1.7,3.6
1790099660800,53.6502699,-3.0086645,4.87,98,-1.5,3.8
1790099660900,53.6502742,-3.0086539,4.76,98,-0.6,3.6
1790099661000,53.6502756,-3.0086529,4.67,98,-0.3,3.8
1790099661100,53.6502724,-3.0086491,4.68,98,-1.6,4.0
1790099661200,53.6502696,-3.0086482,4.92,98,-1.1,4.0
1790099661300,53.6502664,-3.0086517,4.71,98,-0.8,4.3
1790099661400,53.6502648,-3.0086345,4.76,98,-0.9,4.3
1790099661500,53.6502727,-3.0086321,4.71,98,-0.0,3.9
1790099661600,53.6502665,-3.0086275,4.88,98,-0.6,3.9
1790099661700,53.6502645,-3.0086332,4.67,98,-0.1,3.7
1790099661800,53.6502729,-3.0086247,4.88,98,-0.4,4.3
1790099661900,53.6502667,-3.0086314,4.69,98,-0.1,4.1
1790099662000,53.6502725,-3.0086286,4.90,98,-1.0,4.4
1790099662100,53.6502679,-3.0086180,4.86,98,-0.1,4.4
1790099662200,53.6502647,-3.0086164,4.73,98,-0.1,4.0
1790099662300,53.6502620,-3.0086107,4.71,98,-0.5,4.5
1790099662400,53.6502651,-3.0086106,4.84,98,0.2,3.8
1790099662500,53.6502639,-3.0086100,4.74,98,-0.2,4.1
1790099662600,53.6502685,-3.0086033,4.84,98,0.3,4.0
1790099662700,53.6502681,-3.0085873,4.68,98,0.3,4.5
1790099662800,53.6502658,-3.0085897,4.70,98,-0.9,4.1
1790099662900,53.6502707,-3.0085935,4.86,98,-0.8,4.1
1790099663000,53.6502651,-3.0085744,4.69,98,-0.8,4.1
1790099663100,53.6502643,-3.0085720,4.77,98,0.2,4.4
1790099663200,53.6502651,-3.0085755,4.85,98,-0.8,3.9
1790099663300,53.6502655,-3.0085672,4.77,98,0.0,4.2
1790099663400,53.6502662,-3.0085744,4.76,98,-0.8,4.2
1790099663500,53.6502628,-3.0085625,4.66,98,-0.3,4.0
1790099663600,53.6502680,-3.0085634,4.75,98,-0.5,3.9
1790099663700,53.6502607,-3.0085606,4.75,98,0.3,4.0
1790099663800,53.6502648,-3.0085605,4.84,98,0.4,4.1
1790099663900,53.6502650,-3.0085415,4.70,98,-0.5,4.4
1790099664000,53.6502618,-3.0085374,4.73,98,-0.2,4.2
1790099664100,53.6502658,-3.0085405,4.65,98,-0.6,4.2
1790099664200,53.6502660,-3.0085320,4.75,98,0.6,3.7
1790099664300,53.6502620,-3.0085289,4.64,98,-0.7,4.1
1790099664400,53.6502586,-3.0085347,4.86,98,-0.1,4.2
1790099664500,53.6502635,-3.0085329,4.63,98,-0.7,4.2
1790099664600,53.6502581,-3.0085180,4.84,98,0.3,3.7
1790099664700,53.6502566,-3.0085235,4.83,98,-0.8,3.9
1790099664800,53.6502606,-3.0085255,4.83,98,0.6,3.8
1790099664900,53.6502619,-3.0085131,4.62,98,-0.1,3.4
1790099665000,53.6502550,-3.0085173,4.85,98,-0.9,4.0
1790099665100,53.6502631,-3.0084971,4.78,98,-0.0,3.6
1790099665200,53.6502565,-3.0085025,4.84,98,-0.3,4.0
1790099665300,53.6502594,-3.0085013,4.68,98,0.1,4.0
1790099665400,53.6502598,-3.0084921,4.64,98,0.1,3.8
1790099665500,53.6502585,-3.0084915,4.67,98,-1.1,3.3
1790099665600,53.6502589,-3.0084886,4.81,98,-0.8,3.3
1790099665700,53.6502553,-3.0084769,4.77,98,-0.4,3.1
1790099665800,53.6502546,-3.0084774,4.85,98,-0.2,3.3
1790099665900,53.6502560,-3.0084826,4.76,98,-0.5,3.2
1790099666000,53.6502551,-3.0084676,4.78,98,0.2,3.5
1790099666100,53.6502592,-3.0084764,4.72,98,-0.9,3.1
1790099666200,53.6502516,-3.0084697,4.69,98,-1.2,2.9
1790099666300,53.6502600,-3.0084563,4.82,98,-0.8,3.0
1790099666400,53.6502523,-3.0084541,4.69,98,-1.0,3.2
1790099666500,53.6502523,-3.0084621,4.74,98,-0.4,2.7
1790099666600,53.6502588,-3.0084469,4.87,98,-1.5,2.8
1790099666700,53.6502583,-3.0084482,4.76,98,-1.0,2.9
1790099666800,53.6502505,-3.0084508,4.72,98,-0.6,3.1
1790099666900,53.6502582,-3.0084371,4.61,98,-0.9,3.0
1790099667000,53.6502556,-3.0084347,4.67,98,-1.5,2.9
1790099667100,53.6502508,-3.0084343,4.81,98,-1.6,2.4
1790099667200,53.6502540,-3.0084223,4.81,98,-1.9,2.7
1790099667300,53.6502565,-3.0084163,4.80,98,-1.5,2.8
1790099667400,53.6502533,-3.0084202,4.62,98,-1.7,2.7
1790099667500,53.6502517,-3.0084250,4.83,98,-1.6,2.4
1790099667600,53.6502559,-3.0084095,4.72,98,-1.3,2.5
1790099667700,53.6502528,-3.0084140,4.86,98,-1.8,2.1
1790099667800,53.6502502,-3.0084117,4.85,98,-2.0,2.6
1790099667900,53.6502448,-3.0084005,4.76,98,-1.7,2.1
1790099668000,53.6502520,-3.0084056,4.87,98,-2.4,2.6
1790099668100,53.6502451,-3.0084040,4.61,98,-1.3,1.9
1790099668200,53.6502495,-3.0083858,4.78,98,-2.0,2.4
1790099668300,53.6502528,-3.0083944,4.61,98,-2.6,2.2
1790099668400,53.6502455,-3.0083833,4.70,98,-2.4,2.1
1790099668500,53.6502497,-3.0083739,4.76,98,-2.4,2.2
1790099668600,53.6502434,-3.0083708,4.76,98,-3.0,2.1
1790099668700,53.6502523,-3.0083654,4.73,98,-2.1,1.6
1790099668800,53.6502423,-3.0083647,4.72,98,-2.0,2.1
1790099668900,53.6502513,-3.0083648,4.61,98,-2.3,1.7
1790099669000,53.6502489,-3.0083615,4.73,98,-2.5,2.2
1790099669100,53.6502437,-3.0083681,4.79,98,-3.3,1.8
1790099669200,53.6502476,-3.0083625,4.71,98,-3.4,2.2
1790099669300,53.6502421,-3.0083488,4.64,98,-2.4,1.9
1790099669400,53.6502423,-3.0083405,4.83,98,-3.3,1.7
1790099669500,53.6502441,-3.0083529,4.76,98,-3.1,1.9
1790099669600,53.6502476,-3.0083478,4.72,98,-3.3,2.1
1790099669700,53.6502397,-3.0083338,4.61,98,-2.9,1.9
1790099669800,53.6502474,-3.0083325,4.67,98,-3.2,2.1
1790099669900,53.6502464,-3.0083241,4.58,98,-3.1,1.8
1790099670000,53.6502398,-3.0083238,4.61,98,-4.1,1.5
1790099670100,53.6502418,-3.0083228,4.63,98,-3.6,2.0
1790099670200,53.6502447,-3.0083145,4.61,98,-2.9,1.9
1790099670300,53.6502409,-3.0083171,4.71,98,-4.3,1.5
1790099670400,53.6502401,-3.0083098,4.76,98,-3.8,1.7
1790099670500,53.6502410,-3.0083127,4.74,98,-4.1,1.8
1790099670600,53.6502441,-3.0083105,4.56,98,-4.5,1.4
1790099670700,53.6502463,-3.0083078,4.62,98,-4.0,2.1
1790099670800,53.6502427,-3.0082958,4.69,98,-3.6,1.6
1790099670900,53.6502461,-3.0082960,4.54,98,-4.4,2.3
1790099671000,53.6502442,-3.0082993,4.65,98,-4.3,1.8
1790099671100,53.6502429,-3.0082790,4.52,98,-4.0,1.7
1790099671200,53.6502371,-3.0082858,4.75,98,-4.6,1.5
1790099671300,53.6502407,-3.0082870,4.75,98,-5.0,2.1
1790099671400,53.6502349,-3.0082772,4.73,98,-4.9,2.3
1790099671500,53.6502443,-3.0082804,4.49,98,-4.4,2.0
1790099671600,53.6502405,-3.0082707,4.69,98,-3.9,1.8
1790099671700,53.6502378,-3.0082736,4.76,98,-4.2,2.2
1790099671800,53.6502370,-3.0082608,4.65,98,-4.9,1.7
1790099671900,53.6502428,-3.0082598,4.57,98,-5.1,1.7
1790099672000,53.6502351,-3.0082496,4.66,98,-4.2,2.3
1790099672100,53.6502378,-3.0082556,4.72,98,-5.3,1.9
1790099672200,53.6502422,-3.0082497,4.74,98,-5.4,2.2
1790099672300,53.6502327,-3.0082357,4.53,98,-5.3,2.3
1790099672400,53.6502403,-3.0082475,4.72,98,-5.1,2.4
1790099672500,53.6502343,-3.0082419,4.75,98,-4.5,2.6
1790099672600,53.6502330,-3.0082371,4.57,98,-4.8,2.2
1790099672700,53.6502341,-3.0082307,4.57,98,-4.4,2.3
1790099672800,53.6502316,-3.0082200,4.48,98,-4.7,2.2
1790099672900,53.6502402,-3.0082268,4.65,98,-4.9,2.6
1790099673000,53.6502359,-3.0082148,4.52,98,-4.8,2.7
1790099673100,53.6502324,-3.0082114,4.69,98,-5.2,2.3
1790099673200,53.6502363,-3.0082181,4.51,98,-5.6,2.4
1790099673300,53.6502329,-3.0082105,4.52,98,-5.5,2.9
1790099673400,53.6502343,-3.0082110,4.50,98,-5.5,2.7
1790099673500,53.6502363,-3.0082033,4.68,98,-4.8,2.8
1790099673600,53.6502282,-3.0081975,4.61,98,-4.3,2.9
1790099673700,53.6502317,-3.0081954,4.58,98,-5.7,2.8
1790099673800,53.6502349,-3.0081927,4.48,98,-4.6,3.3
1790099673900,53.6502373,-3.0081811,4.56,98,-5.0,2.8
1790099674000,53.6502314,-3.0081927,4.60,98,-4.4,3.5
1790099674100,53.6502336,-3.0081817,4.57,98,-5.1,2.9
1790099674200,53.6502287,-3.0081839,4.65,98,-5.0,3.4
1790099674300,53.6502260,-3.0081668,4.59,98,-4.9,3.1
1790099674400,53.6502269,-3.0081743,4.53,98,-4.3,3.1
1790099674500,53.6502278,-3.0081571,4.53,98,-4.5,3.0
1790099674600,53.6502293,-3.0081675,4.48,98,-5.3,3.7
1790099674700,53.6502309,-3.0081562,4.57,98,-5.0,3.5
1790099674800,53.6502304,-3.0081614,4.62,98,-5.0,3.4
1790099674900,53.6502334,-3.0081570,4.40,98,-5.1,3.2
1790099675000,53.6502253,-3.0081464,4.52,98,-4.7,3.8
1790099675100,53.6502259,-3.0081507,4.57,98,-4.6,3.4
1790099675200,53.6502235,-3.0081364,4.47,98,-5.3,3.6
1790099675300,53.6502283,-3.0081338,4.46,98,-4.8,3.6
1790099675400,53.6502303,-3.0081324,4.45,98,-4.8,4.2
1790099675500,53.6502328,-3.0081276,4.49,98,-4.8,3.6
1790099675600,53.6502314,-3.0081280,4.44,98,-5.0,3.7
1790099675700,53.6502314,-3.0081309,4.46,98,-4.3,3.9
1790099675800,53.6502234,-3.0081205,4.40,98,-4.5,4.0
1790099675900,53.6502303,-3.0081189,4.47,98,-4.5,3.9
1790099676000,53.6502250,-3.0081123,4.57,98,-4.8,4.2
1790099676100,53.6502285,-3.0081021,4.44,98,-4.6,4.0
1790099676200,53.6502235,-3.0081145,4.45,98,-3.9,3.9
1790099676300,53.6502263,-3.0081091,4.37,98,-4.6,4.5
1790099676400,53.6502276,-3.0080954,4.39,98,-3.4,4.4
1790099676500,53.6502202,-3.0080983,4.43,98,-3.6,3.8
1790099676600,53.6502274,-3.0081011,4.55,98,-3.4,4.1
1790099676700,53.6502252,-3.0080837,4.62,98,-4.2,4.2
1790099676800,53.6502251,-3.0080920,4.48,98,-4.1,4.1
1790099676900,53.6502197,-3.0080768,4.56,98,-4.0,4.3
1790099677000,53.6502183,-3.0080749,4.44,98,-3.0,3.9
1790099677100,53.6502196,-3.0080786,4.42,98,-3.3,4.5
1790099677200,53.6502202,-3.0080700,4.46,98,-3.5,4.2
1790099677300,53.6502268,-3.0080708,4.40,98,-2.8,4.1
1790099677400,53.6502207,-3.0080719,4.54,98,-3.9,4.0
1790099677500,53.6502167,-3.0080657,4.34,98,-3.6,4.5
1790099677600,53.6502183,-3.0080677,4.51,98,-2.5,4.1
1790099677700,53.6502184,-3.0080487,4.44,98,-3.4,4.4
1790099677800,53.6502186,-3.0080538,4.40,98,-2.6,3.8
1790099677900,53.6502248,-3.0080575,4.53,98,-2.4,4.4
1790099678000,53.6502178,-3.0080467,4.36,98,-3.3,4.2
1790099678100,53.6502230,-3.0080356,4.30,98,-2.9,4.2
1790099678200,53.6502205,-3.0080357,4.43,98,-2.8,4.4
1790099678300,53.6502178,-3.0080365,4.38,98,-2.9,3.9
1790099678400,53.6502189,-3.0080329,4.29,98,-2.6,4.2
1790099678500,53.6502175,-3.0080306,4.42,98,-2.7,4.3
1790099678600,53.6502194,-3.0080326,4.31,98,-2.2,3.8
1790099678700,53.6502177,-3.0080285,4.47,98,-2.6,4.0
1790099678800,53.6502148,-3.0080170,4.42,98,-1.9,3.7
1790099678900,53.6502134,-3.0080146,4.43,98,-1.8,3.7
1790099679000,53.6502187,-3.0080031,4.43,98,-1.5,4.1
1790099679100,53.6502168,-3.0080026,4.48,98,-1.7,4.1
1790099679200,53.6502172,-3.0080088,4.45,98,-2.6,3.5
1790099679300,53.6502147,-3.0079992,4.40,98,-2.0,3.8
1790099679400,53.6502181,-3.0080051,4.31,98,-1.4,3.5
1790099679500,53.6502154,-3.0079874,4.28,98,-1.2,3.7
1790099679600,53.6502191,-3.0079864,4.39,98,-1.0,3.9
1790099679700,53.6502158,-3.0079853,4.27,98,-1.0,3.5
1790099679800,53.6502108,-3.0079874,4.27,98,-2.1,3.8
1790099679900,53.6502168,-3.0079742,4.35,98,-0.7,3.3
1790099680000,53.6502166,-3.0079786,4.24,98,-2.0,3.2
1790099680100,53.6502136,-3.0079813,4.36,98,-1.7,3.3
1790099680200,53.6502116,-3.0079712,4.34,98,-1.5,3.1
1790099680300,53.6502182,-3.0079662,4.29,98,-0.5,3.0
1790099680400,53.6502144,-3.0079663,4.36,98,-1.6,3.7
1790099680500,53.6502166,-3.0079563,4.45,98,-1.6,3.0
1790099680600,53.6502122,-3.0079610,4.44,98,-1.5,3.1
1790099680700,53.6502134,-3.0079572,4.27,98,-0.5,3.4
1790099680800,53.6502175,-3.0079531,4.20,98,-0.9,3.4
1790099680900,53.6502073,-3.0079485,4.26,98,-0.6,3.1
1790099681000,53.6502111,-3.0079502,4.22,98,-0.9,3.1
1790099681100,53.6502111,-3.0079380,4.40,98,-0.1,2.9
1790099681200,53.6502067,-3.0079461,4.27,98,-0.0,2.6
1790099681300,53.6502075,-3.0079300,4.31,98,-0.8,2.8
1790099681400,53.6502147,-3.0079329,4.46,98,0.3,3.1
1790099681500,53.6502140,-3.0079355,4.31,98,-1.0,2.7
1790099681600,53.6502120,-3.0079153,4.42,98,-1.1,2.8
1790099681700,53.6502066,-3.0079290,4.44,98,-0.4,3.0
1790099681800,53.6502059,-3.0079184,4.23,98,-0.5,2.5
1790099681900,53.6502092,-3.0079184,4.27,98,0.4,2.3
1790099682000,53.6502055,-3.0079069,4.41,98,0.2,2.1
1790099682100,53.6502112,-3.0079041,4.42,98,-0.1,2.4
1790099682200,53.6502128,-3.0079046,4.23,98,-0.7,2.2
1790099682300,53.6502115,-3.0078927,4.27,98,-0.6,2.6
1790099682400,53.6502036,-3.0078891,4.41,98,-0.1,2.0
1790099682500,53.6502041,-3.0078985,4.19,98,0.2,2.1
1790099682600,53.6502075,-3.0078993,4.20,98,0.0,1.8
1790099682700,53.6502038,-3.0078907,4.35,98,0.3,2.4
1790099682800,53.6502038,-3.0078843,4.35,98,-0.7,2.1
1790099682900,53.6502062,-3.0078788,4.31,98,0.2,1.8
1790099683000,53.6502076,-3.0078730,4.32,98,-0.2,2.1
1790099683100,53.6502095,-3.0078753,4.19,98,-0.7,2.2
1790099683200,53.6502044,-3.0078725,4.23,98,0.3,1.9
1790099683300,53.6502077,-3.0078765,4.26,98,-0.3,1.6
1790099683400,53.6502076,-3.0078605,4.20,98,0.7,2.0
1790099683500,53.6502073,-3.0078691,4.21,98,-0.2,1.5
1790099683600,53.6502031,-3.0078543,4.35,98,-0.7,2.0
1790099683700,53.6502022,-3.0078629,4.24,98,0.1,2.2
1790099683800,53.6501991,-3.0078426,4.32,98,-0.7,2.1
1790099683900,53.6502037,-3.0078526,4.14,98,-0.5,1.8
1790099684000,53.6502086,-3.0078366,4.17,98,-0.7,1.8
1790099684100,53.6502001,-3.0078421,4.33,98,0.5,1.8
1790099684200,53.6501983,-3.0078411,4.26,98,0.5,1.5
1790099684300,53.6502059,-3.0078389,4.20,98,-0.5,2.1
1790099684400,53.6502020,-3.0078310,4.30,98,-0.3,1.5
1790099684500,53.6502049,-3.0078201,4.16,98,-0.2,1.5
1790099684600,53.6501986,-3.0078298,4.22,98,0.3,1.6
1790099684700,53.6502070,-3.0078287,4.12,98,0.4,2.1
1790099684800,53.6502017,-3.0078139,4.26,98,0.2,1.5
1790099684900,53.6502061,-3.0078206,4.08,98,0.1,1.6
1790099685000,53.6502034,-3.0078078,4.26,98,-0.2,2.1
1790099685100,53.6502057,-3.0078075,4.11,98,-0.2,1.5
1790099685200,53.6502029,-3.0078122,4.17,98,-0.5,1.6
1790099685300,53.6502048,-3.0077969,4.35,98,0.2,2.1
1790099685400,53.6501953,-3.0077947,4.32,98,-0.9,1.7
1790099685500,53.6501963,-3.0077891,4.13,98,-0.0,1.5
1790099685600,53.6501952,-3.0077942,4.31,98,-0.0,2.0
1790099685700,53.6501949,-3.0077839,4.29,98,-0.9,2.3
1790099685800,53.6501986,-3.0077919,4.07,98,-0.4,1.9
1790099685900,53.6501950,-3.0077770,4.18,98,-1.0,2.1
1790099686000,53.6502005,-3.0077836,4.17,98,-0.2,1.9
1790099686100,53.6501932,-3.0077716,4.23,98,-1.2,1.8
1790099686200,53.6502021,-3.0077717,4.16,98,-1.3,2.1
1790099686300,53.6502006,-3.0077673,4.32,98,-0.4,2.1
1790099686400,53.6501987,-3.0077640,4.25,98,-1.3,1.8
1790099686500,53.6501990,-3.0077667,4.29,98,-0.5,2.2
1790099686600,53.6501946,-3.0077673,4.28,98,-1.4,1.9
1790099686700,53.6501983,-3.0077634,4.20,98,-1.6,2.5
1790099686800,53.6501990,-3.0077537,4.29,98,-0.9,2.5
1790099686900,53.6501974,-3.0077486,4.15,98,-1.0,2.3
1790099687000,53.6501918,-3.0077462,4.09,98,-0.9,2.1
1790099687100,53.6501988,-3.0077376,4.25,98,-1.2,2.9
1790099687200,53.6501957,-3.0077447,4.26,98,-1.8,2.8
1790099687300,53.6501939,-3.0077411,4.17,98,-1.5,2.5
1790099687400,53.6501928,-3.0077390,4.15,98,-2.5,2.7
1790099687500,53.6501935,-3.0077347,4.16,98,-1.9,2.9
1790099687600,53.6501957,-3.0077250,4.22,98,-1.8,2.6
1790099687700,53.6501988,-3.0077222,4.08,98,-2.7,3.0
1790099687800,53.6501957,-3.0077259,4.07,98,-1.7,2.5
1790099687900,53.6501986,-3.0077186,4.20,98,-2.7,3.1
1790099688000,53.6501930,-3.0077235,4.22,98,-1.8,2.8
1790099688100,53.6501937,-3.0077139,4.22,98,-1.7,3.1
1790099688200,53.6501937,-3.0077128,4.20,98,-2.2,3.4
1790099688300,53.6501900,-3.0077084,4.21,98,-2.3,2.8
1790099688400,53.6501872,-3.0076994,4.26,98,-2.6,3.4
1790099688500,53.6501896,-3.0077035,4.11,98,-3.0,3.6
1790099688600,53.6501939,-3.0076997,4.26,98,-2.1,3.2
1790099688700,53.6501912,-3.0076901,4.13,98,-2.9,2.9
1790099688800,53.6501854,-3.0076881,4.14,98,-3.0,3.1
1790099688900,53.6501926,-3.0076880,4.10,98,-3.2,3.3
1790099689000,53.6501876,-3.0076773,4.04,98,-3.3,3.3
1790099689100,53.6501894,-3.0076802,4.08,98,-3.1,3.5
1790099689200,53.6501862,-3.0076823,4.17,98,-3.2,3.8
1790099689300,53.6501893,-3.0076800,4.25,98,-3.0,3.9
1790099689400,53.6501847,-3.0076695,4.06,98,-2.9,3.7
1790099689500,53.6501870,-3.0076723,4.25,98,-3.9,3.8
1790099689600,53.6501880,-3.0076645,4.15,98,-3.3,4.0
1790099689700,53.6501865,-3.0076567,4.12,98,-4.3,3.7
1790099689800,53.6501916,-3.0076522,4.21,98,-4.2,4.1
1790099689900,53.6501847,-3.0076570,4.08,98,-3.1,3.8
1790099690000,53.6501880,-3.0076511,4.03,98,-4.5,4.1
1790099690100,53.6501905,-3.0076516,4.23,98,-4.1,3.7
1790099690200,53.6501869,-3.0076477,4.09,98,-4.2,4.3
1790099690300,53.6501840,-3.0076410,4.10,98,-4.3,3.6
1790099690400,53.6501869,-3.0076297,4.08,98,-4.2,3.8
1790099690500,53.6501850,-3.0076267,4.16,98,-3.6,4.2
1790099690600,53.6501840,-3.0076406,4.14,98,-4.1,4.3
1790099690700,53.6501872,-3.0076272,4.13,98,-4.7,4.3
1790099690800,53.6501865,-3.0076291,4.08,98,-3.6,4.1
1790099690900,53.6501853,-3.0076245,4.23,98,-4.3,4.3
1790099691000,53.6501826,-3.0076175,4.03,98,-3.8,4.3
1790099691100,53.6501843,-3.0076079,4.12,98,-4.8,4.5
1790099691200,53.6501852,-3.0076167,4.17,98,-4.3,4.5
1790099691300,53.6501886,-3.0076016,4.13,98,-4.6,4.3
1790099691400,53.6501866,-3.0076051,4.17,98,-5.4,4.0
1790099691500,53.6501827,-3.0076090,4.22,98,-4.9,4.4
1790099691600,53.6501783,-3.0076039,4.09,98,-4.3,4.5
1790099691700,53.6501872,-3.0075962,4.13,98,-4.8,3.9
1790099691800,53.6501782,-3.0075999,4.25,98,-5.5,4.6
1790099691900,53.6501847,-3.0075858,4.17,98,-4.9,4.3
1790099692000,53.6501800,-3.0075827,4.19,98,-4.4,4.3
1790099692100,53.6501803,-3.0075883,4.15,98,-4.6,4.2
1790099692200,53.6501840,-3.0075859,4.16,98,-4.7,3.8
1790099692300,53.6501828,-3.0075734,4.01,98,-4.7,4.3
1790099692400,53.6501839,-3.0075810,4.28,98,-5.7,3.8
1790099692500,53.6501848,-3.0075704,4.16,98,-5.3,4.3
1790099692600,53.6501819,-3.0075764,4.17,98,-4.6,4.5
1790099692700,53.6501837,-3.0075657,4.04,98,-4.4,4.2
1790099692800,53.6501811,-3.0075643,4.22,98,-4.9,3.9
1790099692900,53.6501835,-3.0075604,4.24,98,-5.2,3.9
1790099693000,53.6501836,-3.0075625,4.10,98,-4.7,4.0
1790099693100,53.6501808,-3.0075479,4.07,98,-5.4,3.7
1790099693200,53.6501842,-3.0075425,4.11,98,-4.6,3.8
1790099693300,53.6501791,-3.0075385,4.19,98,-5.3,3.6
1790099693400,53.6501837,-3.0075509,4.22,98,-5.3,3.9
1790099693500,53.6501831,-3.0075306,4.12,98,-5.1,4.0
1790099693600,53.6501798,-3.0075395,4.17,98,-5.2,3.6
1790099693700,53.6501767,-3.0075391,4.16,98,-5.6,3.6
1790099693800,53.6501778,-3.0075236,4.07,98,-5.5,3.6
1790099693900,53.6501770,-3.0075195,4.24,98,-5.3,4.0
1790099694000,53.6501759,-3.0075291,4.24,98,-4.8,3.6
1790099694100,53.6501767,-3.0075134,4.29,98,-5.6,3.7
1790099694200,53.6501761,-3.0075162,4.20,98,-5.0,3.6
1790099694300,53.6501719,-3.0075115,4.13,98,-4.2,3.8
1790099694400,53.6501802,-3.0075105,4.23,98,-5.5,3.6
1790099694500,53.6501704,-3.0075125,4.19,98,-4.1,3.8
1790099694600,53.6501756,-3.0074954,4.25,98,-4.1,3.2
1790099694700,53.6501765,-3.0075091,4.05,98,-5.3,3.2
1790099694800,53.6501710,-3.0074973,4.14,98,-4.9,3.0
1790099694900,53.6501715,-3.0074860,4.16,98,-4.6,2.9
1790099695000,53.6501718,-3.0074859,4.13,98,-5.2,3.4
1790099695100,53.6501734,-3.0074904,4.26,98,-4.7,3.4
1790099695200,53.6501744,-3.0074876,4.31,98,-4.7,3.0
1790099695300,53.6501701,-3.0074863,4.28,98,-4.2,3.0
1790099695400,53.6501719,-3.0074758,4.31,98,-5.1,3.3
1790099695500,53.6501719,-3.0074777,4.14,98,-4.2,3.2
1790099695600,53.6501694,-3.0074771,4.09,98,-4.2,2.8
1790099695700,53.6501730,-3.0074693,4.21,98,-4.0,3.0
1790099695800,53.6501727,-3.0074639,4.27,98,-4.0,2.9
1790099695900,53.6501681,-3.0074694,4.25,98,-4.7,2.5
1790099696000,53.6501706,-3.0074503,4.32,98,-4.0,2.3
1790099696100,53.6501716,-3.0074516,4.23,98,-3.5,2.3
1790099696200,53.6501674,-3.0074550,4.31,98,-4.6,2.8
1790099696300,53.6501685,-3.0074501,4.15,98,-3.3,2.7
1790099696400,53.6501685,-3.0074434,4.17,98,-3.9,2.2
1790099696500,53.6501706,-3.0074398,4.24,98,-4.1,2.5
1790099696600,53.6501703,-3.0074313,4.25,98,-3.6,2.4
1790099696700,53.6501663,-3.0074270,4.12,98,-3.4,2.6
1790099696800,53.6501732,-3.0074366,4.27,98,-3.2,2.4
1790099696900,53.6501720,-3.0074280,4.29,98,-3.7,2.0
1790099697000,53.6501719,-3.0074334,4.10,98,-3.7,2.4
1790099697100,53.6501642,-3.0074301,4.22,98,-2.7,1.9
1790099697200,53.6501724,-3.0074117,4.34,98,-3.2,2.2
1790099697300,53.6501716,-3.0074066,4.22,98,-3.7,2.1
1790099697400,53.6501633,-3.0074057,4.31,98,-2.5,2.2
1790099697500,53.6501671,-3.0074027,4.19,98,-3.4,2.4
1790099697600,53.6501626,-3.0074107,4.38,98,-2.6,2.4
1790099697700,53.6501670,-3.0074082,4.19,98,-2.2,2.3
1790099697800,53.6501674,-3.0073906,4.27,98,-2.2,2.2
1790099697900,53.6501706,-3.0074042,4.26,98,-2.8,2.2
1790099698000,53.6501640,-3.0073983,4.11,98,-1.8,1.8
1790099698100,53.6501680,-3.0073859,4.19,98,-2.4,2.0
1790099698200,53.6501648,-3.0073889,4.23,98,-2.8,1.5
1790099698300,53.6501633,-3.0073882,4.27,98,-2.5,2.2
1790099698400,53.6501631,-3.0073710,4.29,98,-2.8,1.6
1790099698500,53.6501637,-3.0073824,2.34,142,1.1,2.0
1790099698600,53.6501655,-3.0073707,2.46,142,1.1,1.6
1790099698700,53.6501601,-3.0073769,2.30,142,0.6,2.0
1790099698800,53.6501592,-3.0073794,2.46,142,1.3,1.7
1790099698900,53.6501653,-3.0073676,2.47,142,1.1,2.0
1790099699000,53.6501638,-3.0073662,2.52,142,0.9,1.6
1790099699100,53.6501596,-3.0073712,2.52,142,1.5,2.2
1790099699200,53.6501597,-3.0073746,2.48,142,1.8,2.0
1790099699300,53.6501621,-3.0073605,2.60,142,0.6,2.0
1790099699400,53.6501560,-3.0073668,2.64,142,2.1,2.0
1790099699500,53.6501596,-3.0073751,2.50,142,1.6,1.8
1790099699600,53.6501576,-3.0073730,2.66,142,1.2,1.7
1790099699700,53.6501553,-3.0073684,2.70,142,1.2,1.8
1790099699800,53.6501567,-3.0073588,2.61,142,1.6,1.9
1790099699900,53.6501490,-3.0073677,2.70,142,1.2,1.9
1790099700000,53.6501543,-3.0073682,2.73,142,2.1,2.2
1790099700100,53.6501509,-3.0073616,2.68,142,1.4,2.3
1790099700200,53.6501456,-3.0073617,2.70,142,2.9,2.1
1790099700300,53.6501444,-3.0073529,2.83,142,2.1,2.3
1790099700400,53.6501432,-3.0073549,2.83,142,2.9,1.7
1790099700500,53.6501483,-3.0073466,2.80,142,2.8,2.4
1790099700600,53.6501408,-3.0073557,2.97,142,2.8,2.2
1790099700700,53.6501424,-3.0073487,2.99,142,2.0,1.8
1790099700800,53.6501389,-3.0073486,2.87,142,2.2,1.7
1790099700900,53.6501444,-3.0073445,3.01,142,3.5,2.5
1790099701000,53.6501437,-3.0073501,2.92,142,2.7,1.8
1790099701100,53.6501350,-3.0073451,3.02,142,3.2,2.4
1790099701200,53.6501330,-3.0073456,3.09,142,2.6,2.4
1790099701300,53.6501350,-3.0073340,3.12,142,2.9,2.3
1790099701400,53.6501378,-3.0073312,3.00,142,3.0,2.1
1790099701500,53.6501303,-3.0073413,3.17,142,2.9,2.6
1790099701600,53.6501310,-3.0073364,3.06,142,2.7,2.2
1790099701700,53.6501334,-3.0073362,3.17,142,3.0,2.5
1790099701800,53.6501266,-3.0073425,3.14,142,3.4,2.4
1790099701900,53.6501257,-3.0073274,3.26,142,3.3,2.9
1790099702000,53.6501324,-3.0073309,3.25,142,3.1,2.6
1790099702100,53.6501225,-3.0073339,3.22,142,3.3,2.7
1790099702200,53.6501257,-3.0073338,3.35,142,3.0,2.5
1790099702300,53.6501286,-3.0073316,3.41,142,3.7,3.2
1790099702400,53.6501185,-3.0073215,3.29,142,4.2,2.8
1790099702500,53.6501246,-3.0073215,3.46,142,4.3,3.2
1790099702600,53.6501185,-3.0073296,3.45,142,3.6,3.1
1790099702700,53.6501220,-3.0073202,3.38,142,4.5,3.4
1790099702800,53.6501184,-3.0073191,3.55,142,4.2,3.3
1790099702900,53.6501182,-3.0073228,3.43,142,3.7,3.1
1790099703000,53.6501130,-3.0073068,3.60,142,4.5,3.3
1790099703100,53.6501194,-3.0073203,3.64,142,3.5,2.9
1790099703200,53.6501183,-3.0073118,3.59,142,4.6,3.3
1790099703300,53.6501148,-3.0073084,3.69,142,3.4,3.5
1790099703400,53.6501101,-3.0073082,3.64,142,4.3,3.3
1790099703500,53.6501105,-3.0073094,3.75,142,3.7,3.2
1790099703600,53.6501100,-3.0072964,3.69,142,3.7,3.3
1790099703700,53.6501011,-3.0073040,3.82,142,4.5,3.4
1790099703800,53.6501077,-3.0073066,3.66,142,4.2,3.7
1790099703900,53.6501049,-3.0073060,3.86,142,4.7,3.5
1790099704000,53.6501011,-3.0073038,3.88,142,4.6,3.7
1790099704100,53.6501049,-3.0072902,3.74,142,4.1,3.8
1790099704200,53.6500968,-3.0072859,3.77,142,4.1,3.9
1790099704300,53.6500950,-3.0072880,3.80,142,4.0,3.8
1790099704400,53.6500927,-3.0072868,3.83,142,3.7,4.0
1790099704500,53.6500961,-3.0072856,3.83,142,4.7,3.7
1790099704600,53.6500982,-3.0072880,4.04,142,3.7,3.9
1790099704700,53.6500934,-3.0072901,4.05,142,4.7,4.2
1790099704800,53.6500884,-3.0072856,3.91,142,4.6,3.6
1790099704900,53.6500874,-3.0072713,4.12,142,4.4,4.4
1790099705000,53.6500869,-3.0072693,4.07,142,3.9,4.2
1790099705100,53.6500859,-3.0072779,4.16,142,4.7,4.2
1790099705200,53.6500899,-3.0072762,4.21,142,4.0,4.3
1790099705300,53.6500816,-3.0072778,4.10,142,4.1,4.4
1790099705400,53.6500776,-3.0072769,4.21,142,4.4,4.3
1790099705500,53.6500856,-3.0072652,4.17,142,4.1,4.3
1790099705600,53.6500838,-3.0072697,4.17,142,3.6,4.3
1790099705700,53.6500768,-3.0072623,4.27,142,4.1,3.9
1790099705800,53.6500763,-3.0072648,4.19,142,3.9,4.1
1790099705900,53.6500736,-3.0072548,4.30,142,3.3,4.6
1790099706000,53.6500715,-3.0072629,4.46,142,3.7,4.3
1790099706100,53.6500720,-3.0072641,4.43,142,4.2,4.3
1790099706200,53.6500668,-3.0072468,4.44,142,4.3,4.6
1790099706300,53.6500644,-3.0072534,4.47,142,4.1,4.6
1790099706400,53.6500662,-3.0072568,4.46,142,4.2,4.0
1790099706500,53.6500637,-3.0072498,4.40,142,3.6,3.9
1790099706600,53.6500662,-3.0072446,4.63,142,3.8,4.1
1790099706700,53.6500568,-3.0072449,4.58,142,2.7,4.4
1790099706800,53.6500608,-3.0072346,4.59,142,2.8,4.2
1790099706900,53.6500553,-3.0072330,4.42,142,2.8,4.2
1790099707000,53.6500574,-3.0072334,4.50,142,2.6,4.5
1790099707100,53.6500563,-3.0072363,4.52,142,3.5,4.1
1790099707200,53.6500563,-3.0072266,4.47,142,2.8,3.9
1790099707300,53.6500502,-3.0072356,4.42,142,3.1,4.0
1790099707400,53.6500464,-3.0072211,4.53,142,2.1,4.0
1790099707500,53.6500464,-3.0072336,4.67,142,3.0,3.9
1790099707600,53.6500452,-3.0072176,4.70,142,2.1,3.7
1790099707700,53.6500488,-3.0072262,4.65,142,2.7,3.9
1790099707800,53.6500431,-3.0072130,4.48,142,2.7,4.0
1790099707900,53.6500372,-3.0072126,4.65,142,2.6,3.6
1790099708000,53.6500384,-3.0072233,4.45,142,2.0,3.5
1790099708100,53.6500372,-3.0072150,4.48,142,2.8,3.8
1790099708200,53.6500354,-3.0072067,4.47,142,1.6,3.4
1790099708300,53.6500399,-3.0072051,4.50,142,2.6,4.1
1790099708400,53.6500335,-3.0072080,4.65,142,1.2,3.8
1790099708500,53.6500281,-3.0072120,4.52,142,2.3,4.0
1790099708600,53.6500341,-3.0072078,4.52,142,1.7,3.3
1790099708700,53.6500279,-3.0071990,4.67,142,2.1,3.4
1790099708800,53.6500214,-3.0071968,4.56,142,1.2,3.9
1790099708900,53.6500289,-3.0071933,4.57,142,1.6,3.3
1790099709000,53.6500258,-3.0072012,4.60,142,2.1,3.1
1790099709100,53.6500198,-3.0071872,4.64,142,2.1,3.0
1790099709200,53.6500166,-3.0071938,4.57,142,1.4,3.3
1790099709300,53.6500218,-3.0071815,4.72,142,1.1,3.0
1790099709400,53.6500208,-3.0071768,4.68,142,1.4,3.5
1790099709500,53.6500198,-3.0071822,4.76,142,1.2,3.0
1790099709600,53.6500179,-3.0071849,4.57,142,1.2,2.9
1790099709700,53.6500150,-3.0071679,4.58,142,0.9,3.1
1790099709800,53.6500067,-3.0071662,4.59,142,1.2,3.2
1790099709900,53.6500114,-3.0071665,4.50,142,1.1,3.3
1790099710000,53.6500071,-3.0071732,4.75,142,0.7,3.3
1790099710100,53.6500027,-3.0071674,4.74,142,0.2,2.7
1790099710200,53.6499980,-3.0071666,4.51,142,0.3,2.9
1790099710300,53.6499987,-3.0071640,4.51,142,0.7,2.9
1790099710400,53.6499956,-3.0071647,4.59,142,0.2,3.1
1790099710500,53.6500024,-3.0071617,4.71,142,0.9,2.8
1790099710600,53.6499971,-3.0071652,4.62,142,0.2,2.5
1790099710700,53.6499946,-3.0071494,4.59,142,0.7,2.8
1790099710800,53.6499945,-3.0071591,4.75,142,0.1,2.5
1790099710900,53.6499901,-3.0071472,4.61,142,0.1,2.8
1790099711000,53.6499903,-3.0071443,4.56,142,0.2,2.2
1790099711100,53.6499878,-3.0071501,4.80,142,1.0,2.3
1790099711200,53.6499859,-3.0071388,4.57,142,0.8,2.4
1790099711300,53.6499856,-3.0071468,4.72,142,0.7,2.7
1790099711400,53.6499862,-3.0071437,4.53,142,0.4,2.2
1790099711500,53.6499768,-3.0071338,4.78,142,0.6,2.1
1790099711600,53.6499796,-3.0071292,4.65,142,0.7,2.1
1790099711700,53.6499764,-3.0071263,4.54,142,-0.4,1.9
1790099711800,53.6499731,-3.0071349,4.72,142,0.1,2.3
1790099711900,53.6499716,-3.0071267,4.71,142,-0.1,2.2
1790099712000,53.6499775,-3.0071295,4.76,142,0.6,2.2
1790099712100,53.6499694,-3.0071210,4.67,142,-0.7,2.2
1790099712200,53.6499640,-3.0071279,4.81,142,-0.4,2.0
1790099712300,53.6499665,-3.0071171,4.70,142,0.3,2.0
1790099712400,53.6499687,-3.0071235,4.65,142,0.7,1.6
1790099712500,53.6499633,-3.0071107,4.68,142,-0.2,1.6
1790099712600,53.6499652,-3.0071071,4.74,142,0.4,2.1
1790099712700,53.6499591,-3.0071185,4.81,142,-0.7,1.5
1790099712800,53.6499542,-3.0071099,4.73,142,-0.4,1.5
1790099712900,53.6499550,-3.0071080,4.58,142,-0.4,1.6
1790099713000,53.6499593,-3.0071095,4.79,142,-0.7,1.9
1790099713100,53.6499485,-3.0071027,4.72,142,-0.3,1.8
1790099713200,53.6499545,-3.0071041,4.83,142,0.3,1.5
1790099713300,53.6499449,-3.0071026,4.76,142,-0.1,1.8
1790099713400,53.6499498,-3.0071014,4.75,142,-0.1,1.5
1790099713500,53.6499428,-3.0070849,4.69,142,0.6,1.9
1790099713600,53.6499442,-3.0070968,4.67,142,-0.4,1.4
1790099713700,53.6499384,-3.0070891,4.85,142,0.6,1.9
1790099713800,53.6499433,-3.0070933,4.78,142,-0.2,1.9
1790099713900,53.6499383,-3.0070795,4.75,142,-0.1,1.9
1790099714000,53.6499335,-3.0070826,4.66,142,0.0,1.5
1790099714100,53.6499378,-3.0070791,4.77,142,0.6,1.9
1790099714200,53.6499382,-3.0070772,4.69,142,0.3,2.1
1790099714300,53.6499304,-3.0070691,4.69,142,0.2,1.6
1790099714400,53.6499275,-3.0070787,4.73,142,0.7,2.3
1790099714500,53.6499288,-3.0070659,4.67,142,-0.1,2.2
1790099714600,53.6499248,-3.0070672,4.85,142,0.7,2.0
1790099714700,53.6499310,-3.0070704,4.81,142,1.2,1.7
1790099714800,53.6499240,-3.0070607,4.84,142,0.7,2.2
1790099714900,53.6499200,-3.0070613,4.78,142,1.2,2.0
1790099715000,53.6499174,-3.0070577,4.83,142,1.3,2.2
1790099715100,53.6499190,-3.0070467,4.78,142,0.9,1.9
1790099715200,53.6499150,-3.0070542,4.64,142,1.4,2.3
1790099715300,53.6499142,-3.0070466,4.70,142,0.6,2.1
1790099715400,53.6499170,-3.0070419,4.80,142,0.2,2.1
1790099715500,53.6499139,-3.0070489,4.71,142,1.5,2.2
1790099715600,53.6499083,-3.0070513,4.80,142,0.8,2.1
1790099715700,53.6499065,-3.0070504,4.65,142,0.6,2.1
1790099715800,53.6499067,-3.0070350,4.86,142,0.7,2.2
1790099715900,53.6499032,-3.0070330,4.81,142,1.5,2.1
1790099716000,53.6499048,-3.0070417,4.85,142,0.8,2.7
1790099716100,53.6499057,-3.0070294,4.85,142,1.4,2.2
1790099716200,53.6498949,-3.0070273,4.70,142,1.6,2.9
1790099716300,53.6499029,-3.0070192,4.82,142,1.9,2.9
1790099716400,53.6498966,-3.0070172,4.86,142,2.2,2.7
1790099716500,53.6498966,-3.0070262,4.75,142,1.3,2.9
1790099716600,53.6498893,-3.0070176,4.85,142,1.8,2.7
1790099716700,53.6498963,-3.0070108,4.79,142,1.9,2.9
1790099716800,53.6498848,-3.0070236,4.69,142,2.1,2.6
1790099716900,53.6498822,-3.0070088,4.78,142,2.2,2.6
1790099717000,53.6498836,-3.0070196,4.72,142,2.6,2.8
1790099717100,53.6498803,-3.0070049,4.76,142,2.8,3.3
1790099717200,53.6498796,-3.0070100,4.67,142,2.6,3.2
1790099717300,53.6498849,-3.0070026,4.88,142,2.1,3.0
1790099717400,53.6498810,-3.0070056,4.82,142,2.9,3.1
1790099717500,53.6498738,-3.0069938,4.67,142,3.0,3.6
1790099717600,53.6498777,-3.0069938,4.67,142,2.1,3.5
1790099717700,53.6498717,-3.0069920,4.78,142,2.5,3.6
1790099717800,53.6498742,-3.0070010,4.80,142,2.9,3.2
1790099717900,53.6498745,-3.0069882,4.80,142,3.3,3.3
1790099718000,53.6498735,-3.0069898,4.78,142,2.9,3.8
1790099718100,53.6498630,-3.0069840,4.91,142,2.7,3.5
1790099718200,53.6498670,-3.0069838,4.87,142,3.3,3.5
1790099718300,53.6498658,-3.0069796,4.66,142,3.7,3.2
1790099718400,53.6498625,-3.0069871,4.89,142,2.9,3.9
1790099718500,53.6498589,-3.0069852,4.82,142,3.9,3.6
1790099718600,53.6498564,-3.0069755,4.71,142,2.8,3.4
1790099718700,53.6498610,-3.0069770,4.72,142,4.2,3.7
1790099718800,53.6498499,-3.0069736,4.84,142,3.6,4.2
1790099718900,53.6498481,-3.0069735,4.77,142,2.9,4.1
1790099719000,53.6498482,-3.0069724,4.73,142,3.5,3.6
1790099719100,53.6498496,-3.0069551,4.68,142,4.4,3.6
1790099719200,53.6498479,-3.0069587,4.70,142,4.3,3.6
1790099719300,53.6498465,-3.0069663,4.77,142,3.2,3.8
1790099719400,53.6498467,-3.0069582,4.69,142,4.2,4.0
1790099719500,53.6498413,-3.0069527,4.65,142,4.7,3.8
1790099719600,53.6498445,-3.0069495,4.88,142,3.7,4.1
1790099719700,53.6498392,-3.0069437,4.73,142,4.1,4.4
1790099719800,53.6498326,-3.0069561,4.66,142,4.1,4.4
1790099719900,53.6498320,-3.0069449,4.78,142,3.6,4.5
1790099720000,53.6498348,-3.0069504,4.86,142,4.3,4.5
1790099720100,53.6498373,-3.0069404,4.77,142,3.7,4.5
1790099720200,53.6498249,-3.0069331,4.83,142,4.7,3.8
1790099720300,53.6498275,-3.0069416,4.78,142,5.2,4.3
1790099720400,53.6498256,-3.0069420,4.92,142,4.1,4.3
1790099720500,53.6498205,-3.0069250,4.70,142,4.3,3.9
1790099720600,53.6498178,-3.0069212,4.87,142,3.9,3.9
1790099720700,53.6498172,-3.0069345,4.85,142,4.2,4.1
1790099720800,53.6498158,-3.0069233,4.78,142,4.3,3.9
1790099720900,53.6498221,-3.0069298,4.68,142,5.2,4.3
1790099721000,53.6498194,-3.0069258,4.75,142,4.3,4.2
1790099721100,53.6498136,-3.0069156,4.73,142,5.2,4.5
1790099721200,53.6498098,-3.0069126,4.80,142,5.5,4.0
1790099721300,53.6498133,-3.0069157,4.77,142,4.7,3.9
1790099721400,53.6498127,-3.0069062,4.82,142,4.3,4.0
1790099721500,53.6498059,-3.0069113,4.77,142,5.3,4.4
1790099721600,53.6498108,-3.0069114,4.81,142,4.7,3.7
1790099721700,53.6498031,-3.0068957,4.85,142,4.3,3.7
1790099721800,53.6497986,-3.0069007,4.80,142,5.5,3.9
1790099721900,53.6498035,-3.0068987,4.82,142,4.5,4.1
1790099722000,53.6498029,-3.0068955,4.74,142,5.1,3.8
1790099722100,53.6497924,-3.0068925,4.64,142,4.4,4.0
1790099722200,53.6497921,-3.0068835,4.79,142,4.4,3.7
1790099722300,53.6497914,-3.0068809,4.76,142,5.0,4.0
1790099722400,53.6497903,-3.0068803,4.61,142,5.7,3.8
1790099722500,53.6497881,-3.0068843,4.64,142,4.4,3.9
1790099722600,53.6497891,-3.0068824,4.79,142,5.2,3.7
1790099722700,53.6497880,-3.0068796,4.74,142,4.4,3.9
1790099722800,53.6497867,-3.0068758,4.80,142,5.4,3.4
1790099722900,53.6497787,-3.0068683,4.70,142,4.5,3.9
1790099723000,53.6497822,-3.0068825,4.65,142,5.2,4.0
1790099723100,53.6497750,-3.0068675,4.74,142,5.6,3.4
1790099723200,53.6497776,-3.0068650,4.87,142,4.6,3.4
1790099723300,53.6497754,-3.0068595,4.81,142,4.4,3.8
1790099723400,53.6497693,-3.0068575,4.81,142,4.4,3.6
1790099723500,53.6497743,-3.0068686,4.85,142,4.2,3.1
1790099723600,53.6497687,-3.0068593,4.81,142,4.5,3.0
1790099723700,53.6497693,-3.0068578,4.60,142,4.3,3.5
1790099723800,53.6497684,-3.0068562,4.82,142,4.4,3.2
1790099723900,53.6497701,-3.0068458,4.70,142,4.7,3.5
1790099724000,53.6497690,-3.0068496,4.86,142,4.8,3.0
1790099724100,53.6497578,-3.0068461,4.71,142,5.3,3.4
1790099724200,53.6497637,-3.0068489,4.74,142,4.8,3.2
1790099724300,53.6497639,-3.0068367,4.70,142,4.7,3.1
1790099724400,53.6497564,-3.0068485,4.78,142,5.0,2.6
1790099724500,53.6497609,-3.0068478,4.64,142,4.3,2.8
1790099724600,53.6497526,-3.0068450,4.86,142,3.6,2.6
1790099724700,53.6497474,-3.0068328,4.64,142,4.0,2.7
1790099724800,53.6497462,-3.0068269,4.77,142,3.8,3.0
1790099724900,53.6497457,-3.0068374,4.79,142,4.1,2.5
1790099725000,53.6497446,-3.0068259,4.76,142,3.7,2.7
1790099725100,53.6497460,-3.0068204,4.63,142,3.7,2.7
1790099725200,53.6497408,-3.0068224,4.73,142,3.4,2.9
1790099725300,53.6497458,-3.0068220,4.60,142,3.4,2.7
1790099725400,53.6497433,-3.0068151,4.75,142,3.3,2.6
1790099725500,53.6497402,-3.0068200,4.79,142,3.6,2.5
1790099725600,53.6497415,-3.0068127,4.66,142,3.8,2.4
1790099725700,53.6497308,-3.0068108,4.76,142,4.2,2.5
1790099725800,53.6497309,-3.0068107,4.85,142,3.5,2.5
1790099725900,53.6497359,-3.0068126,4.66,142,3.1,2.5
1790099726000,53.6497281,-3.0068047,4.75,142,3.0,2.4
1790099726100,53.6497330,-3.0067984,4.60,142,2.9,2.2
1790099726200,53.6497299,-3.0068000,4.73,142,2.6,2.5
1790099726300,53.6497279,-3.0067905,4.76,142,3.5,1.9
1790099726400,53.6497271,-3.0068014,4.77,142,3.8,1.7
1790099726500,53.6497164,-3.0068031,4.73,142,3.3,1.7
1790099726600,53.6497171,-3.0067877,4.77,142,3.2,1.9
1790099726700,53.6497145,-3.0067904,4.59,142,2.8,2.1
1790099726800,53.6497186,-3.0067934,4.72,142,2.4,1.7
1790099726900,53.6497168,-3.0067824,4.72,142,2.8,1.9
1790099727000,53.6497093,-3.0067838,4.72,142,3.4,2.1
1790099727100,53.6497135,-3.0067721,4.64,142,2.7,1.6
1790099727200,53.6497067,-3.0067749,4.76,142,2.8,2.1
1790099727300,53.6497031,-3.0067749,4.72,142,2.8,2.0
1790099727400,53.6497085,-3.0067771,4.71,142,2.0,1.7
1790099727500,53.6496990,-3.0067805,4.74,142,2.1,2.1
1790099727600,53.6497072,-3.0067718,4.60,142,1.9,1.7
1790099727700,53.6497050,-3.0067759,4.66,142,2.6,1.5
1790099727800,53.6496955,-3.0067660,4.62,142,1.5,1.4
1790099727900,53.6496921,-3.0067681,4.67,142,1.4,1.4
1790099728000,53.6496946,-3.0067530,4.76,142,2.2,1.5
1790099728100,53.6496989,-3.0067621,4.61,142,2.3,2.1
1790099728200,53.6496931,-3.0067495,4.76,142,1.1,2.0
1790099728300,53.6496864,-3.0067600,4.75,142,1.2,1.7
1790099728400,53.6496926,-3.0067434,4.62,142,1.6,1.9
1790099728500,53.6496917,-3.0067534,4.74,142,1.8,1.6
1790099728600,53.6496898,-3.0067462,4.48,142,0.8,1.6
1790099728700,53.6496783,-3.0067418,4.53,142,1.7,2.0
1790099728800,53.6496815,-3.0067344,4.66,142,1.8,2.0
1790099728900,53.6496833,-3.0067317,4.58,142,1.0,2.2
1790099729000,53.6496793,-3.0067314,4.68,142,0.5,2.2
1790099729100,53.6496784,-3.0067384,4.50,142,1.1,1.9
1790099729200,53.6496777,-3.0067369,4.46,142,0.5,2.1
1790099729300,53.6496718,-3.0067363,4.50,142,1.6,1.7
1790099729400,53.6496769,-3.0067376,4.62,142,0.9,1.8
1790099729500,53.6496722,-3.0067306,4.69,142,1.5,2.0
1790099729600,53.6496688,-3.0067267,4.45,142,1.3,1.9
1790099729700,53.6496650,-3.0067184,4.71,142,1.3,1.9
1790099729800,53.6496635,-3.0067257,4.64,142,1.0,2.4
1790099729900,53.6496690,-3.0067218,4.58,142,0.1,1.9
1790099730000,53.6496579,-3.0067109,4.69,142,0.3,2.4
1790099730100,53.6496609,-3.0067121,4.47,142,0.4,2.6
1790099730200,53.6496541,-3.0067165,4.43,142,-0.3,2.6
1790099730300,53.6496619,-3.0067168,4.67,142,-0.1,2.4
1790099730400,53.6496518,-3.0067145,4.46,142,0.6,2.8
1790099730500,53.6496546,-3.0066993,4.60,142,0.4,2.7
1790099730600,53.6496531,-3.0067060,4.51,142,0.6,2.6
1790099730700,53.6496454,-3.0066990,4.41,142,0.5,2.4
1790099730800,53.6496450,-3.0067055,4.48,142,0.8,2.7
1790099730900,53.6496438,-3.0066932,4.50,142,0.4,2.4
1790099731000,53.6496444,-3.0066884,4.43,142,-0.1,3.1
1790099731100,53.6496386,-3.0066975,4.50,142,0.6,2.7
1790099731200,53.6496391,-3.0066974,4.67,142,0.1,3.0
1790099731300,53.6496385,-3.0066838,4.66,142,0.6,2.9
1790099731400,53.6496368,-3.0066872,4.46,142,0.8,2.8
1790099731500,53.6496323,-3.0066879,4.49,142,-0.3,3.3
1790099731600,53.6496341,-3.0066778,4.52,142,0.5,3.3
1790099731700,53.6496366,-3.0066836,4.40,142,0.1,3.3
1790099731800,53.6496276,-3.0066791,4.56,142,0.0,2.8
1790099731900,53.6496342,-3.0066825,4.50,142,-0.2,3.3
1790099732000,53.6496290,-3.0066769,4.40,142,-0.1,3.4
1790099732100,53.6496244,-3.0066798,4.43,142,-0.4,2.9
1790099732200,53.6496212,-3.0066723,4.60,142,-0.5,3.1
1790099732300,53.6496249,-3.0066608,4.42,142,0.2,3.6
1790099732400,53.6496257,-3.0066727,4.56,142,-0.1,3.3
1790099732500,53.6496212,-3.0066690,4.35,142,0.7,3.5
1790099732600,53.6496204,-3.0066559,4.47,142,0.5,3.3
1790099732700,53.6496230,-3.0066663,4.47,142,0.5,3.5
1790099732800,53.6496128,-3.0066649,4.39,142,-0.0,3.6
1790099732900,53.6496194,-3.0066535,4.60,142,-0.2,3.9
1790099733000,53.6496153,-3.0066428,4.47,142,-0.6,3.6
1790099733100,53.6496060,-3.0066481,4.47,142,0.5,3.6
1790099733200,53.6496138,-3.0066399,4.45,142,0.7,3.6
1790099733300,53.6496068,-3.0066507,4.40,142,0.9,4.0
1790099733400,53.6496084,-3.0066472,4.48,142,0.4,4.1
1790099733500,53.6496095,-3.0066331,4.54,142,0.4,3.7
1790099733600,53.6496068,-3.0066385,4.52,142,0.0,4.1
1790099733700,53.6496000,-3.0066323,4.53,142,0.9,4.3
1790099733800,53.6496006,-3.0066300,4.49,142,0.8,4.1
1790099733900,53.6496004,-3.0066297,4.54,142,1.0,3.8
1790099734000,53.6495987,-3.0066226,4.57,142,1.1,4.0
1790099734100,53.6496001,-3.0066360,4.53,142,-0.2,4.2
1790099734200,53.6495958,-3.0066338,4.42,142,1.3,4.2
1790099734300,53.6495923,-3.0066228,4.35,142,1.2,3.9
1790099734400,53.6495863,-3.0066228,4.28,142,0.5,4.5
1790099734500,53.6495875,-3.0066172,4.39,142,0.6,3.8
1790099734600,53.6495822,-3.0066179,4.51,142,0.3,4.2
1790099734700,53.6495882,-3.0066189,4.36,142,0.3,4.4
1790099734800,53.6495889,-3.0066177,4.38,142,0.5,3.9
1790099734900,53.6495864,-3.0066033,4.29,142,1.1,4.0
1790099735000,53.6495775,-3.0066158,4.45,142,1.3,4.2
1790099735100,53.6495812,-3.0066025,4.48,142,1.1,4.1
1790099735200,53.6495750,-3.0065957,4.52,142,0.8,3.9
1790099735300,53.6495736,-3.0066076,4.43,142,0.9,4.3
1790099735400,53.6495779,-3.0066058,4.45,142,1.0,3.9
1790099735500,53.6495688,-3.0066028,4.33,142,1.3,4.2
1790099735600,53.6495733,-3.0065917,4.30,142,2.0,3.8
1790099735700,53.6495739,-3.0065917,4.33,142,2.0,4.4
1790099735800,53.6495621,-3.0065843,4.37,142,1.8,3.8
1790099735900,53.6495640,-3.0065860,4.46,142,1.8,4.0
1790099736000,53.6495676,-3.0065851,4.49,142,1.1,4.3
1790099736100,53.6495587,-3.0065769,4.45,142,1.9,3.7
1790099736200,53.6495634,-3.0065744,4.46,142,1.3,4.1
1790099736300,53.6495594,-3.0065845,4.42,142,1.5,4.4
1790099736400,53.6495623,-3.0065721,4.34,142,1.6,4.3
1790099736500,53.6495560,-3.0065710,4.45,142,2.4,4.1
1790099736600,53.6495560,-3.0065787,4.36,142,2.7,4.2
1790099736700,53.6495518,-3.0065686,4.26,142,2.6,3.7
1790099736800,53.6495465,-3.0065656,4.38,142,2.9,3.9
1790099736900,53.6495544,-3.0065769,4.46,142,1.9,3.9
1790099737000,53.6495432,-3.0065694,4.46,142,3.1,3.9
1790099737100,53.6495481,-3.0065627,4.43,142,2.5,4.0
1790099737200,53.6495488,-3.0065654,4.30,142,2.1,4.0
1790099737300,53.6495456,-3.0065533,4.37,142,2.8,3.3
1790099737400,53.6495470,-3.0065567,4.42,142,2.9,3.7
1790099737500,53.6495442,-3.0065602,4.24,142,2.4,3.8
1790099737600,53.6495381,-3.0065536,4.31,142,2.7,3.5
1790099737700,53.6495355,-3.0065496,4.33,142,3.3,3.8
1790099737800,53.6495355,-3.0065429,4.20,142,2.8,3.2
1790099737900,53.6495317,-3.0065555,4.21,142,4.0,3.8
1790099738000,53.6495281,-3.0065526,4.22,142,2.7,3.3
1790099738100,53.6495308,-3.0065434,4.35,142,2.9,3.5
1790099738200,53.6495324,-3.0065399,4.40,142,3.9,3.2
1790099738300,53.6495310,-3.0065412,4.36,142,4.0,2.9
1790099738400,53.6495254,-3.0065373,4.24,142,4.1,2.9
1790099738500,53.6495250,-3.0065315,4.20,142,4.0,3.1
1790099738600,53.6495201,-3.0065311,4.24,142,3.5,2.8
1790099738700,53.6495230,-3.0065298,4.32,142,3.6,2.8
1790099738800,53.6495218,-3.0065380,4.26,142,3.6,2.7
1790099738900,53.6495138,-3.0065299,4.17,142,4.0,2.7
1790099739000,53.6495134,-3.0065164,4.31,142,3.4,3.0
1790099739100,53.6495163,-3.0065155,4.25,142,3.8,2.5
1790099739200,53.6495121,-3.0065276,4.29,142,4.7,2.6
1790099739300,53.6495149,-3.0065247,4.28,142,3.6,2.9
1790099739400,53.6495105,-3.0065123,4.34,142,4.9,2.9
1790099739500,53.6495074,-3.0065226,4.26,142,4.4,2.8
1790099739600,53.6495112,-3.0065220,4.23,142,4.0,2.6
1790099739700,53.6495022,-3.0065073,4.22,142,4.3,2.4
1790099739800,53.6495023,-3.0065004,4.13,142,4.3,2.7
1790099739900,53.6495015,-3.0065052,4.25,142,4.9,2.5
1790099740000,53.6495051,-3.0064965,4.16,142,4.7,2.1
1790099740100,53.6494953,-3.0065083,4.31,142,5.2,2.6
1790099740200,53.6495028,-3.0064948,4.15,142,4.2,2.2
1790099740300,53.6494967,-3.0064914,4.20,142,4.0,2.0
1790099740400,53.6494965,-3.0064937,4.13,142,5.4,1.9
1790099740500,53.6494934,-3.0064916,4.33,142,5.4,2.0
1790099740600,53.6494883,-3.0064947,4.18,142,4.3,2.3
1790099740700,53.6494913,-3.0064908,4.15,142,4.2,2.4
1790099740800,53.6494885,-3.0064853,4.18,142,4.7,2.2
1790099740900,53.6494870,-3.0064820,4.29,142,5.6,2.1
1790099741000,53.6494853,-3.0064851,4.26,142,4.8,2.4
1790099741100,53.6494796,-3.0064834,4.22,142,5.5,1.7
1790099741200,53.6494878,-3.0064764,4.20,142,5.5,1.7
1790099741300,53.6494863,-3.0064871,4.23,142,5.0,2.2
1790099741400,53.6494822,-3.0064720,4.30,142,5.0,1.6
1790099741500,53.6494741,-3.0064691,4.27,142,5.4,2.2
1790099741600,53.6494804,-3.0064659,4.16,142,5.7,1.7
1790099741700,53.6494754,-3.0064675,4.28,142,4.6,2.2
1790099741800,53.6494700,-3.0064641,4.11,142,4.4,1.9
1790099741900,53.6494681,-3.0064700,4.34,142,5.3,1.6
1790099742000,53.6494734,-3.0064733,4.18,142,5.5,2.0
1790099742100,53.6494721,-3.0064689,4.19,142,5.7,1.9
1790099742200,53.6494682,-3.0064580,4.25,142,5.3,2.2
1790099742300,53.6494690,-3.0064580,4.25,142,5.2,1.8
1790099742400,53.6494608,-3.0064590,4.31,142,5.1,1.8
1790099742500,53.6494596,-3.0064496,4.11,142,5.2,1.6
1790099742600,53.6494573,-3.0064567,4.07,142,4.2,1.6
1790099742700,53.6494650,-3.0064442,4.24,142,5.5,1.9
1790099742800,53.6494590,-3.0064517,4.29,142,4.9,2.1
1790099742900,53.6494583,-3.0064502,4.07,142,4.7,1.5
1790099743000,53.6494604,-3.0064437,4.28,142,4.9,2.1
1790099743100,53.6494510,-3.0064470,4.26,142,5.2,2.0
1790099743200,53.6494488,-3.0064318,4.12,142,4.7,1.5
1790099743300,53.6494510,-3.0064332,4.29,142,4.5,2.2
1790099743400,53.6494468,-3.0064414,4.20,142,4.9,1.5
1790099743500,53.6494432,-3.0064382,4.28,142,4.5,2.2
1790099743600,53.6494497,-3.0064306,4.23,142,4.8,2.3
1790099743700,53.6494475,-3.0064210,4.09,142,4.2,1.7
1790099743800,53.6494469,-3.0064200,4.24,142,5.0,2.0
1790099743900,53.6494407,-3.0064252,4.22,142,4.6,1.9
1790099744000,53.6494405,-3.0064212,4.10,142,4.4,2.0
1790099744100,53.6494406,-3.0064201,4.19,142,4.7,1.9
1790099744200,53.6494410,-3.0064169,4.16,142,3.6,2.1
1790099744300,53.6494395,-3.0064157,4.20,142,3.8,2.4
1790099744400,53.6494307,-3.0064133,4.12,142,3.7,2.0
1790099744500,53.6494366,-3.0064055,4.21,142,4.7,2.1
1790099744600,53.6494312,-3.0064178,4.22,142,3.6,2.7
1790099744700,53.6494253,-3.0064049,4.04,142,3.7,2.5
1790099744800,53.6494277,-3.0064126,4.22,142,4.0,2.5
1790099744900,53.6494267,-3.0064126,4.29,142,3.7,2.7
1790099745000,53.6494242,-3.0063951,4.19,142,4.3,2.7
1790099745100,53.6494288,-3.0064102,4.11,142,3.7,2.9
1790099745200,53.6494254,-3.0064029,4.25,142,3.3,2.4
1790099745300,53.6494242,-3.0063891,4.11,142,3.7,2.7
1790099745400,53.6494208,-3.0063976,4.31,142,3.9,2.5
1790099745500,53.6494176,-3.0063882,4.05,142,3.1,2.7
1790099745600,53.6494202,-3.0063873,4.19,142,4.0,2.9
1790099745700,53.6494182,-3.0063879,4.19,142,3.2,2.9
1790099745800,53.6494106,-3.0063912,4.25,142,3.2,3.1
1790099745900,53.6494124,-3.0063908,4.14,142,2.9,3.3
1790099746000,53.6494070,-3.0063769,4.26,142,3.5,3.3
1790099746100,53.6494105,-3.0063890,4.23,142,2.9,3.2
1790099746200,53.6494111,-3.0063758,4.19,142,2.6,3.2
1790099746300,53.6494027,-3.0063707,4.27,142,3.2,3.1
1790099746400,53.6494074,-3.0063784,4.14,142,3.4,3.3
1790099746500,53.6494020,-3.0063703,4.20,142,2.5,3.1
1790099746600,53.6493987,-3.0063764,4.14,142,2.0,3.7
1790099746700,53.6493997,-3.0063773,4.18,142,1.8,3.6
1790099746800,53.6494019,-3.0063768,4.02,142,2.1,3.5
1790099746900,53.6494004,-3.0063576,4.03,142,2.0,3.9
1790099747000,53.6493983,-3.0063713,4.01,142,2.8,3.4
1790099747100,53.6493948,-3.0063587,4.19,142,2.5,3.2
1790099747200,53.6493886,-3.0063649,4.16,142,2.2,3.9
1790099747300,53.6493934,-3.0063570,4.10,142,2.5,3.4
1790099747400,53.6493917,-3.0063496,4.08,142,2.6,3.6
1790099747500,53.6493871,-3.0063593,4.11,142,1.2,3.9
1790099747600,53.6493836,-3.0063598,4.24,142,1.2,4.1
1790099747700,53.6493789,-3.0063531,4.12,142,1.2,3.6
1790099747800,53.6493777,-3.0063456,4.05,142,1.7,4.0
1790099747900,53.6493863,-3.0063481,4.02,142,2.1,4.2
1790099748000,53.6493842,-3.0063371,4.17,142,1.6,4.1
1790099748100,53.6493798,-3.0063434,4.12,142,1.7,3.7
1790099748200,53.6493777,-3.0063439,4.16,142,1.0,4.2
1790099748300,53.6493733,-3.0063347,4.11,142,1.1,4.1
1790099748400,53.6493789,-3.0063356,4.03,142,0.8,3.8
1790099748500,53.6493722,-3.0063355,4.05,142,0.4,3.9
1790099748600,53.6493663,-3.0063339,4.19,142,0.8,4.3
1790099748700,53.6493713,-3.0063372,4.12,142,0.6,4.0
1790099748800,53.6493642,-3.0063273,4.22,142,0.5,4.0
1790099748900,53.6493673,-3.0063235,4.26,142,0.1,4.4
1790099749000,53.6493611,-3.0063159,4.08,142,1.1,3.8
1790099749100,53.6493670,-3.0063313,4.23,142,0.8,3.9
1790099749200,53.6493567,-3.0063201,4.05,142,1.0,4.0
1790099749300,53.6493582,-3.0063115,4.17,142,-0.0,4.6
1790099749400,53.6493596,-3.0063074,4.25,142,1.0,4.3
1790099749500,53.6493532,-3.0063078,4.07,142,0.8,4.6
1790099749600,53.6493580,-3.0063100,4.15,142,0.2,3.9
1790099749700,53.6493561,-3.0063074,4.11,142,0.6,3.8
1790099749800,53.6493565,-3.0063121,4.16,142,0.5,3.9
1790099749900,53.6493456,-3.0063040,4.10,142,0.0,4.5
1790099750000,53.6493502,-3.0063042,4.27,142,0.0,4.5
1790099750100,53.6493458,-3.0062988,4.09,142,0.3,4.2
1790099750200,53.6493495,-3.0062924,4.07,142,0.6,4.0
1790099750300,53.6493424,-3.0062993,4.22,142,0.3,4.5
1790099750400,53.6493450,-3.0062887,4.04,142,-0.5,4.3
1790099750500,53.6493369,-3.0062907,4.23,142,-0.0,4.3
1790099750600,53.6493441,-3.0062975,4.11,142,-0.5,3.9
1790099750700,53.6493425,-3.0062816,4.11,142,-0.6,4.0
1790099750800,53.6493325,-3.0062960,4.19,142,-0.5,3.8
1790099750900,53.6493339,-3.0062810,4.09,142,0.4,4.1
1790099751000,53.6493361,-3.0062879,4.16,142,-0.1,3.9
1790099751100,53.6493317,-3.0062848,4.12,142,-0.3,4.3
1790099751200,53.6493288,-3.0062832,4.17,142,0.3,3.9
1790099751300,53.6493315,-3.0062802,4.08,142,-0.7,3.6
1790099751400,53.6493231,-3.0062743,4.13,142,-0.6,3.7
1790099751500,53.6493256,-3.0062676,4.27,142,0.1,3.7
1790099751600,53.6493241,-3.0062779,4.30,142,-0.5,3.7
1790099751700,53.6493209,-3.0062676,4.21,142,0.4,3.9
1790099751800,53.6493266,-3.0062737,4.04,142,-0.7,3.4
1790099751900,53.6493243,-3.0062624,4.21,142,0.1,3.5
1790099752000,53.6493206,-3.0062655,4.04,142,-0.2,3.8
1790099752100,53.6493154,-3.0062612,4.19,142,0.7,3.7
1790099752200,53.6493146,-3.0062515,4.29,142,0.6,3.4
1790099752300,53.6493157,-3.0062655,4.13,142,-0.6,3.5
1790099752400,53.6493119,-3.0062629,4.08,142,-0.2,3.0
1790099752500,53.6493136,-3.0062488,4.22,142,-0.0,3.6
1790099752600,53.6493133,-3.0062460,4.33,142,-0.4,3.6
1790099752700,53.6493123,-3.0062513,4.10,142,-0.0,3.1
1790099752800,53.6493058,-3.0062539,4.27,142,-0.5,3.0
1790099752900,53.6493103,-3.0062430,4.28,142,-0.1,3.3
1790099753000,53.6493009,-3.0062498,4.29,142,0.3,2.9
1790099753100,53.6492989,-3.0062344,4.10,142,-0.3,2.7
1790099753200,53.6493022,-3.0062336,4.33,142,0.0,3.0
1790099753300,53.6493002,-3.0062294,4.26,142,-0.2,2.7
1790099753400,53.6493028,-3.0062446,4.13,142,0.8,3.2
1790099753500,53.6492928,-3.0062404,4.13,142,-0.2,2.8
1790099753600,53.6492995,-3.0062231,4.24,142,0.7,3.1
1790099753700,53.6492915,-3.0062375,4.34,142,0.1,3.0
1790099753800,53.6492963,-3.0062220,4.21,142,0.5,3.0
1790099753900,53.6492875,-3.0062238,4.29,142,0.5,2.4
1790099754000,53.6492870,-3.0062160,4.21,142,0.1,2.9
1790099754100,53.6492852,-3.0062245,4.13,142,0.1,2.7
1790099754200,53.6492843,-3.0062259,4.33,142,0.7,2.4
1790099754300,53.6492812,-3.0062107,4.32,142,0.8,2.4
1790099754400,53.6492786,-3.0062124,4.36,142,1.2,2.8
1790099754500,53.6492779,-3.0062124,4.19,142,0.4,2.5
1790099754600,53.6492766,-3.0062174,4.29,142,1.8,2.3
1790099754700,53.6492781,-3.0062139,4.33,142,0.6,1.9
1790099754800,53.6492803,-3.0062058,4.25,142,1.9,2.0
1790099754900,53.6492694,-3.0062116,4.20,142,1.4,2.6
1790099755000,53.6492768,-3.0062036,4.14,142,1.1,2.3
1790099755100,53.6492759,-3.0062006,4.36,142,1.1,2.2
1790099755200,53.6492718,-3.0062049,4.28,142,2.2,2.2
1790099755300,53.6492692,-3.0062062,4.30,142,2.4,2.4
1790099755400,53.6492707,-3.0061973,4.25,142,1.1,1.9
1790099755500,53.6492598,-3.0061878,4.30,142,2.3,2.1
1790099755600,53.6492594,-3.0061832,4.33,142,2.1,2.2
1790099755700,53.6492566,-3.0061836,4.31,142,1.5,1.7
1790099755800,53.6492551,-3.0061911,4.29,142,1.7,2.0
1790099755900,53.6492536,-3.0061761,4.41,142,2.7,2.0
1790099756000,53.6492552,-3.0061821,4.29,142,1.8,1.8
1790099756100,53.6492521,-3.0061829,4.30,142,2.6,2.1
1790099756200,53.6492576,-3.0061862,4.18,142,2.2,2.2
1790099756300,53.6492505,-3.0061814,4.34,142,3.1,1.9
1790099756400,53.6492466,-3.0061822,4.39,142,1.9,1.6
1790099756500,53.6492446,-3.0061668,4.30,142,2.6,2.1
1790099756600,53.6492432,-3.0061647,4.35,142,2.3,2.1
1790099756700,53.6492445,-3.0061686,4.18,142,2.2,1.7
1790099756800,53.6492469,-3.0061580,4.42,142,3.0,1.5
1790099756900,53.6492475,-3.0061608,4.26,142,3.2,1.5
1790099757000,53.6492369,-3.0061537,4.32,142,2.5,1.6
1790099757100,53.6492451,-3.0061632,4.26,142,2.5,1.7
1790099757200,53.6492360,-3.0061494,4.46,142,2.9,2.2
1790099757300,53.6492413,-3.0061622,4.29,142,3.6,1.6
1790099757400,53.6492362,-3.0061602,4.27,142,3.9,2.1
1790099757500,53.6492379,-3.0061449,4.18,142,4.0,1.7
1790099757600,53.6492309,-3.0061465,4.41,142,3.0,1.8
1790099757700,53.6492303,-3.0061486,4.34,142,4.0,1.7
1790099757800,53.6492317,-3.0061379,4.34,142,3.6,1.8
1790099757900,53.6492290,-3.0061372,4.22,142,3.9,1.8
1790099758000,53.6492215,-3.0061352,4.39,142,3.6,2.2
1790099758100,53.6492193,-3.0061449,4.45,142,3.7,1.6
1790099758200,53.6492217,-3.0061436,4.27,142,4.1,2.0
1790099758300,53.6492220,-3.0061418,4.42,142,3.7,1.7
1790099758400,53.6492218,-3.0061310,4.44,142,3.8,1.9
1790099758500,53.6492197,-3.0061267,4.28,142,4.4,2.2
1790099758600,53.6492179,-3.0061246,4.42,142,3.8,2.5
1790099758700,53.6492141,-3.0061307,4.34,142,3.7,1.9
1790099758800,53.6492086,-3.0061158,4.49,142,3.6,1.8
1790099758900,53.6492141,-3.0061270,4.41,142,5.0,2.2
1790099759000,53.6492138,-3.0061161,4.34,142,4.9,2.4
1790099759100,53.6492053,-3.0061188,4.40,142,4.5,2.0
1790099759200,53.6492089,-3.0061075,4.26,142,4.7,2.3
1790099759300,53.6492018,-3.0061137,4.49,142,3.8,2.3
1790099759400,53.6492068,-3.0061072,4.40,142,4.6,2.3
1790099759500,53.6492048,-3.0061153,4.40,142,3.9,2.7
1790099759600,53.6492057,-3.0061165,4.34,142,4.8,2.5
1790099759700,53.6492026,-3.0061073,4.46,142,4.0,3.0
1790099759800,53.6491949,-3.0061072,4.48,142,5.1,2.9
1790099759900,53.6491993,-3.0060939,4.47,142,4.9,2.9
1790099760000,53.6491899,-3.0060906,4.37,142,4.1,3.0
1790099760100,53.6491936,-3.0060946,4.40,142,4.2,2.6
1790099760200,53.6491918,-3.0061007,4.53,142,5.6,3.2
1790099760300,53.6491935,-3.0060938,4.53,142,4.6,3.1
1790099760400,53.6491907,-3.0060991,4.58,142,5.3,3.1
1790099760500,53.6491872,-3.0060918,4.42,142,5.1,2.9
1790099760600,53.6491841,-3.0060804,4.32,142,5.1,3.5
1790099760700,53.6491876,-3.0060765,4.43,142,4.8,2.8
1790099760800,53.6491855,-3.0060830,4.37,142,4.6,3.6
1790099760900,53.6491767,-3.0060794,4.51,142,4.6,3.5
1790099761000,53.6491753,-3.0060858,4.56,142,4.3,3.0
1790099761100,53.6491715,-3.0060832,4.57,142,4.5,3.0
1790099761200,53.6491705,-3.0060763,4.47,142,4.8,3.3
1790099761300,53.6491772,-3.0060726,4.43,142,4.5,3.2
1790099761400,53.6491694,-3.0060619,4.30,142,4.7,3.1
1790099761500,53.6491662,-3.0060638,4.47,142,5.5,3.2
1790099761600,53.6491630,-3.0060674,4.50,142,4.8,3.5
1790099761700,53.6491690,-3.0060693,4.38,142,4.5,4.0
1790099761800,53.6491614,-3.0060695,4.54,142,5.6,3.9
1790099761900,53.6491612,-3.0060661,4.58,142,5.2,4.0
1790099762000,53.6491583,-3.0060561,4.38,142,4.8,3.7
1790099762100,53.6491641,-3.0060477,4.37,142,4.2,4.1
1790099762200,53.6491575,-3.0060448,4.44,142,4.7,3.5
1790099762300,53.6491613,-3.0060497,4.60,142,4.6,4.0
1790099762400,53.6491511,-3.0060535,4.38,142,4.8,4.2
1790099762500,53.6491557,-3.0060369,4.41,142,4.9,3.8
1790099762600,53.6491568,-3.0060357,4.56,142,5.4,4.4
1790099762700,53.6491513,-3.0060384,4.38,142,4.6,4.1
1790099762800,53.6491520,-3.0060419,4.45,142,4.7,3.9
1790099762900,53.6491490,-3.0060460,4.58,142,4.5,4.2
1790099763000,53.6491419,-3.0060420,4.65,142,4.0,4.4
1790099763100,53.6491382,-3.0060399,4.54,142,4.7,4.0
1790099763200,53.6491397,-3.0060313,4.50,142,5.0,4.4
1790099763300,53.6491447,-3.0060299,4.52,142,4.7,4.5
1790099763400,53.6491343,-3.0060221,4.56,142,5.2,4.4
1790099763500,53.6491396,-3.0060156,4.47,142,4.5,4.5
1790099763600,53.6491353,-3.0060292,4.47,142,5.0,4.2
1790099763700,53.6491378,-3.0060230,4.56,142,4.8,4.5
1790099763800,53.6491272,-3.0060158,4.45,142,3.7,4.4
1790099763900,53.6491346,-3.0060230,4.43,142,3.6,4.5
1790099764000,53.6491312,-3.0060188,4.42,142,3.9,4.1
1790099764100,53.6491242,-3.0060131,4.56,142,4.3,3.8
1790099764200,53.6491257,-3.0060094,4.60,142,3.8,4.2
1790099764300,53.6491229,-3.0060101,4.56,142,3.9,4.3
1790099764400,53.6491202,-3.0060071,4.60,142,4.2,4.3
1790099764500,53.6491166,-3.0060110,4.56,142,4.5,4.3
1790099764600,53.6491159,-3.0059987,4.70,142,3.6,4.4
1790099764700,53.6491126,-3.0059917,4.67,142,3.0,4.2
1790099764800,53.6491109,-3.0059966,4.52,142,3.5,4.0
1790099764900,53.6491157,-3.0059926,4.64,142,3.5,4.4
1790099765000,53.6491098,-3.0059854,4.57,142,4.0,4.0
1790099765100,53.6491100,-3.0059945,4.47,142,3.4,3.7
1790099765200,53.6491139,-3.0059903,4.69,142,3.9,4.0
1790099765300,53.6491103,-3.0059930,4.52,142,3.3,4.4
1790099765400,53.6491063,-3.0059751,4.73,142,3.0,3.9
1790099765500,53.6490988,-3.0059886,4.47,142,3.5,4.0
1790099765600,53.6491022,-3.0059769,4.55,142,3.4,4.2
1790099765700,53.6490958,-3.0059670,4.58,142,2.9,4.1
1790099765800,53.6490988,-3.0059720,4.59,142,2.1,4.1
1790099765900,53.6490918,-3.0059648,4.56,142,2.3,3.8
1790099766000,53.6490930,-3.0059719,4.59,142,2.8,4.1
1790099766100,53.6490885,-3.0059679,4.67,142,2.4,4.1
1790099766200,53.6490880,-3.0059562,4.75,142,2.0,3.6
1790099766300,53.6490905,-3.0059661,4.58,142,1.7,3.4
1790099766400,53.6490877,-3.0059642,4.76,142,3.0,3.8
1790099766500,53.6490889,-3.0059503,4.72,142,1.6,3.4
1790099766600,53.6490817,-3.0059481,4.64,142,2.9,3.7
1790099766700,53.6490862,-3.0059486,4.72,142,1.6,3.4
1790099766800,53.6490789,-3.0059590,4.72,142,2.2,3.3
1790099766900,53.6490796,-3.0059530,4.69,142,2.3,3.4
1790099767000,53.6490742,-3.0059495,4.73,142,1.6,3.1
1790099767100,53.6490755,-3.0059392,4.65,142,1.6,3.1
1790099767200,53.6490716,-3.0059512,4.72,142,1.5,3.4
1790099767300,53.6490711,-3.0059341,4.61,142,1.5,3.3
1790099767400,53.6490756,-3.0059376,4.56,142,1.4,3.4
1790099767500,53.6490644,-3.0059297,4.68,142,1.1,2.9
1790099767600,53.6490658,-3.0059401,4.64,142,1.0,3.1
1790099767700,53.6490632,-3.0059359,4.63,142,1.1,3.1
1790099767800,53.6490620,-3.0059210,4.81,142,0.9,3.3
1790099767900,53.6490591,-3.0059185,4.74,142,1.2,2.9
1790099768000,53.6490613,-3.0059305,4.61,142,1.6,2.5
1790099768100,53.6490597,-3.0059149,4.74,142,1.3,2.8
1790099768200,53.6490631,-3.0059166,4.61,142,0.9,2.7
1790099768300,53.6490509,-3.0059142,4.59,142,0.8,2.7
1790099768400,53.6490499,-3.0059186,4.61,142,0.2,2.5
1790099768500,53.6490499,-3.0059203,4.64,142,0.8,2.3
1790099768600,53.6490559,-3.0059021,4.63,142,0.6,2.7
1790099768700,53.6490537,-3.0059077,4.59,142,0.3,2.3
1790099768800,53.6490519,-3.0059064,4.64,142,0.7,2.7
1790099768900,53.6490423,-3.0059000,4.68,142,0.2,2.5
1790099769000,53.6490472,-3.0058966,4.59,142,-0.1,2.6
1790099769100,53.6490406,-3.0058962,4.79,142,0.2,1.9
1790099769200,53.6490388,-3.0058894,4.78,142,0.2,2.6
1790099769300,53.6490337,-3.0058945,4.82,142,0.4,2.1
1790099769400,53.6490415,-3.0058844,4.63,142,0.0,2.0
1790099769500,53.6490322,-3.0058962,4.76,142,-0.3,2.4
1790099769600,53.6490324,-3.0058893,4.64,142,-0.1,2.4
1790099769700,53.6490281,-3.0058847,4.71,142,0.4,1.9
1790099769800,53.6490259,-3.0058887,4.76,142,0.8,2.4
1790099769900,53.6490319,-3.0058739,4.73,142,0.7,1.8
1790099770000,53.6490277,-3.0058754,4.80,142,-0.3,2.1
1790099770100,53.6490270,-3.0058836,4.77,142,0.3,1.8
1790099770200,53.6490262,-3.0058708,4.79,142,0.6,1.7
1790099770300,53.6490204,-3.0058734,4.71,142,-0.5,1.7
1790099770400,53.6490199,-3.0058663,4.80,142,-0.4,2.0
1790099770500,53.6490162,-3.0058630,4.84,142,0.5,2.2
1790099770600,53.6490121,-3.0058676,4.59,142,-0.3,1.9
1790099770700,53.6490096,-3.0058562,4.68,142,-0.6,1.7
1790099770800,53.6490079,-3.0058552,4.64,142,0.6,1.6
1790099770900,53.6490097,-3.0058553,4.66,142,0.2,2.2
1790099771000,53.6490139,-3.0058606,4.67,142,-0.3,1.5
1790099771100,53.6490031,-3.0058582,4.73,142,0.1,1.8
1790099771200,53.6490111,-3.0058585,4.84,142,-0.3,1.7
1790099771300,53.6490065,-3.0058534,4.73,142,0.0,1.9
1790099771400,53.6490047,-3.0058554,4.65,142,0.1,2.0
1790099771500,53.6489992,-3.0058413,4.80,142,0.2,2.0
1790099771600,53.6490025,-3.0058478,4.73,142,-0.7,2.1
1790099771700,53.6489985,-3.0058321,4.70,142,0.3,1.6
1790099771800,53.6489926,-3.0058334,4.82,142,0.2,1.9
1790099771900,53.6489894,-3.0058435,4.88,142,0.1,1.5
1790099772000,53.6489955,-3.0058298,4.63,142,0.5,2.2
1790099772100,53.6489889,-3.0058372,4.72,142,-0.4,2.1
1790099772200,53.6489871,-3.0058353,4.64,142,-0.1,1.5
1790099772300,53.6489861,-3.0058198,4.62,142,0.9,2.0
1790099772400,53.6489872,-3.0058164,4.86,142,-0.2,1.6
1790099772500,53.6489826,-3.0058281,4.66,142,-0.0,1.6
1790099772600,53.6489772,-3.0058180,4.83,142,0.2,2.3
1790099772700,53.6489765,-3.0058255,4.86,142,0.7,2.2
1790099772800,53.6489750,-3.0058096,4.82,142,0.2,1.9
1790099772900,53.6489740,-3.0058056,4.83,142,0.6,2.5
1790099773000,53.6489741,-3.0058174,4.67,142,0.4,1.8
1790099773100,53.6489738,-3.0058156,4.73,142,-0.1,1.9
1790099773200,53.6489772,-3.0058149,4.74,142,0.2,2.1
1790099773300,53.6489737,-3.0057974,4.90,142,1.2,2.6
1790099773400,53.6489679,-3.0058077,4.79,142,-0.0,2.5
1790099773500,53.6489709,-3.0057946,4.75,142,1.5,2.1
1790099773600,53.6489616,-3.0058010,4.77,142,1.3,2.5
1790099773700,53.6489665,-3.0057944,4.71,142,1.6,2.6
1790099773800,53.6489623,-3.0057892,5.68,80,5.2,0.2
1790099773900,53.6489598,-3.0057868,5.79,80,5.2,0.1
1790099774000,53.6489689,-3.0057843,5.88,80,5.8,0.4
1790099774100,53.6489609,-3.0057713,5.74,80,5.0,0.4
1790099774200,53.6489687,-3.0057745,5.91,80,5.6,-0.0
1790099774300,53.6489607,-3.0057752,5.61,80,6.3,0.6
1790099774400,53.6489640,-3.0057710,5.91,80,5.9,-0.1
1790099774500,53.6489670,-3.0057608,5.70,80,5.3,0.4
1790099774600,53.6489649,-3.0057496,5.73,80,6.6,0.0
1790099774700,53.6489644,-3.0057518,5.79,80,5.6,0.4
1790099774800,53.6489705,-3.0057439,5.95,80,6.3,0.3
1790099774900,53.6489694,-3.0057508,5.87,80,6.4,0.3
1790099775000,53.6489736,-3.0057402,5.76,80,6.8,0.6
1790099775100,53.6489661,-3.0057254,5.67,80,6.4,0.3
1790099775200,53.6489700,-3.0057309,5.79,80,7.2,0.6
1790099775300,53.6489693,-3.0057285,5.80,80,6.4,1.1
1790099775400,53.6489691,-3.0057108,5.68,80,6.0,0.7
1790099775500,53.6489740,-3.0057142,5.68,80,6.8,0.6
1790099775600,53.6489750,-3.0057047,5.70,80,6.3,1.1
1790099775700,53.6489722,-3.0057038,5.82,80,7.0,0.8
1790099775800,53.6489783,-3.0056998,5.89,80,7.6,0.8
1790099775900,53.6489756,-3.0057022,5.78,80,7.3,0.9
1790099776000,53.6489784,-3.0056993,5.64,80,7.7,0.9
1790099776100,53.6489772,-3.0056840,5.62,80,6.7,1.2
1790099776200,53.6489742,-3.0056848,5.90,80,6.7,1.4
1790099776300,53.6489744,-3.0056737,5.89,80,7.7,1.2
1790099776400,53.6489794,-3.0056830,5.85,80,8.2,0.9
1790099776500,53.6489750,-3.0056772,5.89,80,7.0,1.3
1790099776600,53.6489745,-3.0056751,5.76,80,8.0,1.6
1790099776700,53.6489822,-3.0056615,5.76,80,8.3,1.0
1790099776800,53.6489735,-3.0056549,5.67,80,7.2,1.3
1790099776900,53.6489802,-3.0056533,5.65,80,8.4,1.5
1790099777000,53.6489792,-3.0056399,5.69,80,8.1,1.5
1790099777100,53.6489772,-3.0056507,5.92,80,7.2,1.8
1790099777200,53.6489834,-3.0056422,5.81,80,7.8,1.5
1790099777300,53.6489798,-3.0056412,5.88,80,7.8,1.5
1790099777400,53.6489759,-3.0056370,5.70,80,7.5,1.4
1790099777500,53.6489814,-3.0056271,5.65,80,7.6,1.6
1790099777600,53.6489778,-3.0056150,5.89,80,8.0,1.7
1790099777700,53.6489802,-3.0056183,5.81,80,9.0,1.7
1790099777800,53.6489825,-3.0056182,5.80,80,8.9,1.7
1790099777900,53.6489782,-3.0056054,5.92,80,9.2,1.9
1790099778000,53.6489875,-3.0056023,5.63,80,8.4,1.8
1790099778100,53.6489839,-3.0055965,5.89,80,9.1,1.9
1790099778200,53.6489853,-3.0056000,5.76,80,8.0,1.9
1790099778300,53.6489843,-3.0055907,5.64,80,8.8,1.7
1790099778400,53.6489888,-3.0055957,5.82,80,8.8,1.8
1790099778500,53.6489893,-3.0055825,5.75,80,9.0,1.4
1790099778600,53.6489835,-3.0055801,5.79,80,9.2,1.5
1790099778700,53.6489865,-3.0055684,5.83,80,9.5,2.0
1790099778800,53.6489897,-3.0055716,5.82,80,8.3,1.6
1790099778900,53.6489882,-3.0055578,5.87,80,9.2,1.5
1790099779000,53.6489879,-3.0055568,5.74,80,9.0,1.7
1790099779100,53.6489937,-3.0055537,5.74,80,8.6,1.3
1790099779200,53.6489890,-3.0055490,5.88,80,9.0,1.8
1790099779300,53.6489932,-3.0055484,5.68,80,9.4,1.4
1790099779400,53.6489897,-3.0055426,5.91,80,9.7,1.5
1790099779500,53.6489950,-3.0055372,5.80,80,9.2,1.5
1790099779600,53.6489959,-3.0055242,5.76,80,8.8,1.8
1790099779700,53.6489891,-3.0055327,5.71,80,9.6,1.5
1790099779800,53.6489940,-3.0055257,5.66,80,9.4,1.7
1790099779900,53.6489963,-3.0055147,5.80,80,9.4,1.1
1790099780000,53.6489885,-3.0055244,5.68,80,9.5,1.5
1790099780100,53.6489981,-3.0055157,5.87,80,9.4,1.6
1790099780200,53.6489925,-3.0055001,5.78,80,9.4,1.7
1790099780300,53.6489891,-3.0054940,5.68,80,9.9,1.4
1790099780400,53.6489952,-3.0054917,5.89,80,8.9,1.0
1790099780500,53.6489937,-3.0055007,5.87,80,8.8,1.5
1790099780600,53.6489946,-3.0054837,5.80,80,9.9,1.5
1790099780700,53.6489998,-3.0054802,5.62,80,8.8,1.3
1790099780800,53.6490009,-3.0054765,5.75,80,9.2,1.0
1790099780900,53.6489955,-3.0054737,5.85,80,9.7,1.4
1790099781000,53.6489968,-3.0054663,5.74,80,9.3,1.4
1790099781100,53.6490025,-3.0054713,5.67,80,10.2,1.1
1790099781200,53.6490014,-3.0054654,5.71,80,9.0,1.2
1790099781300,53.6490029,-3.0054633,5.72,80,9.0,0.8
1790099781400,53.6489997,-3.0054616,5.80,80,9.2,0.7
1790099781500,53.6489993,-3.0054525,5.69,80,8.9,0.8
1790099781600,53.6489970,-3.0054528,5.73,80,10.1,0.6
1790099781700,53.6490034,-3.0054365,5.61,80,9.4,0.3
1790099781800,53.6489967,-3.0054440,5.62,80,10.0,0.5
1790099781900,53.6489995,-3.0054402,5.79,80,9.8,0.7
1790099782000,53.6489987,-3.0054278,5.71,80,8.6,0.7
1790099782100,53.6490000,-3.0054202,5.84,80,9.6,0.4
1790099782200,53.6490031,-3.0054142,5.79,80,8.6,0.4
1790099782300,53.6489997,-3.0054070,5.73,80,9.7,0.2
1790099782400,53.6490081,-3.0054052,5.63,80,9.8,0.4
1790099782500,53.6490014,-3.0054101,5.56,80,8.9,0.4
1790099782600,53.6490080,-3.0053946,5.82,80,8.5,0.4
1790099782700,53.6490046,-3.0053921,5.58,80,9.7,0.3
1790099782800,53.6490071,-3.0053942,5.71,80,9.1,0.3
1790099782900,53.6490030,-3.0053848,5.53,80,9.1,-0.1
1790099783000,53.6490017,-3.0053822,5.75,80,8.1,0.2
1790099783100,53.6490021,-3.0053742,5.77,80,8.7,0.3
1790099783200,53.6490089,-3.0053776,5.63,80,8.8,-0.1
1790099783300,53.6490131,-3.0053796,5.64,80,8.1,0.0
1790099783400,53.6490043,-3.0053590,5.72,80,9.0,-0.5
1790099783500,53.6490102,-3.0053623,5.49,80,7.9,-0.5
1790099783600,53.6490069,-3.0053599,5.74,80,8.7,-0.6
1790099783700,53.6490136,-3.0053605,5.77,80,9.0,-0.3
1790099783800,53.6490126,-3.0053455,5.64,80,8.6,-0.2
1790099783900,53.6490056,-3.0053433,5.71,80,8.3,-0.1
1790099784000,53.6490111,-3.0053465,5.51,80,7.7,-0.6
1790099784100,53.6490073,-3.0053309,5.70,80,8.9,-0.7
1790099784200,53.6490160,-3.0053317,5.78,80,8.4,-0.8
1790099784300,53.6490132,-3.0053314,5.55,80,8.4,-0.6
1790099784400,53.6490154,-3.0053161,5.55,80,8.1,-0.6
1790099784500,53.6490107,-3.0053129,5.48,80,7.7,-0.2
1790099784600,53.6490178,-3.0053192,5.72,80,7.2,-0.8
1790099784700,53.6490195,-3.0053155,5.70,80,7.4,-0.9
1790099784800,53.6490190,-3.0053203,3.98,258,-9.2,-1.8
1790099784900,53.6490084,-3.0053199,3.94,258,-8.7,-2.0
1790099785000,53.6490092,-3.0053129,3.94,258,-9.1,-2.3
1790099785100,53.6490096,-3.0053287,3.95,258,-9.9,-2.3
1790099785200,53.6490175,-3.0053303,3.87,258,-10.4,-2.2
1790099785300,53.6490078,-3.0053267,3.97,258,-9.8,-1.9
1790099785400,53.6490095,-3.0053248,3.87,258,-9.4,-2.1
1790099785500,53.6490158,-3.0053405,4.01,258,-9.9,-2.2
1790099785600,53.6490077,-3.0053422,3.90,258,-9.5,-2.6
1790099785700,53.6490062,-3.0053373,4.00,258,-10.6,-2.5
1790099785800,53.6490106,-3.0053461,4.02,258,-10.0,-2.3
1790099785900,53.6490120,-3.0053427,3.99,258,-10.1,-1.9
1790099786000,53.6490069,-3.0053550,3.92,258,-10.2,-2.1
1790099786100,53.6490123,-3.0053498,3.86,258,-10.3,-2.5
1790099786200,53.6490129,-3.0053582,4.01,258,-9.9,-2.2
1790099786300,53.6490107,-3.0053588,3.98,258,-10.9,-2.2
1790099786400,53.6490128,-3.0053620,4.01,258,-11.2,-2.3
1790099786500,53.6490056,-3.0053688,4.07,258,-10.5,-2.0
1790099786600,53.6490085,-3.0053631,3.85,258,-10.6,-1.8
1790099786700,53.6490032,-3.0053731,4.04,258,-11.2,-1.9
1790099786800,53.6490012,-3.0053680,3.86,258,-11.1,-1.8
1790099786900,53.6490093,-3.0053854,3.81,258,-10.3,-2.4
1790099787000,53.6490023,-3.0053873,3.98,258,-10.5,-1.8
1790099787100,53.6490013,-3.0053906,3.92,258,-11.0,-2.1
1790099787200,53.6490058,-3.0053895,3.92,258,-11.0,-1.8
1790099787300,53.6490047,-3.0053955,3.89,258,-11.4,-1.7
1790099787400,53.6490013,-3.0053860,3.83,258,-11.2,-1.9
1790099787500,53.6490018,-3.0053908,3.99,258,-10.7,-2.2
1790099787600,53.6490001,-3.0053890,3.99,258,-11.2,-1.5
1790099787700,53.6490033,-3.0053992,3.99,258,-11.2,-1.9
1790099787800,53.6489999,-3.0054071,3.85,258,-11.8,-1.9
1790099787900,53.6490016,-3.0054049,3.87,258,-12.1,-1.5
1790099788000,53.6489977,-3.0054132,3.79,258,-11.4,-1.7
1790099788100,53.6490015,-3.0054162,3.93,258,-11.4,-1.9
1790099788200,53.6490018,-3.0054142,3.89,258,-11.3,-1.7
1790099788300,53.6490036,-3.0054253,3.85,258,-12.3,-1.3
1790099788400,53.6490003,-3.0054256,3.89,258,-12.6,-1.1
1790099788500,53.6489985,-3.0054190,3.80,258,-12.5,-1.1
1790099788600,53.6490035,-3.0054263,3.80,258,-11.8,-1.5
1790099788700,53.6490018,-3.0054252,3.86,258,-12.3,-1.1
1790099788800,53.6490036,-3.0054305,3.90,258,-12.5,-1.5
1790099788900,53.6490006,-3.0054320,3.85,258,-11.7,-1.2
1790099789000,53.6490025,-3.0054460,3.78,258,-12.8,-1.2
1790099789100,53.6489955,-3.0054466,4.00,258,-12.6,-1.3
1790099789200,53.6490022,-3.0054405,3.95,258,-12.7,-0.9
1790099789300,53.6489952,-3.0054465,3.93,258,-12.8,-1.3
1790099789400,53.6489928,-3.0054568,3.91,258,-12.3,-0.8
1790099789500,53.6489966,-3.0054560,3.84,258,-12.2,-0.6
1790099789600,53.6489923,-3.0054498,3.98,258,-13.1,-0.7
1790099789700,53.6489984,-3.0054611,3.90,258,-11.8,-1.1
1790099789800,53.6489944,-3.0054630,3.86,258,-13.0,-0.9
1790099789900,53.6489939,-3.0054575,3.89,258,-12.2,-0.9
1790099790000,53.6489896,-3.0054628,3.87,258,-12.9,-0.6
1790099790100,53.6489925,-3.0054703,3.71,258,-11.8,-0.2
1790099790200,53.6489967,-3.0054683,3.87,258,-13.1,-0.2
1790099790300,53.6489929,-3.0054818,3.78,258,-11.9,-0.2
1790099790400,53.6489910,-3.0054734,3.88,258,-12.5,-0.7
1790099790500,53.6489881,-3.0054877,3.86,258,-13.0,-0.3
1790099790600,53.6489964,-3.0054786,3.88,258,-12.0,-0.6
1790099790700,53.6489933,-3.0054812,3.77,258,-12.1,-0.6
1790099790800,53.6489919,-3.0054914,3.90,258,-12.0,-0.6
1790099790900,53.6489878,-3.0054926,3.73,258,-12.7,-0.1
1790099791000,53.6489917,-3.0054904,3.79,258,-12.7,0.1
1790099791100,53.6489882,-3.0054975,3.91,258,-12.8,0.2
1790099791200,53.6489901,-3.0054983,3.87,258,-13.1,-0.1
1790099791300,53.6489898,-3.0055127,3.82,258,-12.8,-0.2
1790099791400,53.6489890,-3.0055123,3.94,258,-12.5,-0.2
1790099791500,53.6489844,-3.0055195,3.84,258,-12.0,0.3
1790099791600,53.6489839,-3.0055144,3.78,258,-12.1,0.2
1790099791700,53.6489889,-3.0055133,3.81,258,-12.3,0.4
1790099791800,53.6489911,-3.0055224,3.75,258,-12.4,0.2
1790099791900,53.6489898,-3.0055215,3.88,258,-12.0,0.4
1790099792000,53.6489899,-3.0055293,3.71,258,-11.6,0.2
1790099792100,53.6489903,-3.0055320,3.74,258,-12.8,0.1
1790099792200,53.6489856,-3.0055403,3.80,258,-11.5,0.0
1790099792300,53.6489908,-3.0055281,3.79,258,-12.0,0.5
1790099792400,53.6489905,-3.0055304,3.89,258,-11.4,0.1
1790099792500,53.6489816,-3.0055484,3.88,258,-11.4,0.2
1790099792600,53.6489896,-3.0055489,3.75,258,-12.0,-0.2
1790099792700,53.6489795,-3.0055443,3.84,258,-12.5,0.0
1790099792800,53.6489878,-3.0055517,3.75,258,-11.2,0.5
1790099792900,53.6489887,-3.0055603,3.65,258,-12.2,0.4
1790099793000,53.6489846,-3.0055626,3.83,258,-11.6,0.3
1790099793100,53.6489811,-3.0055608,3.78,258,-11.4,-0.1
1790099793200,53.6489786,-3.0055600,3.73,258,-11.8,-0.1
1790099793300,53.6489797,-3.0055601,3.84,258,-11.5,-0.2
1790099793400,53.6489823,-3.0055744,3.66,258,-11.9,-0.0
1790099793500,53.6489814,-3.0055690,3.85,258,-11.6,-0.2
1790099793600,53.6489861,-3.0055788,3.85,258,-11.0,-0.1
1790099793700,53.6489803,-3.0055799,3.83,258,-11.8,-0.2
1790099793800,53.6489843,-3.0055762,3.64,258,-11.4,0.0
1790099793900,53.6489789,-3.0055734,3.86,258,-10.9,0.4
1790099794000,53.6489754,-3.0055842,3.83,258,-10.7,-0.3
1790099794100,53.6489760,-3.0055874,3.71,258,-10.9,-0.1
1790099794200,53.6489796,-3.0055821,3.63,258,-11.4,0.3
1790099794300,53.6489742,-3.0055956,3.71,258,-10.6,-0.1
1790099794400,53.6489747,-3.0055957,3.61,258,-10.2,0.1
1790099794500,53.6489750,-3.0055939,3.71,258,-10.9,-0.1
1790099794600,53.6489742,-3.0055945,3.74,258,-10.6,0.0
1790099794700,53.6489736,-3.0056118,3.61,258,-10.9,0.0
1790099794800,53.6489778,-3.0056064,3.84,258,-10.0,-0.4
1790099794900,53.6489777,-3.0056082,3.65,258,-11.1,-0.3
1790099795000,53.6489743,-3.0056183,3.64,258,-9.9,0.1
1790099795100,53.6489746,-3.0056203,3.80,258,-10.4,-0.5
1790099795200,53.6489740,-3.0056269,3.80,258,-10.5,-0.1
1790099795300,53.6489703,-3.0056221,3.63,258,-10.6,-0.2
1790099795400,53.6489781,-3.0056170,3.79,258,-10.3,-0.6
1790099795500,53.6489744,-3.0056355,3.79,258,-10.6,-0.5
1790099795600,53.6489758,-3.0056342,3.60,258,-9.6,-0.8
1790099795700,53.6489790,-3.0056357,3.72,258,-10.5,-0.5
1790099795800,53.6489775,-3.0056344,3.60,258,-9.5,-1.0
1790099795900,53.6489749,-3.0056338,3.80,258,-8.8,-0.3
1790099796000,53.6489704,-3.0056475,3.75,258,-8.9,-1.0
1790099796100,53.6489763,-3.0056514,3.68,258,-9.1,-0.8
1790099796200,53.6489667,-3.0056507,3.79,258,-9.7,-0.7
1790099796300,53.6489679,-3.0056580,3.58,258,-9.3,-0.6
1790099796400,53.6489701,-3.0056569,3.59,258,-9.3,-1.3
1790099796500,53.6489673,-3.0056517,3.64,258,-9.3,-0.8
1790099796600,53.6489745,-3.0056667,3.69,258,-9.3,-1.3
1790099796700,53.6489751,-3.0056590,3.77,258,-8.5,-0.7
1790099796800,53.6489682,-3.0056694,3.62,258,-9.5,-1.2
1790099796900,53.6489644,-3.0056680,3.60,258,-8.3,-1.0
1790099797000,53.6489700,-3.0056631,3.68,258,-8.4,-1.0
1790099797100,53.6489722,-3.0056682,3.60,258,-9.1,-0.9
1790099797200,53.6489703,-3.0056753,3.63,258,-8.5,-1.6
1790099797300,53.6489730,-3.0056822,3.71,258,-9.2,-1.2
1790099797400,53.6489626,-3.0056808,3.67,258,-8.8,-1.5
1790099797500,53.6489653,-3.0056779,3.74,258,-8.7,-1.8
1790099797600,53.6489713,-3.0056857,3.67,258,-8.9,-1.7
1790099797700,53.6489680,-3.0056942,3.57,258,-8.2,-1.2
1790099797800,53.6489634,-3.0056977,3.65,258,-8.1,-1.2
1790099797900,53.6489714,-3.0056963,3.59,258,-7.6,-2.0
1790099798000,53.6489693,-3.0056879,3.61,258,-7.6,-1.8
1790099798100,53.6489704,-3.0056985,3.55,258,-8.2,-1.6
1790099798200,53.6489667,-3.0057106,3.58,258,-8.4,-1.6
1790099798300,53.6489660,-3.0057095,3.51,258,-7.9,-1.7
1790099798400,53.6489667,-3.0057051,3.57,258,-8.0,-2.0
1790099798500,53.6489598,-3.0057049,3.65,258,-7.4,-1.8
1790099798600,53.6489620,-3.0057044,3.59,258,-7.4,-1.9
1790099798700,53.6489656,-3.0057172,3.58,258,-7.3,-2.1
1790099798800,53.6489609,-3.0057137,3.70,258,-7.5,-2.0
1790099798900,53.6489667,-3.0057205,3.61,258,-8.1,-2.3
1790099799000,53.6489614,-3.0057239,3.71,258,-8.4,-1.7
1790099799100,53.6489602,-3.0057194,3.70,258,-7.4,-2.2
1790099799200,53.6489618,-3.0057224,3.56,258,-7.4,-2.3
1790099799300,53.6489590,-3.0057261,3.64,258,-7.0,-2.3
1790099799400,53.6489564,-3.0057420,3.51,258,-7.6,-2.3
1790099799500,53.6489552,-3.0057324,3.68,258,-8.3,-2.0
1790099799600,53.6489550,-3.0057322,3.71,258,-8.3,-2.5
1790099799700,53.6489625,-3.0057491,3.53,258,-7.2,-1.8
1790099799800,53.6489601,-3.0057400,3.56,258,-8.1,-2.0
1790099799900,53.6489587,-3.0057413,3.60,258,-7.0,-2.4
1790099800000,53.6489600,-3.0057490,3.54,258,-8.0,-1.9
1790099800100,53.6489595,-3.0057539,3.50,258,-8.2,-2.4
1790099800200,53.6489616,-3.0057492,3.68,258,-7.6,-2.5
1790099800300,53.6489542,-3.0057539,3.59,258,-8.1,-2.4
1790099800400,53.6489527,-3.0057690,3.66,258,-7.1,-1.9
1790099800500,53.6489538,-3.0057731,3.56,258,-6.8,-2.3
1790099800600,53.6489525,-3.0057693,3.62,258,-7.5,-2.6
1790099800700,53.6489536,-3.0057734,3.54,258,-7.5,-2.6
1790099800800,53.6489607,-3.0057713,3.67,258,-7.2,-2.5
1790099800900,53.6489596,-3.0057729,3.65,258,-8.1,-1.9
1790099801000,53.6489559,-3.0057810,3.51,258,-8.0,-2.5
1790099801100,53.6489583,-3.0057906,3.51,258,-8.1,-2.5
1790099801200,53.6489546,-3.0057899,3.65,258,-7.6,-1.7
1790099801300,53.6489515,-3.0057835,3.63,258,-7.8,-1.8
1790099801400,53.6489590,-3.0057831,3.70,258,-7.9,-1.9
1790099801500,53.6489563,-3.0057987,3.53,258,-7.4,-2.2
1790099801600,53.6489531,-3.0058037,3.59,258,-8.3,-2.0
1790099801700,53.6489476,-3.0057990,3.60,258,-8.5,-2.0
1790099801800,53.6489519,-3.0058049,3.51,258,-7.6,-2.0
1790099801900,53.6489523,-3.0058026,3.56,258,-7.4,-2.2
1790099802000,53.6489554,-3.0058151,3.62,258,-8.2,-2.2
1790099802100,53.6489545,-3.0058114,3.60,258,-7.6,-1.7
1790099802200,53.6489545,-3.0058039,3.50,258,-8.6,-1.8
1790099802300,53.6489544,-3.0058072,3.69,258,-7.5,-1.6
1790099802400,53.6489471,-3.0058242,3.61,258,-8.2,-1.6
1790099802500,53.6489463,-3.0058135,3.65,258,-8.0,-1.9
1790099802600,53.6489446,-3.0058301,3.69,258,-8.1,-1.7
1790099802700,53.6489491,-3.0058339,3.64,258,-7.5,-1.5
1790099802800,53.6489440,-3.0058255,3.55,258,-7.7,-1.3
1790099802900,53.6489511,-3.0058291,3.59,258,-9.1,-1.7
1790099803000,53.6489533,-3.0058362,3.67,258,-8.1,-1.3
1790099803100,53.6489520,-3.0058444,3.54,258,-8.2,-1.2
1790099803200,53.6489444,-3.0058331,3.70,258,-9.2,-1.5
1790099803300,53.6489445,-3.0058396,3.46,258,-8.6,-0.9
1790099803400,53.6489504,-3.0058361,3.63,258,-8.4,-1.4
1790099803500,53.6489419,-3.0058462,3.55,258,-9.5,-1.5
1790099803600,53.6489460,-3.0058554,3.51,258,-9.4,-1.3
1790099803700,53.6489468,-3.0058621,3.61,258,-8.6,-0.9
1790099803800,53.6489459,-3.0058628,3.48,258,-9.7,-1.4
1790099803900,53.6489413,-3.0058558,3.66,258,-8.7,-1.0
1790099804000,53.6489479,-3.0058561,3.48,258,-9.4,-0.5
1790099804100,53.6489462,-3.0058583,3.56,258,-9.3,-0.7
1790099804200,53.6489459,-3.0058746,3.51,258,-9.6,-0.5
1790099804300,53.6489479,-3.0058683,3.52,258,-9.0,-0.8
1790099804400,53.6489400,-3.0058679,3.68,258,-9.7,-1.0
1790099804500,53.6489420,-3.0058779,3.60,258,-9.0,-0.3
1790099804600,53.6489441,-3.0058792,3.63,258,-9.7,-0.4
1790099804700,53.6489427,-3.0058745,3.65,258,-10.2,-0.7
1790099804800,53.6489414,-3.0058863,3.66,258,-9.1,-0.1
1790099804900,53.6489384,-3.0058908,3.59,258,-9.3,-0.1
1790099805000,53.6489370,-3.0058958,3.61,258,-10.4,-0.4
1790099805100,53.6489444,-3.0058836,3.53,258,-10.0,-0.7
1790099805200,53.6489369,-3.0058870,3.58,258,-9.5,-0.5
1790099805300,53.6489389,-3.0058939,3.59,258,-9.5,-0.2
1790099805400,53.6489365,-3.0058984,3.50,258,-10.3,-0.3
1790099805500,53.6489395,-3.0059066,3.51,258,-10.5,0.0
1790099805600,53.6489410,-3.0059141,3.67,258,-10.1,0.2
1790099805700,53.6489391,-3.0059105,3.47,258,-10.5,0.2
1790099805800,53.6489362,-3.0059099,3.69,258,-10.0,0.1
1790099805900,53.6489405,-3.0059060,3.53,258,-11.1,0.1
1790099806000,53.6489423,-3.0059192,3.53,258,-10.4,0.2
1790099806100,53.6489328,-3.0059163,3.67,258,-10.0,0.0
1790099806200,53.6489328,-3.0059152,3.52,258,-11.2,0.3
1790099806300,53.6489385,-3.0059217,3.69,258,-11.1,-0.0
1790099806400,53.6489361,-3.0059194,3.64,258,-11.6,0.0
1790099806500,53.6489312,-3.0059390,3.68,258,-11.7,0.3
1790099806600,53.6489351,-3.0059314,3.56,258,-11.2,0.1
1790099806700,53.6489359,-3.0059341,3.60,258,-11.6,-0.1
1790099806800,53.6489401,-3.0059372,3.60,258,-11.9,0.1
1790099806900,53.6489388,-3.0059340,3.59,258,-10.6,0.2
1790099807000,53.6489303,-3.0059508,3.68,258,-12.1,-0.1
1790099807100,53.6489324,-3.0059399,3.68,258,-11.6,0.1
1790099807200,53.6489373,-3.0059460,3.68,258,-12.2,0.2
1790099807300,53.6489376,-3.0059596,3.58,258,-11.3,0.5
1790099807400,53.6489345,-3.0059589,3.56,258,-11.0,0.5
1790099807500,53.6489380,-3.0059653,3.65,258,-12.3,0.3
1790099807600,53.6489325,-3.0059514,3.55,258,-11.1,0.4
1790099807700,53.6489270,-3.0059600,3.65,258,-11.2,0.1
1790099807800,53.6489298,-3.0059657,3.52,258,-11.7,-0.0
1790099807900,53.6489331,-3.0059772,3.51,258,-11.5,0.1
1790099808000,53.6489355,-3.0059749,3.64,258,-12.0,0.4
1790099808100,53.6489268,-3.0059786,3.61,258,-12.0,-0.2
1790099808200,53.6489301,-3.0059681,3.53,258,-12.6,-0.2
1790099808300,53.6489280,-3.0059716,3.63,258,-11.5,-0.2
1790099808400,53.6489306,-3.0059887,3.66,258,-12.7,0.0
1790099808500,53.6489302,-3.0059820,3.60,258,-11.7,-0.1
1790099808600,53.6489301,-3.0059939,3.64,258,-12.7,-0.3
1790099808700,53.6489334,-3.0059861,3.66,258,-12.4,0.0
1790099808800,53.6489331,-3.0060009,3.68,258,-11.7,-0.1
1790099808900,53.6489309,-3.0059888,3.72,258,-12.9,-0.0
1790099809000,53.6489312,-3.0059898,3.55,258,-13.1,-0.4
1790099809100,53.6489297,-3.0060078,3.59,258,-12.9,-0.5
1790099809200,53.6489257,-3.0060007,3.54,258,-12.8,-0.5
1790099809300,53.6489308,-3.0060030,3.64,258,-11.8,-0.4
1790099809400,53.6489300,-3.0060115,3.70,258,-13.1,-0.1
1790099809500,53.6489286,-3.0060154,3.60,258,-13.0,-0.2
1790099809600,53.6489202,-3.0060117,3.70,258,-12.1,-0.0
1790099809700,53.6489305,-3.0060122,3.60,258,-12.2,-0.3
1790099809800,53.6489224,-3.0060199,3.64,258,-12.4,-0.7
1790099809900,53.6489198,-3.0060170,3.75,258,-13.2,-0.3
1790099810000,53.6489190,-3.0060282,3.68,258,-11.9,-0.8
1790099810100,53.6489256,-3.0060217,3.58,258,-11.9,-0.5
1790099810200,53.6489219,-3.0060290,3.51,258,-11.8,-1.0
1790099810300,53.6489260,-3.0060295,3.67,258,-12.9,-0.9
1790099810400,53.6489199,-3.0060455,3.62,258,-13.1,-0.5
1790099810500,53.6489202,-3.0060476,3.71,258,-11.8,-1.0
1790099810600,53.6489217,-3.0060392,3.76,258,-12.4,-0.6
1790099810700,53.6489174,-3.0060412,3.53,258,-12.4,-0.8
1790099810800,53.6489192,-3.0060523,3.71,258,-12.2,-0.7
1790099810900,53.6489197,-3.0060542,3.69,258,-11.8,-0.7
1790099811000,53.6489169,-3.0060621,3.66,258,-12.8,-1.2
1790099811100,53.6489250,-3.0060611,3.55,258,-11.9,-0.9
1790099811200,53.6489158,-3.0060564,3.77,258,-12.6,-1.2
1790099811300,53.6489199,-3.0060613,3.65,258,-11.7,-1.1
1790099811400,53.6489143,-3.0060670,3.60,258,-12.2,-1.6
1790099811500,53.6489240,-3.0060616,3.72,258,-12.1,-1.0
1790099811600,53.6489187,-3.0060798,3.61,258,-11.7,-1.0
1790099811700,53.6489231,-3.0060793,3.69,258,-11.5,-1.3
1790099811800,53.6489162,-3.0060831,3.61,258,-12.1,-1.7
1790099811900,53.6489180,-3.0060768,3.81,258,-11.3,-1.7
1790099812000,53.6489184,-3.0060875,3.72,258,-12.5,-1.4
1790099812100,53.6489221,-3.0060850,3.65,258,-11.5,-1.8
1790099812200,53.6489167,-3.0060923,3.71,258,-12.3,-1.2
1790099812300,53.6489138,-3.0060972,3.63,258,-11.1,-1.3
1790099812400,53.6489136,-3.0060886,3.61,258,-11.1,-1.5
1790099812500,53.6489191,-3.0061018,3.79,258,-11.8,-1.5
1790099812600,53.6489114,-3.0061014,3.73,258,-11.9,-1.7
1790099812700,53.6489112,-3.0061065,3.79,258,-12.2,-1.6
1790099812800,53.6489192,-3.0061060,3.66,258,-11.1,-1.9
1790099812900,53.6489141,-3.0061006,3.68,258,-11.3,-1.8
1790099813000,53.6489172,-3.0061057,3.69,258,-11.1,-2.1
1790099813100,53.6489116,-3.0061170,3.81,258,-10.9,-1.6
1790099813200,53.6489168,-3.0061226,3.82,258,-11.9,-2.0
1790099813300,53.6489094,-3.0061130,3.77,258,-10.5,-1.7
1790099813400,53.6489086,-3.0061271,3.63,258,-10.8,-2.0
1790099813500,53.6489134,-3.0061166,3.60,258,-11.3,-2.4
1790099813600,53.6489115,-3.0061235,3.69,258,-10.5,-1.7
1790099813700,53.6489058,-3.0061329,3.61,258,-10.5,-2.2
1790099813800,53.6489132,-3.0061393,3.66,258,-11.3,-1.8
1790099813900,53.6489126,-3.0061383,3.72,258,-11.1,-2.1
1790099814000,53.6489089,-3.0061311,3.75,258,-11.0,-1.8
1790099814100,53.6489047,-3.0061430,3.71,258,-10.8,-2.1
1790099814200,53.6489138,-3.0061522,3.72,258,-10.1,-2.5
1790099814300,53.6489139,-3.0061449,3.78,258,-10.8,-2.1
1790099814400,53.6489057,-3.0061460,3.67,258,-9.9,-1.9
1790099814500,53.6489081,-3.0061528,3.71,258,-9.5,-2.3
1790099814600,53.6489054,-3.0061469,3.83,258,-9.8,-2.1
1790099814700,53.6489071,-3.0061666,3.70,258,-10.0,-2.5
1790099814800,53.6489086,-3.0061684,3.86,258,-9.3,-2.0
1790099814900,53.6489020,-3.0061715,3.71,258,-9.3,-2.5
1790099815000,53.6489040,-3.0061629,3.78,258,-10.4,-2.5
1790099815100,53.6489054,-3.0061651,3.80,258,-9.9,-2.5
1790099815200,53.6489049,-3.0061768,3.67,258,-10.0,-2.2
1790099815300,53.6489093,-3.0061735,3.68,258,-9.2,-2.5
1790099815400,53.6489073,-3.0061865,3.88,258,-10.2,-2.2
1790099815500,53.6489053,-3.0061884,3.70,258,-8.8,-2.2
1790099815600,53.6489096,-3.0061850,3.75,258,-8.9,-2.1
1790099815700,53.6489022,-3.0061874,3.72,258,-9.8,-1.9
1790099815800,53.6489004,-3.0061878,3.83,258,-9.7,-1.8
1790099815900,53.6488984,-3.0061963,3.75,258,-8.9,-1.8
1790099816000,53.6489008,-3.0061874,3.69,258,-9.1,-1.7
1790099816100,53.6489052,-3.0062059,3.71,258,-9.7,-1.9
1790099816200,53.6489069,-3.0061928,3.68,258,-9.3,-1.7
1790099816300,53.6488974,-3.0062110,3.83,258,-8.6,-1.6
1790099816400,53.6489021,-3.0062055,3.76,258,-8.2,-2.0
1790099816500,53.6489025,-3.0062130,3.78,258,-8.5,-1.6
1790099816600,53.6489001,-3.0062195,3.70,258,-8.4,-1.6
1790099816700,53.6488986,-3.0062145,3.83,258,-9.1,-1.4
1790099816800,53.6489026,-3.0062108,3.85,258,-7.8,-1.6
1790099816900,53.6488996,-3.0062238,3.71,258,-8.5,-1.5
1790099817000,53.6488970,-3.0062216,3.87,258,-8.1,-1.4
1790099817100,53.6489028,-3.0062341,3.72,258,-8.6,-1.2
1790099817200,53.6489009,-3.0062257,3.90,258,-8.0,-1.1
1790099817300,53.6488989,-3.0062344,3.94,258,-7.9,-1.2
1790099817400,53.6488990,-3.0062430,3.86,258,-8.5,-1.5
1790099817500,53.6488921,-3.0062465,3.83,258,-7.5,-1.0
1790099817600,53.6488917,-3.0062382,3.81,258,-7.4,-1.1
1790099817700,53.6488958,-3.0062421,3.78,258,-8.4,-1.3
1790099817800,53.6488987,-3.0062407,3.92,258,-7.8,-1.5
1790099817900,53.6488919,-3.0062485,3.96,258,-8.3,-1.4
1790099818000,53.6488904,-3.0062550,3.85,258,-8.1,-1.2
1790099818100,53.6488995,-3.0062575,3.76,258,-7.3,-1.5
1790099818200,53.6488980,-3.0062579,3.78,258,-7.9,-1.4
1790099818300,53.6488926,-3.0062653,3.82,258,-8.0,-0.7
1790099818400,53.6488966,-3.0062641,3.89,258,-7.5,-1.0
1790099818500,53.6488913,-3.0062742,3.77,258,-7.4,-1.2
1790099818600,53.6488977,-3.0062748,3.85,258,-8.3,-0.4
1790099818700,53.6488951,-3.0062837,3.98,258,-7.2,-0.8
1790099818800,53.6488901,-3.0062764,3.90,258,-6.9,-0.4
1790099818900,53.6488963,-3.0062721,3.83,258,-7.8,-0.8
1790099819000,53.6488932,-3.0062841,3.89,258,-7.4,-0.7
1790099819100,53.6488955,-3.0062903,3.80,258,-7.7,-0.6
1790099819200,53.6488918,-3.0062817,3.88,258,-7.3,-0.3
1790099819300,53.6488869,-3.0062996,3.94,258,-7.6,-0.2
1790099819400,53.6488919,-3.0062920,3.80,258,-7.3,-0.1
1790099819500,53.6488949,-3.0063025,3.92,258,-7.3,-0.5
1790099819600,53.6488896,-3.0062969,3.81,258,-8.2,-0.4
1790099819700,53.6488861,-3.0063047,3.94,258,-8.0,0.1
1790099819800,53.6488872,-3.0063026,3.91,258,-6.9,-0.3
1790099819900,53.6488844,-3.0063107,3.81,258,-7.7,-0.0
1790099820000,53.6488831,-3.0063150,3.92,258,-7.7,-0.1
1790099820100,53.6488827,-3.0063077,3.94,258,-7.5,-0.2
1790099820200,53.6488844,-3.0063270,3.95,258,-7.0,0.1
1790099820300,53.6488883,-3.0063136,3.85,258,-7.9,0.2
1790099820400,53.6488814,-3.0063302,3.90,258,-7.1,0.3
1790099820500,53.6488834,-3.0063354,3.85,258,-7.4,0.2
1790099820600,53.6488892,-3.0063351,3.88,258,-8.0,0.2
1790099820700,53.6488872,-3.0063409,3.99,258,-7.5,-0.2
1790099820800,53.6488882,-3.0063406,4.02,258,-7.1,-0.0
1790099820900,53.6488829,-3.0063339,3.92,258,-7.8,-0.0
1790099821000,53.6488864,-3.0063452,3.96,258,-7.7,0.4
1790099821100,53.6488828,-3.0063543,3.90,258,-7.8,-0.1
1790099821200,53.6488784,-3.0063568,3.99,258,-8.5,0.2
1790099821300,53.6488800,-3.0063544,3.88,258,-8.3,-0.1
1790099821400,53.6488795,-3.0063625,4.00,258,-7.2,-0.1
1790099821500,53.6488809,-3.0063520,3.89,258,-8.6,-0.2
1790099821600,53.6488870,-3.0063585,3.91,258,-8.4,-0.0
1790099821700,53.6488784,-3.0063632,4.01,258,-7.9,0.6
1790099821800,53.6488838,-3.0063631,3.92,258,-8.1,-0.1
1790099821900,53.6488801,-3.0063781,3.97,258,-8.5,0.2
1790099822000,53.6488796,-3.0063671,4.01,258,-7.4,0.4
1790099822100,53.6488800,-3.0063745,4.03,258,-8.0,0.5
1790099822200,53.6488819,-3.0063804,3.86,258,-7.6,0.0
1790099822300,53.6488820,-3.0063859,3.98,258,-8.9,-0.1
1790099822400,53.6488745,-3.0063856,4.02,258,-8.8,0.2
1790099822500,53.6488819,-3.0063928,4.05,258,-8.7,0.3
1790099822600,53.6488782,-3.0063828,4.03,258,-7.8,-0.0
1790099822700,53.6488755,-3.0064024,3.97,258,-8.3,0.4
1790099822800,53.6488769,-3.0064053,3.93,258,-8.8,0.5
1790099822900,53.6488788,-3.0064041,4.09,258,-9.2,0.5
1790099823000,53.6488730,-3.0064040,3.93,258,-8.4,-0.2
1790099823100,53.6488809,-3.0063992,4.01,258,-9.3,0.1
1790099823200,53.6488778,-3.0064152,4.10,258,-8.2,0.2
1790099823300,53.6488774,-3.0064149,3.99,258,-9.1,0.1
1790099823400,53.6488719,-3.0064124,4.03,258,-8.4,-0.1
1790099823500,53.6488695,-3.0064163,4.06,258,-8.7,0.3
1790099823600,53.6488779,-3.0064260,4.06,258,-9.3,-0.4
1790099823700,53.6488730,-3.0064243,4.09,258,-9.7,-0.4
1790099823800,53.6488768,-3.0064204,3.99,258,-9.3,0.1
1790099823900,53.6488775,-3.0064394,3.93,258,-10.2,-0.3
1790099824000,53.6488706,-3.0064326,3.93,258,-9.4,-0.1
1790099824100,53.6488693,-3.0064349,4.09,258,-9.9,-0.0
1790099824200,53.6488695,-3.0064374,4.15,258,-9.2,-0.3
1790099824300,53.6488767,-3.0064449,3.90,258,-10.4,-0.0
1790099824400,53.6488720,-3.0064393,4.04,258,-9.4,-0.5
1790099824500,53.6488667,-3.0064475,4.08,258,-9.7,-0.6
1790099824600,53.6488718,-3.0064517,3.96,258,-10.0,-0.3
1790099824700,53.6488678,-3.0064540,4.04,258,-10.3,-0.8
1790099824800,53.6488716,-3.0064524,4.03,258,-9.7,-0.8
1790099824900,53.6488665,-3.0064683,4.01,258,-9.8,-0.9
1790099825000,53.6488679,-3.0064717,4.04,258,-11.1,-0.8
1790099825100,53.6488693,-3.0064605,4.16,258,-10.9,-1.2
1790099825200,53.6488672,-3.0064800,4.05,258,-9.9,-0.7
1790099825300,53.6488709,-3.0064828,4.00,258,-10.7,-1.2
1790099825400,53.6488727,-3.0064790,4.14,258,-11.2,-1.1
1790099825500,53.6488657,-3.0064767,4.09,258,-11.1,-0.8
1790099825600,53.6488682,-3.0064767,4.09,258,-10.3,-1.5
1790099825700,53.6488616,-3.0064779,4.08,258,-11.3,-1.2
1790099825800,53.6488708,-3.0064981,3.97,258,-10.4,-1.1
1790099825900,53.6488708,-3.0065008,4.04,258,-10.9,-1.4
1790099826000,53.6488655,-3.0064939,4.04,258,-11.2,-1.6
1790099826100,53.6488638,-3.0064950,4.01,258,-11.5,-1.6
1790099826200,53.6488627,-3.0065089,3.96,258,-11.6,-1.0
1790099826300,53.6488671,-3.0065005,4.18,258,-11.5,-1.1
1790099826400,53.6488660,-3.0065019,4.02,258,-12.1,-1.6
1790099826500,53.6488663,-3.0065043,4.17,258,-10.7,-1.1
1790099826600,53.6488647,-3.0065210,4.09,258,-10.8,-1.8
1790099826700,53.6488571,-3.0065095,4.13,258,-11.9,-1.8
1790099826800,53.6488662,-3.0065150,4.04,258,-12.1,-1.9
1790099826900,53.6488638,-3.0065294,4.04,258,-11.4,-2.0
1790099827000,53.6488623,-3.0065337,4.17,258,-11.3,-1.6
1790099827100,53.6488633,-3.0065363,4.19,258,-12.2,-2.1
1790099827200,53.6488646,-3.0065408,4.13,258,-11.5,-1.5
1790099827300,53.6488651,-3.0065295,4.16,258,-11.8,-1.9
1790099827400,53.6488611,-3.0065479,4.04,258,-11.7,-1.8
1790099827500,53.6488637,-3.0065365,4.13,258,-11.7,-2.1
1790099827600,53.6488544,-3.0065392,4.08,258,-12.3,-2.4
1790099827700,53.6488589,-3.0065564,4.13,258,-12.5,-1.7
1790099827800,53.6488568,-3.0065488,4.09,258,-11.7,-2.1
1790099827900,53.6488592,-3.0065613,4.11,258,-12.3,-2.1
1790099828000,53.6488586,-3.0065566,4.08,258,-11.8,-2.2
1790099828100,53.6488593,-3.0065662,4.12,258,-12.5,-1.8
1790099828200,53.6488600,-3.0065575,4.00,258,-12.2,-2.2
1790099828300,53.6488553,-3.0065721,4.17,258,-12.4,-1.8
1790099828400,53.6488504,-3.0065667,4.01,258,-13.1,-2.1
1790099828500,53.6488504,-3.0065661,4.17,258,-12.3,-2.4
1790099828600,53.6488561,-3.0065854,4.10,258,-12.5,-2.6
1790099828700,53.6488556,-3.0065778,4.04,258,-13.0,-2.5
1790099828800,53.6488534,-3.0065781,4.21,258,-13.1,-2.5
1790099828900,53.6488502,-3.0065914,3.98,258,-12.8,-2.2
1790099829000,53.6488521,-3.0065982,4.17,258,-13.2,-2.2
1790099829100,53.6488480,-3.0065910,4.07,258,-12.1,-2.6
1790099829200,53.6488535,-3.0065981,4.01,258,-11.9,-2.6
1790099829300,53.6488521,-3.0065948,4.13,258,-12.6,-2.0
1790099829400,53.6488485,-3.0066010,4.04,258,-12.5,-2.4
1790099829500,53.6488485,-3.0066003,4.03,258,-11.8,-1.8
1790099829600,53.6488529,-3.0065998,4.11,258,-12.0,-2.0
1790099829700,53.6488484,-3.0066125,4.03,258,-11.9,-1.8
1790099829800,53.6488514,-3.0066070,4.03,258,-12.7,-2.0
1790099829900,53.6488444,-3.0066114,4.19,258,-11.9,-2.2
1790099830000,53.6488472,-3.0066194,4.13,258,-12.4,-2.0
1790099830100,53.6488480,-3.0066314,4.20,258,-13.0,-1.7
1790099830200,53.6488457,-3.0066282,4.25,258,-12.2,-2.4
1790099830300,53.6488529,-3.0066242,4.08,258,-11.7,-2.3
1790099830400,53.6488466,-3.0066337,4.19,258,-11.8,-1.7
1790099830500,53.6488526,-3.0066323,4.24,258,-11.9,-1.9
1790099830600,53.6488466,-3.0066353,4.08,258,-12.1,-2.3
1790099830700,53.6488516,-3.0066446,4.04,258,-12.7,-1.9
1790099830800,53.6488482,-3.0066504,4.05,258,-11.5,-1.6
1790099830900,53.6488506,-3.0066554,4.11,258,-11.8,-1.9
1790099831000,53.6488474,-3.0066468,4.03,258,-12.7,-2.0
1790099831100,53.6488403,-3.0066472,4.25,258,-11.8,-1.7
1790099831200,53.6488444,-3.0066658,4.20,258,-12.8,-2.1
1790099831300,53.6488481,-3.0066595,4.19,258,-12.1,-1.6
1790099831400,53.6488460,-3.0066584,4.09,258,-12.6,-1.3
1790099831500,53.6488445,-3.0066637,4.08,258,-12.2,-1.2
1790099831600,53.6488407,-3.0066789,4.21,258,-12.5,-1.9
1790099831700,53.6488427,-3.0066662,4.12,258,-12.3,-1.5
1790099831800,53.6488398,-3.0066745,4.11,258,-12.5,-1.6
1790099831900,53.6488429,-3.0066720,4.13,258,-11.4,-1.1
1790099832000,53.6488466,-3.0066780,4.22,258,-12.1,-1.5
1790099832100,53.6488389,-3.0066907,4.10,258,-11.8,-1.1
1790099832200,53.6488431,-3.0066855,4.15,258,-11.0,-1.6
1790099832300,53.6488429,-3.0066845,4.14,258,-10.9,-1.4
1790099832400,53.6488388,-3.0066991,4.04,258,-12.0,-0.9
1790099832500,53.6488393,-3.0067070,4.18,258,-11.9,-1.2
1790099832600,53.6488405,-3.0066973,4.11,258,-11.5,-1.0
1790099832700,53.6488399,-3.0066976,4.12,258,-11.7,-1.2
1790099832800,53.6488375,-3.0067119,4.14,258,-11.9,-0.7
1790099832900,53.6488393,-3.0067050,4.23,258,-11.4,-1.2
1790099833000,53.6488397,-3.0067174,4.06,258,-10.9,-1.0
1790099833100,53.6488390,-3.0067169,4.05,258,-10.2,-0.6
1790099833200,53.6488349,-3.0067269,4.14,258,-10.4,-0.6
1790099833300,53.6488309,-3.0067325,4.10,258,-10.7,-0.7
1790099833400,53.6488326,-3.0067228,4.17,258,-11.4,-0.7
1790099833500,53.6488387,-3.0067267,4.08,258,-10.7,-0.3
1790099833600,53.6488359,-3.0067391,4.06,258,-10.2,-0.7
1790099833700,53.6488382,-3.0067366,4.05,258,-10.7,-0.9
1790099833800,53.6488326,-3.0067402,4.18,258,-10.8,-0.1
1790099833900,53.6488293,-3.0067348,4.07,258,-11.0,-0.2
1790099834000,53.6488345,-3.0067471,4.17,258,-10.7,-0.1
1790099834100,53.6488354,-3.0067460,4.15,258,-10.7,-0.6
1790099834200,53.6488346,-3.0067542,4.24,258,-10.3,-0.3
1790099834300,53.6488362,-3.0067585,4.19,258,-9.4,-0.2
1790099834400,53.6488295,-3.0067518,4.14,258,-10.1,-0.3
1790099834500,53.6488333,-3.0067642,4.11,258,-10.5,-0.1
1790099834600,53.6488301,-3.0067740,4.11,258,-9.9,-0.3
1790099834700,53.6488259,-3.0067658,4.21,258,-10.1,-0.4
1790099834800,53.6488319,-3.0067649,4.05,258,-10.2,0.3
1790099834900,53.6488305,-3.0067822,4.07,258,-9.8,-0.4
1790099835000,53.6488268,-3.0067760,4.01,258,-10.1,-0.2
1790099835100,53.6488288,-3.0067857,4.11,258,-8.7,-0.1
1790099835200,53.6488317,-3.0067801,4.06,258,-9.5,0.4
1790099835300,53.6488293,-3.0067911,4.04,258,-9.5,0.3
1790099835400,53.6488261,-3.0067831,4.13,258,-9.5,0.1
1790099835500,53.6488295,-3.0067930,4.17,258,-9.2,0.2
1790099835600,53.6488311,-3.0068055,4.13,258,-9.1,0.2
1790099835700,53.6488253,-3.0068003,4.18,258,-8.8,0.3
1790099835800,53.6488245,-3.0068088,4.16,258,-8.7,0.2
1790099835900,53.6488272,-3.0068083,4.02,258,-8.6,0.4
1790099836000,53.6488232,-3.0068121,4.07,258,-8.1,-0.0
1790099836100,53.6488207,-3.0068118,3.99,258,-8.5,0.1
1790099836200,53.6488206,-3.0068223,4.04,258,-9.0,0.3
1790099836300,53.6488206,-3.0068226,4.03,258,-8.3,0.3
1790099836400,53.6488250,-3.0068299,4.06,258,-8.4,0.3
1790099836500,53.6488239,-3.0068329,4.19,258,-8.1,-0.1
1790099836600,53.6488210,-3.0068252,4.10,258,-8.3,-0.1
1790099836700,53.6488220,-3.0068242,4.01,258,-8.6,-0.2
1790099836800,53.6488237,-3.0068427,4.08,258,-8.8,-0.1
1790099836900,53.6488267,-3.0068411,4.14,258,-8.2,-0.1
1790099837000,53.6488243,-3.0068354,4.10,258,-8.0,-0.1
1790099837100,53.6488241,-3.0068460,4.11,258,-8.6,0.4
1790099837200,53.6488253,-3.0068423,4.20,258,-7.3,-0.2
1790099837300,53.6488154,-3.0068573,3.99,258,-8.0,0.3
1790099837400,53.6488163,-3.0068599,4.03,258,-8.1,-0.3
1790099837500,53.6488201,-3.0068490,4.16,258,-7.6,-0.1
1790099837600,53.6488146,-3.0068682,3.96,258,-7.5,-0.3
1790099837700,53.6488162,-3.0068593,4.01,258,-7.6,0.3
1790099837800,53.6488201,-3.0068609,4.12,258,-8.1,0.3
1790099837900,53.6488209,-3.0068666,4.00,258,-8.2,0.2
1790099838000,53.6488191,-3.0068766,4.11,258,-8.2,-0.2
1790099838100,53.6488152,-3.0068662,4.15,258,-7.3,-0.2
1790099838200,53.6488149,-3.0068835,4.05,258,-7.1,0.2
1790099838300,53.6488198,-3.0068747,4.04,258,-7.3,-0.2
1790099838400,53.6488109,-3.0068797,4.01,258,-8.3,-0.0
1790099838500,53.6488116,-3.0068884,4.05,258,-8.2,-0.0
1790099838600,53.6488118,-3.0068931,4.12,258,-6.9,-0.3
1790099838700,53.6488168,-3.0068976,4.10,258,-7.0,-0.7
1790099838800,53.6488124,-3.0069029,4.13,258,-6.8,-0.3
1790099838900,53.6488099,-3.0068999,4.04,258,-8.1,-0.5
1790099839000,53.6488143,-3.0068986,3.98,258,-7.4,-0.5
1790099839100,53.6488137,-3.0068980,3.99,258,-7.7,-0.3
1790099839200,53.6488126,-3.0069123,4.07,258,-7.8,-0.9
1790099839300,53.6488084,-3.0069184,3.99,258,-6.9,-0.6
1790099839400,53.6488154,-3.0069122,4.08,258,-6.9,-0.5
1790099839500,53.6488083,-3.0069170,4.16,258,-7.4,-1.1
1790099839600,53.6488143,-3.0069175,4.12,258,-7.7,-0.5
1790099839700,53.6488062,-3.0069256,4.11,258,-7.9,-1.1
1790099839800,53.6488115,-3.0069339,3.94,258,-8.3,-1.1
1790099839900,53.6488087,-3.0069340,3.99,258,-7.5,-0.7
1790099840000,53.6488152,-3.0069382,4.16,258,-7.0,-1.0
1790099840100,53.6488120,-3.0069439,4.12,258,-7.5,-1.1
1790099840200,53.6488114,-3.0069448,4.00,258,-7.1,-1.2
1790099840300,53.6488096,-3.0069404,4.07,258,-7.9,-1.1
1790099840400,53.6488031,-3.0069473,3.91,258,-8.3,-1.6
1790099840500,53.6488132,-3.0069479,4.01,258,-7.2,-1.4
1790099840600,53.6488107,-3.0069564,4.09,258,-7.5,-1.7
1790099840700,53.6488085,-3.0069503,3.91,258,-8.5,-1.5
1790099840800,53.6488062,-3.0069611,3.97,258,-8.4,-1.2
1790099840900,53.6488102,-3.0069692,3.91,258,-7.8,-1.5
1790099841000,53.6488010,-3.0069552,3.93,258,-7.5,-1.5
1790099841100,53.6488028,-3.0069725,4.05,258,-7.4,-1.5
1790099841200,53.6488094,-3.0069729,3.89,258,-8.5,-1.3
1790099841300,53.6487996,-3.0069777,4.02,258,-7.4,-1.9
1790099841400,53.6488024,-3.0069673,4.09,258,-7.9,-1.8
1790099841500,53.6488086,-3.0069820,4.03,258,-8.4,-1.8
1790099841600,53.6488021,-3.0069837,4.08,258,-8.8,-2.2
1790099841700,53.6488061,-3.0069868,3.92,258,-8.8,-2.2
1790099841800,53.6488072,-3.0069915,3.93,258,-8.5,-1.7
1790099841900,53.6488066,-3.0069972,4.10,258,-8.0,-2.2
1790099842000,53.6488014,-3.0070030,4.06,258,-8.6,-2.3
1790099842100,53.6488020,-3.0069909,3.92,258,-8.7,-1.9
1790099842200,53.6488048,-3.0069951,4.02,258,-8.3,-1.9
1790099842300,53.6488002,-3.0070097,4.09,258,-8.4,-1.9
1790099842400,53.6488039,-3.0070063,3.90,258,-8.6,-1.8
1790099842500,53.6487991,-3.0070164,3.97,258,-8.9,-2.3
1790099842600,53.6487954,-3.0070056,3.94,258,-8.2,-1.9
1790099842700,53.6487987,-3.0070171,4.05,258,-9.7,-1.9
1790099842800,53.6488008,-3.0070110,4.09,258,-9.2,-2.4
1790099842900,53.6488038,-3.0070240,4.04,258,-9.4,-1.9
1790099843000,53.6487968,-3.0070304,3.85,258,-9.3,-2.4
1790099843100,53.6488030,-3.0070338,3.91,258,-9.1,-2.2
1790099843200,53.6487981,-3.0070350,4.07,258,-8.9,-1.8
1790099843300,53.6487978,-3.0070345,3.85,258,-9.0,-2.3
1790099843400,53.6487978,-3.0070303,3.85,258,-9.9,-2.1
1790099843500,53.6488003,-3.0070472,3.94,258,-10.0,-2.1
1790099843600,53.6487925,-3.0070372,4.02,258,-9.1,-2.3
1790099843700,53.6488011,-3.0070437,3.90,258,-9.1,-2.6
1790099843800,53.6487942,-3.0070491,4.05,258,-10.0,-2.4
1790099843900,53.6487964,-3.0070490,3.89,258,-9.6,-2.0
1790099844000,53.6487971,-3.0070608,3.99,258,-9.6,-2.3
1790099844100,53.6487955,-3.0070613,4.00,258,-9.6,-1.8
1790099844200,53.6487978,-3.0070552,3.89,258,-9.5,-2.3
1790099844300,53.6487916,-3.0070611,3.89,258,-10.2,-2.1
1790099844400,53.6487943,-3.0070700,4.00,258,-9.6,-2.0
1790099844500,53.6487878,-3.0070612,3.82,258,-10.3,-2.5
1790099844600,53.6487959,-3.0070677,3.85,258,-10.9,-2.0
1790099844700,53.6487969,-3.0070710,3.97,258,-10.2,-2.3
1790099844800,53.6487864,-3.0070735,4.01,258,-11.0,-2.2
1790099844900,53.6487941,-3.0070878,3.94,258,-11.3,-1.8
1790099845000,53.6487907,-3.0070817,3.88,258,-10.5,-1.7
1790099845100,53.6487909,-3.0070803,3.97,258,-11.2,-2.2
1790099845200,53.6487914,-3.0070950,4.00,258,-11.3,-2.1
1790099845300,53.6487862,-3.0070854,3.86,258,-11.7,-1.8
1790099845400,53.6487866,-3.0071052,3.94,258,-10.8,-1.5
1790099845500,53.6487876,-3.0070984,3.88,258,-11.3,-1.8
1790099845600,53.6487842,-3.0071009,3.82,258,-11.3,-1.7
1790099845700,53.6487847,-3.0071110,3.94,258,-11.6,-2.1
1790099845800,53.6487865,-3.0071150,3.96,258,-11.0,-1.6
1790099845900,53.6487903,-3.0071165,3.90,258,-11.7,-1.2
1790099846000,53.6487876,-3.0071126,3.88,258,-10.9,-1.4
1790099846100,53.6487908,-3.0071108,3.93,258,-11.8,-1.3
1790099846200,53.6487891,-3.0071152,3.94,258,-11.0,-1.8
1790099846300,53.6487835,-3.0071269,3.75,258,-11.5,-1.3
1790099846400,53.6487901,-3.0071298,3.92,258,-11.0,-1.4
1790099846500,53.6487854,-3.0071372,3.89,258,-11.5,-1.5
1790099846600,53.6487885,-3.0071248,3.83,258,-11.1,-1.3
1790099846700,53.6487812,-3.0071322,3.82,258,-12.6,-0.9
1790099846800,53.6487843,-3.0071301,3.83,258,-12.3,-1.0
1790099846900,53.6487884,-3.0071458,3.71,258,-12.7,-0.7
1790099847000,53.6487850,-3.0071440,3.80,258,-11.5,-0.8
1790099847100,53.6487835,-3.0071418,3.91,258,-12.7,-0.9
1790099847200,53.6487839,-3.0071507,3.72,258,-12.0,-0.6
1790099847300,53.6487795,-3.0071563,3.86,258,-11.5,-1.0
1790099847400,53.6487826,-3.0071509,3.77,258,-12.0,-1.1
1790099847500,53.6487813,-3.0071671,3.72,258,-11.7,-1.2
1790099847600,53.6487830,-3.0071592,3.88,258,-12.3,-0.9
1790099847700,53.6487857,-3.0071614,3.82,258,-12.2,-1.1
1790099847800,53.6487779,-3.0071626,3.91,258,-13.0,-0.5
1790099847900,53.6487769,-3.0071778,3.92,258,-13.0,-0.3
1790099848000,53.6487775,-3.0071689,3.79,258,-12.7,-0.4
1790099848100,53.6487843,-3.0071778,3.91,258,-12.4,-0.3
1790099848200,53.6487803,-3.0071868,3.73,258,-12.6,-0.5
1790099848300,53.6487828,-3.0071762,3.89,258,-12.4,-0.5
1790099848400,53.6487745,-3.0071835,3.77,258,-12.2,-0.0
1790099848500,53.6487757,-3.0071801,3.81,258,-12.2,-0.4
1790099848600,53.6487795,-3.0071868,3.89,258,-12.7,-0.4
1790099848700,53.6487791,-3.0071986,3.79,258,-13.2,-0.1
1790099848800,53.6487752,-3.0071903,3.73,258,-12.7,-0.4
1790099848900,53.6487718,-3.0071928,3.71,258,-13.2,-0.0
1790099849000,53.6487802,-3.0072031,3.76,258,-12.6,0.0
1790099849100,53.6487778,-3.0072006,3.86,258,-13.2,-0.1
1790099849200,53.6487710,-3.0072145,3.70,258,-12.4,0.1
1790099849300,53.6487716,-3.0072136,3.78,258,-13.1,0.3
1790099849400,53.6487752,-3.0072140,3.89,258,-12.1,0.1
1790099849500,53.6487788,-3.0072193,3.66,258,-12.5,0.0
1790099849600,53.6487709,-3.0072234,3.64,258,-12.1,0.3
1790099849700,53.6487711,-3.0072246,3.82,258,-13.1,-0.1
1790099849800,53.6487694,-3.0072212,3.86,258,-12.1,-0.1
1790099849900,53.6487741,-3.0072349,3.75,258,-12.8,-0.3
1790099850000,53.6487741,-3.0072357,3.85,258,-12.3,0.5
1790099850100,53.6487690,-3.0072306,3.72,258,-12.7,0.1
1790099850200,53.6487672,-3.0072428,3.71,258,-12.8,0.3
1790099850300,53.6487698,-3.0072345,3.67,258,-12.3,0.5
1790099850400,53.6487714,-3.0072412,3.63,258,-11.6,0.0
1790099850500,53.6487744,-3.0072450,3.78,258,-12.0,-0.2
1790099850600,53.6487673,-3.0072567,3.66,258,-12.2,0.2
1790099850700,53.6487745,-3.0072574,3.64,258,-12.2,0.2
1790099850800,53.6487652,-3.0072577,3.73,258,-12.7,-0.1
1790099850900,53.6487678,-3.0072483,3.62,258,-11.9,-0.2
1790099851000,53.6487693,-3.0072671,3.76,258,-11.7,0.2
1790099851100,53.6487685,-3.0072694,3.78,258,-11.7,0.0
1790099851200,53.6487649,-3.0072630,3.68,258,-11.6,-0.2
1790099851300,53.6487673,-3.0072699,3.74,258,-12.3,0.5
1790099851400,53.6487623,-3.0072793,3.66,258,-12.5,0.4
1790099851500,53.6487671,-3.0072685,3.60,258,-12.2,-0.1
1790099851600,53.6487659,-3.0072815,3.73,258,-11.2,0.3
1790099851700,53.6487669,-3.0072870,3.79,258,-12.3,0.4
1790099851800,53.6487625,-3.0072908,3.60,258,-11.4,0.1
1790099851900,53.6487669,-3.0072842,3.79,258,-11.8,0.1
1790099852000,53.6487660,-3.0072852,3.77,258,-11.0,-0.2
1790099852100,53.6487596,-3.0072960,3.61,258,-11.1,-0.2
1790099852200,53.6487601,-3.0072867,3.72,258,-11.5,0.1
1790099852300,53.6487635,-3.0072885,3.57,258,-11.8,-0.1
1790099852400,53.6487624,-3.0072991,3.58,258,-10.6,0.2
1790099852500,53.6487667,-3.0073088,3.64,258,-10.4,-0.4
1790099852600,53.6487660,-3.0073129,3.73,258,-11.1,-0.0
1790099852700,53.6487660,-3.0073036,3.59,258,-10.2,-0.4
1790099852800,53.6487583,-3.0073046,3.76,258,-11.5,-0.3
1790099852900,53.6487625,-3.0073056,3.79,258,-10.4,-0.3
1790099853000,53.6487572,-3.0073200,3.68,258,-10.7,-0.3
1790099853100,53.6487629,-3.0073237,3.74,258,-10.3,-0.5
1790099853200,53.6487606,-3.0073247,3.63,258,-10.0,-0.8
1790099853300,53.6487661,-3.0073267,3.70,258,-10.7,-0.1
1790099853400,53.6487644,-3.0073307,3.69,258,-10.4,-0.4
1790099853500,53.6487622,-3.0073214,3.77,258,-10.3,-0.7
1790099853600,53.6487618,-3.0073403,3.62,258,-9.4,-0.2
1790099853700,53.6487577,-3.0073304,3.61,258,-10.8,-0.3
1790099853800,53.6487618,-3.0073463,3.72,258,-10.2,-0.4
1790099853900,53.6487589,-3.0073424,3.60,258,-10.7,-1.1
1790099854000,53.6487553,-3.0073380,3.66,258,-10.1,-0.7
1790099854100,53.6487595,-3.0073410,3.62,258,-9.4,-0.5
1790099854200,53.6487579,-3.0073580,3.76,258,-9.1,-1.1
1790099854300,53.6487623,-3.0073576,3.60,258,-9.0,-1.0
1790099854400,53.6487529,-3.0073508,3.56,258,-10.0,-1.2
1790099854500,53.6487542,-3.0073652,3.57,258,-9.0,-1.1
1790099854600,53.6487583,-3.0073635,3.65,258,-10.0,-1.3
1790099854700,53.6487573,-3.0073614,3.72,258,-9.6,-1.5
1790099854800,53.6487597,-3.0073584,3.69,258,-9.5,-1.2
1790099854900,53.6487573,-3.0073765,3.59,258,-9.6,-1.4
1790099855000,53.6487593,-3.0073674,3.67,258,-9.0,-1.6
1790099855100,53.6487528,-3.0073699,3.60,258,-8.7,-1.5
1790099855200,53.6487540,-3.0073737,3.55,258,-9.3,-1.7
1790099855300,53.6487567,-3.0073868,3.56,258,-9.4,-1.3
1790099855400,53.6487517,-3.0073792,3.65,258,-9.4,-1.4
1790099855500,53.6487516,-3.0073896,3.60,258,-8.7,-1.4
1790099855600,53.6487484,-3.0073911,3.73,258,-9.3,-1.8
1790099855700,53.6487517,-3.0073845,3.63,258,-8.6,-1.3
1790099855800,53.6487482,-3.0073890,3.65,258,-8.7,-2.1
1790099855900,53.6487489,-3.0073913,3.48,258,-8.7,-1.7
1790099856000,53.6487556,-3.0073982,3.67,258,-7.6,-1.7
1790099856100,53.6487484,-3.0074070,3.52,258,-8.3,-1.9
1790099856200,53.6487496,-3.0074094,3.71,258,-8.8,-1.6
1790099856300,53.6487492,-3.0074072,3.53,258,-7.8,-1.9
1790099856400,53.6487449,-3.0074179,3.73,258,-8.1,-2.2
1790099856500,53.6487517,-3.0074116,3.55,258,-7.6,-2.0
1790099856600,53.6487493,-3.0074140,3.61,258,-7.8,-2.0
1790099856700,53.6487469,-3.0074145,3.64,258,-8.5,-1.9
1790099856800,53.6487462,-3.0074151,3.69,258,-7.7,-2.1
1790099856900,53.6487486,-3.0074326,3.64,258,-8.5,-1.8
1790099857000,53.6487447,-3.0074301,3.58,258,-8.1,-1.7
1790099857100,53.6487467,-3.0074299,3.57,258,-8.1,-2.0
1790099857200,53.6487523,-3.0074302,3.62,258,-7.9,-1.9
1790099857300,53.6487467,-3.0074409,3.64,258,-8.5,-1.9
1790099857400,53.6487475,-3.0074467,3.60,258,-7.3,-2.5
1790099857500,53.6487509,-3.0074346,3.66,258,-7.3,-2.3
1790099857600,53.6487470,-3.0074379,3.58,258,-8.0,-2.0
1790099857700,53.6487438,-3.0074535,3.59,258,-8.0,-1.9
1790099857800,53.6487406,-3.0074401,3.71,258,-7.3,-2.2
1790099857900,53.6487437,-3.0074426,3.56,258,-7.3,-2.0
1790099858000,53.6487442,-3.0074543,3.53,258,-8.3,-1.9
1790099858100,53.6487411,-3.0074548,3.69,258,-7.2,-2.3
1790099858200,53.6487416,-3.0074524,3.53,258,-7.8,-2.3
1790099858300,53.6487424,-3.0074589,3.55,258,-7.1,-2.4
1790099858400,53.6487463,-3.0074612,3.48,258,-7.7,-2.1
1790099858500,53.6487471,-3.0074639,3.65,258,-7.8,-2.3
1790099858600,53.6487429,-3.0074681,2.01,342,3.2,-2.3
1790099858700,53.6487412,-3.0074613,1.94,342,2.9,-2.1
1790099858800,53.6487485,-3.0074698,1.96,342,2.6,-2.4
1790099858900,53.6487431,-3.0074677,2.07,342,3.3,-2.1
1790099859000,53.6487452,-3.0074750,2.09,342,2.8,-1.7
1790099859100,53.6487457,-3.0074702,2.08,342,3.6,-1.9
1790099859200,53.6487509,-3.0074766,2.06,342,4.0,-2.1
1790099859300,53.6487487,-3.0074709,2.08,342,3.6,-1.8
1790099859400,53.6487555,-3.0074799,2.09,342,4.0,-2.3
1790099859500,53.6487486,-3.0074697,2.10,342,3.6,-1.9
1790099859600,53.6487522,-3.0074778,2.21,342,4.3,-2.0
1790099859700,53.6487540,-3.0074712,2.17,342,3.3,-2.3
1790099859800,53.6487588,-3.0074773,2.15,342,4.5,-2.2
1790099859900,53.6487589,-3.0074819,2.24,342,3.6,-1.7
1790099860000,53.6487612,-3.0074812,2.22,342,4.6,-2.1
1790099860100,53.6487548,-3.0074770,2.30,342,3.8,-2.0
1790099860200,53.6487568,-3.0074736,2.25,342,4.3,-1.9
1790099860300,53.6487551,-3.0074731,2.37,342,3.7,-1.6
1790099860400,53.6487586,-3.0074859,2.39,342,5.0,-1.5
1790099860500,53.6487572,-3.0074797,2.29,342,4.1,-1.5
1790099860600,53.6487594,-3.0074782,2.28,342,5.0,-1.7
1790099860700,53.6487687,-3.0074836,2.45,342,4.2,-1.5
1790099860800,53.6487671,-3.0074780,2.45,342,5.3,-1.0
1790099860900,53.6487695,-3.0074847,2.38,342,4.7,-1.5
1790099861000,53.6487663,-3.0074836,2.45,342,4.6,-1.2
1790099861100,53.6487652,-3.0074896,2.49,342,5.1,-1.0
1790099861200,53.6487716,-3.0074744,2.57,342,4.6,-0.9
1790099861300,53.6487752,-3.0074800,2.46,342,5.1,-1.2
1790099861400,53.6487725,-3.0074823,2.54,342,4.9,-0.7
1790099861500,53.6487767,-3.0074821,2.64,342,4.5,-1.2
1790099861600,53.6487736,-3.0074839,2.52,342,5.8,-1.1
1790099861700,53.6487779,-3.0074770,2.61,342,4.8,-0.8
1790099861800,53.6487740,-3.0074937,2.68,342,6.0,-1.1
1790099861900,53.6487751,-3.0074834,2.69,342,5.6,-1.1
1790099862000,53.6487733,-3.0074853,2.55,342,6.0,-0.7
1790099862100,53.6487797,-3.0074905,2.73,342,4.9,-0.5
1790099862200,53.6487841,-3.0074803,2.76,342,5.5,-1.0
1790099862300,53.6487785,-3.0074882,2.78,342,6.0,-0.6
1790099862400,53.6487831,-3.0074973,2.83,342,5.5,-0.8
1790099862500,53.6487808,-3.0074879,2.86,342,5.5,-0.5
1790099862600,53.6487803,-3.0074850,2.81,342,5.1,-0.2
1790099862700,53.6487822,-3.0074995,2.82,342,6.4,-0.8
1790099862800,53.6487897,-3.0074922,2.83,342,5.2,-0.6
1790099862900,53.6487940,-3.0074982,2.90,342,5.4,0.0
1790099863000,53.6487892,-3.0075030,2.89,342,6.6,0.0
1790099863100,53.6487868,-3.0074863,2.85,342,6.2,-0.0
1790099863200,53.6487884,-3.0074875,2.98,342,6.4,-0.5
1790099863300,53.6487954,-3.0075033,3.01,342,5.4,-0.1
1790099863400,53.6487933,-3.0074903,3.02,342,6.3,0.2
1790099863500,53.6487962,-3.0074956,3.05,342,5.8,-0.4
1790099863600,53.6487966,-3.0075070,3.05,342,6.4,0.3
1790099863700,53.6488037,-3.0075030,2.97,342,6.5,0.0
1790099863800,53.6488064,-3.0074940,3.00,342,5.9,0.2
1790099863900,53.6488012,-3.0075058,3.13,342,5.6,-0.3
1790099864000,53.6488036,-3.0075002,3.05,342,5.9,-0.0
1790099864100,53.6488072,-3.0074987,3.16,342,7.0,0.3
1790099864200,53.6488103,-3.0075101,3.04,342,6.4,0.2
1790099864300,53.6488075,-3.0075090,3.19,342,6.6,0.1
1790099864400,53.6488070,-3.0075013,3.11,342,6.6,0.4
1790099864500,53.6488108,-3.0074971,3.13,342,6.7,-0.1
1790099864600,53.6488172,-3.0075058,3.28,342,6.2,-0.1
1790099864700,53.6488103,-3.0075126,3.22,342,6.9,0.1
1790099864800,53.6488167,-3.0074996,3.21,342,7.5,0.3
1790099864900,53.6488139,-3.0074996,3.26,342,6.8,-0.1
1790099865000,53.6488187,-3.0075139,3.31,342,6.8,0.3
1790099865100,53.6488140,-3.0075014,3.34,342,6.6,0.2
1790099865200,53.6488221,-3.0075080,3.32,342,6.6,0.4
1790099865300,53.6488210,-3.0075178,3.38,342,7.7,0.4
1790099865400,53.6488246,-3.0075080,3.35,342,7.5,-0.0
1790099865500,53.6488275,-3.0075176,3.37,342,6.7,0.3
1790099865600,53.6488311,-3.0075211,3.46,342,6.9,0.3
1790099865700,53.6488257,-3.0075121,3.35,342,7.8,0.0
1790099865800,53.6488254,-3.0075152,3.39,342,7.1,-0.1
1790099865900,53.6488355,-3.0075249,3.40,342,7.0,0.4
1790099866000,53.6488313,-3.0075135,3.55,342,6.8,0.5
1790099866100,53.6488319,-3.0075207,3.61,342,7.1,-0.0
1790099866200,53.6488388,-3.0075155,3.50,342,7.4,-0.1
1790099866300,53.6488378,-3.0075137,3.56,342,8.0,-0.2
1790099866400,53.6488369,-3.0075246,3.52,342,7.2,0.2
1790099866500,53.6488409,-3.0075294,3.55,342,7.7,0.2
1790099866600,53.6488418,-3.0075300,3.64,342,8.0,0.0
1790099866700,53.6488473,-3.0075250,3.55,342,7.9,0.3
1790099866800,53.6488462,-3.0075236,3.65,342,8.3,0.1
1790099866900,53.6488476,-3.0075183,3.72,342,7.8,-0.4
1790099867000,53.6488472,-3.0075299,3.63,342,7.5,-0.0
1790099867100,53.6488448,-3.0075317,3.74,342,7.2,-0.5
1790099867200,53.6488464,-3.0075314,3.60,342,7.5,-0.4
1790099867300,53.6488480,-3.0075194,3.73,342,7.5,-0.1
1790099867400,53.6488562,-3.0075303,3.74,342,7.5,-0.7
1790099867500,53.6488610,-3.0075297,3.76,342,8.0,-0.6
1790099867600,53.6488629,-3.0075322,3.75,342,7.7,-0.5
1790099867700,53.6488567,-3.0075319,3.61,342,7.4,-0.5
1790099867800,53.6488614,-3.0075252,3.60,342,7.2,-0.8
1790099867900,53.6488664,-3.0075283,3.70,342,7.4,-0.3
1790099868000,53.6488624,-3.0075367,3.62,342,7.1,-0.3
1790099868100,53.6488643,-3.0075295,3.60,342,7.9,-0.5
1790099868200,53.6488695,-3.0075437,3.67,342,8.2,-0.7
1790099868300,53.6488661,-3.0075383,3.74,342,7.4,-0.8
1790099868400,53.6488749,-3.0075464,3.67,342,7.9,-1.1
1790099868500,53.6488740,-3.0075461,3.66,342,7.3,-0.5
1790099868600,53.6488780,-3.0075449,3.60,342,7.8,-1.0
1790099868700,53.6488734,-3.0075468,3.70,342,7.1,-1.3
1790099868800,53.6488770,-3.0075490,3.63,342,7.9,-0.9
1790099868900,53.6488812,-3.0075517,3.63,342,7.8,-1.4
1790099869000,53.6488825,-3.0075482,3.77,342,7.4,-1.4
1790099869100,53.6488771,-3.0075527,3.60,342,8.3,-1.5
1790099869200,53.6488872,-3.0075432,3.71,342,7.7,-0.9
1790099869300,53.6488887,-3.0075381,3.69,342,7.7,-1.0
1790099869400,53.6488858,-3.0075530,3.76,342,6.9,-1.0
1790099869500,53.6488842,-3.0075550,3.66,342,7.8,-1.6
1790099869600,53.6488891,-3.0075553,3.62,342,8.1,-1.5
1790099869700,53.6488916,-3.0075414,3.71,342,7.5,-1.5
1790099869800,53.6488969,-3.0075505,3.76,342,8.3,-1.7
1790099869900,53.6488909,-3.0075492,3.67,342,8.4,-1.2
1790099870000,53.6488985,-3.0075596,3.77,342,7.4,-1.4
1790099870100,53.6488953,-3.0075602,3.64,342,8.5,-1.8
1790099870200,53.6489015,-3.0075515,3.68,342,8.5,-1.8
1790099870300,53.6488972,-3.0075569,3.71,342,7.4,-1.3
1790099870400,53.6489055,-3.0075600,3.81,342,8.3,-2.0
1790099870500,53.6489103,-3.0075530,3.83,342,7.9,-1.7
1790099870600,53.6489096,-3.0075576,3.71,342,8.4,-1.6
1790099870700,53.6489044,-3.0075519,3.71,342,8.9,-1.6
1790099870800,53.6489080,-3.0075685,3.86,342,8.9,-2.2
1790099870900,53.6489072,-3.0075615,3.68,342,8.3,-2.2
1790099871000,53.6489086,-3.0075686,3.86,342,8.0,-2.3
1790099871100,53.6489104,-3.0075588,3.81,342,8.5,-1.9
1790099871200,53.6489142,-3.0075701,3.75,342,9.1,-1.8
1790099871300,53.6489218,-3.0075722,3.66,342,8.9,-2.1
1790099871400,53.6489148,-3.0075729,3.66,342,9.1,-1.7
1790099871500,53.6489198,-3.0075612,3.76,342,8.5,-2.1
1790099871600,53.6489265,-3.0075668,3.79,342,8.8,-2.0
1790099871700,53.6489267,-3.0075591,3.76,342,8.1,-2.3
1790099871800,53.6489234,-3.0075687,3.75,342,8.9,-2.0
1790099871900,53.6489295,-3.0075653,3.67,342,9.4,-1.8
1790099872000,53.6489279,-3.0075633,3.67,342,8.8,-2.4
1790099872100,53.6489276,-3.0075625,3.84,342,8.7,-2.1
1790099872200,53.6489304,-3.0075707,3.85,342,9.7,-1.9
1790099872300,53.6489363,-3.0075697,3.69,342,9.1,-2.2
1790099872400,53.6489374,-3.0075675,3.79,342,8.8,-2.1
1790099872500,53.6489355,-3.0075708,3.82,342,9.7,-2.0
1790099872600,53.6489380,-3.0075743,3.73,342,9.3,-2.4
1790099872700,53.6489395,-3.0075755,3.68,342,9.9,-2.4
1790099872800,53.6489391,-3.0075731,3.81,342,9.2,-2.6
1790099872900,53.6489442,-3.0075808,3.86,342,9.9,-1.8
1790099873000,53.6489515,-3.0075873,3.75,342,10.0,-1.9
1790099873100,53.6489436,-3.0075881,3.68,342,9.6,-1.9
1790099873200,53.6489448,-3.0075734,3.76,342,10.4,-2.1
1790099873300,53.6489558,-3.0075783,3.80,342,10.6,-2.4
1790099873400,53.6489580,-3.0075885,3.93,342,10.3,-2.4
1790099873500,53.6489515,-3.0075902,3.74,342,9.9,-2.3
1790099873600,53.6489577,-3.0075846,3.76,342,9.9,-1.8
1790099873700,53.6489571,-3.0075796,3.80,342,10.9,-1.6
1790099873800,53.6489623,-3.0075924,3.86,342,10.3,-1.9
1790099873900,53.6489608,-3.0075925,3.80,342,10.5,-1.9
1790099874000,53.6489604,-3.0075844,3.87,342,10.7,-1.6
1790099874100,53.6489658,-3.0075863,3.84,342,10.7,-1.9
1790099874200,53.6489641,-3.0075876,3.85,342,10.8,-2.2
1790099874300,53.6489642,-3.0075871,3.93,342,10.5,-2.0
1790099874400,53.6489676,-3.0075855,3.88,342,10.8,-1.6
1790099874500,53.6489671,-3.0075957,3.93,342,11.7,-2.1
1790099874600,53.6489681,-3.0075880,3.81,342,11.7,-1.8
1790099874700,53.6489782,-3.0075920,3.84,342,11.5,-2.0
1790099874800,53.6489813,-3.0076044,3.84,342,10.8,-2.0
1790099874900,53.6489806,-3.0075906,3.82,342,11.1,-1.2
1790099875000,53.6489830,-3.0076061,3.89,342,11.5,-1.7
1790099875100,53.6489792,-3.0076056,3.85,342,11.3,-1.6
1790099875200,53.6489885,-3.0076055,3.78,342,11.8,-1.2
1790099875300,53.6489901,-3.0075983,3.75,342,10.9,-1.7
1790099875400,53.6489832,-3.0076097,3.84,342,12.1,-1.5
1790099875500,53.6489852,-3.0076037,3.75,342,12.1,-1.6
1790099875600,53.6489886,-3.0076043,3.78,342,12.4,-1.0
1790099875700,53.6489915,-3.0075978,4.01,342,12.0,-1.5
1790099875800,53.6489896,-3.0076124,4.01,342,12.0,-1.5
1790099875900,53.6489993,-3.0076109,3.91,342,12.2,-1.0
1790099876000,53.6490013,-3.0076006,3.92,342,12.3,-1.0
1790099876100,53.6490020,-3.0076032,3.99,342,12.6,-0.7
1790099876200,53.6490026,-3.0076092,3.92,342,11.8,-1.3
1790099876300,53.6489998,-3.0076137,3.93,342,12.3,-1.0
1790099876400,53.6490064,-3.0076021,3.97,342,12.3,-1.0
1790099876500,53.6490070,-3.0076147,3.81,342,11.8,-0.5
1790099876600,53.6490096,-3.0076212,3.81,342,12.9,-0.6
1790099876700,53.6490049,-3.0076074,3.95,342,12.2,-0.6
1790099876800,53.6490064,-3.0076207,3.91,342,12.2,-0.2
1790099876900,53.6490108,-3.0076156,3.89,342,12.7,-0.7
1790099877000,53.6490123,-3.0076110,3.84,342,12.4,-0.9
1790099877100,53.6490198,-3.0076092,3.94,342,11.7,-0.2
1790099877200,53.6490167,-3.0076097,3.84,342,12.0,-0.3
1790099877300,53.6490149,-3.0076143,3.94,342,11.9,-0.5
1790099877400,53.6490180,-3.0076269,3.99,342,12.0,-0.6
1790099877500,53.6490215,-3.0076134,3.94,342,12.8,-0.6
1790099877600,53.6490220,-3.0076278,3.99,342,12.3,0.1
1790099877700,53.6490263,-3.0076160,3.98,342,12.3,-0.3
1790099877800,53.6490279,-3.0076226,3.94,342,12.4,0.1
1790099877900,53.6490311,-3.0076228,3.87,342,12.2,-0.0
1790099878000,53.6490306,-3.0076329,3.95,342,13.2,0.1
1790099878100,53.6490365,-3.0076301,3.86,342,12.8,-0.4
1790099878200,53.6490305,-3.0076251,4.06,342,13.0,0.3
1790099878300,53.6490398,-3.0076362,4.07,342,12.1,-0.2
1790099878400,53.6490398,-3.0076295,3.98,342,12.5,-0.2
1790099878500,53.6490439,-3.0076263,4.08,342,13.2,0.2
1790099878600,53.6490459,-3.0076332,4.01,342,12.3,0.2
1790099878700,53.6490435,-3.0076239,3.85,342,13.2,-0.2
1790099878800,53.6490480,-3.0076353,3.92,342,11.7,-0.2
1790099878900,53.6490466,-3.0076426,3.99,342,12.3,0.0
1790099879000,53.6490458,-3.0076349,4.02,342,12.4,0.3
1790099879100,53.6490558,-3.0076371,4.03,342,12.8,-0.1
1790099879200,53.6490492,-3.0076414,4.08,342,12.2,0.4
1790099879300,53.6490577,-3.0076363,3.96,342,12.4,0.2
1790099879400,53.6490545,-3.0076463,3.88,342,12.1,0.5
1790099879500,53.6490598,-3.0076486,4.00,342,12.8,0.2
1790099879600,53.6490629,-3.0076445,3.89,342,11.6,-0.2
1790099879700,53.6490662,-3.0076371,4.03,342,11.5,0.2
1790099879800,53.6490602,-3.0076390,3.93,342,12.0,0.1
1790099879900,53.6490651,-3.0076387,4.03,342,11.5,0.3
1790099880000,53.6490629,-3.0076468,3.96,342,11.4,0.1
1790099880100,53.6490713,-3.0076412,4.13,342,12.0,0.5
1790099880200,53.6490720,-3.0076517,4.10,342,12.5,0.4
1790099880300,53.6490683,-3.0076550,4.11,342,12.0,0.4
1790099880400,53.6490772,-3.0076449,4.09,342,11.5,0.3
1790099880500,53.6490789,-3.0076440,3.93,342,11.4,-0.3
1790099880600,53.6490789,-3.0076531,3.90,342,12.5,-0.1
1790099880700,53.6490753,-3.0076450,4.04,342,12.2,0.3
1790099880800,53.6490757,-3.0076611,3.95,342,11.2,-0.0
1790099880900,53.6490870,-3.0076451,4.01,342,11.7,0.1
1790099881000,53.6490804,-3.0076556,4.12,342,11.2,-0.0
1790099881100,53.6490810,-3.0076519,4.03,342,11.9,-0.2
1790099881200,53.6490828,-3.0076633,4.12,342,10.8,0.2
1790099881300,53.6490914,-3.0076671,4.06,342,10.6,0.2
1790099881400,53.6490924,-3.0076674,3.92,342,11.0,-0.2
1790099881500,53.6490891,-3.0076681,3.95,342,10.7,0.2
1790099881600,53.6490997,-3.0076586,3.99,342,10.9,-0.5
1790099881700,53.6491016,-3.0076677,4.07,342,11.7,0.1
1790099881800,53.6490980,-3.0076590,4.00,342,10.6,-0.6
1790099881900,53.6491026,-3.0076602,4.01,342,11.0,-0.2
1790099882000,53.6490987,-3.0076705,4.06,342,10.8,-0.3
1790099882100,53.6491089,-3.0076576,4.07,342,11.3,-0.5
1790099882200,53.6491077,-3.0076725,3.93,342,10.6,-0.5
1790099882300,53.6491063,-3.0076596,4.08,342,10.2,-0.9
1790099882400,53.6491104,-3.0076596,4.06,342,9.8,-0.3
1790099882500,53.6491091,-3.0076774,3.96,342,9.7,-0.6
1790099882600,53.6491130,-3.0076711,4.01,342,10.4,-0.9
1790099882700,53.6491191,-3.0076776,4.18,342,10.3,-0.6
1790099882800,53.6491122,-3.0076754,4.17,342,10.3,-0.4
1790099882900,53.6491167,-3.0076803,4.11,342,10.3,-1.0
1790099883000,53.6491180,-3.0076800,4.01,342,10.2,-0.7
1790099883100,53.6491218,-3.0076685,3.96,342,10.3,-1.1
1790099883200,53.6491213,-3.0076773,4.15,342,10.1,-0.8
1790099883300,53.6491239,-3.0076839,3.98,342,9.3,-1.0
1790099883400,53.6491295,-3.0076752,4.13,342,9.7,-1.1
1790099883500,53.6491317,-3.0076848,4.07,342,9.4,-1.1
1790099883600,53.6491350,-3.0076842,4.03,342,9.2,-0.9
1790099883700,53.6491345,-3.0076737,4.11,342,9.1,-1.3
1790099883800,53.6491387,-3.0076815,4.05,342,10.1,-1.0
1790099883900,53.6491314,-3.0076909,4.06,342,8.6,-1.2
1790099884000,53.6491386,-3.0076826,4.11,342,8.7,-1.7
1790099884100,53.6491361,-3.0076872,3.98,342,9.0,-1.7
1790099884200,53.6491426,-3.0076835,3.97,342,9.6,-1.9
1790099884300,53.6491470,-3.0076955,3.99,342,9.4,-1.6
1790099884400,53.6491463,-3.0076968,4.02,342,9.0,-1.9
1790099884500,53.6491430,-3.0076907,4.11,342,9.4,-1.7
1790099884600,53.6491528,-3.0076889,4.16,342,9.4,-2.0
1790099884700,53.6491471,-3.0076921,4.06,342,8.9,-2.0
1790099884800,53.6491546,-3.0076904,4.03,342,8.4,-1.8
1790099884900,53.6491558,-3.0076879,4.06,342,8.5,-1.7
1790099885000,53.6491605,-3.0076869,4.16,342,8.3,-1.6
1790099885100,53.6491595,-3.0076879,4.07,342,9.1,-1.7
1790099885200,53.6491540,-3.0076932,4.12,342,8.3,-1.6
1790099885300,53.6491587,-3.0076915,4.05,342,8.0,-2.3
1790099885400,53.6491581,-3.0076926,4.20,342,9.0,-1.9
1790099885500,53.6491624,-3.0076926,4.05,342,8.3,-2.0
1790099885600,53.6491664,-3.0077040,4.15,342,8.1,-1.7
1790099885700,53.6491722,-3.0077050,4.14,342,7.4,-2.2
1790099885800,53.6491695,-3.0077085,4.09,342,8.5,-1.8
1790099885900,53.6491735,-3.0077011,4.15,342,8.4,-2.3
1790099886000,53.6491713,-3.0077130,4.05,342,8.1,-2.4
1790099886100,53.6491774,-3.0077073,4.14,342,7.4,-2.5
1790099886200,53.6491728,-3.0077018,4.03,342,8.2,-1.9
1790099886300,53.6491736,-3.0077067,4.22,342,8.2,-2.2
1790099886400,53.6491764,-3.0077116,4.22,342,7.4,-2.4
1790099886500,53.6491793,-3.0077039,4.04,342,7.6,-2.2
1790099886600,53.6491886,-3.0077040,4.04,342,7.7,-2.6
1790099886700,53.6491825,-3.0077153,4.09,342,7.2,-2.5
1790099886800,53.6491889,-3.0077205,4.17,342,8.1,-2.2
1790099886900,53.6491924,-3.0077203,4.13,342,8.1,-2.3
1790099887000,53.6491885,-3.0077140,4.20,342,8.3,-2.2
1790099887100,53.6491913,-3.0077069,4.12,342,7.2,-2.1
1790099887200,53.6491929,-3.0077155,4.15,342,7.9,-2.1
1790099887300,53.6491967,-3.0077190,4.17,342,7.8,-1.9
1790099887400,53.6491949,-3.0077103,4.12,342,6.9,-2.4
1790099887500,53.6492048,-3.0077134,4.10,342,6.9,-1.9
1790099887600,53.6491975,-3.0077166,4.08,342,7.2,-2.5
1790099887700,53.6492005,-3.0077207,4.20,342,7.7,-2.1
1790099887800,53.6492094,-3.0077220,4.21,342,7.3,-2.4
1790099887900,53.6492088,-3.0077301,4.00,342,7.0,-2.0
1790099888000,53.6492119,-3.0077258,4.14,342,7.0,-1.7
1790099888100,53.6492070,-3.0077281,4.16,342,7.2,-1.6
1790099888200,53.6492178,-3.0077179,4.19,342,7.8,-2.3
1790099888300,53.6492156,-3.0077201,4.06,342,8.1,-1.7
1790099888400,53.6492118,-3.0077206,4.11,342,7.1,-1.6
1790099888500,53.6492173,-3.0077341,4.24,342,6.9,-1.9
1790099888600,53.6492163,-3.0077220,4.25,342,8.3,-1.7
1790099888700,53.6492188,-3.0077393,4.15,342,7.6,-1.9
1790099888800,53.6492285,-3.0077252,4.01,342,6.9,-2.0
1790099888900,53.6492235,-3.0077379,4.10,342,7.0,-2.0
1790099889000,53.6492273,-3.0077425,4.17,342,7.7,-2.1
1790099889100,53.6492283,-3.0077287,4.06,342,7.2,-2.1
1790099889200,53.6492290,-3.0077338,4.00,342,7.2,-1.3
1790099889300,53.6492369,-3.0077376,4.13,342,8.3,-1.3
1790099889400,53.6492390,-3.0077323,4.04,342,8.4,-1.3
1790099889500,53.6492398,-3.0077478,4.06,342,7.4,-1.5
1790099889600,53.6492419,-3.0077382,4.22,342,7.6,-1.7
1790099889700,53.6492363,-3.0077435,4.06,342,7.8,-1.0
1790099889800,53.6492401,-3.0077493,4.00,342,8.1,-1.7
1790099889900,53.6492470,-3.0077502,4.12,342,7.3,-1.4
1790099890000,53.6492508,-3.0077369,4.12,342,8.7,-1.1
1790099890100,53.6492430,-3.0077382,4.10,342,7.8,-1.6
1790099890200,53.6492516,-3.0077437,4.21,342,7.6,-1.1
1790099890300,53.6492542,-3.0077378,4.06,342,8.0,-1.4
1790099890400,53.6492541,-3.0077562,4.24,342,7.6,-1.2
1790099890500,53.6492543,-3.0077503,4.08,342,8.2,-0.6
1790099890600,53.6492563,-3.0077488,4.21,342,7.9,-1.1
1790099890700,53.6492595,-3.0077530,4.11,342,8.6,-0.5
1790099890800,53.6492650,-3.0077449,4.03,342,8.3,-0.6
1790099890900,53.6492675,-3.0077543,4.11,342,9.0,-0.5
1790099891000,53.6492588,-3.0077617,4.08,342,8.6,-0.8
1790099891100,53.6492674,-3.0077526,4.07,342,8.6,-0.6
1790099891200,53.6492705,-3.0077550,4.21,342,9.5,-0.9
1790099891300,53.6492709,-3.0077480,4.13,342,8.4,-0.5
1790099891400,53.6492709,-3.0077640,4.01,342,8.9,-0.8
1790099891500,53.6492678,-3.0077539,4.19,342,9.4,-0.8
1790099891600,53.6492785,-3.0077661,4.25,342,8.7,-0.5
1790099891700,53.6492722,-3.0077558,4.07,342,9.3,-0.0
1790099891800,53.6492823,-3.0077703,4.05,342,8.8,-0.7
1790099891900,53.6492791,-3.0077672,4.16,342,9.6,0.0
1790099892000,53.6492849,-3.0077568,4.21,342,9.0,-0.2
1790099892100,53.6492796,-3.0077692,4.18,342,9.0,-0.6
1790099892200,53.6492831,-3.0077594,4.13,342,9.8,-0.1
1790099892300,53.6492922,-3.0077601,4.07,342,10.0,-0.1
1790099892400,53.6492913,-3.0077612,4.06,342,9.7,0.0
1790099892500,53.6492870,-3.0077674,4.19,342,10.4,-0.4
1790099892600,53.6492922,-3.0077623,4.08,342,10.2,0.1
1790099892700,53.6493001,-3.0077621,4.13,342,10.1,-0.0
1790099892800,53.6492932,-3.0077699,4.06,342,9.5,-0.2
1790099892900,53.6492977,-3.0077802,4.11,342,10.4,-0.3
1790099893000,53.6492964,-3.0077667,4.16,342,10.4,0.2
1790099893100,53.6493059,-3.0077817,4.17,342,10.7,0.3
1790099893200,53.6493072,-3.0077695,4.11,342,10.3,0.1
1790099893300,53.6493082,-3.0077750,4.15,342,9.9,-0.2
1790099893400,53.6493094,-3.0077689,4.00,342,10.3,-0.2
1790099893500,53.6493055,-3.0077807,4.04,342,10.8,0.5
1790099893600,53.6493126,-3.0077867,3.97,342,11.1,0.1
1790099893700,53.6493115,-3.0077822,4.15,342,11.3,-0.0
1790099893800,53.6493130,-3.0077762,3.98,342,11.1,0.0
1790099893900,53.6493143,-3.0077815,4.11,342,11.1,0.5
1790099894000,53.6493156,-3.0077795,4.09,342,11.6,0.5
1790099894100,53.6493253,-3.0077832,4.18,342,11.4,-0.0
1790099894200,53.6493260,-3.0077871,4.04,342,10.7,0.1
1790099894300,53.6493283,-3.0077860,4.07,342,11.2,0.6
1790099894400,53.6493225,-3.0077809,4.16,342,11.2,-0.1
1790099894500,53.6493227,-3.0077836,4.12,342,12.1,-0.2
1790099894600,53.6493251,-3.0077825,4.08,342,11.2,-0.1
1790099894700,53.6493275,-3.0077900,4.17,342,10.8,0.5
1790099894800,53.6493343,-3.0077891,4.07,342,11.9,-0.3
1790099894900,53.6493352,-3.0077867,4.04,342,11.8,0.1
1790099895000,53.6493398,-3.0077908,4.03,342,11.3,0.4
1790099895100,53.6493354,-3.0077919,4.10,342,12.2,-0.3
1790099895200,53.6493351,-3.0077963,4.07,342,11.0,-0.2
1790099895300,53.6493415,-3.0077964,4.08,342,11.8,0.1
1790099895400,53.6493416,-3.0077964,3.96,342,11.1,0.0
1790099895500,53.6493419,-3.0078010,4.10,342,11.3,-0.3
1790099895600,53.6493478,-3.0077903,3.99,342,12.2,-0.3
1790099895700,53.6493531,-3.0077912,4.06,342,12.3,0.0
1790099895800,53.6493518,-3.0078046,4.05,342,12.7,-0.1
1790099895900,53.6493561,-3.0078032,4.11,342,12.6,-0.1
1790099896000,53.6493509,-3.0078038,3.98,342,12.5,-0.5
1790099896100,53.6493534,-3.0078124,4.04,342,12.4,0.1
1790099896200,53.6493552,-3.0078116,4.11,342,12.5,-0.2
1790099896300,53.6493557,-3.0078006,4.06,342,11.7,-0.1
1790099896400,53.6493574,-3.0077994,3.96,342,12.8,-0.5
1790099896500,53.6493616,-3.0078166,4.17,342,11.8,-0.7
1790099896600,53.6493658,-3.0078121,4.00,342,12.0,-0.7
1790099896700,53.6493638,-3.0078130,4.09,342,12.3,-0.4
1790099896800,53.6493726,-3.0078053,4.02,342,12.3,-0.6
1790099896900,53.6493692,-3.0078199,4.06,342,13.1,-0.7
1790099897000,53.6493761,-3.0078136,4.09,342,12.3,-0.4
1790099897100,53.6493732,-3.0078097,3.98,342,11.9,-0.6
1790099897200,53.6493770,-3.0078228,4.12,342,12.4,-1.0
1790099897300,53.6493730,-3.0078066,3.96,342,13.2,-0.6
1790099897400,53.6493815,-3.0078218,4.08,342,12.5,-1.1
1790099897500,53.6493783,-3.0078149,4.12,342,12.5,-1.3
1790099897600,53.6493805,-3.0078160,4.01,342,12.4,-0.6
1790099897700,53.6493808,-3.0078256,3.98,342,11.8,-1.2
1790099897800,53.6493830,-3.0078155,4.05,342,12.5,-1.2
1790099897900,53.6493828,-3.0078186,3.90,342,12.3,-1.4
1790099898000,53.6493923,-3.0078145,3.93,342,13.2,-0.8
1790099898100,53.6493964,-3.0078191,4.10,342,11.7,-1.1
1790099898200,53.6493915,-3.0078330,4.06,342,11.9,-1.2
1790099898300,53.6493928,-3.0078242,4.01,342,12.6,-1.5
1790099898400,53.6493999,-3.0078253,3.88,342,12.1,-1.2
1790099898500,53.6493987,-3.0078230,4.10,342,13.1,-1.1
1790099898600,53.6494036,-3.0078289,3.98,342,13.0,-1.8
1790099898700,53.6494025,-3.0078325,3.93,342,11.8,-1.2
1790099898800,53.6494002,-3.0078375,3.97,342,12.0,-1.3
1790099898900,53.6494050,-3.0078362,4.05,342,12.3,-1.6
1790099899000,53.6494032,-3.0078268,3.98,342,11.9,-1.5
1790099899100,53.6494048,-3.0078365,3.94,342,11.5,-1.8
1790099899200,53.6494100,-3.0078274,4.04,342,11.6,-1.5
1790099899300,53.6494167,-3.0078374,3.89,342,11.5,-2.1
1790099899400,53.6494173,-3.0078377,3.91,342,11.8,-1.8
1790099899500,53.6494188,-3.0078291,3.99,342,11.7,-2.2
1790099899600,53.6494203,-3.0078429,3.85,342,11.4,-2.0
1790099899700,53.6494200,-3.0078370,4.01,342,11.7,-2.0
1790099899800,53.6494173,-3.0078341,3.90,342,11.4,-1.8
1790099899900,53.6494180,-3.0078368,3.96,342,12.5,-1.6
1790099900000,53.6494216,-3.0078426,4.01,342,12.0,-2.0
1790099900100,53.6494256,-3.0078372,3.99,342,11.4,-2.4
1790099900200,53.6494277,-3.0078398,3.84,342,12.3,-2.0
1790099900300,53.6494334,-3.0078519,3.99,342,11.9,-2.0
1790099900400,53.6494337,-3.0078543,3.97,342,11.6,-1.7
1790099900500,53.6494335,-3.0078502,3.99,342,11.3,-2.3
1790099900600,53.6494361,-3.0078398,3.86,342,12.0,-1.8
1790099900700,53.6494362,-3.0078520,4.04,342,11.7,-1.8
1790099900800,53.6494358,-3.0078485,3.91,342,11.0,-2.0
1790099900900,53.6494441,-3.0078570,3.87,342,11.5,-2.4
1790099901000,53.6494455,-3.0078486,4.03,342,11.8,-2.5
1790099901100,53.6494443,-3.0078491,3.86,342,11.6,-2.5
1790099901200,53.6494406,-3.0078619,3.80,342,11.2,-2.1
1790099901300,53.6494429,-3.0078543,3.89,342,10.5,-2.4
1790099901400,53.6494535,-3.0078620,3.91,342,10.4,-1.8
1790099901500,53.6494475,-3.0078604,3.88,342,10.6,-1.8
1790099901600,53.6494529,-3.0078543,3.79,342,10.8,-2.3
1790099901700,53.6494501,-3.0078647,3.89,342,11.3,-2.5
1790099901800,53.6494559,-3.0078510,4.00,342,9.9,-2.3
1790099901900,53.6494614,-3.0078517,3.92,342,11.0,-1.9
1790099902000,53.6494537,-3.0078625,3.81,342,9.7,-2.2
1790099902100,53.6494617,-3.0078676,3.93,342,10.2,-2.3
1790099902200,53.6494616,-3.0078545,3.92,342,10.7,-1.9
1790099902300,53.6494616,-3.0078650,3.86,342,9.5,-1.7
1790099902400,53.6494686,-3.0078657,3.77,342,10.5,-1.8
1790099902500,53.6494711,-3.0078714,3.85,342,9.6,-1.8
1790099902600,53.6494637,-3.0078675,3.79,342,9.5,-2.1
1790099902700,53.6494735,-3.0078669,3.85,342,10.4,-2.1
1790099902800,53.6494674,-3.0078630,3.95,342,9.0,-2.0
1790099902900,53.6494694,-3.0078748,3.80,342,10.4,-2.3
1790099903000,53.6494716,-3.0078724,3.82,342,9.0,-2.2
1790099903100,53.6494796,-3.0078623,3.88,342,9.3,-1.5
1790099903200,53.6494812,-3.0078787,3.93,342,10.0,-1.6
1790099903300,53.6494846,-3.0078813,3.76,342,9.9,-1.8
1790099903400,53.6494849,-3.0078762,3.86,342,9.9,-1.8
1790099903500,53.6494791,-3.0078668,3.93,342,8.6,-1.7
1790099903600,53.6494891,-3.0078777,3.75,342,9.6,-2.0
1790099903700,53.6494891,-3.0078758,3.76,342,9.8,-1.3
1790099903800,53.6494868,-3.0078823,3.79,342,8.7,-1.9
1790099903900,53.6494911,-3.0078864,3.87,342,8.4,-1.8
1790099904000,53.6494894,-3.0078785,3.90,342,9.4,-1.5
1790099904100,53.6494941,-3.0078752,3.79,342,9.3,-1.1
1790099904200,53.6494989,-3.0078872,3.81,342,8.4,-1.6
1790099904300,53.6494972,-3.0078867,3.78,342,9.2,-1.4
1790099904400,53.6494960,-3.0078912,3.86,342,8.2,-1.1
1790099904500,53.6494969,-3.0078826,3.70,342,8.2,-1.5
1790099904600,53.6495027,-3.0078934,3.90,342,9.0,-1.0
1790099904700,53.6494999,-3.0078785,3.77,342,8.0,-1.1
1790099904800,53.6495025,-3.0078894,3.86,342,8.2,-1.2
1790099904900,53.6495045,-3.0078856,3.93,342,8.7,-1.0
1790099905000,53.6495056,-3.0078937,3.74,342,8.5,-0.9
1790099905100,53.6495136,-3.0078804,3.90,342,7.4,-0.9
1790099905200,53.6495147,-3.0078898,3.84,342,8.6,-1.1
1790099905300,53.6495157,-3.0078875,3.75,342,7.6,-0.8
1790099905400,53.6495129,-3.0078883,3.88,342,8.7,-0.4
1790099905500,53.6495130,-3.0078912,3.76,342,8.1,-1.0
1790099905600,53.6495164,-3.0078847,3.67,342,7.9,-0.5
1790099905700,53.6495216,-3.0079023,3.70,342,7.7,-0.5
1790099905800,53.6495247,-3.0078970,3.81,342,7.1,-0.3
1790099905900,53.6495295,-3.0078957,3.70,342,7.9,-0.3
1790099906000,53.6495239,-3.0078947,3.84,342,8.5,-0.2
1790099906100,53.6495327,-3.0079030,3.74,342,7.6,-0.8
1790099906200,53.6495295,-3.0078908,3.85,342,8.1,-0.7
1790099906300,53.6495321,-3.0079036,3.86,342,6.9,-0.2
1790099906400,53.6495342,-3.0079031,3.76,342,7.3,-0.1
1790099906500,53.6495396,-3.0078950,3.69,342,8.3,-0.2
1790099906600,53.6495360,-3.0078963,3.68,342,7.1,0.2
1790099906700,53.6495327,-3.0079056,3.72,342,6.8,-0.1
1790099906800,53.6495341,-3.0079077,3.63,342,8.0,-0.2
1790099906900,53.6495395,-3.0079021,3.69,342,7.7,0.1
1790099907000,53.6495395,-3.0079042,3.70,342,8.1,-0.2
1790099907100,53.6495411,-3.0079026,3.77,342,7.3,-0.4
1790099907200,53.6495409,-3.0079081,3.73,342,7.1,-0.2
1790099907300,53.6495469,-3.0079143,5.33,258,-10.0,1.4
1790099907400,53.6495490,-3.0079089,5.10,258,-9.9,1.3
1790099907500,53.6495467,-3.0079121,5.23,258,-9.2,1.7
1790099907600,53.6495418,-3.0079310,5.17,258,-9.3,1.6
1790099907700,53.6495478,-3.0079249,5.22,258,-8.8,1.4
1790099907800,53.6495407,-3.0079387,5.37,258,-9.6,1.3
1790099907900,53.6495374,-3.0079433,5.18,258,-8.9,1.3
1790099908000,53.6495406,-3.0079373,5.13,258,-10.0,1.7
1790099908100,53.6495380,-3.0079515,5.23,258,-9.1,1.7
1790099908200,53.6495450,-3.0079515,5.21,258,-9.3,1.3
1790099908300,53.6495453,-3.0079512,5.18,258,-9.1,1.8
1790099908400,53.6495380,-3.0079590,5.23,258,-9.5,1.4
1790099908500,53.6495376,-3.0079594,5.22,258,-8.9,1.9
1790099908600,53.6495418,-3.0079559,5.16,258,-9.0,1.5
1790099908700,53.6495406,-3.0079593,5.20,258,-9.7,1.8
1790099908800,53.6495381,-3.0079782,5.05,258,-9.5,1.3
1790099908900,53.6495350,-3.0079731,5.22,258,-9.8,1.6
1790099909000,53.6495330,-3.0079864,5.27,258,-9.8,1.7
1790099909100,53.6495358,-3.0079778,5.05,258,-8.7,1.9
1790099909200,53.6495384,-3.0079788,5.16,258,-8.4,1.3
1790099909300,53.6495392,-3.0079934,5.03,258,-8.8,1.5
1790099909400,53.6495363,-3.0079987,5.03,258,-9.5,1.7
1790099909500,53.6495315,-3.0080056,5.21,258,-9.1,1.9
1790099909600,53.6495366,-3.0080063,5.27,258,-9.2,1.4
1790099909700,53.6495348,-3.0080151,5.25,258,-8.2,1.2
1790099909800,53.6495286,-3.0080078,5.21,258,-9.3,1.6
1790099909900,53.6495275,-3.0080101,5.23,258,-8.2,1.3
1790099910000,53.6495362,-3.0080120,5.01,258,-8.6,1.5
1790099910100,53.6495262,-3.0080279,4.99,258,-8.3,1.7
1790099910200,53.6495342,-3.0080175,5.28,258,-8.1,1.1
1790099910300,53.6495295,-3.0080382,5.07,258,-7.9,1.3
1790099910400,53.6495270,-3.0080421,5.05,258,-8.3,1.7
1790099910500,53.6495249,-3.0080444,4.98,258,-8.7,1.1
1790099910600,53.6495318,-3.0080385,5.19,258,-7.8,1.3
1790099910700,53.6495326,-3.0080423,5.19,258,-7.7,1.5
1790099910800,53.6495312,-3.0080543,5.17,258,-8.7,1.1
1790099910900,53.6495257,-3.0080506,5.13,258,-8.7,0.7
1790099911000,53.6495282,-3.0080641,5.13,258,-8.1,1.2
1790099911100,53.6495230,-3.0080669,5.07,258,-7.7,1.3
1790099911200,53.6495216,-3.0080670,5.25,258,-7.2,0.8
1790099911300,53.6495256,-3.0080780,4.99,258,-7.1,0.7
1790099911400,53.6495238,-3.0080776,5.19,258,-8.3,0.8
1790099911500,53.6495271,-3.0080708,5.07,258,-6.9,0.5
1790099911600,53.6495201,-3.0080838,5.21,258,-8.2,0.7
1790099911700,53.6495261,-3.0080936,4.98,258,-7.7,0.8
1790099911800,53.6495250,-3.0080852,5.11,258,-6.8,0.8
1790099911900,53.6495237,-3.0080994,5.09,258,-7.9,0.9
1790099912000,53.6495259,-3.0080953,4.95,258,-6.7,0.5
1790099912100,53.6495236,-3.0081004,5.13,258,-6.6,0.6
1790099912200,53.6495229,-3.0081117,5.07,258,-6.7,0.6
1790099912300,53.6495212,-3.0081003,5.04,258,-6.4,0.1
1790099912400,53.6495210,-3.0081173,5.17,258,-7.5,0.2
1790099912500,53.6495200,-3.0081103,5.01,258,-6.2,0.5
1790099912600,53.6495140,-3.0081184,5.10,258,-7.3,0.5
1790099912700,53.6495175,-3.0081183,5.07,258,-6.1,-0.0
1790099912800,53.6495183,-3.0081297,5.06,258,-7.2,0.5
1790099912900,53.6495143,-3.0081383,5.10,258,-6.4,-0.2
1790099913000,53.6495115,-3.0081433,5.02,258,-6.6,0.5
1790099913100,53.6495145,-3.0081351,5.01,258,-6.6,-0.4
1790099913200,53.6495124,-3.0081374,5.17,258,-6.0,0.2
1790099913300,53.6495140,-3.0081491,5.17,258,-5.7,0.2
1790099913400,53.6495107,-3.0081536,5.02,258,-6.2,-0.4
1790099913500,53.6495166,-3.0081578,5.18,258,-5.3,0.2
1790099913600,53.6495150,-3.0081592,5.09,258,-5.7,-0.4
1790099913700,53.6495098,-3.0081675,5.07,258,-5.9,-0.5
1790099913800,53.6495085,-3.0081579,5.17,258,-5.3,0.1
1790099913900,53.6495078,-3.0081786,5.04,258,-5.3,-0.6
1790099914000,53.6495092,-3.0081714,4.95,258,-5.8,-0.3
1790099914100,53.6495144,-3.0081865,4.97,258,-5.4,-0.0
1790099914200,53.6495122,-3.0081755,5.07,258,-6.0,-0.2
1790099914300,53.6495072,-3.0081851,5.02,258,-5.4,-0.5
1790099914400,53.6495062,-3.0081815,4.98,258,-5.5,-0.6
1790099914500,53.6495132,-3.0081988,5.13,258,-6.1,-0.5
1790099914600,53.6495078,-3.0081946,5.01,258,-5.3,-0.6
1790099914700,53.6495063,-3.0081934,4.92,258,-5.7,-0.9
1790099914800,53.6495107,-3.0081991,4.92,258,-5.0,-0.5
1790099914900,53.6495053,-3.0082141,5.02,258,-4.6,-0.5
1790099915000,53.6495043,-3.0082169,4.87,258,-4.8,-0.5
1790099915100,53.6495082,-3.0082142,5.12,258,-4.5,-0.3
1790099915200,53.6495073,-3.0082227,5.14,258,-5.3,-0.8
1790099915300,53.6495088,-3.0082229,5.18,258,-5.1,-0.6
1790099915400,53.6495050,-3.0082306,5.11,258,-4.3,-0.6
1790099915500,53.6495089,-3.0082225,4.90,258,-4.7,-0.8
1790099915600,53.6495067,-3.0082412,5.06,258,-4.2,-0.8
1790099915700,53.6495034,-3.0082301,5.00,258,-5.4,-0.5
1790099915800,53.6495072,-3.0082372,4.93,258,-4.4,-0.8
1790099915900,53.6495041,-3.0082434,4.93,258,-4.7,-0.3
1790099916000,53.6495042,-3.0082530,5.06,258,-3.9,-0.9
1790099916100,53.6494981,-3.0082610,4.92,258,-4.0,-0.9
1790099916200,53.6494989,-3.0082514,5.07,258,-4.7,-0.8
1790099916300,53.6494982,-3.0082696,4.88,258,-4.8,-0.6
1790099916400,53.6495033,-3.0082597,4.95,258,-5.3,-0.7
1790099916500,53.6494966,-3.0082695,4.94,258,-4.0,-0.7
1790099916600,53.6494960,-3.0082703,4.92,258,-4.0,-0.3
1790099916700,53.6494965,-3.0082704,5.08,258,-5.0,-0.6
1790099916800,53.6494951,-3.0082822,4.98,258,-5.2,-0.3
1790099916900,53.6494942,-3.0082847,5.07,258,-4.4,-0.4
1790099917000,53.6494981,-3.0082934,5.16,258,-5.1,-0.2
1790099917100,53.6494938,-3.0083006,4.96,258,-4.0,-0.4
1790099917200,53.6494987,-3.0082991,5.08,258,-4.3,-0.1
1790099917300,53.6494954,-3.0083078,5.10,258,-4.3,-0.7
1790099917400,53.6494999,-3.0083054,5.14,258,-4.1,-0.3
1790099917500,53.6494913,-3.0083078,4.89,258,-3.9,-0.7
1790099917600,53.6494996,-3.0083088,5.14,258,-5.1,0.0
1790099917700,53.6494988,-3.0083087,4.90,258,-5.0,-0.2
1790099917800,53.6494968,-3.0083202,4.88,258,-5.1,-0.3
1790099917900,53.6494974,-3.0083256,5.05,258,-4.2,-0.4
1790099918000,53.6494886,-3.0083291,4.95,258,-4.7,-0.5
1790099918100,53.6494921,-3.0083244,5.04,258,-4.0,0.2
1790099918200,53.6494926,-3.0083350,5.05,258,-4.9,-0.4
1790099918300,53.6494887,-3.0083427,4.93,258,-5.1,-0.3
1790099918400,53.6494884,-3.0083508,4.90,258,-4.5,0.3
1790099918500,53.6494949,-3.0083505,5.11,258,-4.8,-0.3
1790099918600,53.6494923,-3.0083412,4.87,258,-4.6,0.2
1790099918700,53.6494927,-3.0083519,5.07,258,-4.2,0.3
1790099918800,53.6494840,-3.0083556,5.13,258,-4.6,0.1
1790099918900,53.6494850,-3.0083593,5.19,258,-4.6,0.3
1790099919000,53.6494840,-3.0083733,5.06,258,-5.6,0.6
1790099919100,53.6494892,-3.0083693,4.89,258,-5.0,0.2
1790099919200,53.6494825,-3.0083739,4.87,258,-5.7,0.7
1790099919300,53.6494886,-3.0083774,4.89,258,-4.7,0.1
1790099919400,53.6494834,-3.0083751,4.96,258,-5.1,0.3
1790099919500,53.6494828,-3.0083828,5.16,258,-5.2,0.2
1790099919600,53.6494841,-3.0083859,5.00,258,-4.7,0.8
1790099919700,53.6494789,-3.0083873,5.20,258,-5.7,0.4
1790099919800,53.6494791,-3.0083954,5.18,258,-6.0,0.4
1790099919900,53.6494868,-3.0083912,4.93,258,-5.1,1.1
1790099920000,53.6494785,-3.0084001,5.17,258,-5.4,1.2
1790099920100,53.6494777,-3.0084132,5.11,258,-5.7,1.0
1790099920200,53.6494817,-3.0084039,4.89,258,-5.2,0.6
1790099920300,53.6494809,-3.0084068,5.19,258,-6.0,0.7
1790099920400,53.6494854,-3.0084163,4.99,258,-6.2,1.3
1790099920500,53.6494831,-3.0084154,4.89,258,-5.6,1.0
1790099920600,53.6494757,-3.0084296,5.05,258,-6.5,0.8
1790099920700,53.6494832,-3.0084231,5.07,258,-5.6,1.2
1790099920800,53.6494830,-3.0084408,5.03,258,-6.6,0.8
1790099920900,53.6494809,-3.0084330,5.06,258,-5.5,1.0
1790099921000,53.6494724,-3.0084471,5.17,258,-5.6,1.2
1790099921100,53.6494756,-3.0084417,4.90,258,-6.2,1.2
1790099921200,53.6494726,-3.0084413,5.12,258,-6.0,1.0
1790099921300,53.6494719,-3.0084499,4.96,258,-7.1,1.0
1790099921400,53.6494770,-3.0084544,5.09,258,-6.8,1.2
1790099921500,53.6494709,-3.0084632,5.09,258,-5.9,1.3
1790099921600,53.6494737,-3.0084679,5.06,258,-6.6,1.3
1790099921700,53.6494720,-3.0084680,5.18,258,-7.1,1.6
1790099921800,53.6494689,-3.0084660,4.99,258,-6.4,1.8
1790099921900,53.6494729,-3.0084676,5.12,258,-7.0,1.9
1790099922000,53.6494694,-3.0084890,5.10,258,-6.5,1.5
1790099922100,53.6494759,-3.0084866,4.96,258,-7.1,1.5
1790099922200,53.6494733,-3.0084816,5.13,258,-7.7,1.2
1790099922300,53.6494735,-3.0084867,5.27,258,-6.8,1.8
1790099922400,53.6494757,-3.0084934,5.11,258,-7.9,1.7
1790099922500,53.6494688,-3.0084920,5.10,258,-8.1,1.6
1790099922600,53.6494670,-3.0085011,4.97,258,-7.4,1.7
1790099922700,53.6494720,-3.0085091,4.92,258,-8.3,2.0
1790099922800,53.6494667,-3.0085110,4.93,258,-7.0,1.9
1790099922900,53.6494711,-3.0085206,5.12,258,-7.4,1.8
1790099923000,53.6494678,-3.0085163,5.15,258,-8.3,1.9
1790099923100,53.6494675,-3.0085176,5.25,258,-7.5,1.6
1790099923200,53.6494714,-3.0085194,5.11,258,-7.8,2.0
1790099923300,53.6494639,-3.0085362,5.13,258,-7.3,1.5
1790099923400,53.6494669,-3.0085369,5.09,258,-7.5,1.8
1790099923500,53.6494666,-3.0085466,5.13,258,-7.9,2.0
1790099923600,53.6494653,-3.0085451,4.94,258,-8.3,1.5
1790099923700,53.6494647,-3.0085493,5.18,258,-7.9,1.8
1790099923800,53.6494688,-3.0085583,5.15,258,-8.4,1.3
1790099923900,53.6494661,-3.0085533,5.13,258,-8.2,1.2
1790099924000,53.6494631,-3.0085566,5.05,258,-8.4,1.7
1790099924100,53.6494660,-3.0085562,5.05,258,-9.3,1.2
1790099924200,53.6494594,-3.0085701,5.17,258,-9.1,1.3
1790099924300,53.6494607,-3.0085638,5.06,258,-8.4,1.7
1790099924400,53.6494662,-3.0085776,5.20,258,-9.2,1.2
1790099924500,53.6494598,-3.0085806,5.25,258,-8.4,1.5
1790099924600,53.6494590,-3.0085893,5.22,258,-9.0,1.3
1790099924700,53.6494613,-3.0085818,5.07,258,-8.6,1.5
1790099924800,53.6494586,-3.0085886,5.04,258,-8.6,1.7
1790099924900,53.6494604,-3.0085848,5.04,258,-8.8,1.6
1790099925000,53.6494593,-3.0085935,5.04,258,-8.3,1.1
1790099925100,53.6494550,-3.0085960,5.27,258,-8.8,1.3
1790099925200,53.6494601,-3.0086040,5.24,258,-9.3,1.0
1790099925300,53.6494615,-3.0086042,5.03,258,-9.9,1.5
1790099925400,53.6494524,-3.0086110,5.04,258,-9.2,0.8
1790099925500,53.6494582,-3.0086255,5.26,258,-9.6,1.2
1790099925600,53.6494531,-3.0086184,5.13,258,-9.1,1.0
1790099925700,53.6494499,-3.0086212,5.29,258,-9.6,0.8
1790099925800,53.6494531,-3.0086337,5.33,258,-8.6,0.6
1790099925900,53.6494558,-3.0086339,5.21,258,-9.9,0.5
1790099926000,53.6494532,-3.0086408,5.20,258,-9.4,1.0
1790099926100,53.6494531,-3.0086371,5.31,258,-10.2,0.6
1790099926200,53.6494562,-3.0086443,5.20,258,-9.3,0.9
1790099926300,53.6494533,-3.0086404,5.08,258,-9.3,1.0
1790099926400,53.6494551,-3.0086454,5.24,258,-9.3,0.7
1790099926500,53.6494538,-3.0086610,5.30,258,-9.3,0.8
1790099926600,53.6494455,-3.0086663,5.07,258,-9.8,0.6
1790099926700,53.6494488,-3.0086726,5.15,258,-9.3,0.6
1790099926800,53.6494528,-3.0086654,5.09,258,-9.0,0.7
1790099926900,53.6494501,-3.0086731,5.34,258,-9.4,0.1
1790099927000,53.6494469,-3.0086722,5.09,258,-8.8,0.2
1790099927100,53.6494507,-3.0086718,5.26,258,-9.2,0.0
1790099927200,53.6494444,-3.0086896,5.17,258,-8.8,0.5
1790099927300,53.6494428,-3.0086873,5.29,258,-10.0,0.4
1790099927400,53.6494443,-3.0086844,5.31,258,-10.2,0.0
1790099927500,53.6494451,-3.0086961,5.09,258,-8.8,-0.1
1790099927600,53.6494400,-3.0087033,5.08,258,-9.1,-0.3
1790099927700,53.6494457,-3.0087133,5.39,258,-9.3,0.1
1790099927800,53.6494491,-3.0087164,5.26,258,-10.1,-0.2
1790099927900,53.6494462,-3.0087196,5.36,258,-9.7,-0.3
1790099928000,53.6494411,-3.0087237,5.11,258,-9.6,-0.5
1790099928100,53.6494378,-3.0087262,5.18,258,-9.0,0.1
1790099928200,53.6494379,-3.0087174,5.23,258,-9.6,-0.3
1790099928300,53.6494375,-3.0087367,5.38,258,-9.7,-0.0
1790099928400,53.6494449,-3.0087378,5.44,258,-9.6,-0.2
1790099928500,53.6494388,-3.0087391,5.41,258,-9.4,-0.5
1790099928600,53.6494417,-3.0087324,5.30,258,-9.4,-0.7
1790099928700,53.6494368,-3.0087514,5.13,258,-8.6,-0.5
1790099928800,53.6494336,-3.0087522,5.19,258,-8.3,-0.2
1790099928900,53.6494380,-3.0087532,5.46,258,-9.3,-0.2
1790099929000,53.6494361,-3.0087628,5.45,258,-9.2,-0.7
1790099929100,53.6494386,-3.0087621,5.45,258,-8.6,-0.2
1790099929200,53.6494349,-3.0087574,5.14,258,-8.4,-0.2
1790099929300,53.6494410,-3.0087639,5.25,258,-9.4,-0.5
1790099929400,53.6494335,-3.0087660,5.17,258,-9.3,-1.0
1790099929500,53.6494379,-3.0087817,5.43,258,-9.1,-0.6
1790099929600,53.6494307,-3.0087893,5.33,258,-8.6,-0.7
1790099929700,53.6494312,-3.0087875,5.43,258,-8.2,-0.6
1790099929800,53.6494363,-3.0087881,5.41,258,-8.9,-0.9
1790099929900,53.6494302,-3.0087956,3.91,342,8.4,-2.2
1790099930000,53.6494353,-3.0087874,3.83,342,8.2,-2.1
1790099930100,53.6494410,-3.0087906,3.77,342,9.0,-1.8
1790099930200,53.6494368,-3.0087844,3.81,342,8.9,-2.1
1790099930300,53.6494437,-3.0087951,3.81,342,9.4,-2.1
1790099930400,53.6494383,-3.0087946,3.77,342,8.4,-2.5
1790099930500,53.6494483,-3.0087897,3.73,342,8.5,-2.3
1790099930600,53.6494468,-3.0087995,3.80,342,9.4,-2.1
1790099930700,53.6494444,-3.0087970,3.79,342,9.3,-2.3
1790099930800,53.6494554,-3.0088039,3.84,342,9.8,-2.4
1790099930900,53.6494527,-3.0087979,3.90,342,9.4,-2.2
1790099931000,53.6494553,-3.0087940,3.78,342,10.1,-2.5
1790099931100,53.6494515,-3.0088023,3.89,342,9.4,-2.5
1790099931200,53.6494594,-3.0087988,3.79,342,9.4,-1.8
1790099931300,53.6494625,-3.0087982,3.78,342,9.1,-2.5
1790099931400,53.6494634,-3.0088110,3.89,342,10.3,-2.1
1790099931500,53.6494572,-3.0088010,3.92,342,9.4,-2.1
1790099931600,53.6494685,-3.0088049,3.97,342,10.5,-2.2
1790099931700,53.6494616,-3.0088055,3.96,342,10.2,-1.6
1790099931800,53.6494619,-3.0088073,3.95,342,9.4,-2.0
1790099931900,53.6494648,-3.0088034,3.89,342,9.7,-1.5
1790099932000,53.6494685,-3.0088014,3.83,342,10.4,-2.0
1790099932100,53.6494708,-3.0088072,3.83,342,10.4,-2.0
1790099932200,53.6494741,-3.0088146,3.87,342,10.3,-2.0
1790099932300,53.6494774,-3.0088176,3.99,342,10.2,-1.7
1790099932400,53.6494755,-3.0088133,3.80,342,9.9,-1.6
1790099932500,53.6494814,-3.0088107,3.99,342,10.6,-1.8
1790099932600,53.6494825,-3.0088063,3.89,342,11.0,-1.6
1790099932700,53.6494870,-3.0088120,3.94,342,11.5,-1.4
1790099932800,53.6494880,-3.0088212,3.90,342,10.4,-1.5
1790099932900,53.6494900,-3.0088257,3.85,342,10.3,-1.5
1790099933000,53.6494828,-3.0088157,3.96,342,11.7,-1.8
1790099933100,53.6494892,-3.0088125,3.95,342,10.6,-1.6
1790099933200,53.6494916,-3.0088214,3.84,342,11.6,-1.5
1790099933300,53.6494906,-3.0088232,3.83,342,11.2,-1.0
1790099933400,53.6494986,-3.0088227,3.96,342,10.9,-1.5
1790099933500,53.6494960,-3.0088198,4.00,342,11.1,-1.6
1790099933600,53.6494929,-3.0088249,3.85,342,11.9,-1.4
1790099933700,53.6494984,-3.0088232,3.80,342,12.0,-1.3
1790099933800,53.6495050,-3.0088297,3.91,342,11.2,-0.7
1790099933900,53.6495076,-3.0088222,3.93,342,12.1,-1.3
1790099934000,53.6495011,-3.0088374,4.01,342,11.9,-0.9
1790099934100,53.6495115,-3.0088284,3.92,342,11.1,-0.5
1790099934200,53.6495129,-3.0088386,3.98,342,11.9,-0.9
1790099934300,53.6495055,-3.0088258,3.97,342,12.0,-0.6
1790099934400,53.6495085,-3.0088278,3.97,342,11.8,-0.4
1790099934500,53.6495108,-3.0088359,4.04,342,11.6,-0.3
1790099934600,53.6495125,-3.0088280,4.09,342,11.7,-1.0
1790099934700,53.6495139,-3.0088282,3.99,342,11.5,-0.3
1790099934800,53.6495175,-3.0088272,3.93,342,12.5,-0.8
1790099934900,53.6495250,-3.0088317,4.03,342,12.1,-0.5
1790099935000,53.6495272,-3.0088465,4.01,342,12.5,-0.1
1790099935100,53.6495234,-3.0088446,3.98,342,12.7,-0.1
1790099935200,53.6495219,-3.0088431,3.94,342,11.7,-0.3
1790099935300,53.6495269,-3.0088469,3.98,342,12.6,-0.1
1790099935400,53.6495327,-3.0088410,3.87,342,11.7,-0.5
1790099935500,53.6495338,-3.0088454,3.95,342,12.2,-0.5
1790099935600,53.6495282,-3.0088416,3.95,342,12.8,0.1
1790099935700,53.6495360,-3.0088506,3.92,342,12.1,-0.5
1790099935800,53.6495347,-3.0088382,3.95,342,12.5,0.2
1790099935900,53.6495353,-3.0088431,4.02,342,12.7,-0.2
1790099936000,53.6495443,-3.0088538,4.02,342,12.6,-0.2
1790099936100,53.6495464,-3.0088575,3.95,342,12.3,-0.4
1790099936200,53.6495483,-3.0088418,4.01,342,13.0,-0.0
1790099936300,53.6495423,-3.0088492,4.07,342,12.2,0.3
1790099936400,53.6495443,-3.0088472,3.95,342,13.1,0.1
1790099936500,53.6495518,-3.0088527,3.97,342,12.6,0.2
1790099936600,53.6495499,-3.0088515,3.96,342,11.9,0.4
1790099936700,53.6495552,-3.0088546,3.90,342,12.4,-0.2
1790099936800,53.6495551,-3.0088511,3.96,342,12.6,0.2
1790099936900,53.6495558,-3.0088608,4.01,342,11.9,0.5
1790099937000,53.6495548,-3.0088548,4.01,342,13.2,0.5
1790099937100,53.6495612,-3.0088575,3.92,342,12.1,0.5
1790099937200,53.6495587,-3.0088571,3.98,342,12.8,0.3
1790099937300,53.6495599,-3.0088534,4.13,342,11.9,-0.0
1790099937400,53.6495640,-3.0088557,4.15,342,12.1,0.4
1790099937500,53.6495668,-3.0088538,4.05,342,12.3,0.4
1790099937600,53.6495671,-3.0088675,4.06,342,12.3,0.6
1790099937700,53.6495734,-3.0088621,3.94,342,12.8,0.6
1790099937800,53.6495722,-3.0088645,3.98,342,11.8,0.5
1790099937900,53.6495681,-3.0088671,4.08,342,12.1,0.4
1790099938000,53.6495706,-3.0088602,4.17,342,12.5,-0.1
1790099938100,53.6495745,-3.0088643,4.09,342,12.3,0.3
1790099938200,53.6495734,-3.0088653,4.16,342,12.0,-0.0
1790099938300,53.6495843,-3.0088626,3.97,342,12.3,-0.3
1790099938400,53.6495851,-3.0088628,4.06,342,11.5,-0.0
1790099938500,53.6495831,-3.0088632,4.15,342,12.4,-0.1
1790099938600,53.6495840,-3.0088809,4.17,342,12.5,0.3
1790099938700,53.6495848,-3.0088804,3.95,342,12.7,-0.3
1790099938800,53.6495892,-3.0088786,4.11,342,11.6,0.4
1790099938900,53.6495894,-3.0088796,4.12,342,11.8,-0.3
1790099939000,53.6495973,-3.0088836,4.09,342,11.8,-0.0
1790099939100,53.6495939,-3.0088765,4.07,342,11.5,-0.4
1790099939200,53.6495955,-3.0088811,4.01,342,11.0,0.2
1790099939300,53.6495969,-3.0088778,4.05,342,11.9,0.2
1790099939400,53.6496037,-3.0088720,3.97,342,11.6,-0.6
1790099939500,53.6495972,-3.0088857,4.02,342,11.6,-0.3
1790099939600,53.6495994,-3.0088818,4.18,342,12.1,-0.6
1790099939700,53.6496054,-3.0088831,3.99,342,11.2,-0.5
1790099939800,53.6496031,-3.0088889,4.14,342,11.5,-0.1
1790099939900,53.6496127,-3.0088944,4.08,342,11.0,-0.3
1790099940000,53.6496131,-3.0088884,3.97,342,11.6,-0.2
1790099940100,53.6496142,-3.0088932,4.14,342,10.8,-0.6
1790099940200,53.6496194,-3.0088890,4.10,342,11.2,-0.3
1790099940300,53.6496214,-3.0088983,4.09,342,10.3,-0.7
1790099940400,53.6496138,-3.0088832,4.13,342,10.9,-1.1
1790099940500,53.6496252,-3.0088931,4.10,342,10.3,-0.6
1790099940600,53.6496236,-3.0088902,3.99,342,10.5,-0.5
1790099940700,53.6496197,-3.0088848,3.99,342,10.2,-0.6
1790099940800,53.6496247,-3.0089028,4.16,342,10.8,-0.5
1790099940900,53.6496316,-3.0088925,4.00,342,9.9,-1.1
1790099941000,53.6496326,-3.0088918,4.10,342,11.0,-1.3
1790099941100,53.6496349,-3.0088907,4.00,342,9.9,-1.0
1790099941200,53.6496301,-3.0088912,4.20,342,9.9,-1.3
1790099941300,53.6496381,-3.0088990,4.13,342,9.5,-1.1
1790099941400,53.6496386,-3.0088922,4.10,342,10.7,-1.2
1790099941500,53.6496357,-3.0089094,4.09,342,10.3,-1.0
1790099941600,53.6496344,-3.0088981,4.21,342,9.5,-1.6
1790099941700,53.6496449,-3.0088954,4.21,342,9.1,-1.4
1790099941800,53.6496461,-3.0089133,4.08,342,9.1,-1.6
1790099941900,53.6496453,-3.0089033,4.07,342,9.9,-1.7
1790099942000,53.6496468,-3.0089029,4.12,342,9.5,-1.8
1790099942100,53.6496531,-3.0089115,4.17,342,9.7,-1.5
1790099942200,53.6496482,-3.0089073,4.10,342,9.0,-1.7
1790099942300,53.6496519,-3.0089128,4.12,342,8.8,-1.2
1790099942400,53.6496559,-3.0089143,3.99,342,9.6,-1.5
1790099942500,53.6496598,-3.0089026,4.20,342,8.6,-1.8
1790099942600,53.6496561,-3.0089070,4.16,342,9.5,-1.7
1790099942700,53.6496549,-3.0089108,4.02,342,9.6,-2.0
1790099942800,53.6496634,-3.0089148,4.12,342,8.8,-1.9
1790099942900,53.6496579,-3.0089122,4.10,342,8.5,-1.6
1790099943000,53.6496684,-3.0089158,4.23,342,9.3,-1.7
1790099943100,53.6496692,-3.0089207,4.21,342,9.4,-1.7
1790099943200,53.6496724,-3.0089186,4.02,342,9.1,-1.9
1790099943300,53.6496662,-3.0089180,4.17,342,8.0,-2.0
1790099943400,53.6496672,-3.0089201,4.08,342,9.0,-1.9
1790099943500,53.6496695,-3.0089280,4.09,342,8.4,-2.1
1790099943600,53.6496780,-3.0089295,4.25,342,7.9,-1.8
1790099943700,53.6496738,-3.0089321,4.18,342,7.9,-1.8
1790099943800,53.6496777,-3.0089174,4.23,342,8.2,-2.3
1790099943900,53.6496825,-3.0089315,4.10,342,8.1,-1.9
1790099944000,53.6496883,-3.0089268,4.23,342,7.8,-2.3
1790099944100,53.6496825,-3.0089194,4.10,342,7.9,-2.5
1790099944200,53.6496834,-3.0089362,4.22,342,7.4,-2.1
1790099944300,53.6496894,-3.0089257,4.19,342,8.7,-2.1
1790099944400,53.6496862,-3.0089275,4.11,342,7.3,-2.0
1790099944500,53.6496917,-3.0089227,4.07,342,7.2,-2.3
1790099944600,53.6496946,-3.0089412,4.08,342,8.5,-2.2
1790099944700,53.6496933,-3.0089257,4.08,342,7.1,-2.1
1790099944800,53.6496995,-3.0089407,4.12,342,7.8,-2.4
1790099944900,53.6496982,-3.0089313,4.19,342,7.1,-2.1
1790099945000,53.6496990,-3.0089431,4.17,342,8.1,-2.4
1790099945100,53.6497010,-3.0089386,4.12,342,7.9,-2.3
1790099945200,53.6497102,-3.0089444,4.18,342,7.7,-2.0
1790099945300,53.6497027,-3.0089428,4.02,342,7.9,-2.3
1790099945400,53.6497046,-3.0089344,4.24,342,7.0,-2.0
1790099945500,53.6497142,-3.0089462,4.24,342,7.4,-2.1
1790099945600,53.6497109,-3.0089488,4.14,342,7.0,-2.0
1790099945700,53.6497126,-3.0089353,4.12,342,7.6,-2.2
1790099945800,53.6497177,-3.0089453,4.17,342,8.2,-1.7
1790099945900,53.6497134,-3.0089507,4.00,342,7.1,-1.7
1790099946000,53.6497248,-3.0089441,4.07,342,7.5,-1.7
1790099946100,53.6497198,-3.0089547,4.06,342,7.6,-2.2
1790099946200,53.6497217,-3.0089482,4.14,342,7.3,-1.8
1790099946300,53.6497271,-3.0089507,4.18,342,7.8,-2.0
1790099946400,53.6497225,-3.0089460,4.03,342,7.1,-2.1
1790099946500,53.6497266,-3.0089554,4.18,342,7.2,-1.8
1790099946600,53.6497341,-3.0089470,4.10,342,7.2,-1.7
1790099946700,53.6497330,-3.0089457,4.10,342,7.0,-1.8
1790099946800,53.6497336,-3.0089594,4.21,342,7.2,-1.8
1790099946900,53.6497362,-3.0089468,4.10,342,7.2,-1.3
1790099947000,53.6497338,-3.0089578,4.04,342,8.1,-1.4
1790099947100,53.6497398,-3.0089601,4.12,342,8.0,-1.6
1790099947200,53.6497449,-3.0089576,4.05,342,7.1,-1.7
1790099947300,53.6497452,-3.0089625,4.07,342,7.7,-1.3
1790099947400,53.6497434,-3.0089532,4.17,342,7.5,-1.2
1790099947500,53.6497502,-3.0089660,4.13,342,8.2,-1.7
1790099947600,53.6497486,-3.0089588,4.12,342,7.8,-1.6
1790099947700,53.6497510,-3.0089677,4.07,342,7.5,-1.0
1790099947800,53.6497532,-3.0089567,4.21,342,7.6,-0.9
1790099947900,53.6497574,-3.0089722,4.11,342,7.2,-1.5
1790099948000,53.6497540,-3.0089725,4.16,342,8.6,-1.4
1790099948100,53.6497536,-3.0089661,4.04,342,8.3,-1.5
1790099948200,53.6497593,-3.0089741,4.17,342,8.1,-0.8
1790099948300,53.6497582,-3.0089630,4.08,342,8.5,-1.2
1790099948400,53.6497650,-3.0089679,4.20,342,7.9,-1.0
1790099948500,53.6497695,-3.0089690,4.11,342,8.3,-1.3
1790099948600,53.6497706,-3.0089796,4.06,342,8.3,-1.2
1790099948700,53.6497738,-3.0089697,4.09,342,7.8,-0.9
1790099948800,53.6497673,-3.0089683,4.19,342,8.4,-0.9
1790099948900,53.6497745,-3.0089791,4.14,342,7.9,-0.8
1790099949000,53.6497752,-3.0089702,3.97,342,8.4,-0.6
1790099949100,53.6497793,-3.0089719,4.05,342,7.9,-0.5
1790099949200,53.6497764,-3.0089796,4.08,342,8.5,-0.9
1790099949300,53.6497787,-3.0089710,4.17,342,9.2,-0.2
1790099949400,53.6497863,-3.0089786,3.98,342,9.3,-0.2
1790099949500,53.6497777,-3.0089894,4.04,342,9.4,-0.4
1790099949600,53.6497794,-3.0089853,4.09,342,8.7,-0.7
1790099949700,53.6497843,-3.0089831,4.08,342,9.2,-0.3
1790099949800,53.6497933,-3.0089841,4.19,342,8.7,-0.0
1790099949900,53.6497850,-3.0089778,4.21,342,8.4,-0.2
1790099950000,53.6497956,-3.0089819,4.16,342,8.9,-0.2
1790099950100,53.6497943,-3.0089842,4.21,342,9.7,-0.2
1790099950200,53.6497990,-3.0089897,4.18,342,9.5,-0.0
1790099950300,53.6497998,-3.0089866,4.21,342,8.9,-0.2
1790099950400,53.6497953,-3.0089876,4.12,342,8.7,-0.2
1790099950500,53.6497999,-3.0089855,4.13,342,9.6,-0.3
1790099950600,53.6498067,-3.0089855,4.06,342,9.2,0.3
1790099950700,53.6498079,-3.0089953,4.05,342,10.2,-0.0
1790099950800,53.6498032,-3.0089980,4.16,342,9.7,0.3
1790099950900,53.6498068,-3.0089913,3.96,342,10.0,0.4
1790099951000,53.6498133,-3.0090028,4.08,342,9.7,0.1
1790099951100,53.6498073,-3.0089905,4.00,342,9.2,0.3
1790099951200,53.6498168,-3.0089932,4.13,342,10.7,-0.0
1790099951300,53.6498150,-3.0089903,4.01,342,10.0,0.0
1790099951400,53.6498127,-3.0090028,4.10,342,10.1,0.5
1790099951500,53.6498141,-3.0090029,4.03,342,10.8,0.6
1790099951600,53.6498187,-3.0090092,4.01,342,10.3,-0.1
1790099951700,53.6498259,-3.0090073,3.94,342,10.8,0.0
1790099951800,53.6498188,-3.0090047,4.02,342,10.8,-0.0
1790099951900,53.6498225,-3.0090029,4.00,342,10.3,-0.1
1790099952000,53.6498329,-3.0090089,4.00,342,11.0,0.2
1790099952100,53.6498272,-3.0090014,3.96,342,11.2,0.3
1790099952200,53.6498264,-3.0090074,4.13,342,10.7,0.5
1790099952300,53.6498359,-3.0090063,4.08,342,10.2,-0.0
1790099952400,53.6498397,-3.0090082,3.98,342,10.7,0.4
1790099952500,53.6498368,-3.0090078,4.02,342,10.8,0.1
1790099952600,53.6498375,-3.0090086,4.11,342,10.6,0.5
1790099952700,53.6498410,-3.0090209,4.03,342,10.9,-0.0
1790099952800,53.6498464,-3.0090143,4.01,342,10.7,0.4
1790099952900,53.6498409,-3.0090120,4.02,342,10.9,-0.2
1790099953000,53.6498444,-3.0090105,4.04,342,12.0,-0.3
1790099953100,53.6498427,-3.0090071,3.92,342,11.6,-0.2
1790099953200,53.6498451,-3.0090110,3.95,342,11.2,-0.3
1790099953300,53.6498517,-3.0090266,4.04,342,11.5,-0.2
1790099953400,53.6498508,-3.0090177,4.03,342,11.6,-0.0
1790099953500,53.6498529,-3.0090267,3.95,342,12.1,0.1
1790099953600,53.6498573,-3.0090224,4.08,342,12.1,0.3
1790099953700,53.6498630,-3.0090130,4.04,342,11.8,0.1
1790099953800,53.6498646,-3.0090167,3.98,342,12.5,0.1
1790099953900,53.6498581,-3.0090284,4.01,342,11.6,-0.5
1790099954000,53.6498619,-3.0090238,4.01,342,12.3,-0.2
1790099954100,53.6498681,-3.0090232,4.05,342,11.8,-0.0
1790099954200,53.6498701,-3.0090223,4.00,342,11.4,-0.1
1790099954300,53.6498648,-3.0090360,4.11,342,11.6,-0.7
1790099954400,53.6498736,-3.0090371,3.93,342,11.5,-0.4
1790099954500,53.6498707,-3.0090245,3.97,342,12.3,-0.1
1790099954600,53.6498696,-3.0090242,3.93,342,12.7,-0.8
1790099954700,53.6498775,-3.0090225,3.95,342,12.5,-0.9
1790099954800,53.6498719,-3.0090264,3.94,342,12.8,-0.3
1790099954900,53.6498781,-3.0090294,3.95,342,12.1,-0.7
1790099955000,53.6498784,-3.0090370,3.99,342,12.8,-1.0
1790099955100,53.6498801,-3.0090421,4.09,342,13.0,-1.0
1790099955200,53.6498858,-3.0090307,3.94,342,12.7,-1.2
1790099955300,53.6498833,-3.0090359,3.87,342,12.6,-0.7
1790099955400,53.6498840,-3.0090302,4.01,342,11.7,-1.0
1790099955500,53.6498868,-3.0090402,3.96,342,13.2,-1.0
1790099955600,53.6498869,-3.0090364,4.03,342,11.8,-1.1
1790099955700,53.6498953,-3.0090320,3.92,342,12.1,-1.0
1790099955800,53.6498934,-3.0090371,3.94,342,12.7,-1.1
1790099955900,53.6498953,-3.0090519,3.84,342,11.8,-1.2
1790099956000,53.6498936,-3.0090433,3.92,342,12.2,-1.0
1790099956100,53.6499009,-3.0090371,3.85,342,11.9,-1.1
1790099956200,53.6498972,-3.0090541,3.89,342,13.2,-1.4
1790099956300,53.6499038,-3.0090430,3.97,342,12.3,-1.0
1790099956400,53.6499039,-3.0090559,3.91,342,12.5,-1.6
1790099956500,53.6499050,-3.0090577,3.87,342,11.9,-1.6
1790099956600,53.6499075,-3.0090457,4.04,342,13.1,-1.2
1790099956700,53.6499130,-3.0090421,3.92,342,11.9,-1.4
1790099956800,53.6499116,-3.0090560,3.94,342,13.0,-1.6
1790099956900,53.6499082,-3.0090582,3.89,342,12.1,-1.7
1790099957000,53.6499113,-3.0090512,3.93,342,11.7,-1.9
1790099957100,53.6499136,-3.0090622,3.91,342,12.0,-1.6
1790099957200,53.6499144,-3.0090482,3.93,342,12.3,-1.8
1790099957300,53.6499208,-3.0090626,3.80,342,13.0,-2.1
1790099957400,53.6499172,-3.0090515,3.90,342,12.0,-1.8
1790099957500,53.6499214,-3.0090588,3.91,342,12.3,-2.2
1790099957600,53.6499230,-3.0090607,3.94,342,12.6,-2.2
1790099957700,53.6499320,-3.0090517,3.97,342,12.1,-2.1
1790099957800,53.6499249,-3.0090576,3.85,342,11.4,-1.7
1790099957900,53.6499337,-3.0090615,3.95,342,11.9,-1.9
1790099958000,53.6499311,-3.0090651,3.89,342,11.5,-2.3
1790099958100,53.6499393,-3.0090646,4.00,342,12.4,-1.7
1790099958200,53.6499312,-3.0090686,3.93,342,12.2,-2.4
1790099958300,53.6499333,-3.0090630,3.84,342,12.5,-1.7
1790099958400,53.6499377,-3.0090638,3.88,342,11.9,-2.5
1790099958500,53.6499409,-3.0090641,3.87,342,11.9,-2.1
1790099958600,53.6499395,-3.0090704,3.97,342,12.4,-2.0
1790099958700,53.6499413,-3.0090694,3.89,342,11.6,-2.0
1790099958800,53.6499407,-3.0090697,3.81,342,12.3,-1.9
1790099958900,53.6499462,-3.0090673,3.94,342,11.6,-2.2
1790099959000,53.6499520,-3.0090738,3.87,342,11.2,-1.9
1790099959100,53.6499478,-3.0090789,3.81,342,11.3,-1.8
1790099959200,53.6499491,-3.0090759,3.97,342,12.0,-1.8
1790099959300,53.6499568,-3.0090803,3.85,342,10.6,-2.4
1790099959400,53.6499510,-3.0090778,3.84,342,10.6,-2.6
1790099959500,53.6499600,-3.0090736,3.88,342,11.5,-2.5
1790099959600,53.6499583,-3.0090817,3.76,342,10.5,-2.4
1790099959700,53.6499596,-3.0090716,3.83,342,10.2,-2.3
1790099959800,53.6499623,-3.0090762,3.83,342,11.4,-2.1
1790099959900,53.6499686,-3.0090721,3.77,342,11.3,-2.5
1790099960000,53.6499682,-3.0090790,3.86,342,11.2,-2.4
1790099960100,53.6499629,-3.0090772,3.94,342,10.1,-2.4
1790099960200,53.6499662,-3.0090911,3.88,342,10.8,-1.8
1790099960300,53.6499724,-3.0090765,3.80,342,11.1,-2.4
1790099960400,53.6499686,-3.0090938,3.94,342,10.1,-1.8
1790099960500,53.6499745,-3.0090854,3.88,342,11.0,-2.4
1790099960600,53.6499716,-3.0090953,3.87,342,9.9,-2.3
1790099960700,53.6499766,-3.0090854,3.73,342,10.3,-2.1
1790099960800,53.6499751,-3.0090865,3.95,342,10.6,-2.2
1790099960900,53.6499769,-3.0090815,3.73,342,10.2,-1.6
1790099961000,53.6499799,-3.0090921,3.91,342,9.5,-2.2
1790099961100,53.6499843,-3.0090916,3.80,342,9.9,-2.1
1790099961200,53.6499847,-3.0091015,3.88,342,9.2,-1.8
1790099961300,53.6499837,-3.0090938,3.73,342,9.5,-1.4
1790099961400,53.6499906,-3.0090925,3.89,342,8.9,-1.5
1790099961500,53.6499885,-3.0091041,3.77,342,9.9,-1.2
1790099961600,53.6499969,-3.0090885,3.91,342,9.1,-1.3
1790099961700,53.6500000,-3.0091015,3.81,342,9.8,-1.3
1790099961800,53.6499952,-3.0090910,3.80,342,9.1,-1.7
1790099961900,53.6500002,-3.0090959,3.71,342,8.5,-1.4
1790099962000,53.6499949,-3.0091067,3.77,342,8.4,-1.7
1790099962100,53.6500042,-3.0091034,3.75,342,8.7,-1.5
1790099962200,53.6500036,-3.0090941,3.82,342,8.4,-0.9
1790099962300,53.6499996,-3.0091016,3.82,342,8.2,-1.3
1790099962400,53.6500064,-3.0091060,3.78,342,8.2,-1.1
1790099962500,53.6500045,-3.0090985,3.88,342,9.0,-1.1
1790099962600,53.6500095,-3.0090969,3.71,342,9.0,-1.2
1790099962700,53.6500165,-3.0091014,3.88,342,8.0,-1.1
1790099962800,53.6500157,-3.0091094,3.84,342,7.9,-1.2
1790099962900,53.6500177,-3.0091081,3.72,342,8.3,-0.9
1790099963000,53.6500147,-3.0091179,3.76,342,8.5,-0.7
1790099963100,53.6500156,-3.0091160,3.68,342,8.7,-0.5
1790099963200,53.6500197,-3.0091074,3.84,342,8.6,-1.0
1790099963300,53.6500223,-3.0091101,3.78,342,8.8,-0.6
1790099963400,53.6500219,-3.0091081,3.82,342,8.9,-0.7
1790099963500,53.6500260,-3.0091179,3.81,342,8.7,-0.8
1790099963600,53.6500315,-3.0091114,3.74,342,8.4,-0.8
1790099963700,53.6500274,-3.0091105,3.72,342,8.0,-0.7
1790099963800,53.6500303,-3.0091208,3.84,342,8.6,-0.3
1790099963900,53.6500309,-3.0091151,3.74,342,8.4,-0.6
1790099964000,53.6500321,-3.0091167,3.83,342,7.8,-0.3
1790099964100,53.6500352,-3.0091226,3.80,342,8.4,-0.3
1790099964200,53.6500379,-3.0091275,3.77,342,8.3,-0.5
1790099964300,53.6500350,-3.0091238,3.67,342,7.8,-0.2
1790099964400,53.6500418,-3.0091173,3.75,342,8.4,0.1
1790099964500,53.6500405,-3.0091212,3.60,342,7.0,0.1
1790099964600,53.6500383,-3.0091242,3.80,342,8.1,-0.3
1790099964700,53.6500398,-3.0091279,3.77,342,8.1,0.0
1790099964800,53.6500413,-3.0091189,3.70,342,8.3,-0.0
1790099964900,53.6500526,-3.0091212,3.80,342,7.0,0.1
1790099965000,53.6500445,-3.0091275,3.69,342,7.7,0.1
1790099965100,53.6500482,-3.0091295,3.69,342,7.5,0.0
1790099965200,53.6500478,-3.0091300,3.72,342,7.9,0.0
1790099965300,53.6500583,-3.0091358,3.70,342,7.4,0.3
1790099965400,53.6500564,-3.0091296,3.67,342,7.1,0.1
1790099965500,53.6500534,-3.0091395,3.60,342,6.9,-0.1
1790099965600,53.6500635,-3.0091289,3.70,342,7.6,0.5
1790099965700,53.6500619,-3.0091342,3.77,342,7.4,0.1
1790099965800,53.6500573,-3.0091427,3.73,342,6.8,0.0
1790099965900,53.6500652,-3.0091314,3.75,342,7.6,0.6
1790099966000,53.6500657,-3.0091309,3.67,342,7.3,0.1
1790099966100,53.6500708,-3.0091394,3.77,342,7.7,0.1
1790099966200,53.6500713,-3.0091464,3.56,342,7.1,0.4
1790099966300,53.6500748,-3.0091413,3.63,342,7.0,0.1
1790099966400,53.6500769,-3.0091341,3.64,342,7.2,0.3
1790099966500,53.6500738,-3.0091490,3.71,342,7.2,0.0
1790099966600,53.6500748,-3.0091471,3.74,342,7.3,0.6
1790099966700,53.6500811,-3.0091335,3.61,342,7.1,0.4
1790099966800,53.6500774,-3.0091418,3.76,342,6.9,0.0
1790099966900,53.6500752,-3.0091369,3.66,342,8.2,0.4
1790099967000,53.6500849,-3.0091423,3.57,342,7.2,0.3
1790099967100,53.6500888,-3.0091484,3.53,342,7.4,-0.2
1790099967200,53.6500882,-3.0091536,3.55,342,8.1,-0.2
1790099967300,53.6500852,-3.0091548,3.60,342,8.1,-0.1
1790099967400,53.6500934,-3.0091478,3.74,342,7.4,0.4
1790099967500,53.6500868,-3.0091563,3.60,342,8.2,0.1
1790099967600,53.6500910,-3.0091556,3.57,342,7.6,0.1
1790099967700,53.6500979,-3.0091488,3.57,342,8.0,-0.3
1790099967800,53.6500920,-3.0091515,3.72,342,8.2,-0.1
1790099967900,53.6500933,-3.0091522,3.74,342,8.1,-0.5
1790099968000,53.6500938,-3.0091491,3.65,342,8.7,0.1
1790099968100,53.6501025,-3.0091587,3.69,342,8.7,0.3
1790099968200,53.6500960,-3.0091545,3.67,342,7.9,-0.3
1790099968300,53.6501032,-3.0091613,3.66,342,8.7,-0.3
1790099968400,53.6501038,-3.0091488,3.52,342,8.8,-0.5
1790099968500,53.6501099,-3.0091525,3.49,342,8.6,-0.4
1790099968600,53.6501027,-3.0091592,3.71,342,8.6,-0.3
1790099968700,53.6501053,-3.0091543,3.72,342,8.0,-0.1
1790099968800,53.6501121,-3.0091589,3.62,342,8.2,-0.7
1790099968900,53.6501169,-3.0091642,3.56,342,9.4,-0.4
1790099969000,53.6501092,-3.0091550,3.71,342,8.2,-0.6
1790099969100,53.6501181,-3.0091577,3.56,342,9.0,-0.5
1790099969200,53.6501170,-3.0091594,3.64,342,8.8,-0.7
1790099969300,53.6501178,-3.0091668,3.57,342,9.0,-1.0
1790099969400,53.6501173,-3.0091666,3.58,342,8.6,-0.8
1790099969500,53.6501186,-3.0091705,3.58,342,9.5,-0.6
1790099969600,53.6501183,-3.0091747,3.67,342,9.1,-0.6
1790099969700,53.6501287,-3.0091689,3.74,342,9.9,-0.6
1790099969800,53.6501291,-3.0091708,3.72,342,9.9,-0.6
1790099969900,53.6501255,-3.0091783,3.66,342,9.7,-0.7
1790099970000,53.6501268,-3.0091778,3.52,342,9.2,-1.2
1790099970100,53.6501307,-3.0091798,3.63,342,9.9,-0.8
1790099970200,53.6501352,-3.0091716,3.66,342,9.3,-1.5
1790099970300,53.6501302,-3.0091798,3.62,342,10.4,-1.0
1790099970400,53.6501375,-3.0091711,3.52,342,10.1,-1.5
1790099970500,53.6501336,-3.0091838,3.64,342,9.2,-1.4
1790099970600,53.6501400,-3.0091746,3.53,342,10.3,-1.7
1790099970700,53.6501391,-3.0091839,3.49,342,10.3,-1.2
1790099970800,53.6501431,-3.0091757,3.62,342,10.3,-1.3
1790099970900,53.6501445,-3.0091780,3.71,342,9.8,-1.1
1790099971000,53.6501417,-3.0091717,3.56,342,11.0,-1.7
1790099971100,53.6501430,-3.0091828,3.73,342,9.7,-1.5
1790099971200,53.6501481,-3.0091780,3.54,342,11.1,-1.8
1790099971300,53.6501531,-3.0091842,3.54,342,10.0,-1.3
1790099971400,53.6501532,-3.0091843,3.69,342,10.5,-2.0
1790099971500,53.6501564,-3.0091776,3.55,342,10.1,-1.6
1790099971600,53.6501511,-3.0091916,3.49,342,10.9,-1.6
1790099971700,53.6501515,-3.0091929,3.51,342,10.4,-1.7
1790099971800,53.6501603,-3.0091804,3.51,342,11.0,-2.2
1790099971900,53.6501640,-3.0091947,3.62,342,11.1,-1.7
1790099972000,53.6501614,-3.0091961,3.68,342,11.7,-1.8
1790099972100,53.6501607,-3.0091973,3.63,342,11.6,-2.4
1790099972200,53.6501610,-3.0091840,3.47,342,10.6,-2.2
1790099972300,53.6501709,-3.0091888,3.47,342,11.0,-1.9
1790099972400,53.6501711,-3.0091970,3.63,342,11.4,-2.4
1790099972500,53.6501740,-3.0091882,3.61,342,10.8,-2.0
1790099972600,53.6501723,-3.0091972,3.68,342,11.3,-1.7
1790099972700,53.6501699,-3.0091856,3.69,342,11.4,-2.5
1790099972800,53.6501691,-3.0091980,3.55,342,10.9,-2.4
1790099972900,53.6501743,-3.0092035,3.68,342,11.2,-2.5
1790099973000,53.6501808,-3.0091947,3.66,342,12.5,-2.2
1790099973100,53.6501755,-3.0092038,3.61,342,12.2,-2.3
1790099973200,53.6501784,-3.0091924,3.58,342,12.1,-1.9
1790099973300,53.6501769,-3.0092082,3.58,342,11.7,-2.5
1790099973400,53.6501782,-3.0092014,3.53,342,12.1,-2.2
1790099973500,53.6501903,-3.0092078,3.56,342,11.9,-2.3
1790099973600,53.6501824,-3.0092064,3.68,342,12.0,-2.4
1790099973700,53.6501852,-3.0091993,3.61,342,12.0,-1.9
1790099973800,53.6501911,-3.0092003,3.60,342,12.6,-2.6
1790099973900,53.6501919,-3.0092131,3.62,342,11.7,-2.3
1790099974000,53.6501906,-3.0092030,3.50,342,12.9,-1.8
1790099974100,53.6501958,-3.0092106,3.53,342,12.5,-2.1
1790099974200,53.6501954,-3.0092130,3.59,342,12.9,-2.2
1790099974300,53.6501996,-3.0092141,3.63,342,12.7,-2.3
1790099974400,53.6502002,-3.0092014,3.53,342,11.7,-2.5
1790099974500,53.6502015,-3.0092083,3.56,342,12.8,-2.2
1790099974600,53.6501975,-3.0092039,3.59,342,12.8,-1.8
1790099974700,53.6502013,-3.0092151,3.66,342,11.9,-1.7
1790099974800,53.6502068,-3.0092099,3.52,342,12.7,-2.1
1790099974900,53.6502050,-3.0092101,3.64,342,12.5,-1.6
1790099975000,53.6502073,-3.0092143,3.57,342,11.7,-1.9
1790099975100,53.6502105,-3.0092086,3.48,342,12.7,-1.7
1790099975200,53.6502085,-3.0092153,3.52,342,12.9,-2.1
1790099975300,53.6502163,-3.0092088,3.66,342,13.0,-2.1
1790099975400,53.6502159,-3.0092238,3.55,342,13.2,-1.6
1790099975500,53.6502171,-3.0092145,3.57,342,12.0,-1.8
1790099975600,53.6502137,-3.0092201,3.55,342,12.0,-1.4
1790099975700,53.6502147,-3.0092216,3.67,342,12.7,-1.8
1790099975800,53.6502184,-3.0092201,3.58,342,11.9,-1.3
1790099975900,53.6502268,-3.0092243,3.52,342,12.9,-1.3
1790099976000,53.6502290,-3.0092271,3.64,342,13.0,-1.3
1790099976100,53.6502224,-3.0092251,3.57,342,12.5,-1.5
1790099976200,53.6502302,-3.0092271,3.58,342,11.8,-1.7
1790099976300,53.6502258,-3.0092216,3.66,342,11.7,-1.7
1790099976400,53.6502356,-3.0092267,3.68,342,12.9,-1.2
1790099976500,53.6502287,-3.0092232,3.64,342,13.1,-1.3
1790099976600,53.6502326,-3.0092236,3.61,342,12.3,-0.9
1790099976700,53.6502345,-3.0092342,3.55,342,12.3,-1.2
1790099976800,53.6502366,-3.0092268,3.55,342,12.2,-1.5
1790099976900,53.6502381,-3.0092355,3.70,342,11.9,-1.3
1790099977000,53.6502456,-3.0092392,3.59,342,12.4,-1.2
1790099977100,53.6502395,-3.0092346,3.62,342,12.7,-1.4
1790099977200,53.6502484,-3.0092390,3.53,342,12.4,-0.8
1790099977300,53.6502501,-3.0092419,3.61,342,12.1,-0.8
1790099977400,53.6502416,-3.0092275,3.53,342,12.3,-1.0
1790099977500,53.6502506,-3.0092423,3.64,342,11.7,-0.9
1790099977600,53.6502496,-3.0092431,3.53,342,12.3,-0.5
1790099977700,53.6502559,-3.0092431,3.55,342,12.1,-0.9
1790099977800,53.6502512,-3.0092311,3.67,342,12.5,-0.5
1790099977900,53.6502574,-3.0092473,3.64,342,11.6,-0.6
1790099978000,53.6502541,-3.0092337,3.74,342,11.4,-0.6
1790099978100,53.6502562,-3.0092413,3.71,342,12.3,-0.9
1790099978200,53.6502594,-3.0092454,3.50,342,11.8,-0.5
1790099978300,53.6502613,-3.0092384,3.51,342,11.8,-0.1
1790099978400,53.6502643,-3.0092425,3.53,342,11.0,-0.7
1790099978500,53.6502672,-3.0092413,3.74,342,11.0,-0.5
1790099978600,53.6502687,-3.0092531,3.66,342,11.0,0.1
1790099978700,53.6502719,-3.0092492,3.51,342,10.8,-0.3
1790099978800,53.6502739,-3.0092397,3.72,342,11.8,-0.6
1790099978900,53.6502730,-3.0092510,3.72,342,11.7,0.1
1790099979000,53.6502681,-3.0092579,3.61,342,11.2,-0.0
1790099979100,53.6502686,-3.0092538,3.55,342,11.1,-0.2
1790099979200,53.6502762,-3.0092508,3.64,342,11.4,-0.0
1790099979300,53.6502766,-3.0092439,3.54,342,11.0,0.1
1790099979400,53.6502798,-3.0092473,3.73,342,10.1,-0.3
1790099979500,53.6502768,-3.0092510,3.66,342,11.0,0.2
1790099979600,53.6502832,-3.0092543,3.62,342,11.1,0.3
1790099979700,53.6502869,-3.0092625,3.62,342,10.7,0.0
1790099979800,53.6502812,-3.0092597,3.64,342,10.5,-0.2
1790099979900,53.6502832,-3.0092586,3.67,342,10.0,0.0
1790099980000,53.6502885,-3.0092643,3.63,342,10.2,0.3
1790099980100,53.6502948,-3.0092621,3.70,342,10.4,-0.2
1790099980200,53.6502895,-3.0092572,3.53,342,10.6,-0.2
1790099980300,53.6502943,-3.0092664,3.55,342,9.9,-0.1
1790099980400,53.6502950,-3.0092571,3.76,342,9.6,0.1
1790099980500,53.6502965,-3.0092582,3.70,342,9.5,0.4
1790099980600,53.6503001,-3.0092701,3.73,342,10.5,0.5
1790099980700,53.6502950,-3.0092623,3.65,342,10.2,0.3
1790099980800,53.6502972,-3.0092686,3.60,342,9.9,-0.1
1790099980900,53.6502985,-3.0092634,3.70,342,9.2,0.1
1790099981000,53.6503025,-3.0092589,3.71,342,10.0,-0.2
1790099981100,53.6503080,-3.0092722,3.76,342,10.0,0.3
1790099981200,53.6503023,-3.0092651,3.73,342,9.0,-0.2
1790099981300,53.6503079,-3.0092680,3.65,342,8.8,-0.0
1790099981400,53.6503152,-3.0092775,3.75,342,9.9,-0.2
1790099981500,53.6503073,-3.0092720,3.71,342,9.2,0.3
1790099981600,53.6503144,-3.0092634,3.75,342,9.2,0.4
1790099981700,53.6503183,-3.0092698,3.57,342,9.7,0.4
1790099981800,53.6503221,-3.0092729,3.61,342,9.6,-0.1
1790099981900,53.6503212,-3.0092678,3.73,342,8.9,0.4
1790099982000,53.6503205,-3.0092842,3.69,342,8.6,-0.0
1790099982100,53.6503227,-3.0092807,3.78,342,8.7,0.0
1790099982200,53.6503202,-3.0092823,3.66,342,8.9,0.0
1790099982300,53.6503286,-3.0092838,3.80,342,8.2,-0.3
1790099982400,53.6503250,-3.0092807,3.71,342,8.3,0.2
1790099982500,53.6503316,-3.0092796,3.67,342,8.1,0.2
1790099982600,53.6503330,-3.0092754,3.58,342,7.7,0.0
1790099982700,53.6503305,-3.0092890,3.70,342,9.0,-0.4
1790099982800,53.6503335,-3.0092876,3.66,342,8.3,0.1
1790099982900,53.6503337,-3.0092828,3.66,342,7.9,-0.1
1790099983000,53.6503377,-3.0092803,3.69,342,8.7,-0.5
1790099983100,53.6503391,-3.0092803,3.62,342,8.3,-0.2
1790099983200,53.6503370,-3.0092860,3.66,342,7.8,-0.3
1790099983300,53.6503444,-3.0092943,3.62,342,8.1,-0.7
1790099983400,53.6503391,-3.0092924,3.66,342,7.3,-0.1
1790099983500,53.6503441,-3.0092808,3.78,342,8.1,-0.6
1790099983600,53.6503478,-3.0092861,3.79,342,7.4,-0.5
1790099983700,53.6503464,-3.0092988,3.76,342,7.5,-0.3
1790099983800,53.6503459,-3.0092998,3.64,342,7.1,-0.6
1790099983900,53.6503537,-3.0092868,3.74,342,7.2,-1.0
1790099984000,53.6503527,-3.0092932,3.78,342,8.0,-0.5
1790099984100,53.6503555,-3.0092974,3.75,342,8.4,-0.7
1790099984200,53.6503513,-3.0092934,3.85,342,7.6,-1.1
1790099984300,53.6503613,-3.0092876,3.74,342,7.2,-0.8
1790099984400,53.6503638,-3.0092896,3.69,342,7.6,-1.3
1790099984500,53.6503591,-3.0092904,3.70,342,8.3,-1.4
1790099984600,53.6503599,-3.0092900,3.72,342,6.8,-0.7
1790099984700,53.6503631,-3.0093048,3.85,342,7.9,-0.8
1790099984800,53.6503611,-3.0092959,3.84,342,7.2,-1.0
1790099984900,53.6503648,-3.0092972,3.81,342,8.1,-1.3
1790099985000,53.6503748,-3.0093079,3.74,342,7.8,-1.5
1790099985100,53.6503710,-3.0093070,3.71,342,7.2,-1.0
1790099985200,53.6503679,-3.0092954,3.75,342,8.0,-1.5
1790099985300,53.6503789,-3.0093104,3.89,342,6.9,-1.8
1790099985400,53.6503746,-3.0093019,3.85,342,7.4,-1.2
1790099985500,53.6503819,-3.0093072,3.83,342,7.9,-1.7
1790099985600,53.6503759,-3.0093079,3.85,342,7.5,-1.6
1790099985700,53.6503856,-3.0093000,3.78,342,6.9,-1.4
1790099985800,53.6503861,-3.0093098,3.87,342,7.7,-1.7
1790099985900,53.6503806,-3.0093195,3.82,342,7.3,-1.7
1790099986000,53.6503826,-3.0093175,3.88,342,7.9,-1.9
1790099986100,53.6503864,-3.0093054,3.85,342,7.6,-1.6
1790099986200,53.6503877,-3.0093111,3.75,342,7.9,-2.0
1790099986300,53.6503956,-3.0093135,3.87,342,6.9,-1.6
1790099986400,53.6503959,-3.0093155,3.71,342,8.3,-1.6
1790099986500,53.6503986,-3.0093082,3.84,342,8.3,-2.3
1790099986600,53.6504011,-3.0093149,3.73,342,7.7,-1.8
1790099986700,53.6504031,-3.0093131,3.91,342,7.1,-2.0
1790099986800,53.6504025,-3.0093265,3.78,342,7.8,-1.8
1790099986900,53.6504045,-3.0093144,3.93,342,8.5,-2.0
1790099987000,53.6504028,-3.0093186,3.72,342,7.7,-1.7
1790099987100,53.6504101,-3.0093241,3.85,342,7.5,-2.1
1790099987200,53.6504028,-3.0093264,3.78,342,7.3,-2.0
1790099987300,53.6504112,-3.0093169,3.77,342,7.5,-1.9
1790099987400,53.6504078,-3.0093321,3.84,342,8.1,-2.3
1790099987500,53.6504146,-3.0093179,3.84,342,7.8,-1.8
1790099987600,53.6504125,-3.0093350,3.84,342,8.9,-1.8
1790099987700,53.6504123,-3.0093276,3.74,342,8.2,-2.5
1790099987800,53.6504145,-3.0093318,3.80,342,7.8,-2.3
1790099987900,53.6504185,-3.0093265,3.76,342,8.7,-2.4
1790099988000,53.6504202,-3.0093295,3.91,342,7.9,-2.5
1790099988100,53.6504247,-3.0093226,3.76,342,8.5,-2.3
1790099988200,53.6504263,-3.0093338,3.81,342,8.7,-2.0
1790099988300,53.6504255,-3.0093247,3.80,342,7.9,-2.5
1790099988400,53.6504243,-3.0093342,3.96,342,8.3,-2.1
1790099988500,53.6504297,-3.0093282,3.91,342,9.5,-1.8
1790099988600,53.6504344,-3.0093319,3.84,342,8.8,-2.3
1790099988700,53.6504359,-3.0093370,3.77,342,9.1,-2.3
1790099988800,53.6504312,-3.0093378,3.98,342,9.0,-2.0
1790099988900,53.6504333,-3.0093414,3.90,342,9.2,-2.1
1790099989000,53.6504407,-3.0093326,3.95,342,9.7,-1.8
1790099989100,53.6504397,-3.0093434,3.91,342,9.6,-2.2
1790099989200,53.6504360,-3.0093361,3.87,342,8.7,-2.3
1790099989300,53.6504431,-3.0093370,3.95,342,9.9,-1.7
1790099989400,53.6504393,-3.0093468,3.90,342,10.1,-2.2
1790099989500,53.6504468,-3.0093474,3.95,342,9.9,-1.8
1790099989600,53.6504499,-3.0093413,3.83,342,9.5,-2.1
1790099989700,53.6504536,-3.0093408,3.97,342,9.8,-1.5
1790099989800,53.6504515,-3.0093462,3.94,342,9.1,-2.0
1790099989900,53.6504552,-3.0093460,3.86,342,10.3,-1.7
1790099990000,53.6504532,-3.0093450,3.98,342,10.0,-1.6
1790099990100,53.6504511,-3.0093504,3.97,342,10.1,-2.0
1790099990200,53.6504611,-3.0093456,3.99,342,9.8,-2.0
1790099990300,53.6504642,-3.0093474,3.96,342,10.2,-1.7
1790099990400,53.6504661,-3.0093509,3.88,342,10.6,-1.7
1790099990500,53.6504652,-3.0093481,3.96,342,10.3,-1.5
1790099990600,53.6504603,-3.0093569,3.94,342,9.7,-1.5
1790099990700,53.6504640,-3.0093627,4.01,342,10.5,-1.5
1790099990800,53.6504731,-3.0093648,3.94,342,9.9,-1.3
1790099990900,53.6504661,-3.0093622,4.05,342,11.1,-1.5
1790099991000,53.6504674,-3.0093664,4.06,342,10.4,-1.7
1790099991100,53.6504774,-3.0093534,4.00,342,10.9,-1.1
1790099991200,53.6504730,-3.0093521,4.05,342,10.4,-1.1
1790099991300,53.6504763,-3.0093619,3.92,342,10.3,-1.1
1790099991400,53.6504774,-3.0093691,3.85,342,10.3,-0.8
1790099991500,53.6504818,-3.0093634,3.92,342,11.4,-1.2
1790099991600,53.6504818,-3.0093677,4.05,342,11.8,-0.8
1790099991700,53.6504818,-3.0093592,4.05,342,10.8,-1.1
1790099991800,53.6504828,-3.0093649,3.98,342,11.5,-0.5
1790099991900,53.6504897,-3.0093745,3.94,342,11.4,-0.7
1790099992000,53.6504855,-3.0093735,3.85,342,10.7,-1.2
1790099992100,53.6504902,-3.0093616,3.97,342,10.9,-1.1
1790099992200,53.6504976,-3.0093667,4.06,342,11.4,-1.1
1790099992300,53.6504922,-3.0093766,4.05,342,11.4,-0.3
1790099992400,53.6504942,-3.0093725,3.99,342,12.0,-1.0
1790099992500,53.6504959,-3.0093783,3.89,342,12.0,-0.5
1790099992600,53.6504974,-3.0093740,3.97,342,12.0,-0.4
1790099992700,53.6504998,-3.0093780,4.06,342,11.4,-0.7
1790099992800,53.6505080,-3.0093797,3.98,342,12.3,-0.5
1790099992900,53.6505055,-3.0093717,3.95,342,11.4,-0.6
1790099993000,53.6505033,-3.0093838,3.90,342,12.7,-0.4
1790099993100,53.6505112,-3.0093783,3.91,342,11.8,-0.3
1790099993200,53.6505088,-3.0093806,3.93,342,12.4,-0.6
1790099993300,53.6505089,-3.0093885,3.97,342,12.6,-0.3
1790099993400,53.6505143,-3.0093899,4.06,342,12.8,-0.5
1790099993500,53.6505105,-3.0093844,4.03,342,12.9,0.1
1790099993600,53.6505179,-3.0093868,3.91,342,11.9,-0.2
1790099993700,53.6505229,-3.0093851,3.99,342,12.6,-0.1
1790099993800,53.6505233,-3.0093881,3.96,342,12.6,-0.4
1790099993900,53.6505176,-3.0093799,4.01,342,13.0,-0.1
1790099994000,53.6505285,-3.0093916,4.00,342,13.1,0.4
1790099994100,53.6505276,-3.0093965,3.98,342,12.7,-0.3
1790099994200,53.6505263,-3.0093946,4.01,342,12.5,0.3
1790099994300,53.6505249,-3.0093921,4.05,342,12.9,-0.1
1790099994400,53.6505339,-3.0093977,3.93,342,12.0,0.5
1790099994500,53.6505329,-3.0093908,4.14,342,11.8,0.1
1790099994600,53.6505379,-3.0094009,4.09,342,13.1,-0.0
1790099994700,53.6505383,-3.0093887,4.12,342,11.8,0.4
1790099994800,53.6505388,-3.0094037,4.03,342,12.9,0.2
1790099994900,53.6505443,-3.0093930,4.12,342,12.2,0.5
1790099995000,53.6505405,-3.0093901,4.09,342,11.9,-0.1
1790099995100,53.6505444,-3.0093966,4.16,342,11.8,0.6
1790099995200,53.6505438,-3.0093984,4.03,342,12.7,0.3
1790099995300,53.6505420,-3.0093963,4.05,342,12.2,-0.1
1790099995400,53.6505469,-3.0094018,4.13,342,13.2,0.5
1790099995500,53.6505459,-3.0094024,4.09,342,12.3,0.0
1790099995600,53.6505566,-3.0094077,4.11,342,11.8,0.5
1790099995700,53.6505591,-3.0094114,4.10,342,12.4,0.1
1790099995800,53.6505520,-3.0094115,4.07,342,12.7,0.2
1790099995900,53.6505575,-3.0094009,3.99,342,12.6,-0.0
1790099996000,53.6505593,-3.0094125,4.12,342,11.7,0.3
1790099996100,53.6505642,-3.0094130,4.08,342,12.1,-0.1
1790099996200,53.6505604,-3.0094106,4.10,342,12.1,0.0
1790099996300,53.6505645,-3.0094119,3.99,342,11.7,-0.0
1790099996400,53.6505618,-3.0094176,4.13,342,12.1,0.1
1790099996500,53.6505644,-3.0094055,4.19,342,12.7,-0.2
1790099996600,53.6505698,-3.0094075,4.19,342,12.8,0.0
1790099996700,53.6505714,-3.0094203,4.05,342,12.5,-0.2
1790099996800,53.6505772,-3.0094120,4.15,342,12.1,-0.4
1790099996900,53.6505721,-3.0094136,4.21,342,12.0,0.2
1790099997000,53.6505752,-3.0094124,4.07,342,12.5,-0.0
1790099997100,53.6505773,-3.0094093,4.06,342,11.9,0.1
1790099997200,53.6505830,-3.0094270,4.00,342,12.2,-0.5
1790099997300,53.6505856,-3.0094108,4.06,342,12.0,-0.6
1790099997400,53.6505848,-3.0094209,4.21,342,11.5,-0.3
1790099997500,53.6505876,-3.0094283,4.19,342,11.4,-0.0
1790099997600,53.6505885,-3.0094137,4.11,342,12.0,-0.5
1790099997700,53.6505858,-3.0094317,4.12,342,11.2,-0.4
1790099997800,53.6505950,-3.0094199,4.05,342,11.0,-0.4
1790099997900,53.6505888,-3.0094333,4.15,342,11.4,-0.5
1790099998000,53.6505931,-3.0094181,4.12,342,10.8,-0.3
1790099998100,53.6506012,-3.0094246,3.98,342,10.6,-0.2
1790099998200,53.6506040,-3.0094262,4.03,342,11.5,-0.4
1790099998300,53.6505983,-3.0094319,4.11,342,11.6,-0.9
1790099998400,53.6506015,-3.0094306,4.05,342,11.5,-1.0
1790099998500,53.6506003,-3.0094267,4.16,342,10.9,-0.8
1790099998600,53.6506084,-3.0094295,4.13,342,10.5,-0.5
1790099998700,53.6506103,-3.0094282,4.16,342,10.9,-1.3
1790099998800,53.6506125,-3.0094372,4.10,342,11.0,-1.2
1790099998900,53.6506069,-3.0094436,4.22,342,10.8,-0.9
1790099999000,53.6506116,-3.0094315,4.11,342,11.0,-1.3
1790099999100,53.6506121,-3.0094294,4.15,342,10.0,-1.5
1790099999200,53.6506151,-3.0094449,4.25,342,10.1,-0.8
1790099999300,53.6506165,-3.0094316,4.10,342,11.1,-1.4
1790099999400,53.6506249,-3.0094347,4.04,342,10.2,-1.5
1790099999500,53.6506244,-3.0094443,4.09,342,10.6,-1.6
1790099999600,53.6506284,-3.0094504,4.06,342,9.7,-1.6
1790099999700,53.6506308,-3.0094379,4.05,342,9.5,-1.4
1790099999800,53.6506301,-3.0094424,4.19,342,9.9,-1.6
1790099999900,53.6506352,-3.0094430,4.10,342,10.0,-1.8
1790100000000,53.6506317,-3.0094417,4.23,342,10.6,-1.7
1790100000100,53.6506315,-3.0094469,4.22,342,9.3,-1.8
1790100000200,53.6506381,-3.0094560,3.98,342,9.9,-1.7
1790100000300,53.6506426,-3.0094477,4.15,342,9.5,-1.3
1790100000400,53.6506432,-3.0094562,4.16,342,9.8,-2.1
1790100000500,53.6506395,-3.0094546,4.11,342,10.0,-1.8
1790100000600,53.6506459,-3.0094507,4.10,342,9.6,-1.9
1790100000700,53.6506474,-3.0094457,4.15,342,8.7,-1.5
1790100000800,53.6506490,-3.0094465,4.05,342,8.9,-1.8
1790100000900,53.6506428,-3.0094495,4.10,342,8.7,-2.3
1790100001000,53.6506538,-3.0094625,4.05,342,9.2,-2.3
1790100001100,53.6506565,-3.0094622,4.05,342,9.1,-2.1
1790100001200,53.6506577,-3.0094653,4.09,342,9.4,-2.3
1790100001300,53.6506509,-3.0094618,4.05,342,8.8,-2.0
1790100001400,53.6506521,-3.0094630,4.13,342,8.7,-2.4
1790100001500,53.6506590,-3.0094617,4.15,342,9.2,-1.7
1790100001600,53.6506594,-3.0094649,4.25,342,8.8,-2.4
1790100001700,53.6506608,-3.0094583,4.06,342,8.2,-2.1
1790100001800,53.6506646,-3.0094661,4.14,342,9.1,-2.0
1790100001900,53.6506662,-3.0094661,4.14,342,8.5,-2.0
1790100002000,53.6506678,-3.0094665,4.04,342,8.5,-1.9
1790100002100,53.6506717,-3.0094740,4.22,342,9.0,-2.0
1790100002200,53.6506723,-3.0094593,4.06,342,7.8,-2.3
1790100002300,53.6506773,-3.0094649,4.10,342,7.7,-2.3
1790100002400,53.6506694,-3.0094619,2.20,258,-2.1,-2.1
1790100002500,53.6506763,-3.0094656,2.32,258,-2.0,-2.4
1790100002600,53.6506721,-3.0094660,2.34,258,-2.3,-2.0
1790100002700,53.6506690,-3.0094815,2.38,258,-1.6,-1.9
1790100002800,53.6506719,-3.0094819,2.31,258,-2.9,-2.4
1790100002900,53.6506758,-3.0094878,2.35,258,-2.0,-1.9
1790100003000,53.6506729,-3.0094768,2.46,258,-2.3,-2.3
1790100003100,53.6506721,-3.0094761,2.36,258,-3.0,-2.3
1790100003200,53.6506677,-3.0094911,2.50,258,-3.4,-1.7
1790100003300,53.6506660,-3.0094889,2.45,258,-3.4,-1.8
1790100003400,53.6506659,-3.0094942,2.53,258,-3.5,-2.0
1790100003500,53.6506658,-3.0094951,2.57,258,-4.3,-2.0
1790100003600,53.6506749,-3.0094892,2.48,258,-4.1,-1.7
1790100003700,53.6506667,-3.0094922,2.58,258,-4.5,-1.7
1790100003800,53.6506670,-3.0095030,2.65,258,-4.3,-2.0
1790100003900,53.6506709,-3.0094951,2.53,258,-4.9,-2.0
1790100004000,53.6506655,-3.0094927,2.69,258,-4.1,-1.9
1790100004100,53.6506678,-3.0095060,2.66,258,-5.1,-2.0
1790100004200,53.6506731,-3.0095119,2.61,258,-5.2,-2.0
1790100004300,53.6506698,-3.0095028,2.68,258,-4.4,-2.2
1790100004400,53.6506646,-3.0095128,2.73,258,-4.2,-2.0
1790100004500,53.6506645,-3.0095149,2.71,258,-4.5,-2.0
1790100004600,53.6506630,-3.0095133,2.74,258,-5.4,-2.0
1790100004700,53.6506676,-3.0095144,2.87,258,-4.8,-1.5
1790100004800,53.6506689,-3.0095252,2.85,258,-6.0,-1.3
1790100004900,53.6506705,-3.0095141,2.86,258,-6.3,-1.6
1790100005000,53.6506670,-3.0095221,2.82,258,-6.3,-1.3
1790100005100,53.6506614,-3.0095303,2.96,258,-6.1,-1.7
1790100005200,53.6506660,-3.0095245,2.97,258,-6.5,-1.7
1790100005300,53.6506690,-3.0095335,2.96,258,-5.7,-1.1
1790100005400,53.6506611,-3.0095381,2.96,258,-5.9,-1.2
1790100005500,53.6506655,-3.0095389,2.92,258,-6.6,-1.5
1790100005600,53.6506623,-3.0095430,3.06,258,-5.8,-1.3
1790100005700,53.6506647,-3.0095358,3.02,258,-5.8,-1.3
1790100005800,53.6506657,-3.0095424,2.99,258,-6.5,-1.0
1790100005900,53.6506654,-3.0095511,2.99,258,-7.3,-0.8
1790100006000,53.6506630,-3.0095502,3.06,258,-7.2,-0.8
1790100006100,53.6506629,-3.0095483,3.11,258,-6.3,-1.1
1790100006200,53.6506593,-3.0095559,3.14,258,-6.7,-0.6
1790100006300,53.6506669,-3.0095474,3.08,258,-7.8,-0.7
1790100006400,53.6506671,-3.0095472,3.10,258,-7.6,-0.8
1790100006500,53.6506594,-3.0095561,3.27,258,-7.2,-0.9
1790100006600,53.6506645,-3.0095557,3.13,258,-7.4,-0.8
1790100006700,53.6506573,-3.0095650,3.16,258,-7.7,-0.7
1790100006800,53.6506572,-3.0095702,3.26,258,-7.8,-0.3
1790100006900,53.6506595,-3.0095715,3.19,258,-6.8,-0.7
1790100007000,53.6506579,-3.0095701,3.22,258,-7.1,-0.2
1790100007100,53.6506612,-3.0095728,3.35,258,-8.3,-0.7
1790100007200,53.6506646,-3.0095796,3.24,258,-8.5,-0.3
1790100007300,53.6506638,-3.0095780,3.30,258,-8.6,-0.6
1790100007400,53.6506620,-3.0095830,3.45,258,-8.3,0.0
1790100007500,53.6506646,-3.0095904,3.35,258,-8.6,-0.4
1790100007600,53.6506562,-3.0095908,3.40,258,-7.3,-0.0
1790100007700,53.6506539,-3.0095802,3.57,258,-7.7,-0.3
1790100007800,53.6506629,-3.0095962,3.48,258,-7.5,0.2
1790100007900,53.6506592,-3.0095973,3.44,258,-8.7,0.2
1790100008000,53.6506561,-3.0096025,3.56,258,-8.4,0.1
1790100008100,53.6506528,-3.0095972,3.48,258,-7.8,0.1
1790100008200,53.6506527,-3.0096046,3.60,258,-8.0,-0.3
1790100008300,53.6506612,-3.0096107,3.58,258,-7.8,0.2
1790100008400,53.6506599,-3.0096125,3.59,258,-8.0,-0.1
1790100008500,53.6506565,-3.0096014,3.63,258,-9.0,0.1
1790100008600,53.6506554,-3.0096054,3.53,258,-8.9,0.3
1790100008700,53.6506559,-3.0096117,3.71,258,-8.3,-0.2
1790100008800,53.6506497,-3.0096093,3.68,258,-8.4,0.2
1790100008900,53.6506537,-3.0096284,3.79,258,-8.6,0.1
1790100009000,53.6506502,-3.0096193,3.83,258,-9.4,0.5
1790100009100,53.6506524,-3.0096177,3.77,258,-9.0,0.1
1790100009200,53.6506575,-3.0096246,3.75,258,-8.4,-0.0
1790100009300,53.6506568,-3.0096353,3.77,258,-9.3,-0.1
1790100009400,53.6506541,-3.0096389,3.88,258,-9.3,0.4
1790100009500,53.6506537,-3.0096454,3.87,258,-8.8,0.3
1790100009600,53.6506509,-3.0096365,3.85,258,-8.3,0.5
1790100009700,53.6506499,-3.0096342,3.90,258,-8.7,0.5
1790100009800,53.6506512,-3.0096490,3.97,258,-9.6,-0.1
1790100009900,53.6506513,-3.0096418,3.94,258,-8.9,0.2
1790100010000,53.6506470,-3.0096607,3.82,258,-9.1,0.2
1790100010100,53.6506475,-3.0096482,4.03,258,-8.9,-0.2
1790100010200,53.6506538,-3.0096626,3.89,258,-9.0,-0.2
1790100010300,53.6506511,-3.0096651,3.96,258,-9.0,-0.1
1790100010400,53.6506477,-3.0096660,4.11,258,-10.1,-0.3
1790100010500,53.6506498,-3.0096711,3.90,258,-9.0,0.0
1790100010600,53.6506511,-3.0096730,4.08,258,-9.2,-0.2
1790100010700,53.6506441,-3.0096816,4.06,258,-8.5,0.0
1790100010800,53.6506522,-3.0096766,4.01,258,-8.9,0.4
1790100010900,53.6506517,-3.0096756,3.91,258,-9.4,0.0
1790100011000,53.6506479,-3.0096754,4.10,258,-8.3,-0.2
1790100011100,53.6506484,-3.0096886,4.05,258,-8.3,-0.1
1790100011200,53.6506453,-3.0096848,3.97,258,-9.5,0.0
1790100011300,53.6506439,-3.0096980,3.92,258,-9.3,0.2
1790100011400,53.6506462,-3.0097029,4.01,258,-8.4,-0.1
1790100011500,53.6506460,-3.0096922,3.98,258,-7.9,0.0
1790100011600,53.6506402,-3.0097088,4.01,258,-8.8,-0.2
1790100011700,53.6506397,-3.0097116,3.97,258,-8.0,0.1
1790100011800,53.6506465,-3.0097019,3.96,258,-8.1,-0.4
1790100011900,53.6506424,-3.0097026,3.95,258,-8.1,-0.6
1790100012000,53.6506427,-3.0097097,3.99,258,-9.0,-0.5
1790100012100,53.6506415,-3.0097218,3.95,258,-7.5,-0.7
1790100012200,53.6506367,-3.0097119,4.09,258,-8.7,-0.2
1790100012300,53.6506468,-3.0097202,3.88,258,-7.8,-0.4
1790100012400,53.6506451,-3.0097272,3.94,258,-8.3,-0.8
1790100012500,53.6506429,-3.0097226,3.88,258,-7.5,-0.4
1790100012600,53.6506399,-3.0097236,3.89,258,-7.6,-0.7
1790100012700,53.6506408,-3.0097373,3.85,258,-8.3,-0.5
1790100012800,53.6506435,-3.0097325,3.94,258,-7.1,-0.9
1790100012900,53.6506414,-3.0097454,3.99,258,-7.4,-0.7
1790100013000,53.6506370,-3.0097454,4.05,258,-8.0,-0.6
1790100013100,53.6506370,-3.0097542,3.97,258,-7.7,-0.6
1790100013200,53.6506375,-3.0097527,3.84,258,-7.8,-1.1
1790100013300,53.6506340,-3.0097517,4.00,258,-7.6,-0.9
1790100013400,53.6506369,-3.0097609,3.89,258,-8.0,-0.7
1790100013500,53.6506352,-3.0097582,3.88,258,-7.0,-1.5
1790100013600,53.6506363,-3.0097574,3.96,258,-7.0,-1.5
1790100013700,53.6506330,-3.0097662,3.84,258,-8.1,-1.4
1790100013800,53.6506340,-3.0097668,4.02,258,-7.8,-1.1
1790100013900,53.6506324,-3.0097789,3.95,258,-8.2,-1.5
1790100014000,53.6506313,-3.0097652,3.93,258,-7.1,-1.7
1790100014100,53.6506400,-3.0097842,3.83,258,-7.9,-1.5
1790100014200,53.6506313,-3.0097873,3.84,258,-6.8,-1.6
1790100014300,53.6506342,-3.0097785,3.96,258,-7.6,-1.9
1790100014400,53.6506338,-3.0097875,3.95,258,-6.8,-1.4
1790100014500,53.6506330,-3.0097791,3.98,258,-7.1,-1.5
1790100014600,53.6506360,-3.0097908,3.99,258,-7.1,-2.0
1790100014700,53.6506302,-3.0097852,3.98,258,-7.6,-1.6
1790100014800,53.6506375,-3.0098016,3.88,258,-8.1,-2.0
1790100014900,53.6506337,-3.0097996,3.97,258,-7.0,-1.5
1790100015000,53.6506286,-3.0098120,3.90,258,-6.9,-1.8
1790100015100,53.6506303,-3.0098049,3.98,258,-7.6,-1.6
1790100015200,53.6506343,-3.0098050,4.00,258,-7.0,-1.8
1790100015300,53.6506281,-3.0098082,3.88,258,-8.3,-2.2
1790100015400,53.6506254,-3.0098097,3.97,258,-7.8,-2.2
1790100015500,53.6506278,-3.0098237,3.83,258,-7.5,-1.8
1790100015600,53.6506309,-3.0098197,3.76,258,-7.7,-2.3
1790100015700,53.6506294,-3.0098167,3.93,258,-7.3,-2.4
1790100015800,53.6506301,-3.0098245,3.95,258,-7.1,-1.9
1790100015900,53.6506239,-3.0098210,3.91,258,-8.3,-1.8
1790100016000,53.6506245,-3.0098338,3.90,258,-7.8,-2.0
1790100016100,53.6506305,-3.0098277,3.90,258,-7.8,-2.0
1790100016200,53.6506224,-3.0098408,3.79,258,-8.6,-2.3
1790100016300,53.6506235,-3.0098436,3.74,258,-8.3,-2.5
1790100016400,53.6506287,-3.0098441,3.77,258,-7.5,-2.3
1790100016500,53.6506243,-3.0098495,3.74,258,-8.0,-2.3
1790100016600,53.6506292,-3.0098468,3.78,258,-7.4,-2.0
1790100016700,53.6506252,-3.0098499,3.92,258,-8.2,-2.0
1790100016800,53.6506200,-3.0098537,3.90,258,-8.1,-2.3
1790100016900,53.6506290,-3.0098670,3.79,258,-8.8,-2.4
1790100017000,53.6506216,-3.0098631,3.86,258,-8.0,-2.2
1790100017100,53.6506279,-3.0098726,3.86,258,-8.2,-2.5
1790100017200,53.6506244,-3.0098698,3.84,258,-8.2,-2.5
1790100017300,53.6506220,-3.0098657,3.86,258,-9.2,-2.4
1790100017400,53.6506277,-3.0098784,3.83,258,-8.0,-2.1
1790100017500,53.6506218,-3.0098835,3.85,258,-9.3,-2.1
1790100017600,53.6506260,-3.0098731,3.82,258,-8.1,-2.0
1790100017700,53.6506182,-3.0098792,3.77,258,-8.0,-2.3
1790100017800,53.6506194,-3.0098774,3.82,258,-8.6,-2.1
1790100017900,53.6506202,-3.0098918,3.70,258,-9.1,-2.2
1790100018000,53.6506155,-3.0098827,3.77,258,-8.2,-2.4
1790100018100,53.6506168,-3.0098893,3.79,258,-9.1,-2.1
1790100018200,53.6506189,-3.0099034,3.75,258,-9.3,-1.8
1790100018300,53.6506139,-3.0098998,3.89,258,-8.4,-1.6
1790100018400,53.6506215,-3.0099067,3.78,258,-8.5,-2.1
1790100018500,53.6506218,-3.0099113,3.82,258,-9.1,-2.3
1790100018600,53.6506160,-3.0099107,3.80,258,-10.1,-1.5
1790100018700,53.6506175,-3.0099037,3.74,258,-9.8,-1.6
1790100018800,53.6506136,-3.0099115,3.87,258,-9.6,-2.1
1790100018900,53.6506191,-3.0099141,3.79,258,-10.2,-1.9
1790100019000,53.6506166,-3.0099218,3.84,258,-9.7,-1.7
1790100019100,53.6506201,-3.0099268,3.82,258,-10.0,-1.5
1790100019200,53.6506203,-3.0099217,3.67,258,-10.5,-1.9
1790100019300,53.6506185,-3.0099305,3.73,258,-9.6,-1.7
1790100019400,53.6506143,-3.0099343,3.71,258,-10.1,-1.3
1790100019500,53.6506133,-3.0099359,3.66,258,-9.9,-1.9
1790100019600,53.6506093,-3.0099329,3.68,258,-10.9,-1.8
1790100019700,53.6506103,-3.0099377,3.73,258,-10.4,-1.1
1790100019800,53.6506087,-3.0099514,3.78,258,-10.5,-1.4
1790100019900,53.6506175,-3.0099457,3.78,258,-10.3,-1.7
1790100020000,53.6506139,-3.0099415,3.67,258,-9.8,-1.3
1790100020100,53.6506082,-3.0099601,3.70,258,-10.6,-1.5
1790100020200,53.6506078,-3.0099539,3.63,258,-10.7,-1.5
1790100020300,53.6506070,-3.0099483,3.78,258,-11.2,-0.8
1790100020400,53.6506158,-3.0099598,3.65,258,-10.9,-1.3
1790100020500,53.6506119,-3.0099701,3.71,258,-11.3,-1.4
1790100020600,53.6506156,-3.0099610,3.67,258,-11.1,-0.6
1790100020700,53.6506097,-3.0099631,3.65,258,-11.7,-1.2
1790100020800,53.6506157,-3.0099741,3.69,258,-11.1,-1.0
1790100020900,53.6506071,-3.0099783,3.66,258,-11.9,-1.2
1790100021000,53.6506044,-3.0099818,3.79,258,-10.7,-0.7
1790100021100,53.6506049,-3.0099743,3.60,258,-10.6,-0.8
1790100021200,53.6506040,-3.0099741,3.79,258,-10.7,-1.0
1790100021300,53.6506039,-3.0099888,3.70,258,-11.9,-1.0
1790100021400,53.6506133,-3.0099905,3.63,258,-12.0,-0.3
1790100021500,53.6506056,-3.0099948,3.74,258,-11.4,-0.3
1790100021600,53.6506040,-3.0099951,3.66,258,-11.4,-0.3
1790100021700,53.6506097,-3.0099888,3.65,258,-11.3,-0.0
1790100021800,53.6506048,-3.0100015,3.71,258,-11.6,-0.4
1790100021900,53.6506102,-3.0099953,3.73,258,-11.9,-0.5
1790100022000,53.6506043,-3.0099984,3.62,258,-11.1,-0.3
1790100022100,53.6506065,-3.0100139,3.57,258,-12.1,-0.6
1790100022200,53.6506023,-3.0100038,3.63,258,-12.0,-0.0
1790100022300,53.6506008,-3.0100133,3.70,258,-11.9,-0.3
1790100022400,53.6506085,-3.0100180,3.60,258,-11.8,0.0
1790100022500,53.6506082,-3.0100239,3.78,258,-12.5,-0.4
1790100022600,53.6506075,-3.0100136,3.75,258,-12.4,-0.2
1790100022700,53.6506022,-3.0100303,3.62,258,-11.8,0.1
1790100022800,53.6506077,-3.0100257,3.66,258,-11.6,-0.2
1790100022900,53.6505994,-3.0100351,3.64,258,-12.4,0.3
1790100023000,53.6506026,-3.0100276,3.68,258,-11.6,0.2
1790100023100,53.6506063,-3.0100265,3.62,258,-12.5,0.3
1790100023200,53.6506069,-3.0100396,3.72,258,-11.7,-0.2
1790100023300,53.6505974,-3.0100424,3.75,258,-12.0,-0.2
1790100023400,53.6506048,-3.0100353,3.70,258,-13.1,0.1
1790100023500,53.6505957,-3.0100421,3.66,258,-12.4,0.2
1790100023600,53.6505994,-3.0100496,3.64,258,-12.1,0.5
1790100023700,53.6505999,-3.0100498,3.70,258,-12.7,0.4
1790100023800,53.6505948,-3.0100468,3.66,258,-12.9,0.6
1790100023900,53.6505969,-3.0100604,3.66,258,-13.2,-0.2
1790100024000,53.6505962,-3.0100603,3.59,258,-12.2,-0.1
1790100024100,53.6505995,-3.0100596,3.73,258,-12.8,-0.1
1790100024200,53.6506026,-3.0100647,3.62,258,-12.7,0.2
1790100024300,53.6505952,-3.0100617,3.59,258,-13.0,0.5
1790100024400,53.6505923,-3.0100694,3.63,258,-11.8,-0.0
1790100024500,53.6505934,-3.0100716,3.54,258,-12.0,0.2
1790100024600,53.6505998,-3.0100695,3.73,258,-12.5,0.6
1790100024700,53.6505993,-3.0100718,3.58,258,-12.5,0.1
1790100024800,53.6506010,-3.0100912,3.58,258,-12.7,0.3
1790100024900,53.6505963,-3.0100778,3.53,258,-12.1,-0.2
1790100025000,53.6505927,-3.0100843,3.71,258,-12.3,0.3
1790100025100,53.6505914,-3.0100926,3.64,258,-11.8,0.3
1790100025200,53.6505918,-3.0100867,3.53,258,-12.7,-0.2
1790100025300,53.6505953,-3.0100920,3.66,258,-12.9,0.2
1790100025400,53.6505952,-3.0101076,3.67,258,-12.2,-0.2
1790100025500,53.6505897,-3.0101043,3.61,258,-11.6,-0.2
1790100025600,53.6505901,-3.0101036,3.67,258,-11.8,-0.2
1790100025700,53.6505888,-3.0101077,3.63,258,-12.7,0.3
1790100025800,53.6505909,-3.0101090,3.62,258,-12.2,-0.3
1790100025900,53.6505943,-3.0101085,3.57,258,-12.9,-0.3
1790100026000,53.6505901,-3.0101247,3.54,258,-11.4,0.1
1790100026100,53.6505876,-3.0101118,3.58,258,-11.3,-0.2
1790100026200,53.6505930,-3.0101221,3.56,258,-12.6,-0.4
1790100026300,53.6505883,-3.0101203,3.61,258,-11.6,-0.6
1790100026400,53.6505867,-3.0101256,3.60,258,-11.5,0.0
1790100026500,53.6505920,-3.0101361,3.70,258,-11.3,-0.6
1790100026600,53.6505847,-3.0101380,3.55,258,-11.2,-0.3
1790100026700,53.6505846,-3.0101405,3.61,258,-11.8,-0.7
1790100026800,53.6505920,-3.0101438,3.71,258,-11.8,-0.5
1790100026900,53.6505920,-3.0101326,3.49,258,-11.3,-0.9
1790100027000,53.6505908,-3.0101430,3.59,258,-12.0,-0.3
1790100027100,53.6505869,-3.0101400,3.61,258,-12.0,-0.5
1790100027200,53.6505864,-3.0101522,3.59,258,-11.5,-0.9
1790100027300,53.6505848,-3.0101452,3.66,258,-10.7,-0.5
1790100027400,53.6505832,-3.0101561,3.64,258,-11.6,-0.5
1790100027500,53.6505853,-3.0101654,3.49,258,-10.5,-0.9
1790100027600,53.6505854,-3.0101583,3.64,258,-11.4,-0.6
1790100027700,53.6505818,-3.0101694,3.51,258,-11.1,-0.6
1790100027800,53.6505888,-3.0101592,3.68,258,-10.9,-1.0
1790100027900,53.6505885,-3.0101626,3.49,258,-10.3,-1.5
1790100028000,53.6505856,-3.0101642,3.69,258,-11.6,-1.1
1790100028100,53.6505902,-3.0101812,3.64,258,-10.1,-1.2
1790100028200,53.6505832,-3.0101687,3.69,258,-11.0,-1.4
1790100028300,53.6505819,-3.0101846,3.65,258,-10.3,-1.5
1790100028400,53.6505884,-3.0101764,3.56,258,-10.1,-1.4
1790100028500,53.6505814,-3.0101763,3.48,258,-11.0,-1.1
1790100028600,53.6505840,-3.0101896,3.57,258,-10.9,-1.5
1790100028700,53.6505793,-3.0101937,3.64,258,-10.1,-1.9
1790100028800,53.6505782,-3.0101941,3.55,258,-10.7,-1.2
1790100028900,53.6505832,-3.0102029,3.68,258,-10.3,-1.8
1790100029000,53.6505812,-3.0101968,3.64,258,-10.6,-1.3
1790100029100,53.6505772,-3.0102068,3.49,258,-9.3,-1.8
1790100029200,53.6505848,-3.0102126,3.54,258,-10.6,-1.6
1790100029300,53.6505798,-3.0102079,3.62,258,-10.5,-1.4
1790100029400,53.6505822,-3.0102059,3.51,258,-9.2,-1.9
1790100029500,53.6505748,-3.0102040,3.63,258,-9.9,-1.9
1790100029600,53.6505817,-3.0102116,3.53,258,-9.2,-1.7
1790100029700,53.6505824,-3.0102112,3.58,258,-9.1,-1.8
1790100029800,53.6505803,-3.0102137,3.61,258,-8.8,-2.0
1790100029900,53.6505787,-3.0102301,3.63,258,-9.0,-2.1
1790100030000,53.6505810,-3.0102231,3.59,258,-9.2,-2.0
1790100030100,53.6505785,-3.0102297,3.69,258,-9.6,-1.7
1790100030200,53.6505727,-3.0102336,3.67,258,-9.5,-1.8
1790100030300,53.6505794,-3.0102274,3.59,258,-8.7,-1.9
1790100030400,53.6505779,-3.0102356,3.50,258,-9.3,-2.3
1790100030500,53.6505744,-3.0102473,3.52,258,-9.4,-1.9
1790100030600,53.6505759,-3.0102353,3.57,258,-8.3,-2.3
1790100030700,53.6505804,-3.0102403,3.58,258,-9.1,-1.8
1790100030800,53.6505722,-3.0102432,3.61,258,-9.3,-1.8
1790100030900,53.6505699,-3.0102467,3.52,258,-8.6,-2.4
1790100031000,53.6505704,-3.0102483,3.63,258,-8.8,-2.0
1790100031100,53.6505794,-3.0102550,3.58,258,-8.3,-2.5
1790100031200,53.6505722,-3.0102642,3.55,258,-8.1,-2.1
1790100031300,53.6505778,-3.0102665,3.50,258,-8.5,-2.5
1790100031400,53.6505759,-3.0102601,3.66,258,-8.8,-1.8
1790100031500,53.6505677,-3.0102733,3.55,258,-8.6,-1.9
1790100031600,53.6505770,-3.0102695,3.58,258,-8.4,-2.5
1790100031700,53.6505724,-3.0102689,3.50,258,-8.5,-2.2
1790100031800,53.6505670,-3.0102725,3.53,258,-8.8,-1.8
1790100031900,53.6505734,-3.0102779,3.47,258,-8.0,-2.4
1790100032000,53.6505713,-3.0102843,3.61,258,-8.4,-2.4
1790100032100,53.6505760,-3.0102797,3.70,258,-7.5,-2.4
1790100032200,53.6505716,-3.0102899,3.67,258,-7.3,-2.4
1790100032300,53.6505690,-3.0102802,3.56,258,-7.2,-2.4
1790100032400,53.6505750,-3.0102834,3.61,258,-8.5,-1.9
1790100032500,53.6505706,-3.0102879,3.61,258,-7.7,-1.7
1790100032600,53.6505720,-3.0102958,3.57,258,-7.4,-2.3
1790100032700,53.6505723,-3.0102927,3.55,258,-7.4,-1.8
1790100032800,53.6505653,-3.0102964,3.53,258,-7.3,-2.4
1790100032900,53.6505716,-3.0103055,3.68,258,-7.3,-1.9
1790100033000,53.6505664,-3.0103136,3.55,258,-6.9,-1.7
1790100033100,53.6505639,-3.0103041,3.67,258,-7.7,-1.8
1790100033200,53.6505661,-3.0103180,3.57,258,-7.2,-2.2
1790100033300,53.6505649,-3.0103235,3.71,258,-7.6,-1.6
1790100033400,53.6505641,-3.0103257,3.65,258,-7.5,-2.1
1790100033500,53.6505682,-3.0103127,3.65,258,-7.3,-1.5
1790100033600,53.6505692,-3.0103238,3.52,258,-7.8,-1.5
1790100033700,53.6505611,-3.0103229,3.58,258,-7.6,-1.7
1790100033800,53.6505690,-3.0103356,3.59,258,-7.2,-1.2
1790100033900,53.6505691,-3.0103318,3.68,258,-7.1,-1.4
1790100034000,53.6505591,-3.0103338,3.62,258,-6.9,-1.3
1790100034100,53.6505681,-3.0103442,3.63,258,-7.2,-1.6
1790100034200,53.6505601,-3.0103497,3.56,258,-8.1,-1.7
1790100034300,53.6505670,-3.0103444,3.52,258,-7.9,-1.5
1790100034400,53.6505592,-3.0103389,3.65,258,-7.3,-1.7
1790100034500,53.6505587,-3.0103433,3.61,258,-7.1,-1.1
1790100034600,53.6505611,-3.0103588,3.67,258,-7.1,-0.8
1790100034700,53.6505631,-3.0103526,3.64,258,-7.9,-1.2
1790100034800,53.6505607,-3.0103525,3.62,258,-7.0,-1.1
1790100034900,53.6505600,-3.0103529,3.66,258,-7.5,-1.1
1790100035000,53.6505646,-3.0103699,3.61,258,-7.2,-0.7
1790100035100,53.6505588,-3.0103566,3.64,258,-8.2,-1.3
1790100035200,53.6505574,-3.0103737,3.53,258,-7.7,-1.2
1790100035300,53.6505633,-3.0103650,3.60,258,-7.0,-1.1
1790100035400,53.6505592,-3.0103706,3.55,258,-7.3,-0.5
1790100035500,53.6505555,-3.0103803,3.62,258,-8.0,-0.4
1790100035600,53.6505595,-3.0103814,3.61,258,-8.3,-0.9
1790100035700,53.6505598,-3.0103743,3.73,258,-7.8,-0.8
1790100035800,53.6505632,-3.0103852,3.64,258,-8.4,-0.7
1790100035900,53.6505606,-3.0103872,3.57,258,-8.2,-0.5
1790100036000,53.6505527,-3.0103832,3.62,258,-8.5,-0.3
1790100036100,53.6505544,-3.0103984,3.72,258,-8.4,-0.8
1790100036200,53.6505601,-3.0103875,3.65,258,-8.1,-0.4
1790100036300,53.6505551,-3.0103956,3.64,258,-7.6,-0.2
1790100036400,53.6505508,-3.0104070,3.70,258,-7.5,0.0
1790100036500,53.6505590,-3.0104107,3.75,258,-8.2,-0.4
1790100036600,53.6505543,-3.0103986,3.67,258,-8.1,-0.4
1790100036700,53.6505523,-3.0104144,3.54,258,-8.6,-0.5
1790100036800,53.6505529,-3.0104101,3.74,258,-8.3,0.0
1790100036900,53.6505503,-3.0104140,3.59,258,-8.7,-0.5
1790100037000,53.6505555,-3.0104240,3.66,258,-8.4,-0.1
1790100037100,53.6505581,-3.0104264,3.64,258,-8.2,0.3
1790100037200,53.6505494,-3.0104151,3.73,258,-8.4,0.0
1790100037300,53.6505569,-3.0104286,3.64,258,-8.9,-0.1
1790100037400,53.6505479,-3.0104365,3.75,258,-8.4,-0.3
1790100037500,53.6505569,-3.0104315,3.68,258,-8.3,-0.3
1790100037600,53.6505530,-3.0104383,3.72,258,-8.7,-0.2
1790100037700,53.6505521,-3.0104454,3.69,258,-8.6,0.1
1790100037800,53.6505498,-3.0104494,3.67,258,-8.7,-0.1
1790100037900,53.6505501,-3.0104347,3.66,258,-9.7,0.3
1790100038000,53.6505525,-3.0104496,3.72,258,-9.0,0.5
1790100038100,53.6505536,-3.0104408,3.57,258,-8.7,0.3
1790100038200,53.6505455,-3.0104571,3.68,258,-9.3,0.4
1790100038300,53.6505542,-3.0104568,3.60,258,-9.6,-0.1
1790100038400,53.6505513,-3.0104581,3.69,258,-9.9,0.6
1790100038500,53.6505458,-3.0104655,3.75,258,-9.2,0.4
1790100038600,53.6505452,-3.0104550,3.59,258,-10.2,0.1
1790100038700,53.6505442,-3.0104645,3.81,258,-9.9,0.0
1790100038800,53.6505433,-3.0104662,3.59,258,-10.1,0.4
1790100038900,53.6505430,-3.0104799,3.73,258,-9.7,-0.1
1790100039000,53.6505417,-3.0104747,3.73,258,-9.9,-0.1
1790100039100,53.6505491,-3.0104690,3.82,258,-10.4,0.6
1790100039200,53.6505408,-3.0104803,3.74,258,-10.8,0.1
1790100039300,53.6505503,-3.0104902,3.61,258,-10.7,0.2
1790100039400,53.6505439,-3.0104929,3.68,258,-11.1,0.0
1790100039500,53.6505405,-3.0104918,3.62,258,-10.5,0.2
1790100039600,53.6505454,-3.0104992,3.73,258,-10.3,0.0
1790100039700,53.6505438,-3.0104903,3.76,258,-10.7,-0.2
1790100039800,53.6505480,-3.0104980,3.73,258,-10.9,-0.1
1790100039900,53.6505467,-3.0105060,3.80,258,-11.1,0.0
1790100040000,53.6505416,-3.0105085,3.65,258,-11.3,-0.4
1790100040100,53.6505468,-3.0105102,3.64,258,-10.6,0.3
1790100040200,53.6505374,-3.0105010,3.80,258,-10.8,-0.4
1790100040300,53.6505476,-3.0105128,3.73,258,-11.4,-0.2
1790100040400,53.6505412,-3.0105103,3.72,258,-11.7,-0.2
1790100040500,53.6505386,-3.0105181,3.84,258,-11.2,0.1
1790100040600,53.6505404,-3.0105136,3.64,258,-11.0,-0.2
1790100040700,53.6505375,-3.0105292,3.85,258,-11.5,-0.1
1790100040800,53.6505352,-3.0105252,3.85,258,-11.8,-0.3
1790100040900,53.6505407,-3.0105224,3.68,258,-11.1,-0.6
1790100041000,53.6505367,-3.0105365,3.69,258,-11.8,-0.4
1790100041100,53.6505413,-3.0105288,3.76,258,-11.8,-0.4
1790100041200,53.6505414,-3.0105407,3.83,258,-11.1,-0.9
1790100041300,53.6505412,-3.0105380,3.65,258,-11.5,-0.6
1790100041400,53.6505371,-3.0105500,3.78,258,-11.2,-0.8
1790100041500,53.6505356,-3.0105503,3.84,258,-11.5,-0.6
1790100041600,53.6505391,-3.0105425,3.65,258,-11.9,-0.7
1790100041700,53.6505390,-3.0105579,3.68,258,-12.6,-0.7
1790100041800,53.6505390,-3.0105585,3.73,258,-12.6,-0.9
1790100041900,53.6505358,-3.0105565,3.69,258,-12.6,-1.1
1790100042000,53.6505395,-3.0105519,3.88,258,-12.9,-1.2
1790100042100,53.6505323,-3.0105710,3.87,258,-12.0,-1.0
1790100042200,53.6505400,-3.0105639,3.86,258,-11.8,-0.7
1790100042300,53.6505341,-3.0105686,3.88,258,-12.3,-0.9
1790100042400,53.6505362,-3.0105708,3.79,258,-12.1,-1.3
1790100042500,53.6505371,-3.0105684,3.84,258,-11.9,-0.9
1790100042600,53.6505294,-3.0105852,3.86,258,-11.6,-1.3
1790100042700,53.6505338,-3.0105836,3.80,258,-12.0,-1.5
1790100042800,53.6505281,-3.0105900,3.76,258,-12.4,-1.2
1790100042900,53.6505332,-3.0105778,3.84,258,-12.8,-1.2
1790100043000,53.6505325,-3.0105896,3.73,258,-12.7,-1.4
1790100043100,53.6505278,-3.0105843,3.79,258,-11.7,-1.2
1790100043200,53.6505305,-3.0106003,3.84,258,-12.0,-1.8
1790100043300,53.6505263,-3.0106062,3.80,258,-13.0,-1.6
1790100043400,53.6505319,-3.0105991,3.90,258,-12.0,-1.5
1790100043500,53.6505290,-3.0106000,3.80,258,-12.0,-1.9
1790100043600,53.6505286,-3.0106126,3.75,258,-13.1,-1.8
1790100043700,53.6505313,-3.0106181,3.82,258,-13.2,-1.8
1790100043800,53.6505263,-3.0106089,3.79,258,-12.9,-1.9
1790100043900,53.6505263,-3.0106075,3.73,258,-12.7,-2.0
1790100044000,53.6505239,-3.0106235,3.75,258,-13.1,-2.0
1790100044100,53.6505250,-3.0106231,3.84,258,-13.1,-1.5
1790100044200,53.6505274,-3.0106242,3.91,258,-12.8,-2.2
1790100044300,53.6505257,-3.0106246,3.98,258,-12.9,-1.7
1790100044400,53.6505317,-3.0106297,3.90,258,-12.2,-1.9
1790100044500,53.6505287,-3.0106297,3.91,258,-12.9,-1.7
1790100044600,53.6505317,-3.0106371,3.78,258,-12.9,-2.1
1790100044700,53.6505253,-3.0106362,3.83,258,-12.1,-2.3
1790100044800,53.6505268,-3.0106483,3.76,258,-12.8,-1.8
1790100044900,53.6505274,-3.0106451,3.82,258,-11.9,-2.3
1790100045000,53.6505291,-3.0106505,3.82,258,-12.4,-2.2
1790100045100,53.6505239,-3.0106416,3.83,258,-12.5,-2.2
1790100045200,53.6505296,-3.0106463,3.92,258,-12.9,-2.3
1790100045300,53.6505250,-3.0106643,3.92,258,-12.8,-2.4
1790100045400,53.6505191,-3.0106642,3.83,258,-12.3,-2.2
1790100045500,53.6505215,-3.0106613,3.99,258,-12.7,-1.8
1790100045600,53.6505239,-3.0106595,3.89,258,-12.0,-2.5
1790100045700,53.6505228,-3.0106651,3.92,258,-11.5,-2.2
1790100045800,53.6505223,-3.0106683,3.92,258,-12.5,-2.1
1790100045900,53.6505230,-3.0106764,3.97,258,-11.5,-2.4
1790100046000,53.6505210,-3.0106785,3.89,258,-11.8,-2.3
1790100046100,53.6505227,-3.0106879,3.83,258,-11.6,-2.1
1790100046200,53.6505202,-3.0106787,3.84,258,-12.0,-2.1
1790100046300,53.6505153,-3.0106809,3.83,258,-11.3,-2.0
1790100046400,53.6505249,-3.0106867,3.82,258,-11.5,-2.4
1790100046500,53.6505202,-3.0106893,3.94,258,-11.1,-2.2
1790100046600,53.6505172,-3.0106950,3.89,258,-11.3,-2.1
1790100046700,53.6505183,-3.0106910,3.81,258,-12.0,-1.8
1790100046800,53.6505164,-3.0107044,3.86,258,-11.9,-1.9
1790100046900,53.6505192,-3.0107108,4.04,258,-10.9,-2.3
1790100047000,53.6505214,-3.0107079,4.02,258,-11.3,-1.9
1790100047100,53.6505201,-3.0107011,3.94,258,-10.7,-1.7
1790100047200,53.6505143,-3.0107073,3.99,258,-10.7,-1.9
1790100047300,53.6505123,-3.0107217,4.02,258,-11.5,-2.1
1790100047400,53.6505161,-3.0107162,3.87,258,-10.6,-1.9
1790100047500,53.6505159,-3.0107134,3.94,258,-11.2,-2.2
1790100047600,53.6505195,-3.0107342,4.03,258,-11.4,-2.0
1790100047700,53.6505131,-3.0107323,3.97,258,-11.0,-2.1
1790100047800,53.6505157,-3.0107259,3.95,258,-10.4,-1.8
1790100047900,53.6505115,-3.0107299,3.86,258,-10.7,-1.4
1790100048000,53.6505104,-3.0107369,4.04,258,-9.7,-1.3
1790100048100,53.6505142,-3.0107368,4.06,258,-10.8,-1.9
1790100048200,53.6505088,-3.0107476,3.99,258,-10.8,-1.9
1790100048300,53.6505080,-3.0107476,4.05,258,-9.8,-1.8
1790100048400,53.6505077,-3.0107462,4.02,258,-10.7,-1.9
1790100048500,53.6505071,-3.0107569,3.86,258,-9.6,-1.4
1790100048600,53.6505118,-3.0107610,3.95,258,-9.7,-1.4
1790100048700,53.6505150,-3.0107584,3.96,258,-9.3,-1.0
1790100048800,53.6505133,-3.0107557,4.10,258,-9.2,-1.2
1790100048900,53.6505133,-3.0107575,4.09,258,-9.3,-1.7
1790100049000,53.6505116,-3.0107738,3.97,258,-10.3,-1.2
1790100049100,53.6505098,-3.0107788,4.04,258,-10.3,-1.2
1790100049200,53.6505130,-3.0107681,3.96,258,-9.0,-1.5
1790100049300,53.6505079,-3.0107715,3.98,258,-9.6,-1.1
1790100049400,53.6505137,-3.0107849,3.96,258,-9.3,-1.4
1790100049500,53.6505049,-3.0107819,3.97,258,-8.8,-1.3
1790100049600,53.6505097,-3.0107835,4.01,258,-8.5,-1.0
1790100049700,53.6505083,-3.0107979,4.12,258,-8.4,-0.9
1790100049800,53.6505025,-3.0107997,3.99,258,-9.7,-1.1
1790100049900,53.6505033,-3.0107961,4.00,258,-8.8,-1.1
1790100050000,53.6505093,-3.0108002,3.93,258,-8.2,-0.6
1790100050100,53.6505070,-3.0107972,4.03,258,-9.3,-0.8
1790100050200,53.6505069,-3.0108116,4.10,258,-8.1,-0.8
1790100050300,53.6505006,-3.0108160,3.94,258,-8.6,-0.4
1790100050400,53.6505042,-3.0108161,4.02,258,-9.0,-0.6
1790100050500,53.6505038,-3.0108132,4.09,258,-8.5,-0.4
1790100050600,53.6505033,-3.0108095,4.10,258,-8.1,-0.7
1790100050700,53.6505046,-3.0108228,4.02,258,-8.1,-0.6
1790100050800,53.6505020,-3.0108254,4.03,258,-7.8,-0.1
1790100050900,53.6505000,-3.0108344,3.96,258,-8.8,-0.3
1790100051000,53.6505075,-3.0108246,3.99,258,-9.0,-0.3
1790100051100,53.6505056,-3.0108248,3.95,258,-8.1,-0.3
1790100051200,53.6505063,-3.0108338,4.05,258,-8.5,-0.2
1790100051300,53.6505041,-3.0108354,3.95,258,-7.8,0.0
1790100051400,53.6505040,-3.0108426,4.00,258,-7.8,0.1
1790100051500,53.6505035,-3.0108486,4.06,258,-8.5,-0.2
1790100051600,53.6505017,-3.0108522,3.92,258,-7.4,0.3
1790100051700,53.6505034,-3.0108580,4.06,258,-8.0,0.2
1790100051800,53.6505032,-3.0108620,3.94,258,-8.0,0.2
1790100051900,53.6504970,-3.0108579,4.13,258,-7.1,0.0
1790100052000,53.6505035,-3.0108580,3.95,258,-8.3,0.0
1790100052100,53.6504944,-3.0108538,4.08,258,-7.1,-0.1
1790100052200,53.6504931,-3.0108734,3.96,258,-7.2,-0.2
1790100052300,53.6505006,-3.0108761,4.01,258,-7.0,0.3
1790100052400,53.6504970,-3.0108728,3.94,258,-8.3,0.4
1790100052500,53.6504969,-3.0108830,4.05,258,-7.7,0.5
1790100052600,53.6504981,-3.0108733,4.15,258,-8.1,0.3
1790100052700,53.6504939,-3.0108879,4.06,258,-7.3,0.5
1790100052800,53.6504961,-3.0108775,3.99,258,-8.0,0.4
1790100052900,53.6504943,-3.0108830,4.05,258,-7.1,0.4
1790100053000,53.6504913,-3.0108916,4.06,258,-7.8,0.5
1790100053100,53.6504887,-3.0108896,4.15,258,-7.8,0.4
1790100053200,53.6504931,-3.0108977,4.06,258,-8.2,0.6
1790100053300,53.6504913,-3.0108989,4.09,258,-7.6,0.0
1790100053400,53.6504941,-3.0109112,4.04,258,-8.0,0.4
1790100053500,53.6504905,-3.0109018,3.97,258,-8.0,-0.2
1790100053600,53.6504927,-3.0109014,4.08,258,-7.8,-0.1
1790100053700,53.6504894,-3.0109167,3.99,258,-7.0,-0.1
1790100053800,53.6504964,-3.0109066,4.11,258,-8.2,-0.1
1790100053900,53.6504900,-3.0109139,4.05,258,-7.3,0.1
1790100054000,53.6504877,-3.0109230,4.02,258,-8.1,0.4
1790100054100,53.6504900,-3.0109307,4.11,258,-7.9,0.5
1790100054200,53.6504869,-3.0109316,4.10,258,-8.3,0.3
1790100054300,53.6504860,-3.0109350,4.05,258,-8.2,-0.1
1790100054400,53.6504902,-3.0109351,4.01,258,-7.2,-0.4
1790100054500,53.6504901,-3.0109383,4.09,258,-7.2,-0.1
1790100054600,53.6504861,-3.0109484,3.99,258,-7.2,-0.0
1790100054700,53.6504882,-3.0109396,4.17,258,-7.8,-0.2
1790100054800,53.6504895,-3.0109508,4.06,258,-8.5,-0.4
1790100054900,53.6504860,-3.0109575,4.04,258,-7.1,-0.2
1790100055000,53.6504882,-3.0109507,4.04,258,-7.3,-0.5
1790100055100,53.6504864,-3.0109563,4.19,258,-8.4,-0.1
1790100055200,53.6504859,-3.0109577,4.04,258,-7.5,-0.6
1790100055300,53.6504802,-3.0109605,4.04,258,-7.8,-0.6
1790100055400,53.6504827,-3.0109733,4.02,258,-7.7,-0.2
1790100055500,53.6504852,-3.0109624,4.14,258,-7.5,-0.3
1790100055600,53.6504853,-3.0109672,4.21,258,-8.4,-0.7
1790100055700,53.6504824,-3.0109754,4.07,258,-8.4,-0.6
1790100055800,53.6504832,-3.0109736,4.11,258,-7.6,-0.2
1790100055900,53.6504805,-3.0109860,4.00,258,-8.7,-0.6
1790100056000,53.6504774,-3.0109901,4.11,258,-7.9,-0.3
1790100056100,53.6504832,-3.0109853,4.18,258,-8.2,-1.0
1790100056200,53.6504797,-3.0109842,4.08,258,-9.1,-0.4
1790100056300,53.6504847,-3.0109900,4.15,258,-7.8,-0.6
1790100056400,53.6504840,-3.0109959,4.14,258,-8.0,-0.6
1790100056500,53.6504783,-3.0109912,4.11,258,-8.4,-0.7
1790100056600,53.6504831,-3.0110074,4.17,258,-8.8,-0.9
1790100056700,53.6504842,-3.0110135,4.00,258,-9.4,-1.2
1790100056800,53.6504834,-3.0110130,4.22,258,-8.8,-0.8
1790100056900,53.6504799,-3.0110061,4.14,258,-9.3,-1.0
1790100057000,53.6504778,-3.0110220,4.15,258,-9.1,-1.1
1790100057100,53.6504813,-3.0110224,4.19,258,-8.7,-1.0
1790100057200,53.6504798,-3.0110218,4.12,258,-8.5,-1.1
1790100057300,53.6504727,-3.0110178,4.12,258,-8.5,-1.4
1790100057400,53.6504791,-3.0110268,4.20,258,-9.0,-1.6
1790100057500,53.6504719,-3.0110394,4.07,258,-9.7,-1.6
1790100057600,53.6504773,-3.0110400,4.04,258,-9.0,-1.4
1790100057700,53.6504779,-3.0110317,4.14,258,-9.0,-1.5
1790100057800,53.6504804,-3.0110480,4.19,258,-10.3,-1.6
1790100057900,53.6504701,-3.0110352,4.17,258,-9.3,-1.7
1790100058000,53.6504733,-3.0110499,4.03,258,-9.2,-1.6
1790100058100,53.6504723,-3.0110415,4.15,258,-9.7,-1.3
1790100058200,53.6504693,-3.0110535,4.10,258,-9.4,-1.7
1790100058300,53.6504698,-3.0110560,4.22,258,-10.0,-1.7
1790100058400,53.6504781,-3.0110529,4.14,258,-10.8,-2.1
1790100058500,53.6504679,-3.0110610,4.03,258,-9.8,-2.1
1790100058600,53.6504680,-3.0110601,4.13,258,-10.8,-2.2
1790100058700,53.6504710,-3.0110728,4.14,258,-10.5,-1.8
1790100058800,53.6504760,-3.0110736,4.03,258,-11.0,-2.2
1790100058900,53.6504733,-3.0110822,4.07,258,-10.5,-2.2
1790100059000,53.6504713,-3.0110806,4.22,258,-10.0,-2.0
1790100059100,53.6504676,-3.0110736,4.04,258,-10.6,-2.1
1790100059200,53.6504683,-3.0110910,4.17,258,-10.4,-1.9
1790100059300,53.6504646,-3.0110843,4.10,258,-10.1,-2.4
1790100059400,53.6504685,-3.0110975,4.16,258,-11.3,-1.9
1790100059500,53.6504728,-3.0110991,4.21,258,-11.4,-2.0
1790100059600,53.6504674,-3.0110930,4.24,258,-11.4,-1.9
1790100059700,53.6504667,-3.0110953,4.12,258,-11.0,-2.5
1790100059800,53.6504677,-3.0111049,4.08,258,-10.7,-1.9
1790100059900,53.6504661,-3.0111034,4.19,258,-10.6,-1.8
1790100060000,53.6504682,-3.0111041,4.12,258,-10.9,-2.5
1790100060100,53.6504697,-3.0111180,4.12,258,-10.8,-2.5
1790100060200,53.6504628,-3.0111174,4.02,258,-10.9,-2.3
1790100060300,53.6504629,-3.0111148,4.22,258,-12.1,-1.9
1790100060400,53.6504661,-3.0111278,4.22,258,-11.4,-2.2
1790100060500,53.6504669,-3.0111317,4.09,258,-11.8,-2.5
1790100060600,53.6504604,-3.0111293,4.15,258,-12.4,-1.8
1790100060700,53.6504656,-3.0111383,4.25,258,-11.4,-1.9
1790100060800,53.6504643,-3.0111328,4.19,258,-11.3,-2.4
1790100060900,53.6504660,-3.0111460,4.04,258,-11.2,-2.0
1790100061000,53.6504581,-3.0111367,4.05,258,-11.7,-2.0
1790100061100,53.6504617,-3.0111491,4.05,258,-11.9,-1.7
1790100061200,53.6504587,-3.0111449,4.08,258,-12.7,-1.8
1790100061300,53.6504668,-3.0111474,4.18,258,-11.9,-2.0
1790100061400,53.6504574,-3.0111601,4.06,258,-12.7,-2.1
1790100061500,53.6504641,-3.0111476,4.17,258,-12.3,-1.7
1790100061600,53.6504561,-3.0111534,4.08,258,-12.1,-1.7
1790100061700,53.6504641,-3.0111674,4.09,258,-12.9,-2.2
1790100061800,53.6504546,-3.0111621,4.21,258,-12.0,-1.9
1790100061900,53.6504585,-3.0111639,4.06,258,-12.6,-1.7
1790100062000,53.6504563,-3.0111631,4.13,258,-12.2,-1.7
1790100062100,53.6504612,-3.0111809,4.22,258,-12.7,-2.2
1790100062200,53.6504592,-3.0111830,4.06,258,-13.0,-1.8
1790100062300,53.6504606,-3.0111844,3.98,258,-12.3,-1.6
1790100062400,53.6504600,-3.0111908,4.03,258,-13.1,-1.3
1790100062500,53.6504581,-3.0111952,4.16,258,-11.7,-1.4
1790100062600,53.6504519,-3.0111974,4.10,258,-12.1,-2.0
1790100062700,53.6504584,-3.0111945,4.14,258,-12.1,-1.8
1790100062800,53.6504549,-3.0112062,4.08,258,-12.1,-1.3
1790100062900,53.6504529,-3.0112032,4.00,258,-12.6,-1.6
1790100063000,53.6504596,-3.0111953,4.17,258,-12.7,-1.4
1790100063100,53.6504540,-3.0112039,4.19,258,-11.9,-1.7
1790100063200,53.6504565,-3.0112063,4.00,258,-12.8,-1.0
1790100063300,53.6504487,-3.0112069,4.16,258,-12.5,-1.5
1790100063400,53.6504571,-3.0112234,4.18,258,-12.3,-1.7
1790100063500,53.6504517,-3.0112172,3.97,258,-12.1,-1.1
1790100063600,53.6504575,-3.0112134,4.17,258,-12.3,-1.2
1790100063700,53.6504529,-3.0112179,4.05,258,-12.2,-1.4
1790100063800,53.6504486,-3.0112249,4.18,258,-12.9,-1.4
1790100063900,53.6504463,-3.0112227,4.15,258,-12.9,-1.1
1790100064000,53.6504552,-3.0112411,3.99,258,-12.2,-0.6
1790100064100,53.6504529,-3.0112360,4.01,258,-13.0,-1.3
1790100064200,53.6504468,-3.0112346,4.14,258,-12.3,-0.7
1790100064300,53.6504502,-3.0112434,4.16,258,-11.8,-0.6
1790100064400,53.6504518,-3.0112453,4.04,258,-11.7,-0.4
1790100064500,53.6504505,-3.0112579,4.14,258,-12.5,-0.5
1790100064600,53.6504525,-3.0112511,4.16,258,-11.8,-0.8
1790100064700,53.6504444,-3.0112649,4.16,258,-11.9,-0.6
1790100064800,53.6504453,-3.0112612,4.02,258,-12.3,-0.3
1790100064900,53.6504434,-3.0112615,4.06,258,-12.1,-0.4
1790100065000,53.6504520,-3.0112690,4.12,258,-12.4,-0.2
1790100065100,53.6504452,-3.0112615,4.04,258,-11.3,-0.6
1790100065200,53.6504452,-3.0112733,4.03,258,-11.5,-0.3
1790100065300,53.6504413,-3.0112773,4.05,258,-12.5,-0.0
1790100065400,53.6504458,-3.0112848,4.00,258,-11.8,-0.0
1790100065500,53.6504417,-3.0112747,3.93,258,-11.9,-0.4
1790100065600,53.6504453,-3.0112764,4.05,258,-11.6,0.1
1790100065700,53.6504463,-3.0112810,4.14,258,-12.4,-0.3
1790100065800,53.6504484,-3.0112978,4.04,258,-12.2,-0.1
1790100065900,53.6504435,-3.0112951,3.98,258,-11.6,0.3
1790100066000,53.6504444,-3.0112989,3.99,258,-11.9,-0.4
1790100066100,53.6504421,-3.0113059,4.10,258,-11.4,-0.2
1790100066200,53.6504415,-3.0113027,4.05,258,-11.9,0.3
1790100066300,53.6504406,-3.0112974,3.98,258,-11.5,-0.1
1790100066400,53.6504367,-3.0113047,3.95,258,-10.7,-0.1
1790100066500,53.6504395,-3.0113145,4.14,258,-10.8,-0.1
1790100066600,53.6504371,-3.0113141,4.02,258,-11.3,0.4
1790100066700,53.6504415,-3.0113218,4.05,258,-11.4,-0.2
1790100066800,53.6504399,-3.0113199,3.93,258,-11.0,0.4
1790100066900,53.6504377,-3.0113179,4.13,258,-11.4,-0.1
1790100067000,53.6504410,-3.0113195,4.02,258,-11.4,0.5
1790100067100,53.6504382,-3.0113232,4.02,258,-11.0,0.5
1790100067200,53.6504363,-3.0113259,4.03,258,-10.5,0.0
1790100067300,53.6504395,-3.0113349,4.02,258,-10.2,0.6
1790100067400,53.6504397,-3.0113367,4.01,258,-10.6,-0.1
1790100067500,53.6504421,-3.0113484,3.91,258,-11.1,0.5
1790100067600,53.6504417,-3.0113500,3.97,258,-10.4,0.5
1790100067700,53.6504402,-3.0113469,4.02,258,-10.4,0.2
1790100067800,53.6504338,-3.0113539,4.08,258,-10.7,0.4
1790100067900,53.6504354,-3.0113532,4.07,258,-10.5,0.6
1790100068000,53.6504324,-3.0113505,4.05,258,-10.1,0.0
1790100068100,53.6504317,-3.0113609,3.89,258,-10.5,0.2
1790100068200,53.6504307,-3.0113575,4.05,258,-9.9,-0.0
1790100068300,53.6504365,-3.0113655,4.03,258,-9.3,-0.1
1790100068400,53.6504348,-3.0113785,4.06,258,-9.4,0.2
1790100068500,53.6504376,-3.0113681,4.08,258,-9.8,-0.3
1790100068600,53.6504345,-3.0113854,3.98,258,-9.5,-0.0
1790100068700,53.6504294,-3.0113727,3.97,258,-10.1,-0.2
1790100068800,53.6504340,-3.0113855,3.90,258,-9.6,0.4
1790100068900,53.6504313,-3.0113765,3.86,258,-9.4,0.2
1790100069000,53.6504290,-3.0113811,3.96,258,-8.9,0.3
1790100069100,53.6504296,-3.0113907,3.87,258,-8.5,0.0
1790100069200,53.6504271,-3.0114020,3.90,258,-8.5,-0.2
1790100069300,53.6504301,-3.0114014,4.05,258,-9.4,-0.2
1790100069400,53.6504332,-3.0114050,4.01,258,-9.6,-0.3
1790100069500,53.6504328,-3.0113973,4.04,258,-8.6,-0.4
1790100069600,53.6504244,-3.0114006,3.87,258,-9.4,0.1
1790100069700,53.6504336,-3.0114135,3.86,258,-8.3,-0.3
1790100069800,53.6504283,-3.0114123,3.94,258,-8.2,-0.4
1790100069900,53.6504289,-3.0114081,3.94,258,-8.8,-0.0
1790100070000,53.6504264,-3.0114234,4.05,258,-7.9,-0.1
1790100070100,53.6504267,-3.0114256,4.00,258,-9.1,-0.1
1790100070200,53.6504260,-3.0114217,4.05,258,-8.6,-0.4
1790100070300,53.6504255,-3.0114356,4.03,258,-8.8,-0.9
1790100070400,53.6504232,-3.0114221,3.87,258,-7.9,-1.0
1790100070500,53.6504216,-3.0114250,3.95,258,-9.0,-0.5
1790100070600,53.6504255,-3.0114381,3.88,258,-8.0,-0.5
1790100070700,53.6504266,-3.0114323,4.04,258,-8.0,-0.6
1790100070800,53.6504232,-3.0114357,3.94,258,-7.5,-0.7
1790100070900,53.6504231,-3.0114402,4.03,258,-7.6,-0.6
1790100071000,53.6504294,-3.0114430,3.95,258,-8.1,-0.6
1790100071100,53.6504222,-3.0114430,3.99,258,-7.7,-0.8
1790100071200,53.6504183,-3.0114627,3.91,258,-8.2,-1.1
1790100071300,53.6504245,-3.0114500,3.83,258,-8.5,-0.8
1790100071400,53.6504196,-3.0114533,4.00,258,-8.0,-1.0
1790100071500,53.6504182,-3.0114613,3.94,258,-7.4,-1.1
1790100071600,53.6504169,-3.0114615,3.77,258,-8.2,-1.5
1790100071700,53.6504258,-3.0114753,3.91,258,-7.7,-1.2
1790100071800,53.6504230,-3.0114664,3.86,258,-7.9,-1.2
1790100071900,53.6504193,-3.0114724,3.79,258,-7.4,-1.1
1790100072000,53.6504230,-3.0114764,3.75,258,-7.3,-1.6
1790100072100,53.6504251,-3.0114733,3.86,258,-7.4,-1.6
1790100072200,53.6504245,-3.0114880,3.83,258,-7.9,-1.2
1790100072300,53.6504203,-3.0114840,3.94,258,-7.1,-1.6
1790100072400,53.6504200,-3.0114825,3.79,258,-8.1,-1.5
1790100072500,53.6504231,-3.0114975,3.88,258,-8.0,-1.4
1790100072600,53.6504137,-3.0114890,3.95,258,-7.1,-1.4
1790100072700,53.6504221,-3.0115039,3.78,258,-8.2,-1.8
1790100072800,53.6504125,-3.0115014,3.78,258,-6.9,-2.1
1790100072900,53.6504120,-3.0114976,3.89,258,-7.5,-1.8
1790100073000,53.6504131,-3.0115059,3.91,258,-7.8,-1.9
1790100073100,53.6504156,-3.0115048,3.94,258,-6.8,-1.9
1790100073200,53.6504137,-3.0115114,3.75,258,-7.1,-1.6
1790100073300,53.6504209,-3.0115203,3.77,258,-7.9,-2.0
1790100073400,53.6504202,-3.0115236,3.73,258,-7.3,-1.8
1790100073500,53.6504135,-3.0115205,3.74,258,-7.5,-2.1
1790100073600,53.6504146,-3.0115262,3.75,258,-7.2,-1.9
1790100073700,53.6504141,-3.0115204,3.70,258,-8.0,-1.9
1790100073800,53.6504153,-3.0115340,3.91,258,-7.9,-2.3
1790100073900,53.6504097,-3.0115284,3.77,258,-6.9,-2.5
1790100074000,53.6504102,-3.0115305,3.89,258,-8.0,-2.0
1790100074100,53.6504155,-3.0115341,3.86,258,-7.4,-2.2
1790100074200,53.6504095,-3.0115443,3.89,258,-8.4,-2.5
1790100074300,53.6504125,-3.0115404,3.72,258,-8.2,-2.2
1790100074400,53.6504149,-3.0115456,3.82,258,-8.5,-2.3
1790100074500,53.6504093,-3.0115459,3.86,258,-7.8,-2.0
1790100074600,53.6504150,-3.0115590,3.84,258,-8.4,-2.5
1790100074700,53.6504107,-3.0115540,3.87,258,-8.3,-2.2
1790100074800,53.6504145,-3.0115630,3.86,258,-7.4,-2.1
1790100074900,53.6504091,-3.0115546,3.81,258,-8.7,-2.0
1790100075000,53.6504125,-3.0115729,3.66,258,-7.9,-2.3
1790100075100,53.6504114,-3.0115768,3.83,258,-7.7,-2.4
1790100075200,53.6504037,-3.0115758,3.82,258,-7.9,-1.9
1790100075300,53.6504060,-3.0115689,3.79,258,-8.9,-1.8
1790100075400,53.6504109,-3.0115712,3.78,258,-8.5,-2.5
1790100075500,53.6504066,-3.0115841,3.71,258,-8.9,-2.2
1790100075600,53.6504077,-3.0115918,3.69,258,-8.9,-2.3
1790100075700,53.6504067,-3.0115947,3.83,258,-7.7,-2.5
1790100075800,53.6504083,-3.0115813,3.84,258,-8.9,-2.1
1790100075900,53.6504017,-3.0115867,3.73,258,-9.1,-2.4
1790100076000,53.6504018,-3.0116007,3.65,258,-8.2,-2.3
1790100076100,53.6504107,-3.0115986,3.74,258,-8.2,-1.8
1790100076200,53.6504039,-3.0115943,3.86,258,-9.1,-1.8
1790100076300,53.6503997,-3.0115954,3.61,258,-9.4,-2.1
1790100076400,53.6504052,-3.0115996,3.80,258,-9.4,-2.1
1790100076500,53.6504051,-3.0116096,3.78,258,-8.9,-2.2
1790100076600,53.6504026,-3.0116100,3.69,258,-9.8,-1.7
1790100076700,53.6504028,-3.0116192,3.72,258,-9.8,-1.7
1790100076800,53.6504081,-3.0116182,3.63,258,-9.0,-1.9
1790100076900,53.6504010,-3.0116275,3.75,258,-9.2,-1.6
1790100077000,53.6504064,-3.0116225,3.62,258,-9.3,-1.9
1790100077100,53.6503999,-3.0116215,3.71,258,-9.9,-1.8
1790100077200,53.6504025,-3.0116339,3.69,258,-9.7,-1.9
1790100077300,53.6504049,-3.0116262,3.81,258,-10.0,-1.9
1790100077400,53.6503997,-3.0116338,3.72,258,-9.9,-1.6
1790100077500,53.6503970,-3.0116290,3.70,258,-10.5,-1.5
1790100077600,53.6503972,-3.0116347,3.61,258,-9.4,-1.8
1790100077700,53.6504042,-3.0116381,3.77,258,-9.5,-1.1
1790100077800,53.6503943,-3.0116484,3.64,258,-9.7,-1.0
1790100077900,53.6504043,-3.0116525,3.64,258,-10.2,-0.9
1790100078000,53.6503972,-3.0116444,3.77,258,-10.1,-0.9
1790100078100,53.6503997,-3.0116492,3.76,258,-9.8,-1.4
1790100078200,53.6503962,-3.0116584,3.73,258,-10.3,-1.4
1790100078300,53.6504023,-3.0116580,3.66,258,-10.1,-0.7
1790100078400,53.6503977,-3.0116716,3.79,258,-10.3,-1.2
1790100078500,53.6503979,-3.0116704,3.74,258,-10.6,-0.7
1790100078600,53.6503925,-3.0116708,3.80,258,-10.8,-0.9
1790100078700,53.6504007,-3.0116685,3.63,258,-10.2,-0.7
1790100078800,53.6503972,-3.0116739,3.69,258,-10.9,-0.8
1790100078900,53.6503971,-3.0116850,3.74,258,-10.2,-0.6
1790100079000,53.6503981,-3.0116737,3.76,258,-11.3,-0.5
1790100079100,53.6503976,-3.0116787,3.78,258,-11.5,-0.3
1790100079200,53.6503925,-3.0116936,3.71,258,-11.0,-0.4
1790100079300,53.6503942,-3.0116946,3.68,258,-10.7,-0.4
1790100079400,53.6503981,-3.0116877,3.73,258,-11.3,-0.8
1790100079500,53.6503940,-3.0116926,3.70,258,-10.7,-0.8
1790100079600,53.6503933,-3.0116912,3.76,258,-11.3,-0.8
1790100079700,53.6503904,-3.0117082,3.71,258,-11.4,-0.2
1790100079800,53.6503888,-3.0117091,3.68,258,-11.0,-0.3
1790100079900,53.6503936,-3.0117107,3.62,258,-11.0,-0.3
1790100080000,53.6503893,-3.0117139,3.59,258,-12.3,0.1
1790100080100,53.6503905,-3.0117087,3.56,258,-11.0,0.1
1790100080200,53.6503944,-3.0117154,3.67,258,-11.6,-0.3
1790100080300,53.6503922,-3.0117111,3.72,258,-11.7,-0.1
1790100080400,53.6503866,-3.0117101,3.66,258,-11.6,-0.3
1790100080500,53.6503859,-3.0117267,3.66,258,-12.0,-0.4
1790100080600,53.6503863,-3.0117168,3.69,258,-12.7,0.0
1790100080700,53.6503903,-3.0117217,3.73,258,-11.5,-0.3
1790100080800,53.6503886,-3.0117241,3.70,258,-12.7,-0.3
1790100080900,53.6503915,-3.0117294,3.58,258,-12.3,0.2
1790100081000,53.6503933,-3.0117287,3.60,258,-11.9,0.1
1790100081100,53.6503873,-3.0117418,3.71,258,-12.2,-0.0
1790100081200,53.6503894,-3.0117474,3.54,258,-12.9,0.2
1790100081300,53.6503880,-3.0117454,3.51,258,-12.0,0.4
1790100081400,53.6503882,-3.0117484,3.61,258,-11.7,0.1
1790100081500,53.6503854,-3.0117418,3.61,258,-12.4,-0.0
1790100081600,53.6503892,-3.0117559,3.58,258,-13.0,-0.0
1790100081700,53.6503879,-3.0117569,3.68,258,-12.2,0.4
1790100081800,53.6503813,-3.0117625,3.55,258,-12.9,0.1
1790100081900,53.6503891,-3.0117562,3.62,258,-12.9,-0.1
1790100082000,53.6503844,-3.0117625,3.69,258,-12.1,0.2
1790100082100,53.6503832,-3.0117613,3.57,258,-12.4,0.5
1790100082200,53.6503819,-3.0117680,3.55,258,-12.4,-0.1
1790100082300,53.6503846,-3.0117701,3.63,258,-13.2,0.3
1790100082400,53.6503813,-3.0117810,3.55,258,-12.3,-0.1
1790100082500,53.6503874,-3.0117687,3.54,258,-12.4,0.2
1790100082600,53.6503826,-3.0117883,3.61,258,-12.4,-0.2
1790100082700,53.6503813,-3.0117801,3.59,258,-13.2,0.2
1790100082800,53.6503835,-3.0117800,3.52,258,-11.9,-0.2
1790100082900,53.6503807,-3.0117922,3.51,258,-12.5,0.5
1790100083000,53.6503803,-3.0117857,3.69,258,-12.1,0.3
1790100083100,53.6503837,-3.0117983,3.56,258,-11.9,-0.2
1790100083200,53.6503840,-3.0117922,3.54,258,-12.1,0.2
1790100083300,53.6503851,-3.0117960,3.64,258,-13.2,-0.0
1790100083400,53.6503819,-3.0118094,3.66,258,-12.4,0.2
1790100083500,53.6503766,-3.0118020,3.59,258,-11.7,0.1
1790100083600,53.6503781,-3.0118003,3.53,258,-12.3,0.1
1790100083700,53.6503781,-3.0118117,3.63,258,-12.9,-0.5
1790100083800,53.6503765,-3.0118088,3.49,258,-12.7,-0.3
1790100083900,53.6503794,-3.0118179,3.61,258,-12.3,0.1
1790100084000,53.6503761,-3.0118242,3.66,258,-13.0,-0.3
1790100084100,53.6503766,-3.0118260,3.60,258,-12.8,-0.7
1790100084200,53.6503813,-3.0118224,3.58,258,-12.6,-0.1
1790100084300,53.6503762,-3.0118340,3.65,258,-12.1,-0.7
1790100084400,53.6503782,-3.0118377,3.72,258,-12.1,-0.1
1790100084500,53.6503800,-3.0118292,3.62,258,-12.6,-0.3
1790100084600,53.6503796,-3.0118261,3.58,258,-11.6,-0.8
1790100084700,53.6503706,-3.0118426,3.68,258,-12.3,-0.9
1790100084800,53.6503783,-3.0118487,3.68,258,-12.2,-0.9
1790100084900,53.6503715,-3.0118356,3.54,258,-12.0,-0.9
1790100085000,53.6503747,-3.0118532,3.63,258,-12.1,-0.9
1790100085100,53.6503706,-3.0118538,3.64,258,-12.1,-0.5
1790100085200,53.6503718,-3.0118516,3.62,258,-11.5,-0.7
1790100085300,53.6503727,-3.0118519,3.70,258,-11.0,-1.0
1790100085400,53.6503732,-3.0118641,3.56,258,-12.3,-0.7
1790100085500,53.6503739,-3.0118611,3.69,258,-11.9,-1.2
1790100085600,53.6503692,-3.0118609,3.54,258,-11.8,-0.7
1790100085700,53.6503736,-3.0118617,3.52,258,-11.5,-1.1
1790100085800,53.6503762,-3.0118732,3.53,258,-12.0,-1.0
1790100085900,53.6503665,-3.0118770,3.67,258,-11.1,-1.1
1790100086000,53.6503704,-3.0118708,3.65,258,-10.9,-1.1
1790100086100,53.6503676,-3.0118749,3.69,258,-10.6,-1.6
1790100086200,53.6503748,-3.0118748,3.59,258,-11.7,-1.2
1790100086300,53.6503700,-3.0118769,3.62,258,-10.5,-1.6
1790100086400,53.6503690,-3.0118818,3.68,258,-11.3,-1.2
1790100086500,53.6503720,-3.0118962,3.66,258,-10.1,-1.1
1790100086600,53.6503660,-3.0118975,3.61,258,-10.2,-1.2
1790100086700,53.6503694,-3.0118868,3.65,258,-11.1,-1.2
1790100086800,53.6503683,-3.0118867,3.55,258,-10.8,-1.9
1790100086900,53.6503715,-3.0119009,3.58,258,-10.3,-1.7
1790100087000,53.6503639,-3.0118958,3.60,258,-10.3,-1.4
1790100087100,53.6503659,-3.0119087,3.63,258,-11.0,-1.9
1790100087200,53.6503685,-3.0119064,3.63,258,-11.0,-2.1
1790100087300,53.6503687,-3.0119150,3.63,258,-9.5,-1.8
1790100087400,53.6503653,-3.0119149,3.63,258,-9.7,-1.8
1790100087500,53.6503667,-3.0119203,3.64,258,-9.7,-2.0
1790100087600,53.6503635,-3.0119098,3.70,258,-9.5,-1.6
1790100087700,53.6503643,-3.0119163,3.52,258,-9.8,-2.3
1790100087800,53.6503689,-3.0119253,3.54,258,-10.2,-1.6
1790100087900,53.6503608,-3.0119291,3.57,258,-10.4,-2.1
1790100088000,53.6503673,-3.0119241,3.71,258,-9.1,-1.8
1790100088100,53.6503606,-3.0119223,3.60,258,-10.1,-2.3
1790100088200,53.6503667,-3.0119310,3.72,258,-9.9,-2.0
1790100088300,53.6503648,-3.0119333,3.52,258,-9.7,-2.3
1790100088400,53.6503650,-3.0119412,3.65,258,-9.4,-1.8
1790100088500,53.6503666,-3.0119355,3.56,258,-8.7,-2.5
1790100088600,53.6503655,-3.0119432,3.69,258,-8.9,-2.1
1790100088700,53.6503638,-3.0119481,3.48,258,-9.8,-1.8
1790100088800,53.6503596,-3.0119493,3.51,258,-9.7,-2.4
1790100088900,53.6503576,-3.0119450,3.58,258,-8.8,-2.0
1790100089000,53.6503633,-3.0119637,3.67,258,-8.7,-1.9
1790100089100,53.6503578,-3.0119542,3.70,258,-9.3,-2.5
1790100089200,53.6503574,-3.0119593,3.67,258,-8.2,-2.0
1790100089300,53.6503562,-3.0119585,3.64,258,-8.8,-2.0
1790100089400,53.6503622,-3.0119612,3.61,258,-9.2,-1.8
1790100089500,53.6503547,-3.0119682,3.52,258,-8.9,-2.6
1790100089600,53.6503583,-3.0119797,3.70,258,-9.2,-2.3
1790100089700,53.6503627,-3.0119771,3.69,258,-8.7,-2.5
1790100089800,53.6503562,-3.0119798,3.55,258,-8.9,-2.4
1790100089900,53.6503622,-3.0119749,3.57,258,-8.0,-2.2
1790100090000,53.6503565,-3.0119755,3.73,258,-8.3,-2.5
1790100090100,53.6503552,-3.0119847,3.60,258,-7.5,-2.4
1790100090200,53.6503611,-3.0119931,3.57,258,-8.6,-2.4
1790100090300,53.6503520,-3.0119912,3.52,258,-8.3,-1.8
1790100090400,53.6503553,-3.0119976,3.71,258,-7.3,-1.9
1790100090500,53.6503567,-3.0119975,3.52,258,-7.6,-1.6
1790100090600,53.6503518,-3.0120052,3.57,258,-7.2,-2.0
1790100090700,53.6503568,-3.0119942,3.59,258,-8.1,-2.1
1790100090800,53.6503589,-3.0120130,3.67,258,-8.3,-1.9
1790100090900,53.6503527,-3.0120071,3.66,258,-7.4,-2.1
1790100091000,53.6503572,-3.0120076,3.73,258,-7.4,-1.9
1790100091100,53.6503487,-3.0120086,3.73,258,-7.2,-2.2
1790100091200,53.6503555,-3.0120256,3.74,258,-7.9,-2.0
1790100091300,53.6503515,-3.0120206,3.55,258,-7.3,-1.7
1790100091400,53.6503520,-3.0120212,3.59,258,-7.3,-1.7
1790100091500,53.6503516,-3.0120330,3.68,258,-7.7,-1.4
1790100091600,53.6503483,-3.0120220,3.53,258,-8.2,-1.7
1790100091700,53.6503561,-3.0120293,3.70,258,-7.5,-1.5
1790100091800,53.6503455,-3.0120275,3.55,258,-7.1,-1.8
1790100091900,53.6503521,-3.0120362,3.65,258,-8.0,-1.3
1790100092000,53.6503526,-3.0120338,3.54,258,-7.3,-1.5
1790100092100,53.6503445,-3.0120502,3.59,258,-6.9,-1.3
1790100092200,53.6503527,-3.0120442,3.53,258,-7.9,-1.1
1790100092300,53.6503455,-3.0120414,3.67,258,-7.7,-1.3
1790100092400,53.6503501,-3.0120585,3.53,258,-7.7,-1.6
1790100092500,53.6503430,-3.0120542,3.57,258,-7.6,-1.2
1790100092600,53.6503455,-3.0120499,3.69,258,-7.9,-1.3
1790100092700,53.6503502,-3.0120606,3.58,258,-8.0,-1.1
1790100092800,53.6503477,-3.0120667,3.59,258,-8.0,-0.7
1790100092900,53.6503462,-3.0120621,3.62,258,-7.0,-1.0
1790100093000,53.6503421,-3.0120625,3.55,258,-7.4,-0.6
1790100093100,53.6503476,-3.0120752,3.56,258,-7.7,-0.6
1790100093200,53.6503428,-3.0120627,3.71,258,-7.8,-1.2
1790100093300,53.6503507,-3.0120771,3.70,258,-7.5,-0.5
1790100093400,53.6503401,-3.0120769,3.57,258,-7.6,-0.9
1790100093500,53.6503430,-3.0120761,3.76,258,-7.6,-0.8
1790100093600,53.6503476,-3.0120793,3.67,258,-7.7,-0.3
1790100093700,53.6503447,-3.0120772,3.58,258,-8.0,-0.4
1790100093800,53.6503465,-3.0120924,3.72,258,-8.1,-0.3
1790100093900,53.6503440,-3.0120823,3.55,258,-8.0,-0.1
1790100094000,53.6503405,-3.0120923,3.72,258,-7.2,-0.6
1790100094100,53.6503413,-3.0120956,3.75,258,-8.5,-0.4
1790100094200,53.6503389,-3.0120933,3.68,258,-7.2,-0.1
1790100094300,53.6503420,-3.0120987,3.74,258,-8.3,-0.6
1790100094400,53.6503427,-3.0121019,3.66,258,-7.9,-0.5
1790100094500,53.6503376,-3.0121089,3.71,258,-8.5,-0.4
1790100094600,53.6503439,-3.0121167,3.77,258,-8.2,-0.5
1790100094700,53.6503397,-3.0121049,3.70,258,-8.6,-0.3
1790100094800,53.6503406,-3.0121200,3.61,258,-8.9,-0.1
1790100094900,53.6503432,-3.0121108,3.60,258,-8.1,0.1
1790100095000,53.6503446,-3.0121221,3.80,258,-7.6,-0.0
1790100095100,53.6503377,-3.0121312,3.58,258,-8.9,0.1
1790100095200,53.6503352,-3.0121272,3.68,258,-9.1,0.4
1790100095300,53.6503400,-3.0121265,3.64,258,-8.6,0.0
1790100095400,53.6503358,-3.0121341,2.03,342,2.2,-0.0
1790100095500,53.6503385,-3.0121379,2.07,342,1.7,-0.2
1790100095600,53.6503416,-3.0121311,2.04,342,0.9,-0.2
1790100095700,53.6503399,-3.0121264,2.05,342,0.9,-0.1
1790100095800,53.6503429,-3.0121317,2.08,342,1.3,-0.1
1790100095900,53.6503462,-3.0121290,2.22,342,2.2,0.3
1790100096000,53.6503442,-3.0121299,2.22,342,1.9,0.3
1790100096100,53.6503419,-3.0121359,2.24,342,1.8,0.2
1790100096200,53.6503467,-3.0121311,2.18,342,1.2,0.3
1790100096300,53.6503490,-3.0121340,2.18,342,2.1,0.6
1790100096400,53.6503474,-3.0121341,2.33,342,2.2,-0.1
1790100096500,53.6503499,-3.0121419,2.23,342,2.1,0.5
1790100096600,53.6503496,-3.0121385,2.29,342,1.6,-0.1
1790100096700,53.6503489,-3.0121306,2.36,342,1.4,0.2
1790100096800,53.6503529,-3.0121426,2.40,342,1.8,-0.1
1790100096900,53.6503555,-3.0121405,2.28,342,2.3,0.1
1790100097000,53.6503525,-3.0121386,2.39,342,2.2,-0.1
1790100097100,53.6503590,-3.0121476,2.40,342,2.9,0.3
1790100097200,53.6503543,-3.0121489,2.36,342,2.0,0.2
1790100097300,53.6503620,-3.0121333,2.40,342,2.2,0.1
1790100097400,53.6503630,-3.0121425,2.49,342,2.2,-0.2
1790100097500,53.6503597,-3.0121365,2.56,342,3.0,0.3
1790100097600,53.6503663,-3.0121497,2.58,342,2.1,-0.2
1790100097700,53.6503602,-3.0121371,2.58,342,2.0,-0.0
1790100097800,53.6503617,-3.0121381,2.64,342,2.3,-0.1
1790100097900,53.6503700,-3.0121401,2.67,342,2.1,0.3
1790100098000,53.6503639,-3.0121419,2.65,342,2.1,0.0
1790100098100,53.6503676,-3.0121490,2.62,342,2.1,0.2
1790100098200,53.6503715,-3.0121471,2.76,342,2.2,0.1
1790100098300,53.6503728,-3.0121527,2.64,342,3.1,-0.1
1790100098400,53.6503707,-3.0121461,2.77,342,2.5,0.1
1790100098500,53.6503697,-3.0121421,2.83,342,3.4,-0.4
1790100098600,53.6503747,-3.0121482,2.71,342,3.7,0.1
1790100098700,53.6503726,-3.0121465,2.86,342,3.2,-0.6
1790100098800,53.6503744,-3.0121518,2.82,342,2.5,-0.5
1790100098900,53.6503758,-3.0121534,2.88,342,3.2,-0.1
1790100099000,53.6503748,-3.0121549,2.89,342,3.6,-0.3
1790100099100,53.6503747,-3.0121470,2.86,342,4.0,-0.8
1790100099200,53.6503758,-3.0121542,2.96,342,3.4,-0.6
1790100099300,53.6503769,-3.0121549,2.96,342,4.0,-0.5
1790100099400,53.6503880,-3.0121480,2.99,342,2.8,-1.0
1790100099500,53.6503857,-3.0121571,2.97,342,3.2,-0.8
1790100099600,53.6503868,-3.0121582,3.09,342,2.9,-0.8
1790100099700,53.6503909,-3.0121535,3.07,342,3.3,-0.9
1790100099800,53.6503910,-3.0121577,3.08,342,3.6,-0.8
1790100099900,53.6503941,-3.0121601,3.05,342,3.4,-0.7
1790100100000,53.6503881,-3.0121656,3.14,342,4.3,-0.7
1790100100100,53.6503962,-3.0121531,3.04,342,3.3,-0.9
1790100100200,53.6503948,-3.0121631,3.08,342,4.4,-0.8
1790100100300,53.6503972,-3.0121579,3.21,342,4.6,-1.2
1790100100400,53.6504009,-3.0121669,3.22,342,3.8,-1.2
1790100100500,53.6503952,-3.0121565,3.14,342,4.5,-1.2
1790100100600,53.6504014,-3.0121724,3.21,342,4.8,-1.0
1790100100700,53.6504021,-3.0121633,3.32,342,5.0,-1.3
1790100100800,53.6504050,-3.0121619,3.27,342,5.0,-1.5
1790100100900,53.6504087,-3.0121681,3.23,342,3.9,-1.4
1790100101000,53.6504060,-3.0121742,3.44,342,5.2,-1.2
1790100101100,53.6504021,-3.0121668,3.33,342,4.7,-1.7
1790100101200,53.6504131,-3.0121636,3.38,342,4.7,-1.9
1790100101300,53.6504086,-3.0121746,3.42,342,4.9,-2.0
1790100101400,53.6504108,-3.0121729,3.38,342,4.7,-1.9
1790100101500,53.6504149,-3.0121765,3.54,342,5.7,-1.8
1790100101600,53.6504186,-3.0121798,3.37,342,4.6,-2.1
1790100101700,53.6504189,-3.0121772,3.49,342,5.0,-1.7
1790100101800,53.6504124,-3.0121702,3.51,342,5.2,-2.1
1790100101900,53.6504177,-3.0121820,3.54,342,5.7,-2.1
1790100102000,53.6504251,-3.0121835,3.54,342,6.4,-2.2
1790100102100,53.6504236,-3.0121680,3.65,342,5.3,-1.8
1790100102200,53.6504233,-3.0121794,3.54,342,5.9,-1.6
1790100102300,53.6504255,-3.0121805,3.56,342,6.5,-2.0
1790100102400,53.6504243,-3.0121801,3.61,342,6.5,-2.2
1790100102500,53.6504238,-3.0121720,3.58,342,7.0,-2.0
1790100102600,53.6504293,-3.0121729,3.85,342,5.8,-2.4
1790100102700,53.6504344,-3.0121779,3.75,342,6.9,-2.3
1790100102800,53.6504368,-3.0121779,3.70,342,7.2,-1.9
1790100102900,53.6504352,-3.0121908,3.71,342,6.5,-1.8
1790100103000,53.6504317,-3.0121867,3.91,342,6.8,-2.2
1790100103100,53.6504371,-3.0121875,3.88,342,6.6,-1.9
1790100103200,53.6504420,-3.0121856,4.01,342,6.8,-2.1
1790100103300,53.6504471,-3.0121824,3.91,342,7.4,-2.3
1790100103400,53.6504472,-3.0121846,3.85,342,7.5,-2.4
1790100103500,53.6504492,-3.0121870,4.04,342,8.3,-2.1
1790100103600,53.6504434,-3.0121884,3.86,342,7.8,-2.0
1790100103700,53.6504494,-3.0121995,4.00,342,8.0,-2.0
1790100103800,53.6504513,-3.0121867,3.96,342,8.6,-2.6
1790100103900,53.6504576,-3.0121988,3.85,342,7.7,-1.9
1790100104000,53.6504585,-3.0121990,4.02,342,8.5,-2.2
1790100104100,53.6504609,-3.0121889,3.96,342,8.1,-2.2
1790100104200,53.6504562,-3.0122037,3.83,342,7.4,-2.0
1790100104300,53.6504551,-3.0121946,3.87,342,8.7,-1.8
1790100104400,53.6504626,-3.0122054,3.87,342,7.6,-2.2
1790100104500,53.6504586,-3.0121949,4.01,342,8.0,-2.3
1790100104600,53.6504591,-3.0121994,3.96,342,8.0,-1.8
1790100104700,53.6504627,-3.0121922,3.99,342,7.6,-1.8
1790100104800,53.6504628,-3.0121941,3.97,342,8.8,-2.3
1790100104900,53.6504671,-3.0121956,3.94,342,7.7,-1.8
1790100105000,53.6504681,-3.0122061,4.08,342,8.3,-2.4
1790100105100,53.6504779,-3.0122033,3.86,342,8.7,-2.2
1790100105200,53.6504737,-3.0122133,4.05,342,7.9,-2.3
1790100105300,53.6504761,-3.0122016,3.90,342,8.1,-2.0
1790100105400,53.6504765,-3.0122070,4.06,342,9.1,-1.8
1790100105500,53.6504783,-3.0122091,3.97,342,9.1,-1.4
1790100105600,53.6504783,-3.0122126,4.11,342,8.7,-1.4
1790100105700,53.6504793,-3.0122090,3.96,342,9.3,-1.7
1790100105800,53.6504830,-3.0122043,3.99,342,9.4,-1.8
1790100105900,53.6504878,-3.0122161,3.97,342,9.0,-1.9
1790100106000,53.6504938,-3.0122060,4.08,342,9.5,-1.6
1790100106100,53.6504875,-3.0122093,3.93,342,9.1,-1.3
1790100106200,53.6504921,-3.0122149,3.94,342,8.9,-1.9
1790100106300,53.6504982,-3.0122150,3.91,342,9.9,-1.1
1790100106400,53.6504921,-3.0122240,3.97,342,10.2,-1.4
1790100106500,53.6504954,-3.0122182,4.05,342,9.3,-1.8
1790100106600,53.6505048,-3.0122226,4.03,342,10.4,-1.0
1790100106700,53.6504988,-3.0122176,4.12,342,10.3,-1.7
1790100106800,53.6505019,-3.0122176,4.09,342,10.3,-0.9
1790100106900,53.6505034,-3.0122215,4.00,342,10.0,-1.5
1790100107000,53.6505109,-3.0122211,3.94,342,9.3,-1.0
1790100107100,53.6505035,-3.0122242,3.99,342,9.8,-0.8
1790100107200,53.6505068,-3.0122263,4.04,342,10.8,-0.7
1790100107300,53.6505101,-3.0122183,4.05,342,10.0,-1.3
1790100107400,53.6505151,-3.0122261,3.97,342,10.9,-1.0
1790100107500,53.6505134,-3.0122311,3.99,342,10.5,-0.6
1790100107600,53.6505159,-3.0122224,4.01,342,11.0,-0.6
1790100107700,53.6505200,-3.0122300,4.13,342,10.3,-0.6
1790100107800,53.6505174,-3.0122291,4.16,342,10.6,-0.6
1790100107900,53.6505191,-3.0122390,4.03,342,11.3,-0.7
1790100108000,53.6505251,-3.0122331,3.94,342,10.3,-0.9
1790100108100,53.6505244,-3.0122405,4.03,342,10.1,-0.5
1790100108200,53.6505238,-3.0122435,4.02,342,10.3,-0.6
1790100108300,53.6505314,-3.0122362,4.14,342,10.9,-0.8
1790100108400,53.6505332,-3.0122434,4.03,342,11.6,-0.4
1790100108500,53.6505305,-3.0122304,3.98,342,11.0,-0.4
1790100108600,53.6505403,-3.0122371,4.10,342,10.9,-0.2
1790100108700,53.6505391,-3.0122374,3.98,342,11.5,-0.2
1790100108800,53.6505358,-3.0122448,4.10,342,12.0,-0.2
1790100108900,53.6505368,-3.0122439,4.18,342,11.0,0.1
1790100109000,53.6505406,-3.0122412,3.95,342,10.8,-0.2
1790100109100,53.6505447,-3.0122438,4.07,342,11.1,-0.4
1790100109200,53.6505499,-3.0122431,4.12,342,11.7,-0.5
1790100109300,53.6505504,-3.0122375,4.12,342,11.7,-0.2
1790100109400,53.6505499,-3.0122404,3.98,342,11.3,-0.0
1790100109500,53.6505518,-3.0122456,4.08,342,11.9,0.2
1790100109600,53.6505553,-3.0122536,4.16,342,12.1,-0.0
1790100109700,53.6505566,-3.0122465,3.94,342,11.7,-0.2
1790100109800,53.6505581,-3.0122422,4.16,342,11.4,-0.3
1790100109900,53.6505586,-3.0122471,4.13,342,12.3,0.4
1790100110000,53.6505631,-3.0122552,4.01,342,12.7,0.1
1790100110100,53.6505567,-3.0122611,4.01,342,11.5,-0.0
1790100110200,53.6505615,-3.0122568,4.01,342,12.5,0.1
1790100110300,53.6505634,-3.0122468,4.01,342,11.8,-0.0
1790100110400,53.6505688,-3.0122525,4.05,342,12.9,-0.2
1790100110500,53.6505657,-3.0122495,4.04,342,12.3,0.2
1790100110600,53.6505730,-3.0122565,4.07,342,12.5,0.3
1790100110700,53.6505672,-3.0122510,4.09,342,12.1,-0.2
1790100110800,53.6505787,-3.0122560,4.00,342,12.4,0.2
1790100110900,53.6505744,-3.0122654,4.20,342,12.8,0.6
1790100111000,53.6505733,-3.0122556,4.16,342,12.0,-0.1
1790100111100,53.6505785,-3.0122552,4.16,342,12.3,0.5
1790100111200,53.6505816,-3.0122597,4.03,342,11.9,-0.0
1790100111300,53.6505827,-3.0122591,4.21,342,12.3,0.0
1790100111400,53.6505887,-3.0122634,4.15,342,12.8,0.4
1790100111500,53.6505863,-3.0122741,4.14,342,11.7,0.4
1790100111600,53.6505916,-3.0122601,4.04,342,12.2,0.1
1790100111700,53.6505918,-3.0122674,4.03,342,12.9,-0.3
1790100111800,53.6505937,-3.0122743,4.12,342,12.0,0.2
1790100111900,53.6505903,-3.0122628,4.06,342,12.0,0.1
1790100112000,53.6505912,-3.0122700,4.01,342,13.2,0.3
1790100112100,53.6505954,-3.0122744,4.12,342,12.6,-0.1
1790100112200,53.6506015,-3.0122648,4.03,342,12.4,-0.2
1790100112300,53.6506059,-3.0122748,4.09,342,12.4,-0.2
1790100112400,53.6506063,-3.0122690,4.14,342,12.1,-0.4
1790100112500,53.6506044,-3.0122678,4.13,342,12.4,0.0
1790100112600,53.6506087,-3.0122857,4.05,342,12.0,-0.5
1790100112700,53.6506070,-3.0122813,4.05,342,12.5,-0.1
1790100112800,53.6506077,-3.0122889,4.12,342,12.9,-0.6
1790100112900,53.6506137,-3.0122753,4.03,342,12.7,-0.0
1790100113000,53.6506106,-3.0122784,4.06,342,11.9,0.1
1790100113100,53.6506170,-3.0122844,4.07,342,11.6,-0.6
1790100113200,53.6506197,-3.0122820,4.03,342,11.8,-0.7
1790100113300,53.6506157,-3.0122767,4.16,342,12.4,-0.8
1790100113400,53.6506159,-3.0122842,4.06,342,12.6,-0.6
1790100113500,53.6506223,-3.0122944,4.20,342,11.8,-0.9
1790100113600,53.6506211,-3.0122787,4.00,342,12.2,-0.7
1790100113700,53.6506267,-3.0122899,4.03,342,12.0,-0.8
1790100113800,53.6506266,-3.0122935,4.12,342,12.5,-0.3
1790100113900,53.6506340,-3.0122896,4.12,342,11.6,-0.4
1790100114000,53.6506329,-3.0123007,4.21,342,11.3,-0.8
1790100114100,53.6506348,-3.0122915,4.10,342,11.9,-0.5
1790100114200,53.6506363,-3.0122970,4.15,342,11.6,-0.8
1790100114300,53.6506333,-3.0122863,4.05,342,12.3,-0.6
1790100114400,53.6506443,-3.0123001,4.18,342,12.4,-1.1
1790100114500,53.6506364,-3.0122927,4.22,342,11.9,-0.7
1790100114600,53.6506394,-3.0123000,4.02,342,11.8,-1.3
1790100114700,53.6506469,-3.0123020,4.22,342,12.1,-1.3
1790100114800,53.6506417,-3.0122995,4.17,342,11.0,-1.2
1790100114900,53.6506516,-3.0122923,4.08,342,11.8,-1.1
1790100115000,53.6506465,-3.0122993,4.12,342,11.7,-1.6
1790100115100,53.6506544,-3.0123015,4.14,342,12.0,-1.0
1790100115200,53.6506509,-3.0123126,4.15,342,10.6,-1.1
1790100115300,53.6506510,-3.0123108,4.15,342,10.8,-1.2
1790100115400,53.6506541,-3.0123008,4.06,342,11.7,-1.5
1790100115500,53.6506644,-3.0123036,4.17,342,11.2,-1.5
1790100115600,53.6506657,-3.0123106,4.16,342,11.6,-1.8
1790100115700,53.6506576,-3.0123071,4.14,342,10.9,-1.7
1790100115800,53.6506618,-3.0123070,4.06,342,10.6,-1.6
1790100115900,53.6506620,-3.0123022,4.09,342,11.3,-1.8
1790100116000,53.6506723,-3.0123076,4.19,342,9.9,-1.8
1790100116100,53.6506705,-3.0123080,4.19,342,11.1,-2.0
1790100116200,53.6506695,-3.0123076,4.04,342,9.9,-1.8
1790100116300,53.6506759,-3.0123079,4.22,342,10.0,-1.8
1790100116400,53.6506755,-3.0123210,4.16,342,10.4,-2.1
1790100116500,53.6506808,-3.0123150,4.03,342,9.9,-2.2
1790100116600,53.6506822,-3.0123136,4.13,342,9.9,-2.1
1790100116700,53.6506808,-3.0123156,4.09,342,10.1,-2.0
1790100116800,53.6506812,-3.0123138,4.20,342,10.3,-2.0
1790100116900,53.6506845,-3.0123229,4.03,342,9.9,-2.4
1790100117000,53.6506914,-3.0123253,4.09,342,10.5,-2.0
1790100117100,53.6506888,-3.0123288,4.06,342,9.2,-2.4
1790100117200,53.6506862,-3.0123283,4.11,342,9.6,-2.3
1790100117300,53.6506966,-3.0123289,4.02,342,9.7,-2.5
1790100117400,53.6506984,-3.0123247,4.14,342,8.8,-2.0
1790100117500,53.6507005,-3.0123341,4.10,342,8.9,-2.0
1790100117600,53.6507024,-3.0123189,4.08,342,8.8,-2.0
1790100117700,53.6507040,-3.0123278,4.24,342,8.7,-2.1
1790100117800,53.6506960,-3.0123355,4.07,342,8.7,-2.5
1790100117900,53.6506992,-3.0123294,4.17,342,8.7,-2.0
1790100118000,53.6507005,-3.0123371,4.04,342,9.6,-2.2
1790100118100,53.6507089,-3.0123249,4.00,342,9.6,-2.2
1790100118200,53.6507055,-3.0123383,4.03,342,9.0,-1.9
1790100118300,53.6507119,-3.0123403,4.01,342,8.5,-1.9
1790100118400,53.6507067,-3.0123381,4.19,342,8.9,-2.2
1790100118500,53.6507119,-3.0123307,4.20,342,8.6,-2.3
1790100118600,53.6507163,-3.0123353,4.06,342,8.3,-2.5
1790100118700,53.6507125,-3.0123422,4.12,342,9.0,-2.3
1790100118800,53.6507137,-3.0123480,4.18,342,9.2,-2.5
1790100118900,53.6507253,-3.0123360,4.15,342,8.2,-1.8
1790100119000,53.6507209,-3.0123461,4.19,342,8.6,-1.7
1790100119100,53.6507199,-3.0123377,4.21,342,7.7,-2.3
1790100119200,53.6507267,-3.0123385,4.15,342,8.4,-1.8
1790100119300,53.6507294,-3.0123368,4.11,342,7.5,-2.3
1790100119400,53.6507326,-3.0123518,4.12,342,8.3,-2.0
1790100119500,53.6507331,-3.0123548,4.10,342,8.2,-2.2
1790100119600,53.6507280,-3.0123462,4.03,342,7.5,-1.9
1790100119700,53.6507317,-3.0123445,4.03,342,8.3,-2.2
1790100119800,53.6507369,-3.0123405,4.20,342,8.0,-1.6
1790100119900,53.6507379,-3.0123590,4.20,342,7.8,-2.1
1790100120000,53.6507365,-3.0123529,4.04,342,7.6,-1.5
1790100120100,53.6507467,-3.0123447,4.05,342,7.6,-1.8
1790100120200,53.6507456,-3.0123610,4.14,342,8.0,-1.6
1790100120300,53.6507446,-3.0123606,3.99,342,8.3,-1.3
1790100120400,53.6507451,-3.0123476,4.06,342,7.4,-1.6
1790100120500,53.6507535,-3.0123482,4.04,342,8.4,-1.7
1790100120600,53.6507474,-3.0123572,4.04,342,7.0,-1.9
1790100120700,53.6507561,-3.0123560,3.94,342,6.9,-1.4
1790100120800,53.6507501,-3.0123679,4.14,342,7.9,-1.7
1790100120900,53.6507569,-3.0123608,4.11,342,8.0,-1.8
1790100121000,53.6507627,-3.0123654,4.09,342,7.2,-1.0
1790100121100,53.6507557,-3.0123530,4.14,342,6.9,-1.7
1790100121200,53.6507649,-3.0123589,3.99,342,7.1,-1.6
1790100121300,53.6507591,-3.0123596,4.16,342,7.2,-1.3
1790100121400,53.6507671,-3.0123581,4.02,342,8.0,-1.4
1790100121500,53.6507622,-3.0123627,4.04,342,7.5,-1.4
1790100121600,53.6507690,-3.0123751,4.00,342,7.4,-1.4
1790100121700,53.6507675,-3.0123643,4.10,342,7.2,-0.8
1790100121800,53.6507774,-3.0123747,4.17,342,6.8,-0.6
1790100121900,53.6507747,-3.0123741,4.13,342,7.2,-0.9
1790100122000,53.6507764,-3.0123750,3.95,342,7.5,-0.9
1790100122100,53.6507802,-3.0123737,4.05,342,8.0,-0.8
1790100122200,53.6507797,-3.0123734,4.06,342,7.2,-0.7
1790100122300,53.6507835,-3.0123818,4.08,342,7.0,-0.5
1790100122400,53.6507808,-3.0123802,4.05,342,7.1,-0.5
1790100122500,53.6507837,-3.0123701,4.11,342,7.7,-1.0
1790100122600,53.6507908,-3.0123767,4.01,342,8.0,-0.4
1790100122700,53.6507889,-3.0123715,4.00,342,7.8,-0.4
1790100122800,53.6507915,-3.0123874,4.03,342,8.2,-0.1
1790100122900,53.6507975,-3.0123882,3.97,342,7.9,-0.6
1790100123000,53.6507977,-3.0123888,4.00,342,7.0,-0.1
1790100123100,53.6507985,-3.0123901,3.92,342,8.2,-0.2
1790100123200,53.6508017,-3.0123867,4.07,342,8.5,-0.1
1790100123300,53.6507962,-3.0123883,3.96,342,7.9,-0.5
1790100123400,53.6507999,-3.0123824,3.94,342,7.7,-0.6
1790100123500,53.6507992,-3.0123919,4.01,342,8.6,-0.3
1790100123600,53.6507999,-3.0123846,4.09,342,8.0,-0.3
1790100123700,53.6508088,-3.0123853,3.98,342,8.2,0.1
1790100123800,53.6508081,-3.0123798,3.92,342,7.6,0.2
1790100123900,53.6508065,-3.0123915,3.93,342,8.2,0.2
1790100124000,53.6508168,-3.0123828,4.10,342,7.7,-0.4
1790100124100,53.6508126,-3.0123883,3.98,342,8.2,-0.3
1790100124200,53.6508200,-3.0123843,3.96,342,8.8,0.4
1790100124300,53.6508209,-3.0123888,4.06,342,8.3,0.3
1790100124400,53.6508203,-3.0123874,4.03,342,7.9,0.3
1790100124500,53.6508248,-3.0123899,3.99,342,8.0,0.1
1790100124600,53.6508167,-3.0123997,4.03,342,8.2,0.3
1790100124700,53.6508245,-3.0123960,3.96,342,8.2,0.3
1790100124800,53.6508230,-3.0123958,4.07,342,9.5,0.5
1790100124900,53.6508299,-3.0123962,3.98,342,8.2,0.4
1790100125000,53.6508281,-3.0124048,3.88,342,9.3,0.5
1790100125100,53.6508309,-3.0123939,4.07,342,9.4,0.5
1790100125200,53.6508374,-3.0124007,4.04,342,8.9,-0.2
1790100125300,53.6508383,-3.0124030,3.89,342,9.5,-0.1
1790100125400,53.6508413,-3.0124011,3.94,342,8.5,0.1
1790100125500,53.6508342,-3.0124135,3.99,342,9.7,0.3
1790100125600,53.6508415,-3.0124082,3.88,342,8.8,0.2
1790100125700,53.6508455,-3.0123990,4.06,342,9.5,0.5
1790100125800,53.6508385,-3.0124029,3.93,342,9.4,0.4
1790100125900,53.6508399,-3.0124152,3.86,342,10.2,0.2
1790100126000,53.6508429,-3.0124022,3.99,342,9.8,0.2
1790100126100,53.6508499,-3.0124189,3.94,342,9.6,0.1
1790100126200,53.6508521,-3.0124165,3.95,342,9.2,0.4
1790100126300,53.6508482,-3.0124071,3.93,342,10.3,0.5
1790100126400,53.6508552,-3.0124061,3.85,342,10.4,-0.2
1790100126500,53.6508582,-3.0124099,3.83,342,9.9,-0.1
1790100126600,53.6508540,-3.0124093,3.88,342,10.0,-0.3
1790100126700,53.6508608,-3.0124162,3.97,342,10.3,-0.2
1790100126800,53.6508602,-3.0124189,3.83,342,10.3,0.0
1790100126900,53.6508672,-3.0124234,3.88,342,10.3,-0.4
1790100127000,53.6508659,-3.0124110,3.83,342,10.4,0.0
1790100127100,53.6508696,-3.0124271,3.83,342,10.9,0.0
1790100127200,53.6508689,-3.0124184,3.88,342,10.0,0.1
1790100127300,53.6508668,-3.0124166,3.85,342,10.6,-0.3
1790100127400,53.6508663,-3.0124203,3.85,342,11.1,-0.6
1790100127500,53.6508706,-3.0124286,3.91,342,10.8,-0.5
1790100127600,53.6508783,-3.0124301,3.93,342,10.2,-0.2
1790100127700,53.6508721,-3.0124243,3.96,342,10.8,-0.7
1790100127800,53.6508813,-3.0124262,3.84,342,10.6,-0.3
1790100127900,53.6508797,-3.0124225,3.92,342,11.5,-0.7
1790100128000,53.6508753,-3.0124247,3.80,342,11.2,-0.4
1790100128100,53.6508858,-3.0124307,3.93,342,11.3,-0.3
1790100128200,53.6508887,-3.0124372,3.81,342,11.6,-0.7
1790100128300,53.6508821,-3.0124339,3.76,342,11.9,-1.0
1790100128400,53.6508880,-3.0124343,3.78,342,11.5,-0.3
1790100128500,53.6508887,-3.0124386,3.99,342,11.6,-1.1
1790100128600,53.6508926,-3.0124418,3.96,342,11.4,-0.8
1790100128700,53.6508891,-3.0124278,3.76,342,12.1,-0.5
1790100128800,53.6508948,-3.0124411,3.77,342,11.9,-0.7
1790100128900,53.6508949,-3.0124439,3.81,342,12.1,-0.9
1790100129000,53.6508983,-3.0124436,3.82,342,11.4,-0.8
1790100129100,53.6508948,-3.0124344,3.79,342,11.6,-0.7
1790100129200,53.6509024,-3.0124357,3.81,342,12.6,-1.4
1790100129300,53.6509017,-3.0124333,3.87,342,11.8,-1.5
1790100129400,53.6509021,-3.0124488,3.90,342,12.2,-1.2
1790100129500,53.6509038,-3.0124416,3.74,342,11.6,-1.5
1790100129600,53.6509127,-3.0124401,3.93,342,12.3,-1.3
1790100129700,53.6509076,-3.0124383,3.84,342,12.2,-1.7
1790100129800,53.6509118,-3.0124423,3.84,342,12.8,-1.2
1790100129900,53.6509126,-3.0124423,3.73,342,12.0,-1.6
1790100130000,53.6509175,-3.0124511,3.90,342,12.6,-1.7
1790100130100,53.6509137,-3.0124493,3.90,342,12.4,-1.4
1790100130200,53.6509207,-3.0124410,3.86,342,12.4,-1.4
1790100130300,53.6509195,-3.0124567,3.78,342,12.4,-1.5
1790100130400,53.6509208,-3.0124557,3.84,342,11.9,-1.9
1790100130500,53.6509200,-3.0124501,3.94,342,12.3,-1.7
1790100130600,53.6509261,-3.0124540,3.72,342,11.9,-1.6
1790100130700,53.6509250,-3.0124537,3.90,342,11.9,-1.9
1790100130800,53.6509249,-3.0124556,3.81,342,12.5,-1.5
1790100130900,53.6509304,-3.0124568,3.80,342,12.8,-1.9
1790100131000,53.6509329,-3.0124636,3.68,342,12.1,-1.6
1790100131100,53.6509322,-3.0124547,3.85,342,13.1,-1.7
1790100131200,53.6509361,-3.0124587,3.87,342,12.9,-2.1
1790100131300,53.6509403,-3.0124573,3.91,342,12.3,-2.3
1790100131400,53.6509331,-3.0124593,3.74,342,13.0,-2.0
1790100131500,53.6509448,-3.0124666,3.66,342,13.1,-1.8
1790100131600,53.6509373,-3.0124590,3.92,342,12.6,-1.8
1790100131700,53.6509429,-3.0124597,3.78,342,12.6,-1.8
1790100131800,53.6509476,-3.0124597,3.83,342,13.0,-2.4
1790100131900,53.6509512,-3.0124644,3.81,342,12.2,-2.5
1790100132000,53.6509438,-3.0124559,3.78,342,11.8,-2.4
1790100132100,53.6509448,-3.0124681,3.73,342,12.0,-2.3
1790100132200,53.6509539,-3.0124646,3.85,342,12.4,-2.1
1790100132300,53.6509559,-3.0124693,3.65,342,12.3,-2.5
1790100132400,53.6509542,-3.0124659,3.80,342,12.8,-1.8
1790100132500,53.6509543,-3.0124658,3.84,342,12.1,-1.8
1790100132600,53.6509554,-3.0124636,3.76,342,11.8,-2.1
1790100132700,53.6509603,-3.0124753,3.79,342,12.1,-1.9
1790100132800,53.6509563,-3.0124721,3.88,342,12.1,-2.5
1790100132900,53.6509617,-3.0124705,3.77,342,12.4,-1.9
1790100133000,53.6509599,-3.0124810,3.64,342,12.0,-2.1
1790100133100,53.6509636,-3.0124812,3.68,342,11.9,-2.4
1790100133200,53.6509693,-3.0124671,3.67,342,12.7,-2.0
1790100133300,53.6509661,-3.0124847,3.64,342,12.0,-2.2
1790100133400,53.6509751,-3.0124697,3.85,342,12.1,-2.2
1790100133500,53.6509779,-3.0124853,3.85,342,12.0,-1.8
1790100133600,53.6509741,-3.0124754,3.81,342,11.2,-1.9
1790100133700,53.6509809,-3.0124853,3.77,342,11.9,-2.1
1790100133800,53.6509724,-3.0124729,3.71,342,12.1,-1.9
1790100133900,53.6509813,-3.0124828,3.71,342,11.6,-1.9
1790100134000,53.6509812,-3.0124793,3.69,342,11.2,-2.1
1790100134100,53.6509813,-3.0124749,3.60,342,12.3,-1.8
1790100134200,53.6509796,-3.0124834,3.80,342,11.0,-1.8
1790100134300,53.6509889,-3.0124885,3.63,342,10.8,-1.5
1790100134400,53.6509875,-3.0124940,3.67,342,11.6,-1.8
1790100134500,53.6509918,-3.0124884,3.61,342,11.6,-2.0
1790100134600,53.6509878,-3.0124845,3.76,342,11.5,-1.8
1790100134700,53.6509891,-3.0124898,3.73,342,11.3,-1.7
1790100134800,53.6509901,-3.0124981,3.79,342,11.4,-1.3
1790100134900,53.6509934,-3.0124934,3.70,342,10.4,-1.8
1790100135000,53.6509950,-3.0124986,3.72,342,10.4,-1.9
1790100135100,53.6509950,-3.0124918,3.68,342,10.7,-1.9
1790100135200,53.6510005,-3.0124919,3.66,342,11.1,-1.4
1790100135300,53.6510014,-3.0124895,3.66,342,10.2,-1.6
1790100135400,53.6510068,-3.0124894,3.64,342,10.8,-1.1
1790100135500,53.6510048,-3.0124953,3.69,342,10.4,-1.2
1790100135600,53.6510048,-3.0124982,3.67,342,10.0,-1.6
1790100135700,53.6510049,-3.0125017,3.70,342,10.4,-1.3
1790100135800,53.6510074,-3.0124953,3.57,342,10.0,-0.8
1790100135900,53.6510103,-3.0125031,3.79,342,10.4,-0.8
1790100136000,53.6510133,-3.0125016,3.79,342,10.7,-1.2
1790100136100,53.6510178,-3.0124996,3.55,342,10.1,-1.1
1790100136200,53.6510151,-3.0125094,3.79,342,10.1,-1.2
1790100136300,53.6510137,-3.0125045,3.78,342,9.4,-0.7
1790100136400,53.6510197,-3.0124971,3.68,342,10.2,-0.8
1790100136500,53.6510221,-3.0124980,3.65,342,9.9,-0.4
1790100136600,53.6510222,-3.0124976,3.60,342,9.4,-1.1
1790100136700,53.6510277,-3.0124997,3.70,342,10.1,-0.6
1790100136800,53.6510291,-3.0125083,3.75,342,8.8,-0.3
1790100136900,53.6510283,-3.0125121,3.59,342,9.3,-0.4
1790100137000,53.6510261,-3.0125133,3.76,342,9.4,-0.6
1790100137100,53.6510330,-3.0125069,3.56,342,9.9,-0.7
1790100137200,53.6510283,-3.0125138,3.67,342,8.6,-0.3
1790100137300,53.6510313,-3.0125034,3.60,342,9.1,-0.7
1790100137400,53.6510377,-3.0125143,3.62,342,9.2,-0.5
1790100137500,53.6510325,-3.0125168,3.70,342,9.4,-0.4
1790100137600,53.6510355,-3.0125191,3.70,342,9.0,-0.5
1790100137700,53.6510460,-3.0125235,3.55,342,8.8,0.0
1790100137800,53.6510437,-3.0125137,3.54,342,9.2,-0.3
1790100137900,53.6510476,-3.0125163,3.59,342,8.7,0.1
1790100138000,53.6510492,-3.0125126,3.50,342,8.1,-0.4
1790100138100,53.6510455,-3.0125125,3.63,342,8.3,-0.2
1790100138200,53.6510473,-3.0125156,3.56,342,8.5,0.2
1790100138300,53.6510485,-3.0125288,3.72,342,7.9,0.3
1790100138400,53.6510544,-3.0125137,3.60,342,8.9,0.4
1790100138500,53.6510584,-3.0125245,3.69,342,8.5,0.2
1790100138600,53.6510500,-3.0125205,3.60,342,8.7,-0.3
1790100138700,53.6510552,-3.0125228,3.56,342,8.1,0.3
1790100138800,53.6510603,-3.0125191,3.62,342,7.6,0.1
1790100138900,53.6510648,-3.0125298,3.57,342,8.0,0.2
1790100139000,53.6510596,-3.0125273,3.59,342,7.8,0.0
1790100139100,53.6510615,-3.0125362,3.61,342,8.4,0.2
1790100139200,53.6510678,-3.0125277,3.64,342,8.7,0.2
1790100139300,53.6510637,-3.0125357,3.58,342,8.3,0.0
1790100139400,53.6510651,-3.0125322,3.66,342,8.4,0.1
1790100139500,53.6510703,-3.0125399,3.67,342,7.9,-0.1
1790100139600,53.6510672,-3.0125358,3.57,342,7.0,-0.1
1790100139700,53.6510675,-3.0125344,3.51,342,7.5,0.3
1790100139800,53.6510690,-3.0125406,3.69,342,7.6,-0.2
1790100139900,53.6510710,-3.0125361,3.57,342,7.6,-0.2
1790100140000,53.6510784,-3.0125376,3.54,342,8.2,0.4
1790100140100,53.6510805,-3.0125313,3.57,342,7.2,-0.2
1790100140200,53.6510840,-3.0125431,3.65,342,7.0,0.1
1790100140300,53.6510839,-3.0125329,3.59,342,7.1,-0.1
1790100140400,53.6510857,-3.0125339,3.64,342,7.1,0.0
1790100140500,53.6510890,-3.0125422,3.61,342,7.0,0.0
1790100140600,53.6510908,-3.0125397,3.50,342,7.9,0.1
1790100140700,53.6510934,-3.0125364,3.54,342,7.7,0.0
1790100140800,53.6510950,-3.0125355,3.68,342,7.1,-0.1
1790100140900,53.6510910,-3.0125399,3.61,342,7.9,-0.1
1790100141000,53.6510951,-3.0125448,3.66,342,7.8,0.1
1790100141100,53.6510923,-3.0125523,3.58,342,7.3,0.2
1790100141200,53.6510989,-3.0125444,3.55,342,7.6,0.3
1790100141300,53.6510955,-3.0125484,3.57,342,8.2,0.3
1790100141400,53.6511013,-3.0125425,3.52,342,7.7,0.3
1790100141500,53.6510985,-3.0125443,3.58,342,7.2,-0.4
1790100141600,53.6510981,-3.0125511,3.55,342,8.1,-0.5
1790100141700,53.6511072,-3.0125534,3.56,342,8.1,-0.5
1790100141800,53.6511011,-3.0125575,3.61,342,8.1,-0.3
1790100141900,53.6511046,-3.0125493,3.63,342,7.3,-0.0
1790100142000,53.6511094,-3.0125465,3.52,342,7.7,-0.6
1790100142100,53.6511127,-3.0125549,3.63,342,8.2,-0.0
1790100142200,53.6511109,-3.0125630,3.56,342,7.8,-0.6
1790100142300,53.6511160,-3.0125568,3.54,342,7.2,-0.6
1790100142400,53.6511150,-3.0125604,3.67,342,8.3,-0.6
1790100142500,53.6511178,-3.0125635,3.64,342,8.4,-0.4
1790100142600,53.6511190,-3.0125492,3.62,342,7.4,-0.4
1790100142700,53.6511161,-3.0125550,3.51,342,8.3,-0.7
1790100142800,53.6511163,-3.0125633,3.48,342,7.2,-0.9
1790100142900,53.6511267,-3.0125650,3.61,342,8.6,-0.8
1790100143000,53.6511291,-3.0125636,3.61,342,7.3,-0.9
1790100143100,53.6511314,-3.0125704,3.56,342,8.7,-1.0
1790100143200,53.6511298,-3.0125698,3.63,342,8.6,-0.5
1790100143300,53.6511340,-3.0125622,3.67,342,8.6,-1.0
1790100143400,53.6511286,-3.0125696,3.47,342,7.5,-0.7
1790100143500,53.6511290,-3.0125599,3.56,342,8.4,-0.9
1790100143600,53.6511341,-3.0125678,3.55,342,8.5,-1.0
1790100143700,53.6511376,-3.0125707,3.47,342,7.6,-0.8
1790100143800,53.6511376,-3.0125656,3.53,342,8.9,-1.0
1790100143900,53.6511438,-3.0125769,3.63,342,8.7,-1.1
1790100144000,53.6511409,-3.0125731,3.56,342,9.0,-1.0
1790100144100,53.6511424,-3.0125801,3.57,342,8.7,-1.0
1790100144200,53.6511406,-3.0125671,3.59,342,9.3,-1.6
1790100144300,53.6511415,-3.0125715,3.55,342,9.3,-1.1
1790100144400,53.6511461,-3.0125796,3.59,342,8.5,-1.2
1790100144500,53.6511442,-3.0125786,3.60,342,9.0,-1.8
1790100144600,53.6511547,-3.0125819,3.48,342,8.3,-1.4
1790100144700,53.6511545,-3.0125723,3.48,342,9.5,-1.4
1790100144800,53.6511473,-3.0125689,3.64,342,9.2,-1.9
1790100144900,53.6511549,-3.0125827,3.63,342,9.5,-1.7
1790100145000,53.6511593,-3.0125778,3.53,342,9.4,-2.1
1790100145100,53.6511601,-3.0125869,3.67,342,9.2,-1.8
1790100145200,53.6511585,-3.0125790,3.61,342,9.9,-1.9
1790100145300,53.6511563,-3.0125741,3.53,342,9.5,-1.5
1790100145400,53.6511570,-3.0125869,3.56,342,9.4,-2.0
1790100145500,53.6511609,-3.0125755,3.61,342,9.0,-1.9
1790100145600,53.6511649,-3.0125787,3.54,342,9.6,-2.1
1790100145700,53.6511673,-3.0125895,3.58,342,10.2,-2.4
1790100145800,53.6511648,-3.0125854,3.61,342,9.7,-2.2
1790100145900,53.6511672,-3.0125909,3.49,342,9.9,-2.1
1790100146000,53.6511748,-3.0125852,3.55,342,10.3,-2.0
1790100146100,53.6511710,-3.0125801,3.62,342,10.4,-1.7
1790100146200,53.6511708,-3.0125958,3.67,342,9.8,-1.9
1790100146300,53.6511799,-3.0125902,3.67,342,10.5,-2.0
1790100146400,53.6511773,-3.0125861,3.67,342,9.7,-1.8
1790100146500,53.6511815,-3.0125987,3.64,342,10.8,-1.8
1790100146600,53.6511760,-3.0125849,3.57,342,11.1,-2.5
1790100146700,53.6511836,-3.0125875,3.66,342,11.2,-2.2
1790100146800,53.6511815,-3.0125901,3.50,342,10.5,-2.2
1790100146900,53.6511860,-3.0125872,3.49,342,11.2,-2.2
1790100147000,53.6511828,-3.0126012,3.60,342,11.6,-1.9
1790100147100,53.6511892,-3.0125905,3.57,342,10.7,-2.0
1790100147200,53.6511931,-3.0125980,3.60,342,11.4,-1.9
1790100147300,53.6511973,-3.0125961,3.50,342,11.4,-2.2
1790100147400,53.6511978,-3.0126064,3.67,342,10.9,-1.9
1790100147500,53.6511920,-3.0126062,3.66,342,11.9,-2.2
1790100147600,53.6511989,-3.0125992,3.72,342,11.7,-1.8
1790100147700,53.6512024,-3.0125943,3.53,342,11.2,-2.0
1790100147800,53.6512025,-3.0126035,3.62,342,10.9,-2.1
1790100147900,53.6511998,-3.0126078,3.72,342,10.7,-1.7
1790100148000,53.6512053,-3.0125978,3.70,342,12.0,-1.8
1790100148100,53.6512018,-3.0126143,3.60,342,11.1,-2.1
1790100148200,53.6512051,-3.0126077,3.52,342,12.2,-2.1
1790100148300,53.6512087,-3.0126108,3.72,342,11.3,-2.0
1790100148400,53.6512066,-3.0126039,3.61,342,11.8,-2.0
1790100148500,53.6512119,-3.0126108,3.73,342,11.3,-2.3
1790100148600,53.6512164,-3.0126170,3.71,342,12.3,-2.0
1790100148700,53.6512146,-3.0126138,3.59,342,12.7,-2.1
1790100148800,53.6512168,-3.0126112,3.62,342,11.8,-1.6
1790100148900,53.6512136,-3.0126121,3.72,342,12.2,-1.8
1790100149000,53.6512164,-3.0126065,3.68,342,11.9,-2.1
1790100149100,53.6512244,-3.0126178,3.72,342,11.6,-2.0
1790100149200,53.6512194,-3.0126104,3.68,342,12.2,-1.3
1790100149300,53.6512225,-3.0126247,3.65,342,12.4,-1.9
1790100149400,53.6512286,-3.0126245,3.74,342,12.6,-1.3
1790100149500,53.6512283,-3.0126216,3.72,342,11.6,-1.5
1790100149600,53.6512312,-3.0126207,3.60,342,12.9,-1.7
1790100149700,53.6512358,-3.0126124,3.58,342,12.3,-1.5
1790100149800,53.6512290,-3.0126172,3.59,342,12.1,-1.3
1790100149900,53.6512346,-3.0126229,3.70,342,12.4,-1.2
1790100150000,53.6512379,-3.0126297,3.74,342,12.7,-1.6
1790100150100,53.6512368,-3.0126236,3.55,342,11.7,-1.2
1790100150200,53.6512346,-3.0126215,3.74,342,11.8,-1.2
1790100150300,53.6512390,-3.0126232,3.76,342,12.2,-1.5
1790100150400,53.6512367,-3.0126271,3.64,342,12.9,-1.5
1790100150500,53.6512391,-3.0126302,3.57,342,12.5,-1.4
1790100150600,53.6512432,-3.0126338,3.59,342,12.4,-1.0
1790100150700,53.6512414,-3.0126315,3.65,342,12.9,-0.9
1790100150800,53.6512474,-3.0126212,3.78,342,13.1,-0.7
1790100150900,53.6512455,-3.0126369,3.76,342,12.8,-0.6
1790100151000,53.6512518,-3.0126405,3.71,342,12.6,-1.1
1790100151100,53.6512575,-3.0126405,3.57,342,12.9,-1.1
1790100151200,53.6512556,-3.0126351,3.64,342,12.5,-0.8
1790100151300,53.6512522,-3.0126337,3.60,342,12.3,-0.8
1790100151400,53.6512619,-3.0126289,3.75,342,12.0,-0.6
1790100151500,53.6512573,-3.0126278,3.80,342,12.3,-0.2
1790100151600,53.6512653,-3.0126337,3.56,342,12.7,-0.5
1790100151700,53.6512641,-3.0126426,3.67,342,12.9,-0.2
1790100151800,53.6512665,-3.0126381,3.79,342,12.0,-0.5
1790100151900,53.6512707,-3.0126465,3.73,342,13.0,-0.7
1790100152000,53.6512728,-3.0126348,3.75,342,11.9,-0.4
1790100152100,53.6512733,-3.0126434,3.83,342,12.8,-0.3
1790100152200,53.6512741,-3.0126386,3.78,342,12.8,-0.1
1790100152300,53.6512723,-3.0126383,3.64,342,12.9,-0.4
1790100152400,53.6512766,-3.0126457,3.80,342,12.5,0.2
1790100152500,53.6512728,-3.0126419,3.71,342,12.6,-0.2
1790100152600,53.6512794,-3.0126442,3.58,342,12.2,0.1
1790100152700,53.6512772,-3.0126418,3.62,342,12.3,0.2
1790100152800,53.6512829,-3.0126465,3.61,342,11.8,0.3
1790100152900,53.6512793,-3.0126429,3.80,342,12.5,-0.1
1790100153000,53.6512834,-3.0126426,3.80,342,11.8,0.2
1790100153100,53.6512899,-3.0126461,3.64,342,12.2,0.0
1790100153200,53.6512846,-3.0126574,3.68,342,12.2,0.3
1790100153300,53.6512944,-3.0126433,3.79,342,12.3,-0.2
1790100153400,53.6512888,-3.0126449,3.77,342,11.5,-0.1
1790100153500,53.6512972,-3.0126560,3.82,342,11.4,-0.1
1790100153600,53.6512923,-3.0126515,3.84,342,12.3,-0.1
1790100153700,53.6512982,-3.0126471,3.81,342,11.5,-0.2
1790100153800,53.6512937,-3.0126646,3.70,342,12.0,0.1
1790100153900,53.6512989,-3.0126571,3.79,342,11.0,-0.2
1790100154000,53.6513058,-3.0126668,3.78,342,10.9,0.3
1790100154100,53.6513016,-3.0126592,3.72,342,11.2,0.5
1790100154200,53.6513033,-3.0126681,3.65,342,11.7,0.4
1790100154300,53.6513076,-3.0126629,3.69,342,11.5,0.3
1790100154400,53.6513071,-3.0126677,3.69,342,11.7,0.1
1790100154500,53.6513068,-3.0126717,3.71,342,10.9,-0.1
1790100154600,53.6513097,-3.0126576,3.84,342,10.3,-0.1
1790100154700,53.6513148,-3.0126707,3.66,342,10.2,0.5
1790100154800,53.6513157,-3.0126713,3.69,342,10.5,0.3
1790100154900,53.6513103,-3.0126690,3.86,342,10.3,0.1
1790100155000,53.6513174,-3.0126728,3.80,342,10.6,-0.1
1790100155100,53.6513199,-3.0126698,3.79,342,10.1,-0.1
1790100155200,53.6513156,-3.0126713,3.67,342,10.3,0.0
1790100155300,53.6513237,-3.0126632,3.73,342,10.2,-0.3
1790100155400,53.6513260,-3.0126763,3.77,342,10.0,-0.1
1790100155500,53.6513305,-3.0126775,3.76,342,9.9,0.2
1790100155600,53.6513312,-3.0126740,3.88,342,9.7,-0.3
1790100155700,53.6513304,-3.0126684,3.79,342,9.4,-0.4
1790100155800,53.6513282,-3.0126760,3.88,342,9.4,-0.0
1790100155900,53.6513320,-3.0126795,3.72,342,10.3,0.1
1790100156000,53.6513299,-3.0126774,3.70,342,9.8,-0.4
1790100156100,53.6513405,-3.0126774,3.87,342,9.2,-0.4
1790100156200,53.6513414,-3.0126737,3.79,342,9.1,0.1
1790100156300,53.6513414,-3.0126717,3.74,342,9.9,-0.1
1790100156400,53.6513376,-3.0126752,3.83,342,9.2,0.0
1790100156500,53.6513400,-3.0126789,3.87,342,10.1,-0.1
1790100156600,53.6513456,-3.0126869,3.94,342,9.4,-0.5
1790100156700,53.6513473,-3.0126796,3.84,342,9.6,-0.8
1790100156800,53.6513456,-3.0126782,3.83,342,8.9,-0.5
1790100156900,53.6513437,-3.0126883,3.83,342,9.2,-0.9
1790100157000,53.6513556,-3.0126822,3.73,342,9.4,-0.8
1790100157100,53.6513488,-3.0126818,3.92,342,8.7,-0.5
1790100157200,53.6513546,-3.0126920,3.74,342,9.4,-0.6
1790100157300,53.6513593,-3.0126796,3.86,342,8.6,-1.0
1790100157400,53.6513590,-3.0126862,3.96,342,8.1,-0.6
1790100157500,53.6513541,-3.0126920,3.97,342,8.7,-0.8
1790100157600,53.6513588,-3.0126875,3.92,342,8.8,-1.0
1790100157700,53.6513649,-3.0126880,3.85,342,9.0,-0.6
1790100157800,53.6513653,-3.0126897,3.76,342,8.3,-1.3
1790100157900,53.6513699,-3.0126861,3.79,342,8.9,-1.1
1790100158000,53.6513665,-3.0126903,3.96,342,8.4,-1.3
1790100158100,53.6513747,-3.0126974,3.80,342,7.8,-1.2
1790100158200,53.6513733,-3.0126894,3.80,342,7.6,-1.4
1790100158300,53.6513680,-3.0126898,3.94,342,8.1,-1.1
1790100158400,53.6513781,-3.0126978,3.82,342,7.7,-0.9
1790100158500,53.6513794,-3.0126939,3.84,342,8.2,-1.1
1790100158600,53.6513768,-3.0127034,3.82,342,7.7,-1.1
1790100158700,53.6513826,-3.0126927,3.79,342,8.3,-1.2
1790100158800,53.6513805,-3.0127005,3.78,342,7.9,-1.1
1790100158900,53.6513805,-3.0126955,3.97,342,8.1,-1.3
1790100159000,53.6513848,-3.0127081,3.93,342,8.5,-1.6
1790100159100,53.6513896,-3.0127044,3.80,342,8.0,-1.5
1790100159200,53.6513876,-3.0127001,3.89,342,7.0,-1.5
1790100159300,53.6513862,-3.0126986,3.90,342,8.1,-1.7
1790100159400,53.6513894,-3.0127136,3.91,342,8.2,-1.9
1790100159500,53.6513952,-3.0127046,4.00,342,7.1,-1.9
1790100159600,53.6513974,-3.0127183,3.84,342,7.6,-1.5
1790100159700,53.6513916,-3.0127174,3.87,342,7.7,-2.2
1790100159800,53.6514000,-3.0127073,3.83,342,8.0,-2.1
1790100159900,53.6513993,-3.0127206,4.05,342,7.6,-1.7
1790100160000,53.6514027,-3.0127117,3.96,342,7.5,-1.9
1790100160100,53.6514062,-3.0127153,3.92,342,7.5,-1.8
1790100160200,53.6514042,-3.0127068,3.89,342,7.5,-1.7
1790100160300,53.6514111,-3.0127177,3.96,342,7.0,-2.2
1790100160400,53.6514096,-3.0127241,3.87,342,7.7,-1.7
1790100160500,53.6514060,-3.0127266,3.87,342,8.1,-2.0
1790100160600,53.6514154,-3.0127121,3.90,342,7.6,-2.3
1790100160700,53.6514160,-3.0127174,4.07,342,8.1,-2.4
1790100160800,53.6514138,-3.0127164,3.88,342,7.2,-2.4
1790100160900,53.6514202,-3.0127293,3.99,342,7.5,-2.4
1790100161000,53.6514144,-3.0127172,4.02,342,7.3,-2.0
1790100161100,53.6514168,-3.0127253,3.86,342,7.2,-2.3
1790100161200,53.6514175,-3.0127217,3.88,342,7.3,-1.9
1790100161300,53.6514228,-3.0127180,3.96,342,7.9,-2.0
1790100161400,53.6514247,-3.0127291,3.92,342,8.3,-2.6
1790100161500,53.6514260,-3.0127192,4.01,342,7.0,-2.3
1790100161600,53.6514242,-3.0127330,4.08,342,8.2,-2.5
1790100161700,53.6514315,-3.0127279,4.10,342,7.4,-1.8
1790100161800,53.6514333,-3.0127395,3.87,342,7.0,-2.2
1790100161900,53.6514318,-3.0127342,4.02,342,8.1,-2.2
1790100162000,53.6514407,-3.0127306,4.08,342,8.5,-2.4
1790100162100,53.6514346,-3.0127256,3.98,342,8.4,-2.3
1790100162200,53.6514415,-3.0127368,3.87,342,8.1,-2.4
1790100162300,53.6514365,-3.0127296,3.95,342,8.5,-2.4
1790100162400,53.6514471,-3.0127300,3.88,342,7.5,-2.3
1790100162500,53.6514438,-3.0127294,4.00,342,8.4,-2.4
1790100162600,53.6514437,-3.0127379,3.98,342,7.6,-1.9
1790100162700,53.6514445,-3.0127442,4.07,342,8.0,-2.1
1790100162800,53.6514519,-3.0127362,4.13,342,8.2,-2.1
1790100162900,53.6514516,-3.0127475,4.07,342,7.6,-2.1
1790100163000,53.6514544,-3.0127428,4.05,342,8.2,-2.1
1790100163100,53.6514558,-3.0127471,4.12,342,8.5,-1.6
1790100163200,53.6514625,-3.0127445,3.92,342,8.7,-1.5
1790100163300,53.6514635,-3.0127452,4.06,342,7.8,-1.8
1790100163400,53.6514577,-3.0127511,4.14,342,8.1,-1.5
1790100163500,53.6514637,-3.0127562,4.07,342,8.3,-1.9
1790100163600,53.6514666,-3.0127443,4.08,342,8.4,-2.1
1790100163700,53.6514637,-3.0127454,4.03,342,8.0,-1.7
1790100163800,53.6514660,-3.0127429,4.11,342,8.5,-1.9
1790100163900,53.6514704,-3.0127562,4.10,342,9.4,-1.3
1790100164000,53.6514737,-3.0127604,4.14,342,9.6,-1.8
1790100164100,53.6514751,-3.0127589,4.03,342,9.3,-1.8
1790100164200,53.6514702,-3.0127519,4.11,342,9.2,-1.2
1790100164300,53.6514753,-3.0127517,4.10,342,9.7,-1.7
1790100164400,53.6514820,-3.0127614,4.02,342,9.4,-1.3
1790100164500,53.6514855,-3.0127513,4.10,342,9.4,-1.6
1790100164600,53.6514847,-3.0127612,3.98,342,8.8,-1.1
1790100164700,53.6514886,-3.0127642,4.10,342,10.1,-1.3
1790100164800,53.6514831,-3.0127545,4.01,342,9.5,-1.1
1790100164900,53.6514933,-3.0127547,3.96,342,9.5,-1.2
1790100165000,53.6514925,-3.0127620,4.15,342,9.6,-0.7
1790100165100,53.6514919,-3.0127564,3.95,342,10.3,-0.9
1790100165200,53.6514932,-3.0127618,4.11,342,10.2,-1.3
1790100165300,53.6514968,-3.0127694,4.18,342,9.5,-1.1
1790100165400,53.6514985,-3.0127749,4.07,342,9.6,-0.5
1790100165500,53.6515030,-3.0127657,3.94,342,10.7,-0.5
1790100165600,53.6515029,-3.0127671,4.04,342,9.8,-0.6
1790100165700,53.6515012,-3.0127607,4.11,342,9.6,-1.0
1790100165800,53.6515078,-3.0127685,4.07,342,10.1,-0.8
1790100165900,53.6515042,-3.0127765,4.12,342,10.5,-0.7
1790100166000,53.6515057,-3.0127793,4.06,342,10.0,-0.7
1790100166100,53.6515114,-3.0127664,4.06,342,10.4,-0.2
1790100166200,53.6515091,-3.0127763,4.08,342,10.5,-0.2
1790100166300,53.6515154,-3.0127706,3.99,342,10.8,-0.5
1790100166400,53.6515111,-3.0127839,4.02,342,11.0,0.0
1790100166500,53.6515160,-3.0127841,4.07,342,10.9,-0.0
1790100166600,53.6515190,-3.0127818,3.95,342,10.5,-0.3
1790100166700,53.6515172,-3.0127731,4.09,342,11.6,-0.2
1790100166800,53.6515252,-3.0127870,4.09,342,10.6,-0.5
1790100166900,53.6515186,-3.0127850,4.10,342,11.4,0.0
1790100167000,53.6515283,-3.0127821,4.00,342,10.5,0.2
1790100167100,53.6515279,-3.0127829,4.02,342,11.4,-0.2
1790100167200,53.6515323,-3.0127752,4.19,342,12.1,0.3
1790100167300,53.6515266,-3.0127904,4.11,342,11.9,0.3
1790100167400,53.6515366,-3.0127944,4.12,342,11.1,-0.3
1790100167500,53.6515295,-3.0127916,4.07,342,12.1,0.4
1790100167600,53.6515333,-3.0127829,4.13,342,12.3,0.0
1790100167700,53.6515417,-3.0127859,3.97,342,11.0,0.2
1790100167800,53.6515425,-3.0127937,4.02,342,11.1,0.0
1790100167900,53.6515417,-3.0127974,4.08,342,12.0,0.0
1790100168000,53.6515464,-3.0127999,4.22,342,11.2,0.3
1790100168100,53.6515501,-3.0127869,4.06,342,11.6,-0.2
1790100168200,53.6515468,-3.0127941,4.18,342,12.1,0.6
1790100168300,53.6515490,-3.0127901,4.19,342,11.8,-0.0
1790100168400,53.6515540,-3.0128010,4.01,342,12.6,-0.0
1790100168500,53.6515514,-3.0127992,4.08,342,12.2,0.6
1790100168600,53.6515541,-3.0128006,4.06,342,11.9,0.1
1790100168700,53.6515564,-3.0128015,4.11,342,12.1,0.5
1790100168800,53.6515581,-3.0127966,4.09,342,11.8,0.4
1790100168900,53.6515598,-3.0127951,4.00,342,12.8,0.5
1790100169000,53.6515657,-3.0128003,4.20,342,11.8,0.0
1790100169100,53.6515665,-3.0128008,4.24,342,12.1,0.6
1790100169200,53.6515625,-3.0128092,4.16,342,12.8,-0.0
1790100169300,53.6515635,-3.0127975,4.22,342,12.7,-0.2
1790100169400,53.6515678,-3.0128048,4.04,342,12.1,0.1
1790100169500,53.6515657,-3.0128152,4.20,342,11.8,0.2
1790100169600,53.6515758,-3.0128006,4.14,342,13.2,-0.3
1790100169700,53.6515776,-3.0128173,4.11,342,12.1,0.2
1790100169800,53.6515727,-3.0128125,4.19,342,13.0,-0.0
1790100169900,53.6515822,-3.0128093,4.16,342,12.2,0.2
1790100170000,53.6515836,-3.0128126,4.10,342,12.6,0.1
1790100170100,53.6515763,-3.0128083,4.06,342,11.9,0.4
1790100170200,53.6515785,-3.0128119,4.02,342,12.8,-0.1
1790100170300,53.6515898,-3.0128186,4.09,342,12.7,-0.1
1790100170400,53.6515885,-3.0128136,4.07,342,12.2,0.0
1790100170500,53.6515913,-3.0128173,4.11,342,13.1,0.0
1790100170600,53.6515904,-3.0128195,4.05,342,12.3,-0.2
1790100170700,53.6515942,-3.0128130,4.18,342,12.2,0.0
1790100170800,53.6515951,-3.0128280,4.00,342,12.4,-0.1
1790100170900,53.6515927,-3.0128125,4.11,342,12.7,-0.1
1790100171000,53.6516002,-3.0128250,4.17,342,11.8,-0.1
1790100171100,53.6515960,-3.0128194,4.24,342,12.1,-0.4
1790100171200,53.6516002,-3.0128184,4.08,342,12.2,-0.7
1790100171300,53.6516002,-3.0128318,4.14,342,12.7,-0.3
1790100171400,53.6516078,-3.0128223,4.11,342,12.3,-0.6
1790100171500,53.6516019,-3.0128182,4.13,342,11.8,-0.8
1790100171600,53.6516128,-3.0128252,4.03,342,12.8,-1.0
1790100171700,53.6516072,-3.0128249,4.13,342,11.6,-0.8
1790100171800,53.6516125,-3.0128247,4.15,342,12.7,-1.1
1790100171900,53.6516166,-3.0128291,4.00,342,12.7,-0.7
1790100172000,53.6516143,-3.0128281,4.14,342,12.5,-0.5
1790100172100,53.6516204,-3.0128301,4.18,342,12.8,-1.1
1790100172200,53.6516164,-3.0128260,4.19,342,12.2,-0.6
1790100172300,53.6516235,-3.0128372,4.04,342,11.6,-1.0
1790100172400,53.6516230,-3.0128391,4.01,342,11.7,-0.9
1790100172500,53.6516207,-3.0128310,4.02,342,11.9,-1.0
1790100172600,53.6516272,-3.0128387,4.22,342,12.5,-1.4
1790100172700,53.6516306,-3.0128306,4.16,342,11.7,-1.5
1790100172800,53.6516316,-3.0128442,4.12,342,11.7,-1.6
1790100172900,53.6516306,-3.0128431,4.17,342,12.4,-1.0
1790100173000,53.6516315,-3.0128370,4.10,342,11.1,-1.5
1790100173100,53.6516346,-3.0128393,4.19,342,12.0,-1.3
1790100173200,53.6516375,-3.0128491,4.14,342,11.8,-1.5
1790100173300,53.6516443,-3.0128515,4.11,342,11.6,-1.4
1790100173400,53.6516451,-3.0128361,4.09,342,11.1,-1.6
1790100173500,53.6516382,-3.0128414,4.22,342,11.6,-1.7
1790100173600,53.6516476,-3.0128441,4.02,342,11.5,-1.6
1790100173700,53.6516413,-3.0128419,4.14,342,10.5,-1.9
1790100173800,53.6516439,-3.0128567,4.11,342,11.0,-1.8
1790100173900,53.6516468,-3.0128528,4.16,342,11.5,-1.8
1790100174000,53.6516497,-3.0128448,4.23,342,11.5,-1.9
1790100174100,53.6516486,-3.0128467,4.22,342,10.7,-1.6
1790100174200,53.6516572,-3.0128502,4.19,342,11.4,-2.2
1790100174300,53.6516539,-3.0128581,4.23,342,11.0,-2.0
1790100174400,53.6516618,-3.0128486,4.03,342,10.4,-2.1
1790100174500,53.6516567,-3.0128619,3.99,342,10.9,-1.6
1790100174600,53.6516634,-3.0128652,4.16,342,10.5,-1.8
1790100174700,53.6516624,-3.0128515,4.04,342,9.8,-2.3
1790100174800,53.6516709,-3.0128538,4.11,342,10.9,-1.7
1790100174900,53.6516654,-3.0128657,4.04,342,9.9,-2.1
1790100175000,53.6516742,-3.0128536,4.07,342,10.3,-1.8
1790100175100,53.6516725,-3.0128657,4.05,342,9.8,-2.0
1790100175200,53.6516707,-3.0128636,3.99,342,9.7,-1.9
1790100175300,53.6516759,-3.0128714,4.20,342,9.4,-2.0
1790100175400,53.6516757,-3.0128601,4.01,342,9.7,-2.1
1790100175500,53.6516820,-3.0128739,4.10,342,9.6,-2.3
1790100175600,53.6516797,-3.0128710,4.08,342,9.1,-2.3
1790100175700,53.6516835,-3.0128711,4.19,342,9.3,-2.4
1790100175800,53.6516827,-3.0128615,3.99,342,9.0,-2.3
1790100175900,53.6516840,-3.0128647,4.01,342,9.1,-1.9
1790100176000,53.6516836,-3.0128709,4.17,342,9.3,-2.2
1790100176100,53.6516858,-3.0128753,4.11,342,9.7,-2.4
1790100176200,53.6516911,-3.0128670,4.10,342,8.8,-2.6
1790100176300,53.6516983,-3.0128800,3.99,342,9.4,-2.3
1790100176400,53.6516960,-3.0128661,4.18,342,9.3,-2.1
1790100176500,53.6516925,-3.0128760,4.06,342,9.2,-2.1
1790100176600,53.6517004,-3.0128802,4.15,342,8.4,-1.8
1790100176700,53.6517036,-3.0128837,4.19,342,8.6,-2.1
1790100176800,53.6516991,-3.0128749,4.17,342,8.1,-1.7
1790100176900,53.6517074,-3.0128742,4.00,342,8.7,-2.0
1790100177000,53.6517091,-3.0128806,4.13,342,8.5,-2.1
1790100177100,53.6517070,-3.0128742,4.13,342,8.3,-2.1
1790100177200,53.6517105,-3.0128753,4.12,342,7.8,-2.2
1790100177300,53.6517149,-3.0128746,4.09,342,9.0,-1.7
1790100177400,53.6517084,-3.0128894,4.19,342,7.6,-2.3
1790100177500,53.6517172,-3.0128921,4.07,342,7.9,-2.2
1790100177600,53.6517196,-3.0128782,3.99,342,8.8,-1.7
1790100177700,53.6517236,-3.0128901,4.02,342,8.7,-1.8
1790100177800,53.6517151,-3.0128974,4.00,342,8.3,-1.7
1790100177900,53.6517262,-3.0128896,3.96,342,8.4,-1.9
1790100178000,53.6517237,-3.0128835,4.04,342,8.5,-2.0
1790100178100,53.6517271,-3.0128986,3.98,342,8.1,-1.5
1790100178200,53.6517303,-3.0128891,4.11,342,7.5,-1.7
1790100178300,53.6517280,-3.0128924,4.03,342,7.4,-1.5
1790100178400,53.6517282,-3.0128984,3.99,342,8.5,-1.4
1790100178500,53.6517338,-3.0128981,4.12,342,7.9,-1.3
1790100178600,53.6517314,-3.0128963,4.00,342,7.3,-1.5
1790100178700,53.6517331,-3.0128995,4.01,342,7.1,-1.5
1790100178800,53.6517346,-3.0128980,4.02,342,8.4,-1.4
1790100178900,53.6517358,-3.0128997,3.98,342,7.8,-1.2
1790100179000,53.6517416,-3.0128991,4.07,342,8.4,-0.9
1790100179100,53.6517410,-3.0129060,4.00,342,7.8,-1.3
1790100179200,53.6517489,-3.0128960,3.96,342,7.4,-0.9
1790100179300,53.6517446,-3.0129069,4.08,342,8.3,-0.9
1790100179400,53.6517512,-3.0129059,4.02,342,6.8,-1.1
1790100179500,53.6517547,-3.0129070,3.92,342,6.9,-1.0
1790100179600,53.6517494,-3.0128970,3.96,342,7.9,-1.0
1790100179700,53.6517591,-3.0129140,3.99,342,8.1,-1.2
1790100179800,53.6517563,-3.0129023,4.01,342,7.9,-0.7
1790100179900,53.6517604,-3.0129061,4.11,342,7.1,-1.1
1790100180000,53.6517597,-3.0129006,4.09,342,7.7,-1.0
1790100180100,53.6517583,-3.0129143,4.13,342,7.4,-0.4
1790100180200,53.6517580,-3.0129030,3.93,342,7.9,-1.0
1790100180300,53.6517620,-3.0129215,4.01,342,7.8,-0.5
1790100180400,53.6517676,-3.0129140,4.05,342,7.3,-0.9
1790100180500,53.6517716,-3.0129176,3.91,342,7.8,-0.5
1790100180600,53.6517655,-3.0129136,4.07,342,8.0,-0.5
1790100180700,53.6517667,-3.0129198,3.95,342,8.2,-0.7
1790100180800,53.6517698,-3.0129163,3.89,342,7.5,-0.6
1790100180900,53.6517720,-3.0129122,3.99,342,7.8,-0.2
1790100181000,53.6517794,-3.0129254,4.09,342,7.8,-0.1
1790100181100,53.6517827,-3.0129239,3.86,342,8.1,0.1
1790100181200,53.6517851,-3.0129226,3.98,342,7.5,-0.1
1790100181300,53.6517868,-3.0129251,4.07,342,7.9,-0.0
1790100181400,53.6517804,-3.0129171,3.97,342,7.9,-0.1
1790100181500,53.6517899,-3.0129276,3.94,342,7.9,-0.2
1790100181600,53.6517879,-3.0129165,3.84,342,7.7,-0.3
1790100181700,53.6517897,-3.0129270,3.93,342,7.6,-0.3
1790100181800,53.6517942,-3.0129355,3.96,342,8.6,0.2
1790100181900,53.6517949,-3.0129289,3.92,342,7.7,-0.3
1790100182000,53.6517939,-3.0129283,4.05,342,8.1,-0.3
1790100182100,53.6517961,-3.0129357,3.84,342,8.4,-0.0
1790100182200,53.6518008,-3.0129326,3.98,342,8.4,0.3
1790100182300,53.6517952,-3.0129300,3.83,342,7.9,-0.1
1790100182400,53.6517998,-3.0129344,3.90,342,8.9,0.4
1790100182500,53.6518030,-3.0129262,3.82,342,8.4,-0.0
1790100182600,53.6518007,-3.0129409,3.94,342,8.2,0.2
1790100182700,53.6518070,-3.0129357,3.98,342,8.3,0.1
1790100182800,53.6518056,-3.0129361,4.04,342,7.7,-0.1
1790100182900,53.6518123,-3.0129299,3.98,342,9.1,0.5
1790100183000,53.6518134,-3.0129300,3.90,342,9.0,0.1
1790100183100,53.6518088,-3.0129438,3.91,342,8.4,-0.1
1790100183200,53.6518134,-3.0129455,3.81,342,9.0,-0.2
1790100183300,53.6518152,-3.0129410,3.96,342,8.2,0.4
1790100183400,53.6518153,-3.0129489,4.02,342,9.5,0.2
1790100183500,53.6518240,-3.0129465,3.84,342,8.5,0.1
1790100183600,53.6518235,-3.0129406,4.01,342,8.4,-0.0
1790100183700,53.6518285,-3.0129511,3.93,342,9.2,0.2
1790100183800,53.6518226,-3.0129486,3.80,342,9.8,0.2
1790100183900,53.6518273,-3.0129451,3.87,342,8.7,0.3
1790100184000,53.6518245,-3.0129493,3.98,342,8.7,-0.0
1790100184100,53.6518332,-3.0129566,3.81,342,9.0,-0.2
1790100184200,53.6518336,-3.0129475,4.02,342,9.0,-0.3
1790100184300,53.6518380,-3.0129466,3.85,342,10.2,-0.2
1790100184400,53.6518334,-3.0129604,3.98,342,10.2,0.2
1790100184500,53.6518415,-3.0129614,3.76,342,9.6,-0.1
1790100184600,53.6518389,-3.0129610,3.95,342,9.2,0.0
1790100184700,53.6518390,-3.0129604,3.93,342,10.0,0.3
1790100184800,53.6518442,-3.0129578,3.98,342,9.9,0.2
1790100184900,53.6518486,-3.0129472,3.84,342,9.6,0.3
1790100185000,53.6518480,-3.0129510,3.95,342,10.5,-0.0
1790100185100,53.6518461,-3.0129645,3.85,342,9.9,-0.5
1790100185200,53.6518531,-3.0129553,3.87,342,10.0,-0.1
1790100185300,53.6518537,-3.0129539,3.91,342,9.7,0.0
1790100185400,53.6518511,-3.0129533,3.96,342,9.8,0.1
1790100185500,53.6518559,-3.0129560,3.94,342,9.9,-0.0
1790100185600,53.6518598,-3.0129702,3.80,342,10.4,-0.8
1790100185700,53.6518632,-3.0129718,3.75,342,11.2,-0.5
1790100185800,53.6518639,-3.0129691,3.82,342,10.7,-0.9
1790100185900,53.6518638,-3.0129590,3.87,342,10.9,-0.9
1790100186000,53.6518675,-3.0129648,3.76,342,11.5,-0.3
1790100186100,53.6518613,-3.0129585,3.91,342,11.5,-0.3
1790100186200,53.6518701,-3.0129694,3.79,342,10.4,-0.9
1790100186300,53.6518698,-3.0129701,3.95,342,11.4,-0.6
1790100186400,53.6518679,-3.0129661,3.87,342,10.6,-0.8
1790100186500,53.6518699,-3.0129778,3.95,342,11.7,-1.2
1790100186600,53.6518701,-3.0129695,2.09,258,1.8,-0.6
1790100186700,53.6518705,-3.0129718,2.10,258,1.9,-1.2
1790100186800,53.6518740,-3.0129724,2.20,258,0.6,-0.9
1790100186900,53.6518730,-3.0129795,2.12,258,1.8,-1.5
1790100187000,53.6518720,-3.0129779,2.13,258,1.0,-1.4
1790100187100,53.6518739,-3.0129840,2.21,258,1.3,-1.1
1790100187200,53.6518661,-3.0129760,2.19,258,1.3,-0.9
1790100187300,53.6518746,-3.0129892,2.22,258,1.0,-1.0
1790100187400,53.6518696,-3.0129899,2.31,258,1.0,-1.4
1790100187500,53.6518738,-3.0129878,2.21,258,0.1,-1.0
1790100187600,53.6518656,-3.0129938,2.24,258,1.0,-1.5
1790100187700,53.6518643,-3.0129950,2.32,258,-0.1,-1.5
1790100187800,53.6518712,-3.0129850,2.33,258,0.8,-1.5
1790100187900,53.6518700,-3.0129979,2.44,258,1.1,-1.4
1790100188000,53.6518685,-3.0129979,2.34,258,0.9,-1.5
1790100188100,53.6518729,-3.0129907,2.41,258,0.5,-1.6
1790100188200,53.6518648,-3.0129920,2.40,258,0.2,-1.4
1790100188300,53.6518715,-3.0130051,2.49,258,0.0,-1.8
1790100188400,53.6518656,-3.0130062,2.39,258,-0.6,-2.1
1790100188500,53.6518675,-3.0130040,2.40,258,0.6,-1.8
1790100188600,53.6518681,-3.0130023,2.54,258,0.2,-1.8
1790100188700,53.6518619,-3.0130186,2.57,258,-0.6,-2.2
1790100188800,53.6518632,-3.0130103,2.46,258,0.1,-1.7
1790100188900,53.6518665,-3.0130103,2.62,258,-1.2,-2.3
1790100189000,53.6518609,-3.0130231,2.53,258,-1.3,-1.7
1790100189100,53.6518656,-3.0130103,2.62,258,-1.1,-1.7
1790100189200,53.6518682,-3.0130287,2.63,258,-0.6,-2.1
1790100189300,53.6518628,-3.0130266,2.68,258,-0.3,-1.8
1790100189400,53.6518696,-3.0130275,2.71,258,-1.6,-2.2
1790100189500,53.6518619,-3.0130328,2.67,258,-1.4,-2.2
1790100189600,53.6518657,-3.0130329,2.69,258,-1.9,-2.2
1790100189700,53.6518644,-3.0130226,2.78,258,-1.8,-2.0
1790100189800,53.6518651,-3.0130250,2.80,258,-1.6,-2.5
1790100189900,53.6518614,-3.0130303,2.70,258,-1.8,-2.6
1790100190000,53.6518669,-3.0130275,2.67,258,-1.6,-2.4
1790100190100,53.6518625,-3.0130395,2.79,258,-1.4,-2.5
1790100190200,53.6518661,-3.0130381,2.73,258,-2.2,-2.3
1790100190300,53.6518588,-3.0130384,2.75,258,-1.8,-2.0
1790100190400,53.6518668,-3.0130497,2.90,258,-2.4,-1.9
1790100190500,53.6518661,-3.0130501,2.82,258,-2.3,-2.0
1790100190600,53.6518642,-3.0130464,2.93,258,-2.2,-2.0
1790100190700,53.6518653,-3.0130467,2.87,258,-2.2,-2.4
1790100190800,53.6518638,-3.0130583,2.92,258,-3.2,-2.3
1790100190900,53.6518595,-3.0130587,2.96,258,-2.7,-2.3
1790100191000,53.6518552,-3.0130657,2.92,258,-3.5,-2.6
1790100191100,53.6518634,-3.0130628,2.92,258,-4.0,-2.1
1790100191200,53.6518599,-3.0130553,3.09,258,-3.0,-2.2
1790100191300,53.6518581,-3.0130571,2.98,258,-2.9,-2.4
1790100191400,53.6518601,-3.0130640,2.95,258,-4.5,-2.1
1790100191500,53.6518589,-3.0130680,3.09,258,-4.1,-2.3
1790100191600,53.6518563,-3.0130714,3.11,258,-4.6,-2.1
1790100191700,53.6518581,-3.0130654,3.14,258,-3.8,-1.7
1790100191800,53.6518580,-3.0130759,3.11,258,-4.3,-1.6
1790100191900,53.6518561,-3.0130707,3.07,258,-5.4,-1.6
1790100192000,53.6518570,-3.0130870,3.22,258,-4.6,-1.8
1790100192100,53.6518567,-3.0130799,3.20,258,-5.4,-1.9
1790100192200,53.6518581,-3.0130797,3.20,258,-4.9,-2.2
1790100192300,53.6518517,-3.0130826,3.09,258,-5.1,-1.5
1790100192400,53.6518540,-3.0130994,3.17,258,-6.3,-1.7
1790100192500,53.6518508,-3.0130931,3.24,258,-5.8,-1.4
1790100192600,53.6518598,-3.0131031,3.34,258,-6.3,-2.0
1790100192700,53.6518508,-3.0130997,3.31,258,-6.2,-1.6
1790100192800,53.6518543,-3.0131070,3.26,258,-6.2,-1.9
1790100192900,53.6518596,-3.0130968,3.34,258,-6.9,-1.2
1790100193000,53.6518518,-3.0131136,3.22,258,-6.9,-1.4
1790100193100,53.6518586,-3.0131110,3.46,258,-7.6,-1.2
1790100193200,53.6518528,-3.0131143,3.36,258,-7.5,-1.1
1790100193300,53.6518570,-3.0131120,3.39,258,-8.1,-1.1
1790100193400,53.6518569,-3.0131100,3.31,258,-7.5,-1.2
1790100193500,53.6518562,-3.0131270,3.41,258,-8.2,-1.3
1790100193600,53.6518560,-3.0131277,3.39,258,-7.4,-1.0
1790100193700,53.6518567,-3.0131208,3.51,258,-8.6,-1.1
1790100193800,53.6518568,-3.0131188,3.48,258,-8.6,-1.5
1790100193900,53.6518479,-3.0131321,3.42,258,-8.5,-1.4
1790100194000,53.6518515,-3.0131391,3.58,258,-8.4,-0.7
1790100194100,53.6518456,-3.0131402,3.48,258,-8.8,-1.2
1790100194200,53.6518520,-3.0131365,3.57,258,-9.2,-1.0
1790100194300,53.6518478,-3.0131465,3.56,258,-10.0,-0.7
1790100194400,53.6518512,-3.0131424,3.68,258,-9.3,-0.9
1790100194500,53.6518473,-3.0131423,3.54,258,-10.5,-0.4
1790100194600,53.6518450,-3.0131541,3.54,258,-10.0,-0.7
1790100194700,53.6518505,-3.0131523,3.70,258,-9.9,-0.4
1790100194800,53.6518438,-3.0131512,3.56,258,-9.7,-0.7
1790100194900,53.6518492,-3.0131568,3.53,258,-9.8,-0.3
1790100195000,53.6518439,-3.0131642,3.56,258,-10.1,-0.2
1790100195100,53.6518482,-3.0131588,3.53,258,-10.1,-0.1
1790100195200,53.6518498,-3.0131588,3.65,258,-10.3,-0.1
1790100195300,53.6518428,-3.0131636,3.62,258,-10.0,-0.1
1790100195400,53.6518415,-3.0131710,3.66,258,-11.0,-0.7
1790100195500,53.6518440,-3.0131748,3.53,258,-11.1,-0.3
1790100195600,53.6518415,-3.0131821,3.59,258,-11.4,-0.2
1790100195700,53.6518414,-3.0131743,3.71,258,-10.5,0.1
1790100195800,53.6518474,-3.0131795,3.63,258,-11.5,-0.2
1790100195900,53.6518463,-3.0131811,3.64,258,-11.1,-0.3
1790100196000,53.6518463,-3.0131788,3.50,258,-11.3,-0.1
1790100196100,53.6518416,-3.0131953,3.59,258,-10.4,0.3
1790100196200,53.6518403,-3.0131961,3.68,258,-11.1,-0.1
1790100196300,53.6518410,-3.0131894,3.51,258,-10.8,-0.4
1790100196400,53.6518450,-3.0132055,3.49,258,-10.9,0.2
1790100196500,53.6518452,-3.0132053,3.72,258,-11.1,0.3
1790100196600,53.6518411,-3.0131966,3.55,258,-11.0,-0.3
1790100196700,53.6518404,-3.0132064,3.56,258,-11.3,-0.1
1790100196800,53.6518427,-3.0132166,3.53,258,-11.1,0.3
1790100196900,53.6518448,-3.0132183,3.70,258,-11.0,0.5
1790100197000,53.6518448,-3.0132231,3.50,258,-11.0,0.4
1790100197100,53.6518441,-3.0132226,3.67,258,-11.1,-0.2
1790100197200,53.6518412,-3.0132242,3.63,258,-12.2,0.2
1790100197300,53.6518405,-3.0132291,3.59,258,-11.5,0.1
1790100197400,53.6518438,-3.0132339,3.58,258,-12.3,0.4
1790100197500,53.6518397,-3.0132214,3.46,258,-12.3,0.5
1790100197600,53.6518408,-3.0132380,3.58,258,-11.3,-0.1
1790100197700,53.6518341,-3.0132403,3.53,258,-11.7,-0.2
1790100197800,53.6518397,-3.0132323,3.61,258,-11.8,0.2
1790100197900,53.6518350,-3.0132304,3.68,258,-11.9,0.3
1790100198000,53.6518333,-3.0132354,3.63,258,-11.8,-0.1
1790100198100,53.6518347,-3.0132532,3.68,258,-11.9,0.3
1790100198200,53.6518323,-3.0132450,3.54,258,-11.5,-0.1
1790100198300,53.6518368,-3.0132554,3.65,258,-11.9,0.2
1790100198400,53.6518314,-3.0132509,3.54,258,-11.9,0.1
1790100198500,53.6518336,-3.0132511,3.49,258,-12.1,0.2
1790100198600,53.6518301,-3.0132568,3.68,258,-13.0,-0.1
1790100198700,53.6518394,-3.0132630,3.49,258,-11.7,-0.2
1790100198800,53.6518366,-3.0132704,3.51,258,-12.9,-0.2
1790100198900,53.6518354,-3.0132688,3.69,258,-12.2,-0.4
1790100199000,53.6518367,-3.0132629,3.52,258,-13.2,0.2
1790100199100,53.6518337,-3.0132772,3.53,258,-12.8,-0.3
1790100199200,53.6518367,-3.0132656,3.63,258,-13.2,-0.4
1790100199300,53.6518315,-3.0132820,3.55,258,-11.9,-0.2
1790100199400,53.6518315,-3.0132713,3.66,258,-11.8,0.2
1790100199500,53.6518361,-3.0132831,3.66,258,-12.0,-0.4
1790100199600,53.6518323,-3.0132799,3.50,258,-12.2,-0.1
1790100199700,53.6518301,-3.0132792,3.60,258,-11.9,-0.4
1790100199800,53.6518335,-3.0132942,3.70,258,-12.2,-0.4
1790100199900,53.6518286,-3.0132907,3.62,258,-12.1,-0.7
1790100200000,53.6518275,-3.0132952,3.69,258,-12.8,-0.8
1790100200100,53.6518316,-3.0133022,3.53,258,-12.8,-0.3
1790100200200,53.6518290,-3.0132974,3.50,258,-12.3,-0.1
1790100200300,53.6518252,-3.0133043,3.51,258,-12.4,-0.5
1790100200400,53.6518283,-3.0133135,3.50,258,-12.6,-0.4
1790100200500,53.6518304,-3.0133128,3.72,258,-12.4,-0.6
1790100200600,53.6518241,-3.0133118,3.58,258,-12.3,-0.8
1790100200700,53.6518299,-3.0133193,3.69,258,-12.7,-1.1
1790100200800,53.6518287,-3.0133210,3.65,258,-12.6,-0.5
1790100200900,53.6518293,-3.0133126,3.67,258,-12.3,-0.5
1790100201000,53.6518290,-3.0133223,3.67,258,-12.1,-0.8
1790100201100,53.6518286,-3.0133322,3.57,258,-11.6,-1.0
1790100201200,53.6518261,-3.0133254,3.70,258,-11.4,-1.4
1790100201300,53.6518239,-3.0133388,3.67,258,-11.4,-1.1
1790100201400,53.6518260,-3.0133350,3.59,258,-12.7,-1.2
1790100201500,53.6518227,-3.0133363,3.61,258,-12.4,-1.0
1790100201600,53.6518221,-3.0133320,3.53,258,-11.6,-1.6
1790100201700,53.6518268,-3.0133366,3.51,258,-12.6,-1.5
1790100201800,53.6518195,-3.0133437,3.63,258,-11.1,-0.9
1790100201900,53.6518235,-3.0133425,3.53,258,-12.0,-1.1
1790100202000,53.6518284,-3.0133519,3.66,258,-11.9,-1.7
1790100202100,53.6518210,-3.0133564,3.64,258,-11.1,-1.2
1790100202200,53.6518234,-3.0133495,3.58,258,-11.3,-1.8
1790100202300,53.6518208,-3.0133577,3.60,258,-11.9,-1.2
1790100202400,53.6518249,-3.0133579,3.66,258,-11.4,-1.9
1790100202500,53.6518270,-3.0133588,3.69,258,-10.8,-1.8
1790100202600,53.6518245,-3.0133739,3.51,258,-11.4,-1.6
1790100202700,53.6518241,-3.0133730,3.53,258,-11.5,-1.9
1790100202800,53.6518247,-3.0133736,3.63,258,-10.8,-1.4
1790100202900,53.6518237,-3.0133720,3.65,258,-11.9,-1.9
1790100203000,53.6518232,-3.0133859,3.67,258,-11.8,-1.6
1790100203100,53.6518183,-3.0133763,3.52,258,-10.6,-2.3
1790100203200,53.6518244,-3.0133769,3.55,258,-11.0,-1.8
1790100203300,53.6518184,-3.0133800,3.54,258,-10.7,-1.9
1790100203400,53.6518221,-3.0133816,3.62,258,-11.4,-2.3
1790100203500,53.6518164,-3.0133891,3.51,258,-10.8,-1.8
1790100203600,53.6518183,-3.0134028,3.69,258,-10.1,-1.9
1790100203700,53.6518134,-3.0133975,3.63,258,-10.8,-2.2
1790100203800,53.6518148,-3.0133941,3.67,258,-10.3,-2.0
1790100203900,53.6518207,-3.0134002,3.52,258,-10.8,-1.9
1790100204000,53.6518191,-3.0134125,3.57,258,-10.5,-2.5
1790100204100,53.6518163,-3.0134026,3.69,258,-10.9,-2.2
1790100204200,53.6518206,-3.0134069,3.62,258,-10.7,-2.4
1790100204300,53.6518171,-3.0134178,3.66,258,-9.9,-2.0
1790100204400,53.6518202,-3.0134108,3.69,258,-10.4,-1.8
1790100204500,53.6518185,-3.0134268,3.69,258,-9.6,-2.5
1790100204600,53.6518186,-3.0134168,3.52,258,-9.2,-2.0
1790100204700,53.6518117,-3.0134259,3.65,258,-9.4,-2.3
1790100204800,53.6518166,-3.0134221,3.65,258,-9.4,-2.1
1790100204900,53.6518100,-3.0134283,3.55,258,-10.3,-2.1
1790100205000,53.6518108,-3.0134360,3.52,258,-10.0,-1.9
1790100205100,53.6518163,-3.0134385,3.63,258,-9.4,-2.5
1790100205200,53.6518169,-3.0134362,3.65,258,-9.2,-2.2
1790100205300,53.6518141,-3.0134377,3.73,258,-9.1,-1.8
1790100205400,53.6518126,-3.0134534,3.56,258,-8.8,-2.0
1790100205500,53.6518083,-3.0134397,3.54,258,-9.3,-2.5
1790100205600,53.6518058,-3.0134553,3.55,258,-9.7,-2.3
1790100205700,53.6518107,-3.0134589,3.72,258,-9.2,-1.9
1790100205800,53.6518144,-3.0134540,3.69,258,-9.2,-1.9
1790100205900,53.6518095,-3.0134503,3.68,258,-8.2,-2.1
1790100206000,53.6518130,-3.0134639,3.53,258,-9.4,-2.1
1790100206100,53.6518116,-3.0134556,3.54,258,-8.9,-2.1
1790100206200,53.6518090,-3.0134685,3.64,258,-9.3,-2.1
1790100206300,53.6518051,-3.0134671,3.76,258,-9.2,-2.1
1790100206400,53.6518091,-3.0134812,3.66,258,-8.5,-1.7
1790100206500,53.6518049,-3.0134727,3.60,258,-8.3,-2.1
1790100206600,53.6518115,-3.0134829,3.59,258,-7.7,-1.9
1790100206700,53.6518085,-3.0134889,3.70,258,-8.0,-1.6
1790100206800,53.6518045,-3.0134802,3.71,258,-8.2,-1.9
1790100206900,53.6518058,-3.0134781,3.75,258,-8.8,-1.8
1790100207000,53.6518088,-3.0134977,3.60,258,-8.3,-1.4
1790100207100,53.6518075,-3.0134913,3.77,258,-7.8,-1.4
1790100207200,53.6518037,-3.0135006,3.66,258,-7.9,-1.5
1790100207300,53.6518101,-3.0134950,3.70,258,-8.2,-1.6
1790100207400,53.6518028,-3.0135086,3.65,258,-7.2,-1.7
1790100207500,53.6517997,-3.0135027,3.54,258,-7.3,-1.1
1790100207600,53.6518003,-3.0135036,3.62,258,-8.0,-1.7
1790100207700,53.6518064,-3.0135116,3.63,258,-7.2,-1.5
1790100207800,53.6518048,-3.0135064,3.68,258,-7.9,-1.6
1790100207900,53.6518069,-3.0135179,3.71,258,-8.4,-1.6
1790100208000,53.6518024,-3.0135230,3.80,258,-8.0,-0.9
1790100208100,53.6518039,-3.0135129,3.70,258,-7.2,-1.2
1790100208200,53.6518071,-3.0135156,3.69,258,-7.0,-1.1
1790100208300,53.6517967,-3.0135344,3.70,258,-8.2,-1.3
1790100208400,53.6518040,-3.0135228,3.61,258,-7.4,-1.2
1790100208500,53.6518034,-3.0135266,3.60,258,-7.5,-1.3
1790100208600,53.6517959,-3.0135349,3.78,258,-7.6,-0.8
1790100208700,53.6517998,-3.0135299,3.78,258,-7.3,-1.1
1790100208800,53.6517947,-3.0135369,3.73,258,-7.7,-0.6
1790100208900,53.6518005,-3.0135481,3.79,258,-7.0,-0.7
1790100209000,53.6517962,-3.0135547,3.78,258,-7.9,-0.4
1790100209100,53.6517973,-3.0135514,3.79,258,-6.8,-0.6
1790100209200,53.6518005,-3.0135471,3.72,258,-6.8,-0.5
1790100209300,53.6517968,-3.0135483,3.83,258,-7.0,-0.8
1790100209400,53.6517951,-3.0135549,3.64,258,-6.9,-0.7
1790100209500,53.6518016,-3.0135565,3.69,258,-7.1,-0.7
1790100209600,53.6517934,-3.0135670,3.73,258,-7.2,-0.3
1790100209700,53.6517959,-3.0135705,3.70,258,-6.9,-0.0
1790100209800,53.6517960,-3.0135606,3.79,258,-7.6,-0.2
1790100209900,53.6517917,-3.0135663,3.82,258,-7.1,-0.1
1790100210000,53.6517996,-3.0135799,3.82,258,-7.1,0.0
1790100210100,53.6517947,-3.0135741,3.83,258,-7.7,-0.5
1790100210200,53.6517906,-3.0135876,3.75,258,-8.3,-0.2
1790100210300,53.6517916,-3.0135809,3.65,258,-8.3,-0.3
1790100210400,53.6517953,-3.0135895,3.83,258,-7.3,-0.3
1790100210500,53.6517902,-3.0135912,3.89,258,-7.4,-0.0
1790100210600,53.6517931,-3.0135893,3.83,258,-7.0,-0.4
1790100210700,53.6517967,-3.0135910,3.70,258,-8.2,-0.3
1790100210800,53.6517931,-3.0136063,3.71,258,-7.5,0.4
1790100210900,53.6517951,-3.0136018,3.77,258,-7.4,0.1
1790100211000,53.6517959,-3.0135954,3.80,258,-7.4,-0.2
1790100211100,53.6517920,-3.0136078,3.83,258,-8.0,0.0
1790100211200,53.6517859,-3.0136117,3.73,258,-7.8,0.5
1790100211300,53.6517961,-3.0136033,3.72,258,-8.1,0.5
1790100211400,53.6517909,-3.0136093,3.87,258,-7.7,0.3
1790100211500,53.6517893,-3.0136216,3.76,258,-8.6,0.1
1790100211600,53.6517889,-3.0136211,3.89,258,-7.8,-0.0
1790100211700,53.6517900,-3.0136290,3.87,258,-8.1,0.3
1790100211800,53.6517862,-3.0136226,3.91,258,-8.2,0.3
1790100211900,53.6517916,-3.0136230,3.76,258,-7.9,0.0
1790100212000,53.6517833,-3.0136357,3.72,258,-8.4,-0.2
1790100212100,53.6517852,-3.0136359,3.70,258,-9.0,0.3
1790100212200,53.6517829,-3.0136345,3.91,258,-8.4,-0.1
1790100212300,53.6517904,-3.0136364,3.78,258,-8.3,0.1
1790100212400,53.6517878,-3.0136425,3.73,258,-8.7,0.2
1790100212500,53.6517830,-3.0136465,3.80,258,-9.1,0.5
1790100212600,53.6517866,-3.0136527,3.73,258,-8.6,0.5
1790100212700,53.6517910,-3.0136454,3.78,258,-8.7,0.5
1790100212800,53.6517808,-3.0136587,3.94,258,-9.2,0.2
1790100212900,53.6517840,-3.0136497,3.84,258,-9.1,0.3
1790100213000,53.6517808,-3.0136598,3.80,258,-9.0,0.1
1790100213100,53.6517810,-3.0136660,3.88,258,-9.0,-0.3
1790100213200,53.6517890,-3.0136752,3.82,258,-9.0,-0.1
1790100213300,53.6517789,-3.0136788,3.87,258,-9.2,-0.0
1790100213400,53.6517812,-3.0136760,3.94,258,-9.7,0.4
1790100213500,53.6517825,-3.0136704,3.75,258,-9.7,-0.1
1790100213600,53.6517801,-3.0136805,3.78,258,-9.6,0.1
1790100213700,53.6517770,-3.0136769,3.75,258,-9.1,0.2
1790100213800,53.6517783,-3.0136898,3.76,258,-9.3,0.2
1790100213900,53.6517816,-3.0136888,3.80,258,-9.9,-0.6
1790100214000,53.6517792,-3.0136933,3.88,258,-9.6,-0.0
1790100214100,53.6517817,-3.0136880,3.93,258,-9.3,-0.5
1790100214200,53.6517759,-3.0136900,3.84,258,-9.9,-0.6
1790100214300,53.6517823,-3.0137007,3.75,258,-10.2,-0.5
1790100214400,53.6517809,-3.0137084,3.80,258,-9.6,-0.3
1790100214500,53.6517839,-3.0136973,3.82,258,-10.0,-0.1
1790100214600,53.6517741,-3.0137017,3.80,258,-11.0,-0.4
1790100214700,53.6517748,-3.0137138,4.01,258,-10.0,-0.9
1790100214800,53.6517751,-3.0137072,3.81,258,-11.0,-0.3
1790100214900,53.6517792,-3.0137088,3.83,258,-10.4,-0.9
1790100215000,53.6517818,-3.0137230,3.81,258,-10.3,-0.4
1790100215100,53.6517767,-3.0137296,3.79,258,-10.3,-0.6
1790100215200,53.6517798,-3.0137229,3.88,258,-11.3,-0.4
1790100215300,53.6517754,-3.0137380,3.95,258,-10.4,-0.4
1790100215400,53.6517751,-3.0137389,3.82,258,-10.6,-1.0
1790100215500,53.6517714,-3.0137400,3.98,258,-11.0,-1.1
1790100215600,53.6517782,-3.0137347,3.90,258,-11.7,-0.8
1790100215700,53.6517792,-3.0137484,3.83,258,-10.6,-1.0
1790100215800,53.6517727,-3.0137372,3.89,258,-10.7,-1.2
1790100215900,53.6517740,-3.0137441,3.98,258,-11.4,-1.4
1790100216000,53.6517781,-3.0137423,4.00,258,-12.2,-0.9
1790100216100,53.6517695,-3.0137454,3.96,258,-11.4,-1.2
1790100216200,53.6517730,-3.0137609,4.00,258,-10.8,-1.7
1790100216300,53.6517680,-3.0137560,3.89,258,-12.3,-1.7
1790100216400,53.6517695,-3.0137636,3.87,258,-12.1,-1.7
1790100216500,53.6517716,-3.0137605,3.89,258,-12.4,-1.1
1790100216600,53.6517708,-3.0137705,4.04,258,-11.9,-1.9
1790100216700,53.6517720,-3.0137734,3.95,258,-12.3,-1.3
1790100216800,53.6517737,-3.0137804,4.05,258,-12.1,-1.9
1790100216900,53.6517723,-3.0137801,3.97,258,-11.5,-1.9
1790100217000,53.6517733,-3.0137868,4.01,258,-12.4,-1.6
1790100217100,53.6517718,-3.0137919,3.96,258,-11.4,-1.7
1790100217200,53.6517671,-3.0137868,4.03,258,-11.4,-1.9
1790100217300,53.6517637,-3.0137836,3.91,258,-12.1,-2.1
1790100217400,53.6517717,-3.0137839,4.07,258,-11.5,-1.6
1790100217500,53.6517706,-3.0138019,3.92,258,-12.7,-2.1
1790100217600,53.6517723,-3.0137918,3.85,258,-11.5,-1.9
1790100217700,53.6517638,-3.0137989,3.99,258,-12.1,-2.3
1790100217800,53.6517679,-3.0137954,3.84,258,-12.4,-2.0
1790100217900,53.6517693,-3.0138153,3.88,258,-12.0,-1.8
1790100218000,53.6517613,-3.0138045,3.96,258,-11.9,-2.2
1790100218100,53.6517665,-3.0138123,3.91,258,-12.6,-1.8
1790100218200,53.6517687,-3.0138150,3.96,258,-13.0,-2.4
1790100218300,53.6517670,-3.0138189,4.07,258,-12.0,-2.5
1790100218400,53.6517613,-3.0138144,3.97,258,-12.8,-2.0
1790100218500,53.6517590,-3.0138203,3.99,258,-12.1,-2.1
1790100218600,53.6517630,-3.0138299,4.07,258,-13.0,-2.2
1790100218700,53.6517609,-3.0138386,3.90,258,-12.6,-2.5
1790100218800,53.6517668,-3.0138280,3.91,258,-12.6,-2.3
1790100218900,53.6517599,-3.0138406,3.92,258,-12.4,-2.4
1790100219000,53.6517627,-3.0138444,4.08,258,-13.0,-2.1
1790100219100,53.6517655,-3.0138497,3.88,258,-12.7,-2.4
1790100219200,53.6517609,-3.0138534,4.13,258,-12.7,-2.0
1790100219300,53.6517642,-3.0138518,4.13,258,-12.2,-2.0
1790100219400,53.6517632,-3.0138551,3.94,258,-12.1,-2.1
1790100219500,53.6517606,-3.0138537,3.94,258,-11.9,-2.5
1790100219600,53.6517587,-3.0138528,3.89,258,-12.2,-2.2
1790100219700,53.6517632,-3.0138570,3.94,258,-12.5,-1.9
1790100219800,53.6517631,-3.0138639,4.03,258,-13.1,-1.9
1790100219900,53.6517575,-3.0138749,3.96,258,-12.6,-2.1
1790100220000,53.6517538,-3.0138781,4.11,258,-12.3,-2.1
1790100220100,53.6517623,-3.0138776,3.95,258,-13.0,-2.0
1790100220200,53.6517576,-3.0138754,3.95,258,-12.1,-2.1
1790100220300,53.6517599,-3.0138752,4.04,258,-12.5,-2.2
1790100220400,53.6517535,-3.0138820,3.97,258,-12.5,-1.8
1790100220500,53.6517557,-3.0138780,4.02,258,-11.6,-1.9
1790100220600,53.6517606,-3.0138945,4.13,258,-12.4,-1.8
1790100220700,53.6517570,-3.0138976,4.01,258,-12.4,-2.2
1790100220800,53.6517518,-3.0138970,4.02,258,-11.9,-2.1
1790100220900,53.6517539,-3.0139000,4.14,258,-12.3,-2.1
1790100221000,53.6517572,-3.0138959,3.95,258,-11.4,-1.6
1790100221100,53.6517591,-3.0139107,4.15,258,-11.8,-1.9
1790100221200,53.6517571,-3.0139164,3.98,258,-12.1,-1.7
1790100221300,53.6517494,-3.0139080,4.10,258,-12.3,-1.4
1790100221400,53.6517527,-3.0139182,4.01,258,-11.5,-2.1
1790100221500,53.6517521,-3.0139113,4.09,258,-11.0,-1.7
1790100221600,53.6517526,-3.0139126,4.06,258,-11.6,-1.9
1790100221700,53.6517516,-3.0139142,4.08,258,-11.9,-1.9
1790100221800,53.6517490,-3.0139172,3.99,258,-12.2,-1.8
1790100221900,53.6517474,-3.0139380,3.96,258,-11.2,-1.7
1790100222000,53.6517540,-3.0139300,4.08,258,-11.6,-1.2
1790100222100,53.6517485,-3.0139336,4.10,258,-11.0,-1.7
1790100222200,53.6517490,-3.0139348,4.09,258,-10.6,-1.4
1790100222300,53.6517476,-3.0139463,4.11,258,-11.4,-1.2
1790100222400,53.6517485,-3.0139463,4.16,258,-11.0,-1.5
1790100222500,53.6517519,-3.0139471,3.97,258,-10.7,-0.9
1790100222600,53.6517485,-3.0139440,4.14,258,-11.3,-1.1
1790100222700,53.6517486,-3.0139618,4.11,258,-11.0,-1.0
1790100222800,53.6517425,-3.0139499,4.12,258,-11.1,-1.4
1790100222900,53.6517466,-3.0139541,4.01,258,-10.8,-1.0
1790100223000,53.6517478,-3.0139573,4.16,258,-10.4,-1.2
1790100223100,53.6517439,-3.0139730,4.09,258,-11.3,-0.8
1790100223200,53.6517497,-3.0139725,4.06,258,-10.2,-1.1
1790100223300,53.6517437,-3.0139783,4.00,258,-10.9,-0.7
1790100223400,53.6517469,-3.0139765,4.04,258,-10.0,-0.4
1790100223500,53.6517414,-3.0139822,4.19,258,-10.6,-0.9
1790100223600,53.6517436,-3.0139873,4.04,258,-10.0,-0.9
1790100223700,53.6517397,-3.0139824,4.21,258,-9.5,-0.3
1790100223800,53.6517420,-3.0139946,4.16,258,-10.3,-0.3
1790100223900,53.6517476,-3.0139868,4.03,258,-10.2,-0.8
1790100224000,53.6517456,-3.0139897,4.19,258,-10.0,-0.7
1790100224100,53.6517385,-3.0140056,4.17,258,-9.1,-0.5
1790100224200,53.6517398,-3.0140075,4.20,258,-9.6,-0.6
1790100224300,53.6517389,-3.0139994,4.11,258,-10.2,-0.5
1790100224400,53.6517454,-3.0140038,4.21,258,-9.5,-0.4
1790100224500,53.6517394,-3.0140133,4.18,258,-10.0,-0.6
1790100224600,53.6517375,-3.0140134,4.05,258,-8.8,-0.3
1790100224700,53.6517380,-3.0140147,4.10,258,-8.9,-0.1
1790100224800,53.6517365,-3.0140218,4.21,258,-9.9,0.1
1790100224900,53.6517398,-3.0140302,4.12,258,-9.5,0.2
1790100225000,53.6517429,-3.0140247,4.02,258,-8.8,-0.4
1790100225100,53.6517435,-3.0140384,3.98,258,-8.5,-0.1
1790100225200,53.6517330,-3.0140346,4.10,258,-9.7,-0.4
1790100225300,53.6517380,-3.0140376,4.12,258,-8.8,-0.2
1790100225400,53.6517367,-3.0140348,4.12,258,-9.3,-0.3
1790100225500,53.6517390,-3.0140458,4.11,258,-9.0,-0.1
1790100225600,53.6517394,-3.0140423,4.02,258,-8.9,0.0
1790100225700,53.6517343,-3.0140443,4.03,258,-8.8,0.3
1790100225800,53.6517383,-3.0140551,4.15,258,-8.7,0.5
1790100225900,53.6517297,-3.0140613,4.06,258,-8.1,-0.1
1790100226000,53.6517393,-3.0140522,4.04,258,-8.4,0.3
1790100226100,53.6517289,-3.0140660,4.08,258,-8.2,0.3
1790100226200,53.6517353,-3.0140674,4.05,258,-8.9,0.4
1790100226300,53.6517295,-3.0140603,4.20,258,-7.7,0.5
1790100226400,53.6517302,-3.0140654,4.06,258,-8.7,0.5
1790100226500,53.6517372,-3.0140677,4.06,258,-8.2,0.2
1790100226600,53.6517360,-3.0140789,4.12,258,-7.6,0.2
1790100226700,53.6517365,-3.0140832,4.02,258,-8.7,0.3
1790100226800,53.6517283,-3.0140770,4.18,258,-8.6,0.0
1790100226900,53.6517317,-3.0140944,4.07,258,-8.1,0.1
1790100227000,53.6517309,-3.0140908,4.10,258,-8.6,-0.2
1790100227100,53.6517267,-3.0140976,4.20,258,-7.5,0.1
1790100227200,53.6517282,-3.0140885,4.04,258,-8.1,0.1
1790100227300,53.6517245,-3.0140955,4.05,258,-7.7,-0.1
1790100227400,53.6517274,-3.0141027,4.25,258,-7.8,0.2
1790100227500,53.6517320,-3.0141057,4.08,258,-8.2,0.0
1790100227600,53.6517336,-3.0141037,4.09,258,-7.3,-0.0
1790100227700,53.6517287,-3.0141027,4.19,258,-8.3,-0.3
1790100227800,53.6517244,-3.0141207,4.15,258,-7.9,0.4
1790100227900,53.6517257,-3.0141260,4.19,258,-7.7,-0.2
1790100228000,53.6517240,-3.0141179,4.19,258,-7.2,0.2
1790100228100,53.6517293,-3.0141306,4.15,258,-7.2,-0.2
1790100228200,53.6517274,-3.0141285,4.22,258,-8.2,-0.3
1790100228300,53.6517221,-3.0141294,4.07,258,-7.7,-0.5
1790100228400,53.6517276,-3.0141417,4.26,258,-6.8,0.0
1790100228500,53.6517199,-3.0141378,4.08,258,-7.9,-0.3
1790100228600,53.6517209,-3.0141428,4.01,258,-7.7,-0.6
1790100228700,53.6517201,-3.0141420,4.16,258,-7.5,-0.3
1790100228800,53.6517273,-3.0141419,4.22,258,-7.2,-0.7
1790100228900,53.6517219,-3.0141416,4.23,258,-7.6,-0.5
1790100229000,53.6517189,-3.0141595,4.18,258,-8.2,-0.1
1790100229100,53.6517228,-3.0141486,4.12,258,-7.8,-0.9
1790100229200,53.6517218,-3.0141622,4.24,258,-8.2,-0.5
1790100229300,53.6517248,-3.0141550,4.03,258,-7.0,-0.3
1790100229400,53.6517211,-3.0141656,4.05,258,-8.1,-0.3
1790100229500,53.6517164,-3.0141624,4.19,258,-7.6,-0.9
1790100229600,53.6517241,-3.0141692,4.05,258,-7.9,-0.4
1790100229700,53.6517161,-3.0141773,4.14,258,-7.0,-1.0
1790100229800,53.6517248,-3.0141683,4.08,258,-8.1,-1.1
1790100229900,53.6517220,-3.0141715,4.16,258,-7.8,-0.5
1790100230000,53.6517216,-3.0141818,4.03,258,-8.2,-1.2
1790100230100,53.6517140,-3.0141860,4.01,258,-8.0,-1.1
1790100230200,53.6517172,-3.0141896,4.04,258,-8.1,-1.0
1790100230300,53.6517167,-3.0141998,4.12,258,-7.2,-0.8
1790100230400,53.6517186,-3.0141974,4.04,258,-8.6,-0.9
1790100230500,53.6517141,-3.0141900,4.17,258,-7.2,-1.1
1790100230600,53.6517200,-3.0141983,4.02,258,-8.2,-1.4
1790100230700,53.6517204,-3.0142094,4.17,258,-8.6,-1.1
1790100230800,53.6517144,-3.0142107,4.10,258,-7.8,-1.7
1790100230900,53.6517136,-3.0142110,4.02,258,-8.7,-1.4
1790100231000,53.6517130,-3.0142222,4.24,258,-8.8,-1.5
1790100231100,53.6517107,-3.0142146,4.13,258,-8.3,-1.3
1790100231200,53.6517185,-3.0142163,4.02,258,-9.0,-1.2
1790100231300,53.6517171,-3.0142267,4.11,258,-8.0,-2.0
1790100231400,53.6517174,-3.0142257,4.08,258,-8.9,-1.6
1790100231500,53.6517108,-3.0142278,3.99,258,-8.5,-1.4
1790100231600,53.6517094,-3.0142353,4.12,258,-9.1,-1.5
1790100231700,53.6517114,-3.0142275,4.07,258,-8.4,-1.5
1790100231800,53.6517098,-3.0142325,4.16,258,-8.8,-1.9
1790100231900,53.6517088,-3.0142392,4.20,258,-8.5,-2.1
1790100232000,53.6517148,-3.0142479,4.21,258,-8.1,-1.6
1790100232100,53.6517098,-3.0142534,4.08,258,-9.4,-1.7
1790100232200,53.6517100,-3.0142597,4.09,258,-8.4,-1.8
1790100232300,53.6517085,-3.0142507,4.12,258,-9.7,-2.0
1790100232400,53.6517143,-3.0142502,4.02,258,-8.6,-1.8
1790100232500,53.6517078,-3.0142647,4.01,258,-9.8,-2.2
1790100232600,53.6517046,-3.0142633,4.07,258,-9.9,-1.7
1790100232700,53.6517124,-3.0142659,4.17,258,-8.7,-2.2
1790100232800,53.6517102,-3.0142722,4.16,258,-9.4,-2.2
1790100232900,53.6517076,-3.0142709,4.09,258,-8.8,-2.3
1790100233000,53.6517084,-3.0142681,4.07,258,-9.5,-2.0
1790100233100,53.6517048,-3.0142719,4.11,258,-9.2,-1.9
1790100233200,53.6517093,-3.0142776,4.04,258,-9.2,-2.5
1790100233300,53.6517021,-3.0142939,4.05,258,-9.4,-2.2
1790100233400,53.6517001,-3.0142871,3.99,258,-9.2,-2.3
1790100233500,53.6517013,-3.0142873,4.16,258,-9.7,-1.8
1790100233600,53.6517055,-3.0142961,4.16,258,-9.6,-1.9
1790100233700,53.6517001,-3.0143061,3.95,258,-9.7,-2.5
1790100233800,53.6517072,-3.0143031,4.02,258,-9.6,-2.4
1790100233900,53.6517004,-3.0143139,4.14,258,-10.8,-2.5
1790100234000,53.6516984,-3.0143095,4.03,258,-10.0,-2.4
1790100234100,53.6517052,-3.0143159,4.03,258,-10.5,-2.3
1790100234200,53.6517006,-3.0143170,3.99,258,-10.2,-1.9
1790100234300,53.6517004,-3.0143190,4.18,258,-10.8,-1.8
1790100234400,53.6517013,-3.0143272,4.12,258,-11.0,-2.4
1790100234500,53.6516990,-3.0143324,4.17,258,-11.4,-2.2
1790100234600,53.6517020,-3.0143218,4.15,258,-10.9,-1.8
1790100234700,53.6517025,-3.0143209,4.07,258,-10.9,-2.4
1790100234800,53.6517006,-3.0143398,3.96,258,-10.3,-2.2
1790100234900,53.6517011,-3.0143276,4.05,258,-11.0,-2.4
1790100235000,53.6516971,-3.0143303,4.09,258,-10.5,-1.9
1790100235100,53.6517041,-3.0143405,4.06,258,-11.0,-2.2
1790100235200,53.6516968,-3.0143508,3.94,258,-11.3,-2.0
1790100235300,53.6517004,-3.0143497,4.17,258,-11.6,-1.7
1790100235400,53.6516936,-3.0143459,4.06,258,-11.7,-2.1
1790100235500,53.6516983,-3.0143571,4.06,258,-11.6,-1.5
1790100235600,53.6516934,-3.0143608,4.12,258,-11.1,-1.8
1790100235700,53.6516985,-3.0143669,3.94,258,-11.9,-1.8
1790100235800,53.6517000,-3.0143615,4.06,258,-11.2,-1.6
1790100235900,53.6516970,-3.0143632,3.96,258,-11.4,-1.6
1790100236000,53.6516993,-3.0143635,4.09,258,-11.7,-1.9
1790100236100,53.6516979,-3.0143723,4.00,258,-12.4,-1.3
1790100236200,53.6516927,-3.0143725,4.03,258,-12.0,-1.7
1790100236300,53.6516904,-3.0143816,4.13,258,-12.3,-1.7
1790100236400,53.6516985,-3.0143850,3.94,258,-12.5,-1.8
1790100236500,53.6516909,-3.0143873,4.11,258,-11.5,-1.5
1790100236600,53.6516921,-3.0143818,4.04,258,-11.5,-1.2
1790100236700,53.6516887,-3.0143895,3.92,258,-11.8,-1.5
1790100236800,53.6516917,-3.0144036,4.12,258,-11.9,-0.9
1790100236900,53.6516916,-3.0143916,3.99,258,-12.6,-1.1
1790100237000,53.6516878,-3.0144000,3.93,258,-11.6,-1.3
1790100237100,53.6516872,-3.0144090,3.93,258,-11.8,-1.1
1790100237200,53.6516884,-3.0144086,4.03,258,-12.3,-0.9
1790100237300,53.6516870,-3.0144069,4.00,258,-12.4,-0.6
1790100237400,53.6516845,-3.0144069,4.02,258,-11.7,-0.7
1790100237500,53.6516906,-3.0144137,3.90,258,-12.9,-1.2
1790100237600,53.6516866,-3.0144137,4.00,258,-12.9,-0.8
1790100237700,53.6516914,-3.0144139,4.00,258,-12.7,-0.6
1790100237800,53.6516906,-3.0144202,4.03,258,-12.6,-1.1
1790100237900,53.6516920,-3.0144367,4.08,258,-13.1,-0.5
1790100238000,53.6516844,-3.0144236,3.99,258,-12.8,-0.7
1790100238100,53.6516922,-3.0144308,3.85,258,-12.5,-0.8
1790100238200,53.6516902,-3.0144328,3.92,258,-12.8,-0.5
1790100238300,53.6516874,-3.0144478,4.06,258,-12.1,-0.9
1790100238400,53.6516824,-3.0144515,4.04,258,-13.0,-0.5
1790100238500,53.6516822,-3.0144490,4.08,258,-12.7,-0.7
1790100238600,53.6516869,-3.0144501,3.96,258,-12.2,-0.1
1790100238700,53.6516889,-3.0144584,4.07,258,-12.5,-0.4
1790100238800,53.6516857,-3.0144573,4.05,258,-13.1,-0.5
1790100238900,53.6516878,-3.0144573,3.93,258,-12.0,-0.1
1790100239000,53.6516796,-3.0144594,3.87,258,-12.9,-0.3
1790100239100,53.6516850,-3.0144613,4.02,258,-12.9,-0.5
1790100239200,53.6516779,-3.0144656,3.94,258,-12.8,0.1
1790100239300,53.6516807,-3.0144762,4.00,258,-12.1,-0.5
1790100239400,53.6516825,-3.0144661,3.84,258,-12.0,-0.1
1790100239500,53.6516813,-3.0144797,3.98,258,-12.9,0.1
1790100239600,53.6516777,-3.0144716,3.86,258,-11.8,-0.1
1790100239700,53.6516778,-3.0144768,4.00,258,-12.6,0.2
1790100239800,53.6516770,-3.0144835,3.86,258,-12.4,0.2
1790100239900,53.6516786,-3.0144835,3.89,258,-12.4,-0.0
1790100240000,53.6516836,-3.0144834,3.98,258,-12.3,0.3
1790100240100,53.6516788,-3.0144965,3.90,258,-12.4,-0.2
1790100240200,53.6516791,-3.0144895,3.99,258,-11.5,-0.1
1790100240300,53.6516827,-3.0145084,3.92,258,-11.5,0.3
1790100240400,53.6516772,-3.0145042,3.81,258,-12.5,0.5
1790100240500,53.6516827,-3.0145039,4.00,258,-12.7,0.4
1790100240600,53.6516799,-3.0145167,3.81,258,-11.3,0.1
1790100240700,53.6516741,-3.0145179,3.78,258,-12.1,0.1
1790100240800,53.6516822,-3.0145190,3.96,258,-12.1,0.3
1790100240900,53.6516797,-3.0145098,3.84,258,-11.4,0.5
1790100241000,53.6516750,-3.0145143,3.91,258,-11.5,-0.1
1790100241100,53.6516806,-3.0145297,3.78,258,-11.7,0.6
1790100241200,53.6516760,-3.0145295,3.92,258,-11.3,0.0
1790100241300,53.6516744,-3.0145365,3.85,258,-11.2,0.3
1790100241400,53.6516747,-3.0145309,3.95,258,-11.7,-0.0
1790100241500,53.6516703,-3.0145449,3.90,258,-11.3,0.3
1790100241600,53.6516727,-3.0145377,3.76,258,-11.2,0.4
1790100241700,53.6516732,-3.0145342,3.89,258,-10.7,0.2
1790100241800,53.6516684,-3.0145423,3.94,258,-10.8,-0.2
1790100241900,53.6516722,-3.0145402,3.81,258,-10.8,0.5
1790100242000,53.6516757,-3.0145425,3.99,258,-11.5,0.2
1790100242100,53.6516678,-3.0145613,3.77,258,-10.6,0.2
1790100242200,53.6516704,-3.0145624,3.94,258,-10.8,0.3
1790100242300,53.6516746,-3.0145574,3.81,258,-10.2,-0.0
1790100242400,53.6516751,-3.0145576,3.80,258,-10.6,-0.4
1790100242500,53.6516724,-3.0145626,3.94,258,-10.8,0.0
1790100242600,53.6516699,-3.0145628,3.80,258,-10.1,-0.0
1790100242700,53.6516719,-3.0145778,3.89,258,-11.2,-0.3
1790100242800,53.6516680,-3.0145824,3.76,258,-10.2,-0.1
1790100242900,53.6516740,-3.0145802,3.95,258,-10.0,-0.5
1790100243000,53.6516707,-3.0145785,3.71,258,-9.9,-0.3
1790100243100,53.6516639,-3.0145808,3.88,258,-10.1,0.1
1790100243200,53.6516647,-3.0145892,3.80,258,-10.1,-0.7
1790100243300,53.6516649,-3.0145812,3.77,258,-10.3,-0.4
1790100243400,53.6516721,-3.0145893,3.88,258,-10.1,-0.5
1790100243500,53.6516695,-3.0145935,3.90,258,-9.4,-0.5
1790100243600,53.6516636,-3.0146064,3.83,258,-9.9,-0.6
1790100243700,53.6516622,-3.0146084,3.83,258,-10.1,-0.4
1790100243800,53.6516707,-3.0146057,3.70,258,-9.0,-0.9
1790100243900,53.6516647,-3.0146152,3.71,258,-9.3,-0.5
1790100244000,53.6516676,-3.0146050,3.80,258,-9.9,-0.7
1790100244100,53.6516678,-3.0146131,3.84,258,-10.1,-1.0
1790100244200,53.6516682,-3.0146075,3.82,258,-9.3,-1.2
1790100244300,53.6516619,-3.0146174,3.88,258,-9.7,-0.8
1790100244400,53.6516651,-3.0146295,3.73,258,-9.9,-1.0
1790100244500,53.6516604,-3.0146259,3.79,258,-9.0,-0.8
1790100244600,53.6516623,-3.0146254,3.77,258,-9.6,-1.1
1790100244700,53.6516673,-3.0146340,3.83,258,-8.9,-1.2
1790100244800,53.6516664,-3.0146237,3.68,258,-9.3,-0.8
1790100244900,53.6516590,-3.0146386,3.88,258,-9.4,-1.0
1790100245000,53.6516649,-3.0146430,3.73,258,-9.5,-1.2
1790100245100,53.6516645,-3.0146395,3.87,258,-8.7,-1.1
1790100245200,53.6516619,-3.0146425,3.83,258,-8.5,-1.0
1790100245300,53.6516610,-3.0146552,3.85,258,-9.2,-1.3
1790100245400,53.6516578,-3.0146412,3.72,258,-9.1,-1.8
1790100245500,53.6516633,-3.0146544,3.78,258,-7.7,-1.2
1790100245600,53.6516547,-3.0146476,3.82,258,-8.3,-1.6
1790100245700,53.6516634,-3.0146541,3.72,258,-8.0,-1.5
1790100245800,53.6516584,-3.0146546,3.70,258,-7.7,-1.9
1790100245900,53.6516580,-3.0146675,3.82,258,-7.8,-1.7
1790100246000,53.6516618,-3.0146693,3.77,258,-8.1,-1.9
1790100246100,53.6516578,-3.0146610,3.73,258,-7.9,-2.1
1790100246200,53.6516606,-3.0146680,3.66,258,-8.0,-2.1
1790100246300,53.6516534,-3.0146715,3.84,258,-8.6,-1.6
1790100246400,53.6516578,-3.0146863,3.81,258,-7.5,-1.5
1790100246500,53.6516592,-3.0146838,3.82,258,-8.5,-2.1
1790100246600,53.6516573,-3.0146778,3.73,258,-8.6,-1.7
1790100246700,53.6516601,-3.0146907,3.76,258,-7.8,-1.7
1790100246800,53.6516502,-3.0146933,3.61,258,-7.1,-2.3
1790100246900,53.6516553,-3.0146881,3.67,258,-7.9,-2.3
1790100247000,53.6516584,-3.0146908,3.81,258,-8.1,-2.0
1790100247100,53.6516568,-3.0147070,3.72,258,-7.7,-2.1
1790100247200,53.6516488,-3.0146968,3.59,258,-8.1,-2.0
1790100247300,53.6516572,-3.0146964,3.67,258,-7.3,-2.3
1790100247400,53.6516554,-3.0147158,3.67,258,-8.0,-2.2
1790100247500,53.6516567,-3.0147050,3.62,258,-7.3,-1.8
1790100247600,53.6516502,-3.0147069,3.69,258,-8.0,-1.8
1790100247700,53.6516547,-3.0147103,3.82,258,-7.1,-2.1
1790100247800,53.6516465,-3.0147133,3.71,258,-7.6,-2.5
1790100247900,53.6516496,-3.0147219,3.68,258,-7.6,-2.5
1790100248000,53.6516485,-3.0147232,3.77,258,-7.2,-2.2
1790100248100,53.6516529,-3.0147274,3.70,258,-8.2,-2.1
1790100248200,53.6516516,-3.0147318,3.80,258,-7.1,-2.2
1790100248300,53.6516463,-3.0147355,3.75,258,-8.1,-2.6
1790100248400,53.6516503,-3.0147376,3.76,258,-6.8,-2.2
1790100248500,53.6516495,-3.0147406,3.63,258,-7.9,-2.1
1790100248600,53.6516524,-3.0147391,3.58,258,-7.1,-2.1
1790100248700,53.6516496,-3.0147462,3.73,258,-7.9,-2.2
1790100248800,53.6516478,-3.0147379,3.68,258,-6.9,-2.4
1790100248900,53.6516488,-3.0147430,3.81,258,-8.0,-1.8
1790100249000,53.6516428,-3.0147525,3.68,258,-7.2,-2.0
1790100249100,53.6516496,-3.0147623,3.75,258,-8.1,-2.1
1790100249200,53.6516415,-3.0147620,3.57,258,-8.3,-2.4
1790100249300,53.6516464,-3.0147648,3.64,258,-7.7,-1.8
1790100249400,53.6516411,-3.0147586,3.61,258,-8.2,-2.1
1790100249500,53.6516449,-3.0147692,3.57,258,-7.3,-1.7
1790100249600,53.6516453,-3.0147687,3.65,258,-7.8,-1.9
1790100249700,53.6516416,-3.0147761,3.60,258,-8.4,-1.9
1790100249800,53.6516435,-3.0147773,3.60,258,-8.5,-1.8
1790100249900,53.6516468,-3.0147687,3.76,258,-8.4,-2.0
1790100250000,53.6516441,-3.0147763,3.73,258,-7.6,-1.7
1790100250100,53.6516391,-3.0147833,3.67,258,-7.4,-1.9
1790100250200,53.6516444,-3.0147814,3.58,258,-7.6,-1.9
1790100250300,53.6516479,-3.0147934,3.57,258,-7.5,-1.4
1790100250400,53.6516417,-3.0147901,3.72,258,-8.7,-1.5
1790100250500,53.6516375,-3.0147849,3.57,258,-7.7,-2.0
1790100250600,53.6516362,-3.0147887,3.73,258,-8.3,-1.8
1790100250700,53.6516442,-3.0147944,3.71,258,-7.8,-1.6
1790100250800,53.6516407,-3.0148032,3.66,258,-8.4,-1.8
1790100250900,53.6516395,-3.0148033,3.71,258,-8.5,-1.3
1790100251000,53.6516446,-3.0148033,3.54,258,-8.6,-1.5
1790100251100,53.6516449,-3.0148190,3.58,258,-9.0,-1.1
1790100251200,53.6516389,-3.0148097,3.64,258,-7.9,-0.9
1790100251300,53.6516406,-3.0148238,3.74,258,-8.0,-1.0
1790100251400,53.6516362,-3.0148214,3.64,258,-8.5,-1.4
1790100251500,53.6516412,-3.0148199,3.56,258,-9.4,-1.1
1790100251600,53.6516363,-3.0148154,3.51,258,-8.8,-0.8
1790100251700,53.6516415,-3.0148320,3.53,258,-9.3,-1.2
1790100251800,53.6516325,-3.0148298,3.68,258,-9.6,-0.7
1790100251900,53.6516353,-3.0148375,3.63,258,-8.6,-1.3
1790100252000,53.6516333,-3.0148289,3.65,258,-9.5,-0.5
1790100252100,53.6516399,-3.0148390,3.57,258,-9.7,-0.6
1790100252200,53.6516308,-3.0148355,3.58,258,-9.9,-0.6
1790100252300,53.6516311,-3.0148344,3.64,258,-9.0,-0.5
1790100252400,53.6516376,-3.0148380,3.66,258,-9.3,-0.5
1790100252500,53.6516343,-3.0148432,3.59,258,-10.2,-0.9
1790100252600,53.6516338,-3.0148570,3.53,258,-10.2,-0.7
1790100252700,53.6516379,-3.0148620,3.61,258,-10.3,-0.5
1790100252800,53.6516375,-3.0148569,3.67,258,-10.1,-0.4
1790100252900,53.6516307,-3.0148565,3.54,258,-10.3,-0.7
1790100253000,53.6516312,-3.0148711,3.63,258,-9.7,-0.3
1790100253100,53.6516354,-3.0148652,3.68,258,-10.4,-0.6
1790100253200,53.6516358,-3.0148755,5.04,342,7.1,1.3
1790100253300,53.6516424,-3.0148741,5.17,342,6.9,1.0
1790100253400,53.6516448,-3.0148686,4.90,342,7.2,1.1
1790100253500,53.6516414,-3.0148703,5.19,342,6.9,0.9
1790100253600,53.6516466,-3.0148798,5.03,342,6.9,1.7
1790100253700,53.6516471,-3.0148798,4.93,342,6.8,1.4
1790100253800,53.6516431,-3.0148681,4.96,342,6.0,1.2
1790100253900,53.6516547,-3.0148740,5.01,342,5.9,1.8
1790100254000,53.6516558,-3.0148688,4.99,342,6.8,1.8
1790100254100,53.6516498,-3.0148725,5.12,342,6.6,1.5
1790100254200,53.6516614,-3.0148811,4.93,342,6.9,1.8
1790100254300,53.6516556,-3.0148731,5.04,342,5.3,1.8
1790100254400,53.6516646,-3.0148723,4.98,342,5.8,1.2
1790100254500,53.6516686,-3.0148844,5.06,342,5.5,1.9
1790100254600,53.6516641,-3.0148882,5.19,342,5.2,1.6
1790100254700,53.6516691,-3.0148789,4.88,342,5.6,1.3
1790100254800,53.6516732,-3.0148857,5.05,342,5.9,1.4
1790100254900,53.6516680,-3.0148962,4.90,342,5.0,1.3
1790100255000,53.6516734,-3.0148804,5.04,342,5.4,1.4
1790100255100,53.6516806,-3.0148907,5.18,342,6.0,1.7
1790100255200,53.6516781,-3.0148871,4.92,342,6.0,2.0
1790100255300,53.6516837,-3.0148997,4.99,342,5.2,1.9
1790100255400,53.6516824,-3.0148963,5.10,342,4.8,1.8
1790100255500,53.6516819,-3.0148976,4.85,342,4.7,1.5
1790100255600,53.6516910,-3.0148897,5.12,342,5.4,1.6
1790100255700,53.6516917,-3.0149049,5.18,342,5.2,1.6
1790100255800,53.6516920,-3.0149050,4.93,342,5.7,1.6
1790100255900,53.6516933,-3.0149035,4.90,342,4.4,1.9
1790100256000,53.6516952,-3.0149040,4.98,342,5.4,2.0
1790100256100,53.6517014,-3.0148965,5.18,342,4.7,1.3
1790100256200,53.6516968,-3.0149025,4.88,342,4.9,1.8
1790100256300,53.6517028,-3.0149077,4.92,342,4.4,1.2
1790100256400,53.6517053,-3.0149130,5.06,342,5.2,1.6
1790100256500,53.6517054,-3.0149099,5.03,342,5.0,1.4
1790100256600,53.6517097,-3.0149149,5.20,342,5.1,1.9
1790100256700,53.6517161,-3.0149151,5.09,342,4.8,1.5
1790100256800,53.6517123,-3.0149027,4.94,342,4.9,1.6
1790100256900,53.6517118,-3.0149150,5.03,342,4.8,1.2
1790100257000,53.6517167,-3.0149183,5.13,342,5.1,1.5
1790100257100,53.6517203,-3.0149217,5.07,342,4.8,1.7
1790100257200,53.6517183,-3.0149214,4.96,342,5.3,1.5
1790100257300,53.6517204,-3.0149135,5.04,342,4.0,1.0
1790100257400,53.6517271,-3.0149183,4.92,342,4.8,1.4
1790100257500,53.6517337,-3.0149270,5.17,342,5.2,1.4
1790100257600,53.6517358,-3.0149173,5.16,342,5.3,1.3
1790100257700,53.6517305,-3.0149234,4.96,342,4.9,1.1
1790100257800,53.6517356,-3.0149279,5.17,342,5.1,1.1
1790100257900,53.6517346,-3.0149153,5.12,342,3.8,0.8
1790100258000,53.6517455,-3.0149299,5.12,342,4.2,1.3
1790100258100,53.6517442,-3.0149252,5.07,342,4.7,0.6
1790100258200,53.6517480,-3.0149280,5.16,342,4.5,1.2
1790100258300,53.6517508,-3.0149253,5.17,342,4.5,1.0
1790100258400,53.6517545,-3.0149321,5.05,342,4.4,0.5
1790100258500,53.6517550,-3.0149357,5.16,342,4.1,0.6
1790100258600,53.6517522,-3.0149372,5.16,342,5.2,0.6
1790100258700,53.6517533,-3.0149418,5.01,342,4.9,0.9
1790100258800,53.6517559,-3.0149375,4.97,342,4.0,0.2
1790100258900,53.6517645,-3.0149383,5.18,342,4.5,0.9
1790100259000,53.6517656,-3.0149374,5.01,342,4.9,0.8
1790100259100,53.6517654,-3.0149453,5.00,342,4.0,0.8
1790100259200,53.6517632,-3.0149429,4.91,342,4.0,0.3
1790100259300,53.6517753,-3.0149464,5.16,342,5.4,-0.0
1790100259400,53.6517766,-3.0149347,5.15,342,4.7,0.5
1790100259500,53.6517801,-3.0149502,5.19,342,5.0,0.4
1790100259600,53.6517821,-3.0149364,4.96,342,4.3,0.4
1790100259700,53.6517770,-3.0149467,4.95,342,5.4,-0.1
1790100259800,53.6517838,-3.0149384,5.12,342,5.0,0.3
1790100259900,53.6517858,-3.0149443,5.16,342,5.3,0.4
1790100260000,53.6517897,-3.0149456,4.99,342,4.7,-0.4
1790100260100,53.6517872,-3.0149533,5.04,342,5.0,0.2
1790100260200,53.6517935,-3.0149463,5.04,342,4.7,-0.3
1790100260300,53.6517894,-3.0149590,5.12,342,5.4,-0.1
1790100260400,53.6517990,-3.0149612,5.14,342,5.8,-0.3
1790100260500,53.6517963,-3.0149516,5.04,342,5.9,-0.2
1790100260600,53.6517980,-3.0149622,5.18,342,5.6,-0.1
1790100260700,53.6517995,-3.0149551,4.96,342,4.8,-0.7
1790100260800,53.6518004,-3.0149565,5.10,342,6.0,-0.3
1790100260900,53.6518086,-3.0149689,5.01,342,5.1,-0.1
1790100261000,53.6518062,-3.0149542,5.25,342,5.2,-0.2
1790100261100,53.6518129,-3.0149543,5.09,342,5.4,-0.2
1790100261200,53.6518101,-3.0149673,5.11,342,5.7,-0.2
1790100261300,53.6518165,-3.0149735,5.19,342,5.3,-0.5
1790100261400,53.6518184,-3.0149648,5.23,342,5.5,-0.9
1790100261500,53.6518175,-3.0149694,5.02,342,5.4,-0.3
1790100261600,53.6518179,-3.0149745,4.94,342,5.4,-0.6
1790100261700,53.6518224,-3.0149711,4.96,342,5.7,-0.3
1790100261800,53.6518303,-3.0149786,5.10,342,6.8,-0.9
1790100261900,53.6518234,-3.0149696,5.22,342,6.3,-1.0
1790100262000,53.6518346,-3.0149739,5.16,342,5.6,-0.3
1790100262100,53.6518303,-3.0149801,5.19,342,6.7,-0.9
1790100262200,53.6518383,-3.0149729,5.04,342,6.6,-1.1
1790100262300,53.6518418,-3.0149726,4.93,342,6.9,-0.7
1790100262400,53.6518445,-3.0149742,5.18,342,6.6,-0.8
1790100262500,53.6518460,-3.0149748,4.96,342,6.7,-1.0
1790100262600,53.6518482,-3.0149828,5.09,342,6.7,-1.1
1790100262700,53.6518444,-3.0149747,5.04,342,7.5,-1.0
1790100262800,53.6518471,-3.0149858,5.03,342,7.3,-0.7
1790100262900,53.6518528,-3.0149832,5.16,342,7.7,-0.9
1790100263000,53.6518557,-3.0149770,5.08,342,6.4,-0.6
1790100263100,53.6518503,-3.0149820,5.08,342,7.6,-0.7
1790100263200,53.6518592,-3.0149866,5.24,342,7.6,-0.3
1790100263300,53.6518630,-3.0149914,5.28,342,7.9,-0.4
1790100263400,53.6518625,-3.0149971,5.25,342,6.9,-0.6
1790100263500,53.6518626,-3.0149986,4.99,342,8.3,-0.4
1790100263600,53.6518698,-3.0149943,5.24,342,8.2,-0.2
1790100263700,53.6518650,-3.0149947,5.18,342,7.7,-0.8
1790100263800,53.6518663,-3.0149972,5.18,342,7.9,-0.5
1790100263900,53.6518736,-3.0150048,5.29,342,7.9,-0.9
1790100264000,53.6518762,-3.0149905,5.08,342,7.7,-0.5
1790100264100,53.6518791,-3.0150024,5.14,342,7.4,-0.5
1790100264200,53.6518840,-3.0149940,5.16,342,8.5,-0.2
1790100264300,53.6518865,-3.0150087,5.26,342,7.9,-0.2
1790100264400,53.6518877,-3.0150085,5.23,342,7.9,-0.7
1790100264500,53.6518834,-3.0149977,5.21,342,9.0,-0.4
1790100264600,53.6518946,-3.0150020,5.12,342,8.6,0.1
1790100264700,53.6518914,-3.0150116,5.33,342,8.0,-0.1
1790100264800,53.6518891,-3.0150110,5.25,342,8.1,0.1
1790100264900,53.6518989,-3.0150103,5.19,342,8.6,-0.2
1790100265000,53.6518935,-3.0150032,5.23,342,7.9,-0.4
1790100265100,53.6518984,-3.0150093,5.08,342,8.3,0.0
1790100265200,53.6519023,-3.0150054,5.31,342,8.0,-0.2
1790100265300,53.6519012,-3.0150094,5.30,342,8.1,0.3
1790100265400,53.6519037,-3.0150191,5.31,342,8.8,-0.2
1790100265500,53.6519053,-3.0150216,5.20,342,9.5,0.3
1790100265600,53.6519161,-3.0150173,5.22,342,8.9,-0.0
1790100265700,53.6519141,-3.0150181,5.18,342,8.3,0.1
1790100265800,53.6519128,-3.0150171,5.31,342,9.0,0.6
1790100265900,53.6519174,-3.0150301,5.20,342,9.4,0.6
1790100266000,53.6519244,-3.0150316,5.16,342,8.5,0.2
1790100266100,53.6519211,-3.0150319,5.19,342,9.7,0.1
1790100266200,53.6519276,-3.0150287,5.25,342,9.9,0.5
1790100266300,53.6519269,-3.0150315,5.28,342,10.0,0.7
1790100266400,53.6519268,-3.0150240,5.16,342,9.4,0.9
1790100266500,53.6519325,-3.0150326,5.32,342,9.9,0.8
1790100266600,53.6519409,-3.0150344,5.23,342,9.4,0.3
1790100266700,53.6519397,-3.0150257,5.20,342,9.6,1.0
1790100266800,53.6519418,-3.0150420,5.20,342,10.1,0.5
1790100266900,53.6519430,-3.0150285,5.12,342,8.9,1.2
1790100267000,53.6519443,-3.0150391,5.37,342,9.5,1.2
1790100267100,53.6519484,-3.0150384,5.40,342,8.7,1.3
1790100267200,53.6519467,-3.0150343,5.19,342,9.1,1.0
1790100267300,53.6519473,-3.0150389,5.22,342,9.2,0.9
1790100267400,53.6519507,-3.0150340,5.31,342,9.4,0.9
1790100267500,53.6519604,-3.0150443,5.23,342,9.3,1.2
1790100267600,53.6519598,-3.0150420,5.41,342,10.2,1.1
1790100267700,53.6519620,-3.0150397,5.28,342,9.8,1.2
1790100267800,53.6519623,-3.0150506,5.16,342,10.2,1.4
1790100267900,53.6519611,-3.0150495,5.23,342,9.9,1.5
1790100268000,53.6519706,-3.0150559,5.41,342,9.5,1.3
1790100268100,53.6519660,-3.0150477,5.46,342,8.8,1.6
1790100268200,53.6519758,-3.0150586,5.20,342,9.4,1.1
1790100268300,53.6519727,-3.0150560,5.19,342,9.8,1.4
1790100268400,53.6519800,-3.0150470,5.17,342,9.7,1.6
1790100268500,53.6519745,-3.0150515,5.35,342,9.3,1.7
1790100268600,53.6519859,-3.0150614,5.20,342,9.1,1.6
1790100268700,53.6519790,-3.0150641,5.41,342,9.8,1.8
1790100268800,53.6519851,-3.0150490,2.43,98,2.6,4.2
1790100268900,53.6519788,-3.0150592,2.41,98,2.4,4.2
1790100269000,53.6519805,-3.0150482,2.44,98,2.5,3.9
1790100269100,53.6519786,-3.0150562,2.56,98,2.1,4.3
1790100269200,53.6519798,-3.0150412,2.51,98,1.5,4.6
1790100269300,53.6519846,-3.0150524,2.55,98,1.7,3.8
1790100269400,53.6519859,-3.0150348,2.64,98,2.5,4.0
1790100269500,53.6519820,-3.0150481,2.63,98,2.3,4.2
1790100269600,53.6519796,-3.0150397,2.67,98,1.6,4.2
1790100269700,53.6519819,-3.0150401,2.73,98,1.0,3.8
1790100269800,53.6519785,-3.0150270,2.71,98,2.2,3.8
1790100269900,53.6519852,-3.0150369,2.74,98,2.1,3.9
1790100270000,53.6519830,-3.0150266,2.70,98,1.2,4.4
1790100270100,53.6519854,-3.0150284,2.82,98,2.0,4.2
1790100270200,53.6519776,-3.0150269,2.77,98,0.6,3.9
1790100270300,53.6519864,-3.0150311,2.82,98,1.4,3.9
1790100270400,53.6519772,-3.0150254,2.86,98,0.5,3.8
1790100270500,53.6519785,-3.0150113,2.84,98,1.8,4.2
1790100270600,53.6519845,-3.0150208,2.87,98,0.5,4.4
1790100270700,53.6519759,-3.0150110,2.91,98,0.8,4.3
1790100270800,53.6519816,-3.0150180,2.97,98,1.0,4.1
1790100270900,53.6519782,-3.0150060,2.99,98,1.0,3.7
1790100271000,53.6519755,-3.0150074,2.97,98,1.0,4.3
1790100271100,53.6519806,-3.0150061,3.07,98,0.6,4.1
1790100271200,53.6519839,-3.0149981,3.06,98,-0.2,4.3
1790100271300,53.6519816,-3.0150028,3.20,98,0.6,3.7
1790100271400,53.6519755,-3.0149963,3.15,98,0.0,4.1
1790100271500,53.6519778,-3.0150006,3.09,98,0.5,3.6
1790100271600,53.6519831,-3.0149997,3.12,98,-0.3,3.7
1790100271700,53.6519806,-3.0149969,3.21,98,-0.1,4.1
1790100271800,53.6519793,-3.0149944,3.15,98,-0.9,4.1
1790100271900,53.6519791,-3.0149808,3.31,98,-0.3,3.9
1790100272000,53.6519753,-3.0149885,3.31,98,-1.1,3.4
1790100272100,53.6519729,-3.0149862,3.28,98,-0.8,3.8
1790100272200,53.6519785,-3.0149721,3.28,98,-0.3,4.0
1790100272300,53.6519780,-3.0149687,3.49,98,-1.0,3.5
1790100272400,53.6519740,-3.0149710,3.38,98,-0.6,3.3
1790100272500,53.6519768,-3.0149629,3.42,98,-0.8,3.2
1790100272600,53.6519757,-3.0149738,3.53,98,-1.1,3.4
1790100272700,53.6519760,-3.0149649,3.46,98,-2.0,3.5
1790100272800,53.6519711,-3.0149556,3.48,98,-2.0,3.0
1790100272900,53.6519751,-3.0149648,3.45,98,-1.8,3.3
1790100273000,53.6519721,-3.0149623,3.55,98,-1.0,3.2
1790100273100,53.6519764,-3.0149616,3.56,98,-1.1,3.0
1790100273200,53.6519719,-3.0149474,3.67,98,-1.8,3.0
1790100273300,53.6519796,-3.0149511,3.68,98,-1.7,3.5
1790100273400,53.6519782,-3.0149392,3.61,98,-2.1,3.1
1790100273500,53.6519777,-3.0149455,3.74,98,-2.2,3.0
1790100273600,53.6519798,-3.0149472,3.64,98,-1.9,3.1
1790100273700,53.6519746,-3.0149360,3.85,98,-2.1,2.7
1790100273800,53.6519726,-3.0149442,3.75,98,-3.0,3.0
1790100273900,53.6519714,-3.0149338,3.79,98,-2.4,2.7
1790100274000,53.6519683,-3.0149328,3.91,98,-2.5,2.4
1790100274100,53.6519764,-3.0149322,3.94,98,-2.5,2.8
1790100274200,53.6519704,-3.0149288,3.97,98,-2.8,2.7
1790100274300,53.6519724,-3.0149199,3.86,98,-2.7,2.3
1790100274400,53.6519675,-3.0149156,4.02,98,-3.1,2.5
1790100274500,53.6519678,-3.0149170,4.07,98,-3.2,2.5
1790100274600,53.6519758,-3.0149181,3.89,98,-3.4,2.4
1790100274700,53.6519757,-3.0149021,3.97,98,-3.4,2.4
1790100274800,53.6519683,-3.0149006,4.13,98,-2.9,2.7
1790100274900,53.6519669,-3.0149087,4.16,98,-2.9,2.5
1790100275000,53.6519664,-3.0149050,4.04,98,-4.0,2.3
1790100275100,53.6519696,-3.0148915,4.08,98,-4.4,2.0
1790100275200,53.6519664,-3.0148980,4.11,98,-3.8,2.5
1790100275300,53.6519731,-3.0148971,4.25,98,-3.9,2.4
1790100275400,53.6519712,-3.0148835,4.27,98,-3.6,1.9
1790100275500,53.6519669,-3.0148771,4.22,98,-4.5,2.5
1790100275600,53.6519722,-3.0148804,4.29,98,-4.0,1.8
1790100275700,53.6519725,-3.0148672,4.33,98,-5.0,2.1
1790100275800,53.6519697,-3.0148803,4.46,98,-4.2,2.2
1790100275900,53.6519674,-3.0148735,4.48,98,-4.4,1.8
1790100276000,53.6519733,-3.0148716,4.34,98,-4.5,2.1
1790100276100,53.6519716,-3.0148558,4.48,98,-4.3,1.9
1790100276200,53.6519653,-3.0148658,4.57,98,-3.9,1.6
1790100276300,53.6519626,-3.0148463,4.56,98,-5.1,1.6
1790100276400,53.6519673,-3.0148587,4.46,98,-5.2,2.0
1790100276500,53.6519670,-3.0148545,4.46,98,-4.7,1.7
1790100276600,53.6519695,-3.0148512,4.71,98,-4.5,1.5
1790100276700,53.6519625,-3.0148483,4.56,98,-5.3,1.7
1790100276800,53.6519694,-3.0148349,4.56,98,-5.6,1.6
1790100276900,53.6519621,-3.0148411,4.63,98,-4.9,1.5
1790100277000,53.6519622,-3.0148373,4.67,98,-5.3,1.8
1790100277100,53.6519609,-3.0148273,4.57,98,-4.4,1.7
1790100277200,53.6519662,-3.0148273,4.64,98,-4.9,1.8
1790100277300,53.6519640,-3.0148120,4.67,98,-4.7,1.5
1790100277400,53.6519662,-3.0148230,4.59,98,-5.4,1.9
1790100277500,53.6519639,-3.0148181,4.72,98,-5.6,1.5
1790100277600,53.6519613,-3.0147996,4.53,98,-5.0,2.2
1790100277700,53.6519678,-3.0148024,4.66,98,-4.4,1.5
1790100277800,53.6519610,-3.0147960,4.76,98,-4.6,1.9
1790100277900,53.6519631,-3.0148062,4.57,98,-4.7,2.1
1790100278000,53.6519595,-3.0147972,4.74,98,-5.7,1.7
1790100278100,53.6519649,-3.0147984,4.64,98,-5.1,2.3
1790100278200,53.6519626,-3.0147895,4.74,98,-5.3,2.1
1790100278300,53.6519613,-3.0147891,4.68,98,-5.7,1.9
1790100278400,53.6519569,-3.0147733,4.71,98,-5.6,2.0
1790100278500,53.6519646,-3.0147787,4.79,98,-5.1,2.0
1790100278600,53.6519561,-3.0147694,4.82,98,-5.4,2.2
1790100278700,53.6519579,-3.0147621,4.81,98,-4.9,1.9
1790100278800,53.6519578,-3.0147715,4.66,98,-4.9,2.0
1790100278900,53.6519613,-3.0147643,4.69,98,-5.0,2.1
1790100279000,53.6519545,-3.0147538,4.69,98,-4.3,2.0
1790100279100,53.6519556,-3.0147583,4.72,98,-4.4,2.4
1790100279200,53.6519639,-3.0147521,4.62,98,-4.2,2.3
1790100279300,53.6519580,-3.0147492,4.82,98,-3.9,2.0
1790100279400,53.6519597,-3.0147376,4.81,98,-4.2,2.7
1790100279500,53.6519612,-3.0147426,4.70,98,-4.9,2.0
1790100279600,53.6519582,-3.0147299,4.74,98,-4.8,2.5
1790100279700,53.6519527,-3.0147380,4.65,98,-3.9,2.4
1790100279800,53.6519570,-3.0147352,4.63,98,-5.0,2.5
1790100279900,53.6519581,-3.0147333,4.69,98,-4.9,2.5
1790100280000,53.6519599,-3.0147262,4.87,98,-4.3,2.6
1790100280100,53.6519543,-3.0147258,4.69,98,-3.8,2.9
1790100280200,53.6519602,-3.0147192,4.58,98,-3.9,2.8
1790100280300,53.6519583,-3.0147149,4.62,98,-4.7,3.1
1790100280400,53.6519534,-3.0147096,4.79,98,-3.6,2.9
1790100280500,53.6519546,-3.0147015,4.76,98,-3.5,2.5
1790100280600,53.6519577,-3.0146963,4.77,98,-3.2,2.7
1790100280700,53.6519588,-3.0147038,4.65,98,-3.5,3.2
1790100280800,53.6519523,-3.0146881,4.71,98,-4.4,3.2
1790100280900,53.6519551,-3.0146860,4.61,98,-3.4,3.2
1790100281000,53.6519545,-3.0146885,4.80,98,-3.4,3.2
1790100281100,53.6519496,-3.0146793,4.65,98,-3.9,3.6
1790100281200,53.6519484,-3.0146781,4.66,98,-3.2,2.9
1790100281300,53.6519576,-3.0146706,4.85,98,-3.0,3.5
1790100281400,53.6519486,-3.0146623,4.62,98,-2.8,3.1
1790100281500,53.6519550,-3.0146655,4.79,98,-3.1,3.7
1790100281600,53.6519558,-3.0146548,4.64,98,-3.3,3.4
1790100281700,53.6519490,-3.0146633,4.81,98,-2.8,3.7
1790100281800,53.6519503,-3.0146529,4.66,98,-2.7,3.7
1790100281900,53.6519543,-3.0146569,4.85,98,-3.2,4.0
1790100282000,53.6519537,-3.0146416,4.68,98,-2.3,3.3
1790100282100,53.6519552,-3.0146375,4.65,98,-2.1,3.6
1790100282200,53.6519504,-3.0146351,4.83,98,-2.4,3.4
1790100282300,53.6519507,-3.0146364,4.83,98,-2.9,3.7
1790100282400,53.6519491,-3.0146268,4.75,98,-2.7,3.5
1790100282500,53.6519439,-3.0146309,4.79,98,-1.9,3.6
1790100282600,53.6519486,-3.0146209,4.78,98,-1.9,4.2
1790100282700,53.6519524,-3.0146186,4.76,98,-2.6,3.9
1790100282800,53.6519509,-3.0146171,4.79,98,-2.2,3.8
1790100282900,53.6519466,-3.0146117,4.66,98,-1.4,3.9
1790100283000,53.6519435,-3.0146141,4.79,98,-1.9,4.3
1790100283100,53.6519443,-3.0146094,4.74,98,-1.5,4.1
1790100283200,53.6519431,-3.0146075,4.78,98,-1.0,4.4
1790100283300,53.6519483,-3.0145939,4.79,98,-2.1,4.5
1790100283400,53.6519405,-3.0145931,4.86,98,-2.1,4.1
1790100283500,53.6519481,-3.0145940,4.65,98,-2.1,4.0
1790100283600,53.6519423,-3.0145986,4.65,98,-1.3,4.2
1790100283700,53.6519483,-3.0145892,4.90,98,-0.8,4.4
1790100283800,53.6519434,-3.0145842,4.71,98,-1.1,4.1
1790100283900,53.6519486,-3.0145778,4.85,98,-1.9,4.5
1790100284000,53.6519389,-3.0145748,4.88,98,-1.8,4.3
1790100284100,53.6519469,-3.0145734,4.88,98,-0.5,4.0
1790100284200,53.6519466,-3.0145685,4.73,98,-1.4,4.3
1790100284300,53.6519439,-3.0145569,4.82,98,-1.1,4.0
1790100284400,53.6519449,-3.0145513,4.74,98,-1.4,3.8
1790100284500,53.6519454,-3.0145621,4.90,98,-1.1,4.0
1790100284600,53.6519384,-3.0145558,4.80,98,-0.4,4.4
1790100284700,53.6519422,-3.0145562,4.68,98,-0.3,4.5
1790100284800,53.6519401,-3.0145472,4.79,98,-1.2,4.1
1790100284900,53.6519402,-3.0145488,4.72,98,-1.4,3.9
1790100285000,53.6519397,-3.0145321,4.81,98,-0.3,4.0
1790100285100,53.6519437,-3.0145278,4.79,98,-1.2,4.0
1790100285200,53.6519380,-3.0145310,4.65,98,-1.0,4.0
1790100285300,53.6519439,-3.0145319,4.74,98,-0.8,3.9
1790100285400,53.6519413,-3.0145212,4.67,98,0.3,4.3
1790100285500,53.6519419,-3.0145255,4.82,98,-1.0,4.3
1790100285600,53.6519349,-3.0145140,4.62,98,-0.0,4.2
1790100285700,53.6519431,-3.0145063,4.74,98,0.1,3.7
1790100285800,53.6519354,-3.0145030,4.82,98,0.5,4.1
1790100285900,53.6519373,-3.0144986,4.79,98,0.3,3.6
1790100286000,53.6519348,-3.0145053,4.92,98,0.4,3.8
1790100286100,53.6519350,-3.0144944,4.73,98,-0.7,4.2
1790100286200,53.6519376,-3.0144955,4.79,98,-0.3,3.4
1790100286300,53.6519407,-3.0144852,4.84,98,0.5,4.0
1790100286400,53.6519351,-3.0144922,4.77,98,-0.6,3.9
1790100286500,53.6519377,-3.0144860,4.66,98,-0.7,3.6
1790100286600,53.6519310,-3.0144703,4.69,98,0.4,4.0
1790100286700,53.6519324,-3.0144783,4.78,98,-0.1,3.4
1790100286800,53.6519341,-3.0144770,4.79,98,0.0,3.9
1790100286900,53.6519312,-3.0144640,4.85,98,-0.1,3.3
1790100287000,53.6519309,-3.0144681,4.89,98,-0.2,3.5
1790100287100,53.6519335,-3.0144546,4.77,98,0.2,3.6
1790100287200,53.6519364,-3.0144578,4.72,98,0.5,3.4
1790100287300,53.6519344,-3.0144606,4.81,98,-0.4,3.0
1790100287400,53.6519386,-3.0144442,4.83,98,-0.3,3.2
1790100287500,53.6519344,-3.0144542,4.85,98,0.7,2.9
1790100287600,53.6519285,-3.0144426,4.61,98,-0.5,3.1
1790100287700,53.6519289,-3.0144376,4.70,98,-0.1,2.7
1790100287800,53.6519359,-3.0144261,4.65,98,-0.8,3.2
1790100287900,53.6519353,-3.0144349,4.83,98,0.3,3.1
1790100288000,53.6519354,-3.0144256,4.67,98,0.5,2.6
1790100288100,53.6519315,-3.0144203,4.86,98,0.3,2.9
1790100288200,53.6519316,-3.0144170,4.66,98,0.2,2.9
1790100288300,53.6519335,-3.0144162,4.62,98,0.5,2.8
1790100288400,53.6519334,-3.0144040,4.64,98,0.2,2.8
1790100288500,53.6519343,-3.0144019,4.65,98,-0.5,2.6
1790100288600,53.6519334,-3.0144075,4.74,98,0.3,3.0
1790100288700,53.6519275,-3.0143932,4.76,98,0.1,2.9
1790100288800,53.6519335,-3.0144020,4.85,98,-0.1,2.9
1790100288900,53.6519284,-3.0143946,4.78,98,-1.1,2.8
1790100289000,53.6519261,-3.0143924,4.83,98,-0.6,2.2
1790100289100,53.6519302,-3.0143888,4.59,98,-0.8,2.2
1790100289200,53.6519301,-3.0143894,4.71,98,-0.2,2.2
1790100289300,53.6519272,-3.0143719,4.84,98,-0.9,2.6
1790100289400,53.6519270,-3.0143673,4.68,98,-1.1,2.4
1790100289500,53.6519245,-3.0143739,4.76,98,-0.9,2.2
1790100289600,53.6519306,-3.0143729,4.67,98,-0.3,1.9
1790100289700,53.6519301,-3.0143584,4.65,98,-0.3,1.9
1790100289800,53.6519294,-3.0143555,4.84,98,-0.1,2.3
1790100289900,53.6519248,-3.0143645,4.70,98,-0.7,1.7
1790100290000,53.6519295,-3.0143585,4.74,98,-1.5,2.3
1790100290100,53.6519265,-3.0143417,4.60,98,-0.6,2.3
1790100290200,53.6519242,-3.0143438,4.83,98,-0.9,2.0
1790100290300,53.6519268,-3.0143496,4.78,98,-1.8,2.0
1790100290400,53.6519263,-3.0143345,4.62,98,-1.6,2.0
1790100290500,53.6519245,-3.0143304,4.61,98,-1.6,2.3
1790100290600,53.6519283,-3.0143362,4.63,98,-1.4,2.1
1790100290700,53.6519192,-3.0143230,4.78,98,-1.8,1.6
1790100290800,53.6519269,-3.0143240,4.84,98,-1.6,1.6
1790100290900,53.6519280,-3.0143256,4.79,98,-1.3,1.4
1790100291000,53.6519237,-3.0143145,4.75,98,-1.4,1.6
1790100291100,53.6519241,-3.0143149,4.80,98,-1.7,1.7
1790100291200,53.6519239,-3.0143173,4.71,98,-2.2,1.6
1790100291300,53.6519197,-3.0143158,4.62,98,-2.4,2.0
1790100291400,53.6519186,-3.0143102,4.75,98,-1.6,1.4
1790100291500,53.6519250,-3.0142964,4.59,98,-1.9,1.9
1790100291600,53.6519233,-3.0143029,4.81,98,-2.5,1.6
1790100291700,53.6519229,-3.0142999,4.68,98,-2.0,1.5
1790100291800,53.6519207,-3.0142814,4.58,98,-1.9,2.2
1790100291900,53.6519235,-3.0142856,4.56,98,-2.9,1.6
1790100292000,53.6519181,-3.0142847,4.79,98,-2.8,2.1
1790100292100,53.6519238,-3.0142828,4.65,98,-3.2,2.0
1790100292200,53.6519197,-3.0142719,4.77,98,-2.4,2.0
1790100292300,53.6519154,-3.0142726,4.58,98,-2.0,1.7
1790100292400,53.6519227,-3.0142645,4.61,98,-2.9,1.6
1790100292500,53.6519144,-3.0142595,4.73,98,-3.4,2.3
1790100292600,53.6519199,-3.0142580,4.68,98,-2.9,1.8
1790100292700,53.6519179,-3.0142561,4.74,98,-2.4,2.2
1790100292800,53.6519127,-3.0142547,4.74,98,-2.6,2.1
1790100292900,53.6519140,-3.0142536,4.74,98,-3.9,2.1
1790100293000,53.6519161,-3.0142400,4.56,98,-3.6,2.1
1790100293100,53.6519156,-3.0142347,4.58,98,-3.4,2.2
1790100293200,53.6519172,-3.0142380,4.71,98,-3.1,2.5
1790100293300,53.6519160,-3.0142298,4.69,98,-3.2,2.2
1790100293400,53.6519125,-3.0142273,4.52,98,-4.0,2.5
1790100293500,53.6519142,-3.0142359,4.66,98,-4.1,2.1
1790100293600,53.6519108,-3.0142206,4.70,98,-3.8,2.0
1790100293700,53.6519171,-3.0142282,4.52,98,-4.3,2.6
1790100293800,53.6519090,-3.0142113,4.51,98,-3.5,2.1
1790100293900,53.6519089,-3.0142055,4.50,98,-3.6,2.4
1790100294000,53.6519109,-3.0142029,4.51,98,-3.4,2.8
1790100294100,53.6519136,-3.0142122,4.72,98,-4.0,2.4
1790100294200,53.6519092,-3.0142082,4.59,98,-3.9,2.5
1790100294300,53.6519162,-3.0142060,4.66,98,-4.5,2.7
1790100294400,53.6519120,-3.0141876,4.51,98,-4.6,2.9
1790100294500,53.6519079,-3.0141882,4.64,98,-5.0,2.8
1790100294600,53.6519070,-3.0141967,4.59,98,-4.0,3.0
1790100294700,53.6519164,-3.0141930,4.52,98,-4.3,3.1
1790100294800,53.6519165,-3.0141815,4.57,98,-3.7,3.0
1790100294900,53.6519160,-3.0141696,4.56,98,-3.9,2.6
1790100295000,53.6519142,-3.0141809,4.63,98,-5.3,3.0
1790100295100,53.6519137,-3.0141655,4.68,98,-4.4,2.7
1790100295200,53.6519077,-3.0141615,4.54,98,-4.4,3.2
1790100295300,53.6519082,-3.0141704,4.63,98,-4.1,3.5
1790100295400,53.6519076,-3.0141695,4.53,98,-5.0,3.0
1790100295500,53.6519067,-3.0141612,4.73,98,-4.9,2.8
1790100295600,53.6519100,-3.0141600,4.57,98,-4.6,2.9
1790100295700,53.6519099,-3.0141488,4.51,98,-5.3,3.5
1790100295800,53.6519080,-3.0141439,4.47,98,-5.5,3.2
1790100295900,53.6519126,-3.0141485,4.68,98,-5.6,3.5
1790100296000,53.6519085,-3.0141313,4.70,98,-4.3,3.3
1790100296100,53.6519058,-3.0141314,4.43,98,-5.3,3.6
1790100296200,53.6519063,-3.0141412,4.66,98,-5.2,3.5
1790100296300,53.6519119,-3.0141288,4.62,98,-5.1,3.4
1790100296400,53.6519090,-3.0141170,4.47,98,-5.5,3.3
1790100296500,53.6519040,-3.0141163,4.63,98,-5.0,3.6
1790100296600,53.6519009,-3.0141170,4.54,98,-5.4,4.1
1790100296700,53.6519057,-3.0141186,4.65,98,-5.3,3.6
1790100296800,53.6519074,-3.0141136,4.59,98,-4.5,4.0
1790100296900,53.6519070,-3.0141111,4.60,98,-4.4,3.7
1790100297000,53.6519002,-3.0140988,4.48,98,-5.2,3.8
1790100297100,53.6518993,-3.0140938,4.56,98,-5.1,3.5
1790100297200,53.6519077,-3.0140922,4.60,98,-5.7,4.2
1790100297300,53.6518993,-3.0140968,4.49,98,-4.8,3.8
1790100297400,53.6519077,-3.0140975,4.62,98,-4.6,4.0
1790100297500,53.6519071,-3.0140908,4.45,98,-5.3,3.7
1790100297600,53.6519029,-3.0140821,4.49,98,-5.6,4.2
1790100297700,53.6518984,-3.0140751,4.49,98,-4.2,4.3
1790100297800,53.6519061,-3.0140770,4.47,98,-5.0,3.7
1790100297900,53.6518986,-3.0140661,4.47,98,-4.9,4.0
1790100298000,53.6518981,-3.0140636,4.55,98,-4.7,4.4
1790100298100,53.6518987,-3.0140626,4.55,98,-4.8,4.3
1790100298200,53.6519058,-3.0140536,4.37,98,-4.3,4.2
1790100298300,53.6519040,-3.0140523,4.58,98,-5.1,4.2
1790100298400,53.6519013,-3.0140546,4.54,98,-4.8,4.3
1790100298500,53.6518976,-3.0140515,4.61,98,-4.3,4.1
1790100298600,53.6519028,-3.0140546,4.38,98,-4.4,4.5
1790100298700,53.6519013,-3.0140501,4.52,98,-4.8,4.1
1790100298800,53.6518942,-3.0140421,4.47,98,-3.8,3.9
1790100298900,53.6518996,-3.0140332,4.36,98,-4.5,4.1
1790100299000,53.6519027,-3.0140394,4.54,98,-5.2,3.8
1790100299100,53.6519034,-3.0140337,4.46,98,-4.0,3.9
1790100299200,53.6518947,-3.0140313,4.36,98,-4.9,3.9
1790100299300,53.6518995,-3.0140276,4.33,98,-3.9,3.9
1790100299400,53.6518983,-3.0140262,4.43,98,-4.7,4.2
1790100299500,53.6518960,-3.0140192,4.50,98,-4.7,3.9
1790100299600,53.6519015,-3.0140170,4.35,98,-4.8,4.5
1790100299700,53.6519013,-3.0140126,4.49,98,-4.5,4.3
1790100299800,53.6518956,-3.0140040,4.29,98,-4.5,4.2
1790100299900,53.6518979,-3.0140039,4.51,98,-4.6,4.2
1790100300000,53.6518958,-3.0140061,4.31,98,-4.0,4.2
1790100300100,53.6518997,-3.0139989,4.36,98,-3.6,4.4
1790100300200,53.6518963,-3.0140024,4.34,98,-4.2,4.1
1790100300300,53.6518936,-3.0139956,4.52,98,-3.5,3.9
1790100300400,53.6518976,-3.0139902,4.32,98,-3.9,4.0
1790100300500,53.6518911,-3.0139785,4.34,98,-3.7,3.6
1790100300600,53.6518973,-3.0139817,4.41,98,-4.0,3.9
1790100300700,53.6518923,-3.0139811,4.37,98,-3.0,3.6
1790100300800,53.6518914,-3.0139718,4.29,98,-3.0,3.9
1790100300900,53.6518885,-3.0139622,4.42,98,-2.8,3.4
1790100301000,53.6518981,-3.0139620,4.31,98,-3.4,4.1
1790100301100,53.6518882,-3.0139706,4.38,98,-3.5,3.8
1790100301200,53.6518920,-3.0139591,4.32,98,-2.8,3.7
1790100301300,53.6518894,-3.0139624,4.29,98,-3.1,3.8
1790100301400,53.6518972,-3.0139489,4.33,98,-2.4,3.7
1790100301500,53.6518945,-3.0139553,4.40,98,-2.3,3.4
1790100301600,53.6518963,-3.0139498,4.49,98,-3.0,3.1
1790100301700,53.6518880,-3.0139347,4.51,98,-2.2,3.7
1790100301800,53.6518932,-3.0139432,4.36,98,-2.4,3.1
1790100301900,53.6518882,-3.0139426,4.37,98,-3.0,3.2
1790100302000,53.6518898,-3.0139409,4.45,98,-2.4,3.6
1790100302100,53.6518907,-3.0139328,4.39,98,-2.4,3.3
1790100302200,53.6518936,-3.0139216,4.33,98,-2.8,3.1
1790100302300,53.6518918,-3.0139216,4.49,98,-2.0,3.1
1790100302400,53.6518915,-3.0139160,4.40,98,-2.6,3.1
1790100302500,53.6518906,-3.0139121,4.38,98,-1.7,2.7
1790100302600,53.6518858,-3.0139128,4.29,98,-1.6,2.8
1790100302700,53.6518896,-3.0139071,4.33,98,-1.4,2.6
1790100302800,53.6518903,-3.0139075,4.44,98,-1.9,2.5
1790100302900,53.6518836,-3.0139030,4.46,98,-1.9,2.8
1790100303000,53.6518928,-3.0138989,4.47,98,-1.3,2.3
1790100303100,53.6518892,-3.0138893,4.28,98,-1.3,2.6
1790100303200,53.6518850,-3.0138891,4.29,98,-0.7,2.6
1790100303300,53.6518831,-3.0138976,4.33,98,-1.0,2.3
1790100303400,53.6518885,-3.0138767,4.28,98,-1.9,2.5
1790100303500,53.6518837,-3.0138843,4.27,98,-1.1,2.4
1790100303600,53.6518843,-3.0138735,4.42,98,-0.6,2.2
1790100303700,53.6518824,-3.0138800,4.19,98,-1.4,2.3
1790100303800,53.6518866,-3.0138785,4.41,98,-0.6,2.2
1790100303900,53.6518813,-3.0138704,4.37,98,-0.6,2.5
1790100304000,53.6518804,-3.0138676,4.26,98,-1.5,2.4
1790100304100,53.6518846,-3.0138557,4.45,98,-0.1,2.0
1790100304200,53.6518828,-3.0138567,4.32,98,-0.3,2.1
1790100304300,53.6518823,-3.0138588,4.29,98,-0.6,2.2
1790100304400,53.6518865,-3.0138431,4.29,98,-0.6,1.9
1790100304500,53.6518855,-3.0138530,4.23,98,-0.1,1.8
1790100304600,53.6518857,-3.0138436,4.24,98,-1.1,2.0
1790100304700,53.6518850,-3.0138404,4.27,98,-0.3,2.2
1790100304800,53.6518804,-3.0138368,4.28,98,0.0,1.8
1790100304900,53.6518818,-3.0138429,4.39,98,-0.6,1.6
1790100305000,53.6518803,-3.0138271,4.18,98,-1.0,2.2
1790100305100,53.6518800,-3.0138364,4.33,98,-0.4,1.8
1790100305200,53.6518861,-3.0138260,4.39,98,0.0,1.7
1790100305300,53.6518836,-3.0138213,4.32,98,0.1,1.7
1790100305400,53.6518781,-3.0138114,4.25,98,0.1,2.1
1790100305500,53.6518789,-3.0138222,4.34,98,0.1,1.6
1790100305600,53.6518762,-3.0138158,4.31,98,0.1,1.6
1790100305700,53.6518836,-3.0138050,4.32,98,0.2,1.5
1790100305800,53.6518751,-3.0138024,4.36,98,-0.3,1.7
1790100305900,53.6518851,-3.0137939,4.38,98,-0.5,1.8
1790100306000,53.6518842,-3.0137989,4.33,98,-0.2,1.8
1790100306100,53.6518795,-3.0137918,4.24,98,-0.5,2.1
1790100306200,53.6518768,-3.0137845,4.14,98,-0.7,1.7
1790100306300,53.6518796,-3.0137905,4.30,98,0.1,2.0
1790100306400,53.6518797,-3.0137832,4.28,98,-0.3,2.0
1790100306500,53.6518763,-3.0137765,4.11,98,-0.5,1.8
1790100306600,53.6518754,-3.0137781,4.33,98,-0.5,1.8
1790100306700,53.6518761,-3.0137838,4.20,98,0.2,1.8
1790100306800,53.6518749,-3.0137666,4.21,98,0.0,1.8
1790100306900,53.6518804,-3.0137660,4.11,98,0.4,2.2
1790100307000,53.6518743,-3.0137719,4.17,98,-0.5,1.9
1790100307100,53.6518815,-3.0137593,4.13,98,-0.1,2.3
1790100307200,53.6518765,-3.0137644,4.35,98,0.3,1.8
1790100307300,53.6518746,-3.0137494,4.22,98,0.3,2.0
1790100307400,53.6518714,-3.0137453,4.20,98,-0.8,2.1
1790100307500,53.6518756,-3.0137438,4.21,98,-0.0,2.0
1790100307600,53.6518760,-3.0137463,4.21,98,-0.5,2.0
1790100307700,53.6518772,-3.0137380,4.36,98,0.3,1.8
1790100307800,53.6518788,-3.0137390,4.32,98,0.3,2.5
1790100307900,53.6518703,-3.0137287,4.28,98,-0.5,1.9
1790100308000,53.6518711,-3.0137340,4.23,98,-0.3,1.9
1790100308100,53.6518704,-3.0137387,4.20,98,-0.8,2.3
1790100308200,53.6518769,-3.0137314,4.13,98,0.4,2.3
1790100308300,53.6518679,-3.0137248,4.16,98,-0.9,2.2
1790100308400,53.6518702,-3.0137276,4.19,98,0.0,2.5
1790100308500,53.6518760,-3.0137172,4.04,98,0.0,2.7
1790100308600,53.6518708,-3.0137064,4.10,98,0.1,2.3
1790100308700,53.6518717,-3.0137105,4.07,98,-0.1,2.9
1790100308800,53.6518711,-3.0137028,4.26,98,0.1,2.3
1790100308900,53.6518758,-3.0136971,4.24,98,-1.3,2.8
1790100309000,53.6518708,-3.0136943,4.22,98,-1.1,2.8
1790100309100,53.6518663,-3.0136980,4.20,98,-0.9,3.0
1790100309200,53.6518708,-3.0136916,4.26,98,-1.0,3.1
1790100309300,53.6518757,-3.0136983,4.27,98,-0.7,3.1
1790100309400,53.6518755,-3.0136917,4.25,98,-0.9,3.2
1790100309500,53.6518706,-3.0136842,4.24,98,-1.7,2.6
1790100309600,53.6518712,-3.0136811,4.17,98,-0.4,3.2
1790100309700,53.6518704,-3.0136708,4.28,98,-0.9,3.4
1790100309800,53.6518705,-3.0136751,4.28,98,-1.4,3.4
1790100309900,53.6518648,-3.0136792,4.24,98,-1.2,3.3
1790100310000,53.6518699,-3.0136680,4.08,98,-1.4,3.1
1790100310100,53.6518722,-3.0136723,4.23,98,-1.6,3.3
1790100310200,53.6518701,-3.0136592,4.04,98,-2.0,3.2
1790100310300,53.6518661,-3.0136647,4.23,98,-1.3,3.0
1790100310400,53.6518698,-3.0136499,4.20,98,-2.3,3.7
1790100310500,53.6518651,-3.0136551,4.26,98,-1.9,3.4
1790100310600,53.6518698,-3.0136415,4.28,98,-2.0,3.5
1790100310700,53.6518654,-3.0136463,4.29,98,-2.0,3.3
1790100310800,53.6518619,-3.0136469,4.10,98,-1.6,3.5
1790100310900,53.6518663,-3.0136368,4.05,98,-1.6,3.8
1790100311000,53.6518622,-3.0136428,4.27,98,-2.0,4.1
1790100311100,53.6518694,-3.0136404,4.21,98,-2.6,3.6
1790100311200,53.6518613,-3.0136217,4.30,98,-2.1,3.6
1790100311300,53.6518655,-3.0136306,4.13,98,-2.6,3.8
1790100311400,53.6518702,-3.0136183,4.04,98,-2.6,3.6
1790100311500,53.6518682,-3.0136134,4.17,98,-2.0,4.0
1790100311600,53.6518602,-3.0136210,4.06,98,-2.3,4.0
1790100311700,53.6518640,-3.0136206,4.27,98,-2.2,3.7
1790100311800,53.6518678,-3.0136152,4.12,98,-3.4,4.0
1790100311900,53.6518588,-3.0136018,4.21,98,-2.1,4.3
1790100312000,53.6518622,-3.0135990,4.17,98,-2.5,4.1
1790100312100,53.6518673,-3.0136090,4.04,98,-3.7,4.4
1790100312200,53.6518621,-3.0135917,4.02,98,-3.3,3.9
1790100312300,53.6518672,-3.0135996,4.05,98,-3.2,4.2
1790100312400,53.6518639,-3.0135989,4.27,98,-2.9,4.2
1790100312500,53.6518603,-3.0135897,4.07,98,-3.7,4.5
1790100312600,53.6518567,-3.0135936,4.27,98,-3.5,3.8
1790100312700,53.6518611,-3.0135737,4.13,98,-3.3,4.1
1790100312800,53.6518587,-3.0135808,4.13,98,-3.6,4.2
1790100312900,53.6518555,-3.0135697,4.28,98,-3.9,4.0
1790100313000,53.6518612,-3.0135738,4.06,98,-3.5,4.0
1790100313100,53.6518585,-3.0135719,4.18,98,-4.3,4.1
1790100313200,53.6518637,-3.0135570,4.14,98,-4.5,4.1
1790100313300,53.6518635,-3.0135584,4.16,98,-3.4,4.1
1790100313400,53.6518637,-3.0135528,4.25,98,-3.7,4.5
1790100313500,53.6518613,-3.0135505,4.25,98,-4.2,4.6
1790100313600,53.6518569,-3.0135555,4.26,98,-4.1,3.9
1790100313700,53.6518627,-3.0135524,4.05,98,-4.0,4.3
1790100313800,53.6518587,-3.0135511,4.16,98,-4.2,4.0
1790100313900,53.6518564,-3.0135375,4.12,98,-3.5,4.0
1790100314000,53.6518594,-3.0135338,4.14,98,-3.9,3.8
1790100314100,53.6518600,-3.0135371,4.16,98,-4.9,3.8
1790100314200,53.6518539,-3.0135313,4.04,98,-4.3,4.1
1790100314300,53.6518528,-3.0135283,4.18,98,-4.9,4.1
1790100314400,53.6518555,-3.0135225,4.07,98,-5.1,3.9
1790100314500,53.6518589,-3.0135247,4.17,98,-4.7,4.2
1790100314600,53.6518568,-3.0135199,4.21,98,-4.2,4.2
1790100314700,53.6518593,-3.0135143,4.20,98,-5.1,4.0
1790100314800,53.6518562,-3.0135142,4.30,98,-4.4,4.0
1790100314900,53.6518552,-3.0135183,4.08,98,-4.7,3.9
1790100315000,53.6518503,-3.0135150,4.04,98,-4.3,4.1
1790100315100,53.6518561,-3.0135021,4.10,98,-4.4,3.8
1790100315200,53.6518530,-3.0135047,4.14,98,-4.3,3.7
1790100315300,53.6518551,-3.0135060,4.08,98,-4.4,3.9
1790100315400,53.6518559,-3.0134988,4.05,98,-5.1,3.9
1790100315500,53.6518573,-3.0134924,4.18,98,-4.3,3.3
1790100315600,53.6518547,-3.0134889,4.16,98,-5.7,4.0
1790100315700,53.6518495,-3.0134857,4.15,98,-5.1,3.6
1790100315800,53.6518546,-3.0134802,4.04,98,-5.1,3.7
1790100315900,53.6518555,-3.0134725,4.24,98,-5.4,3.5
1790100316000,53.6518474,-3.0134842,4.06,98,-5.6,3.8
1790100316100,53.6518569,-3.0134656,4.04,98,-4.8,3.5
1790100316200,53.6518528,-3.0134721,4.23,98,-5.3,3.6
1790100316300,53.6518555,-3.0134641,4.09,98,-4.6,3.2
1790100316400,53.6518567,-3.0134557,4.22,98,-4.8,3.2
1790100316500,53.6518480,-3.0134552,4.18,98,-5.5,2.9
1790100316600,53.6518560,-3.0134578,4.23,98,-5.5,2.8
1790100316700,53.6518497,-3.0134521,4.19,98,-5.3,2.8
1790100316800,53.6518534,-3.0134488,4.22,98,-5.7,3.4
1790100316900,53.6518521,-3.0134401,4.26,98,-5.0,2.7
1790100317000,53.6518509,-3.0134427,4.05,98,-5.1,2.9
1790100317100,53.6518519,-3.0134353,4.28,98,-4.4,3.1
1790100317200,53.6518481,-3.0134364,4.06,98,-4.7,2.5
1790100317300,53.6518485,-3.0134287,4.16,98,-4.6,2.5
1790100317400,53.6518501,-3.0134347,4.31,98,-4.2,2.9
1790100317500,53.6518508,-3.0134250,4.11,98,-4.3,2.8
1790100317600,53.6518431,-3.0134286,4.07,98,-5.4,3.0
1790100317700,53.6518453,-3.0134292,4.20,98,-4.8,2.5
1790100317800,53.6518439,-3.0134158,4.27,98,-4.8,2.8
1790100317900,53.6518447,-3.0134069,4.10,98,-4.0,2.1
1790100318000,53.6518453,-3.0134071,4.12,98,-4.9,2.1
1790100318100,53.6518431,-3.0134026,4.11,98,-4.4,2.4
1790100318200,53.6518428,-3.0134063,4.26,98,-4.9,2.7
1790100318300,53.6518413,-3.0133942,4.18,98,-4.8,2.3
1790100318400,53.6518494,-3.0133912,4.20,98,-5.2,2.6
1790100318500,53.6518451,-3.0133969,4.08,98,-4.9,1.9
1790100318600,53.6518459,-3.0133882,4.18,98,-4.2,2.5
1790100318700,53.6518458,-3.0133906,4.34,98,-4.7,1.8
1790100318800,53.6518449,-3.0133871,4.35,98,-3.8,1.8
1790100318900,53.6518456,-3.0133852,4.22,98,-3.6,1.9
1790100319000,53.6518485,-3.0133801,4.35,98,-3.8,2.4
1790100319100,53.6518464,-3.0133691,4.20,98,-3.7,2.0
1790100319200,53.6518455,-3.0133796,4.23,98,-3.4,2.3
1790100319300,53.6518483,-3.0133746,4.21,98,-4.6,1.7
1790100319400,53.6518462,-3.0133690,4.16,98,-4.7,1.9
1790100319500,53.6518472,-3.0133710,4.28,98,-3.4,1.9
1790100319600,53.6518418,-3.0133672,4.14,98,-4.1,2.0
1790100319700,53.6518477,-3.0133607,4.08,98,-3.0,1.5
1790100319800,53.6518472,-3.0133622,4.20,98,-3.0,2.0
1790100319900,53.6518447,-3.0133483,4.13,98,-4.0,2.0
1790100320000,53.6518406,-3.0133432,4.15,98,-3.7,1.6
1790100320100,53.6518446,-3.0133479,4.33,98,-3.4,1.9
1790100320200,53.6518418,-3.0133442,4.28,98,-3.9,2.0
1790100320300,53.6518409,-3.0133331,4.36,98,-3.7,1.8
1790100320400,53.6518412,-3.0133296,4.27,98,-2.8,1.9
1790100320500,53.6518368,-3.0133339,4.19,98,-3.4,2.0
1790100320600,53.6518365,-3.0133326,4.28,98,-2.6,1.7
1790100320700,53.6518424,-3.0133234,4.17,98,-2.7,2.2
1790100320800,53.6518384,-3.0133121,4.32,98,-2.2,1.9
1790100320900,53.6518434,-3.0133211,4.27,98,-2.5,2.2
1790100321000,53.6518397,-3.0133175,4.19,98,-2.4,2.0
1790100321100,53.6518354,-3.0133125,4.24,98,-3.3,1.5
1790100321200,53.6518421,-3.0133004,4.41,98,-1.9,2.2
1790100321300,53.6518369,-3.0132989,4.34,98,-2.7,2.2
1790100321400,53.6518379,-3.0133057,4.30,98,-2.8,2.1
1790100321500,53.6518403,-3.0133015,4.25,98,-2.4,1.8
1790100321600,53.6518404,-3.0132939,4.34,98,-2.9,2.2
1790100321700,53.6518371,-3.0132919,4.37,98,-2.4,1.6
1790100321800,53.6518409,-3.0132884,4.43,98,-1.4,2.0
1790100321900,53.6518389,-3.0132843,4.29,98,-2.7,1.7
1790100322000,53.6518340,-3.0132741,4.41,98,-1.6,2.5
1790100322100,53.6518364,-3.0132782,4.41,98,-2.0,1.9
1790100322200,53.6518329,-3.0132746,4.23,98,-2.0,2.0
1790100322300,53.6518406,-3.0132625,4.16,98,-2.2,1.8
1790100322400,53.6518302,-3.0132689,4.44,98,-1.9,2.2
1790100322500,53.6518339,-3.0132574,4.43,98,-2.2,2.6
1790100322600,53.6518304,-3.0132530,4.21,98,-2.2,2.7
1790100322700,53.6518345,-3.0132567,4.40,98,-1.6,2.1
1790100322800,53.6518319,-3.0132514,4.37,98,-1.4,2.2
1790100322900,53.6518338,-3.0132472,4.22,98,-1.8,2.8
1790100323000,53.6518337,-3.0132549,4.26,98,-0.5,2.2
1790100323100,53.6518290,-3.0132466,4.32,98,-1.5,2.7
1790100323200,53.6518292,-3.0132369,4.41,98,-1.4,2.9
1790100323300,53.6518350,-3.0132307,4.32,98,-0.8,2.5
1790100323400,53.6518365,-3.0132347,4.45,98,-1.3,2.7
1790100323500,53.6518360,-3.0132302,4.22,98,-1.2,2.7
1790100323600,53.6518346,-3.0132307,4.34,98,-1.0,2.9
1790100323700,53.6518309,-3.0132182,4.24,98,-1.4,2.8
1790100323800,53.6518335,-3.0132129,4.44,98,-1.0,2.9
1790100323900,53.6518320,-3.0132229,4.32,98,-0.8,3.1
1790100324000,53.6518289,-3.0132104,4.36,98,-0.4,2.7
1790100324100,53.6518334,-3.0132142,4.29,98,0.2,3.4
1790100324200,53.6518306,-3.0132018,4.46,98,-0.4,3.3
1790100324300,53.6518308,-3.0132107,4.32,98,-0.9,3.1
1790100324400,53.6518295,-3.0132036,4.47,98,0.2,3.5
1790100324500,53.6518322,-3.0132016,4.36,98,-0.2,3.3
1790100324600,53.6518307,-3.0131900,4.47,98,-0.3,3.5
1790100324700,53.6518286,-3.0131920,4.24,98,0.2,3.3
1790100324800,53.6518241,-3.0131919,4.30,98,-0.6,3.6
1790100324900,53.6518274,-3.0131806,4.48,98,-0.4,3.8
1790100325000,53.6518279,-3.0131722,4.48,98,0.3,3.2
1790100325100,53.6518307,-3.0131713,4.31,98,-0.1,3.3
1790100325200,53.6518283,-3.0131695,4.41,98,-0.7,3.4
1790100325300,53.6518260,-3.0131716,4.30,98,0.3,3.7
1790100325400,53.6518283,-3.0131714,4.46,98,-0.7,3.6
1790100325500,53.6518235,-3.0131711,4.38,98,0.5,3.8
1790100325600,53.6518241,-3.0131537,4.39,98,-0.1,3.9
1790100325700,53.6518226,-3.0131614,4.40,98,-0.7,3.6
1790100325800,53.6518248,-3.0131598,4.33,98,-0.7,3.5
1790100325900,53.6518218,-3.0131455,4.46,98,-0.2,3.9
1790100326000,53.6518286,-3.0131415,4.31,98,0.6,3.7
1790100326100,53.6518202,-3.0131364,4.43,98,-0.4,3.6
1790100326200,53.6518233,-3.0131388,4.47,98,-0.6,3.9
1790100326300,53.6518197,-3.0131285,4.44,98,0.7,4.3
1790100326400,53.6518234,-3.0131403,4.56,98,0.5,3.9
1790100326500,53.6518280,-3.0131257,4.31,98,0.4,4.0
1790100326600,53.6518263,-3.0131167,4.33,98,0.5,4.1
1790100326700,53.6518277,-3.0131309,4.45,98,0.5,4.0
1790100326800,53.6518242,-3.0131149,4.32,98,-0.3,4.4
1790100326900,53.6518264,-3.0131213,4.39,98,-0.2,4.5
1790100327000,53.6518260,-3.0131067,4.46,98,-0.8,4.3
1790100327100,53.6518192,-3.0131163,4.32,98,0.2,4.2
1790100327200,53.6518248,-3.0130983,4.39,98,-0.6,4.2
1790100327300,53.6518262,-3.0131066,4.52,98,0.3,4.4
1790100327400,53.6518203,-3.0130982,4.61,98,0.3,4.5
1790100327500,53.6518156,-3.0130856,4.50,98,-1.0,4.3
1790100327600,53.6518167,-3.0130868,4.49,98,0.1,4.5
1790100327700,53.6518252,-3.0130904,4.49,98,0.3,4.1
1790100327800,53.6518206,-3.0130844,4.47,98,-0.4,4.5
1790100327900,53.6518211,-3.0130852,4.46,98,-0.7,4.2
1790100328000,53.6518202,-3.0130699,4.59,98,-0.5,4.0
1790100328100,53.6518205,-3.0130768,4.48,98,-0.7,3.8
1790100328200,53.6518149,-3.0130756,4.49,98,-0.4,4.5
1790100328300,53.6518144,-3.0130669,4.39,98,-0.7,4.3
1790100328400,53.6518208,-3.0130580,4.50,98,-1.1,4.1
1790100328500,53.6518172,-3.0130593,4.49,98,-0.0,3.8
1790100328600,53.6518167,-3.0130509,4.51,98,-0.7,4.4
1790100328700,53.6518174,-3.0130480,4.55,98,-1.0,4.1
1790100328800,53.6518136,-3.0130556,4.54,98,-1.4,4.2
1790100328900,53.6518117,-3.0130480,4.42,98,-1.5,4.3
1790100329000,53.6518199,-3.0130493,4.64,98,-1.4,4.1
1790100329100,53.6518148,-3.0130415,4.44,98,-0.8,4.3
1790100329200,53.6518154,-3.0130304,4.61,98,-1.5,3.7
1790100329300,53.6518112,-3.0130270,4.52,98,-0.7,3.8
1790100329400,53.6518187,-3.0130301,4.51,98,-1.8,4.2
1790100329500,53.6518129,-3.0130251,4.52,98,-1.9,3.6
1790100329600,53.6518124,-3.0130156,4.51,98,-2.1,4.2
1790100329700,53.6518109,-3.0130219,4.67,98,-1.4,3.4
1790100329800,53.6518137,-3.0130134,4.49,98,-1.6,3.8
1790100329900,53.6518126,-3.0130163,4.51,98,-1.5,3.3
1790100330000,53.6518094,-3.0130161,4.50,98,-1.5,3.8
1790100330100,53.6518130,-3.0129998,4.63,98,-1.7,3.4
1790100330200,53.6518087,-3.0130024,4.62,98,-2.2,3.2
1790100330300,53.6518103,-3.0130010,4.55,98,-1.6,3.6
1790100330400,53.6518108,-3.0129925,4.70,98,-2.6,3.2
1790100330500,53.6518075,-3.0129929,4.45,98,-2.1,3.2
1790100330600,53.6518124,-3.0129889,4.59,98,-2.1,3.2
1790100330700,53.6518065,-3.0129848,4.50,98,-2.5,3.1
1790100330800,53.6518144,-3.0129728,4.69,98,-1.7,3.6
1790100330900,53.6518104,-3.0129776,4.50,98,-1.7,3.0
1790100331000,53.6518079,-3.0129751,4.60,98,-2.0,2.8
1790100331100,53.6518153,-3.0129757,4.59,98,-2.7,3.0
1790100331200,53.6518150,-3.0129689,4.57,98,-2.5,2.8
1790100331300,53.6518088,-3.0129632,4.63,98,-3.1,2.8
1790100331400,53.6518147,-3.0129647,4.61,98,-2.5,2.7
1790100331500,53.6518045,-3.0129539,4.69,98,-2.6,2.5
1790100331600,53.6518121,-3.0129473,4.68,98,-3.3,3.2
1790100331700,53.6518044,-3.0129418,4.55,98,-3.0,3.0
1790100331800,53.6518109,-3.0129516,4.73,98,-2.4,3.1
1790100331900,53.6518043,-3.0129461,4.54,98,-3.2,2.7
1790100332000,53.6518072,-3.0129401,4.74,98,-3.4,2.2
1790100332100,53.6518079,-3.0129391,4.62,98,-2.8,2.4
1790100332200,53.6518088,-3.0129270,4.63,98,-4.1,2.9
1790100332300,53.6518108,-3.0129228,4.53,98,-2.8,2.4
1790100332400,53.6518019,-3.0129274,4.51,98,-3.6,2.3
1790100332500,53.6518054,-3.0129242,4.66,98,-3.0,2.7
1790100332600,53.6518098,-3.0129079,4.77,98,-3.6,2.1
1790100332700,53.6518054,-3.0129057,4.52,98,-3.9,2.5
1790100332800,53.6518022,-3.0129054,4.57,98,-4.1,2.3
1790100332900,53.6518028,-3.0129018,4.61,98,-4.3,2.2
1790100333000,53.6518034,-3.0128927,4.60,98,-4.5,2.4
1790100333100,53.6518040,-3.0128987,4.52,98,-3.4,2.3
1790100333200,53.6518076,-3.0129002,4.58,98,-4.8,2.4
1790100333300,53.6517997,-3.0128933,4.70,98,-3.8,2.5
1790100333400,53.6518067,-3.0128893,4.77,98,-4.3,2.2
1790100333500,53.6518026,-3.0128791,4.74,98,-4.3,1.7
1790100333600,53.6518054,-3.0128746,4.71,98,-5.0,2.3
1790100333700,53.6518026,-3.0128842,4.61,98,-3.9,2.2
1790100333800,53.6518033,-3.0128677,4.72,98,-5.2,2.3
1790100333900,53.6518038,-3.0128746,4.72,98,-4.7,1.5
1790100334000,53.6518047,-3.0128651,4.81,98,-3.9,1.9
1790100334100,53.6518006,-3.0128556,4.66,98,-4.0,2.3
1790100334200,53.6518000,-3.0128485,4.63,98,-4.5,1.6
1790100334300,53.6518008,-3.0128567,4.58,98,-4.7,2.1
1790100334400,53.6517968,-3.0128484,4.80,98,-5.2,1.9
1790100334500,53.6517980,-3.0128502,4.75,98,-4.3,1.8
1790100334600,53.6517976,-3.0128507,4.63,98,-5.4,1.7
1790100334700,53.6518019,-3.0128477,4.83,98,-4.6,1.8
1790100334800,53.6518037,-3.0128379,4.84,98,-5.4,1.6
1790100334900,53.6517948,-3.0128357,4.70,98,-4.3,1.7
1790100335000,53.6518007,-3.0128232,4.61,98,-4.9,1.8
1790100335100,53.6517981,-3.0128233,4.66,98,-5.1,1.4
1790100335200,53.6518015,-3.0128123,4.75,98,-4.7,1.7
1790100335300,53.6517971,-3.0128211,4.61,98,-4.7,2.1
1790100335400,53.6518002,-3.0128145,4.75,98,-4.9,1.9
1790100335500,53.6518000,-3.0128052,4.75,98,-5.2,1.9
1790100335600,53.6518006,-3.0128001,4.81,98,-5.7,1.9
1790100335700,53.6517936,-3.0128050,4.83,98,-5.2,1.9
1790100335800,53.6517948,-3.0127968,4.68,98,-5.4,1.5
1790100335900,53.6517999,-3.0127968,4.75,98,-4.8,1.6
1790100336000,53.6517907,-3.0127864,4.67,98,-4.8,2.0
1790100336100,53.6517907,-3.0127804,4.63,98,-5.3,2.2
1790100336200,53.6517983,-3.0127810,4.71,98,-4.7,1.7
1790100336300,53.6517953,-3.0127884,4.72,98,-5.6,2.1
1790100336400,53.6517895,-3.0127864,4.68,98,-4.2,2.4
1790100336500,53.6517928,-3.0127793,4.66,98,-4.9,2.2
1790100336600,53.6517977,-3.0127726,4.69,98,-5.6,1.9
1790100336700,53.6517897,-3.0127593,4.65,98,-5.3,2.5
1790100336800,53.6517888,-3.0127699,4.61,98,-4.3,2.3
1790100336900,53.6517968,-3.0127641,4.61,98,-4.9,2.1
1790100337000,53.6517892,-3.0127635,4.83,98,-5.0,2.0
1790100337100,53.6517971,-3.0127468,4.85,98,-4.8,2.0
1790100337200,53.6517949,-3.0127412,4.72,98,-4.8,2.1
1790100337300,53.6517946,-3.0127416,4.83,98,-5.3,2.2
1790100337400,53.6517912,-3.0127483,4.79,98,-4.0,2.5
1790100337500,53.6517926,-3.0127349,4.74,98,-4.8,2.6
1790100337600,53.6517902,-3.0127306,4.83,98,-5.1,2.8
1790100337700,53.6517905,-3.0127333,4.71,98,-3.9,2.8
1790100337800,53.6517850,-3.0127202,4.73,98,-5.2,2.5
1790100337900,53.6517871,-3.0127295,4.73,98,-4.9,2.6
1790100338000,53.6517920,-3.0127232,4.81,98,-3.8,3.1
1790100338100,53.6517840,-3.0127154,4.85,98,-5.0,2.4
1790100338200,53.6517905,-3.0127080,4.74,98,-4.6,2.7
1790100338300,53.6517861,-3.0127150,4.83,98,-3.7,2.7
1790100338400,53.6517885,-3.0126986,4.73,98,-3.7,3.3
1790100338500,53.6517895,-3.0126976,4.81,98,-4.8,2.6
1790100338600,53.6517898,-3.0127054,4.67,98,-4.0,3.0
1790100338700,53.6517839,-3.0126888,4.69,98,-4.2,3.3
1790100338800,53.6517897,-3.0126895,4.62,98,-3.4,2.8
1790100338900,53.6517859,-3.0126873,4.83,98,-4.6,3.5
1790100339000,53.6517861,-3.0126819,4.75,98,-4.0,3.4
1790100339100,53.6517891,-3.0126735,4.73,98,-4.4,3.1
1790100339200,53.6517897,-3.0126760,4.68,98,-3.5,3.5
1790100339300,53.6517862,-3.0126652,4.80,98,-3.1,3.6
1790100339400,53.6517864,-3.0126644,4.75,98,-3.0,3.1
1790100339500,53.6517837,-3.0126659,4.67,98,-3.3,3.6
1790100339600,53.6517835,-3.0126675,4.70,98,-4.0,3.8
1790100339700,53.6517798,-3.0126630,4.65,98,-3.2,3.7
1790100339800,53.6517845,-3.0126619,4.73,98,-3.0,3.6
1790100339900,53.6517822,-3.0126553,4.65,98,-2.6,3.8
1790100340000,53.6517883,-3.0126484,4.85,98,-3.6,3.4
1790100340100,53.6517837,-3.0126397,4.79,98,-3.0,3.4
1790100340200,53.6517841,-3.0126311,4.84,98,-2.5,3.7
1790100340300,53.6517795,-3.0126325,4.90,98,-2.4,4.2
1790100340400,53.6517819,-3.0126247,4.75,98,-2.8,4.0
1790100340500,53.6517767,-3.0126240,4.75,98,-2.0,4.3
1790100340600,53.6517864,-3.0126192,4.79,98,-2.3,3.6
1790100340700,53.6517830,-3.0126242,4.72,98,-2.9,3.6
1790100340800,53.6517780,-3.0126153,4.92,98,-2.4,3.9
1790100340900,53.6517809,-3.0126115,4.82,98,-1.9,3.7
1790100341000,53.6517810,-3.0126107,4.69,98,-2.1,4.1
1790100341100,53.6517783,-3.0126015,4.74,98,-2.1,4.4
1790100341200,53.6517786,-3.0125945,4.86,98,-1.5,4.4
1790100341300,53.6517784,-3.0126022,4.92,98,-1.6,4.5
1790100341400,53.6517842,-3.0125963,4.62,98,-1.8,4.1
1790100341500,53.6517743,-3.0125854,4.83,98,-2.6,4.0
1790100341600,53.6517815,-3.0125863,4.65,98,-1.4,4.1
1790100341700,53.6517798,-3.0125780,4.79,98,-2.0,3.9
1790100341800,53.6517778,-3.0125780,4.78,98,-2.2,4.6
1790100341900,53.6517726,-3.0125679,4.87,98,-2.0,3.8
1790100342000,53.6517744,-3.0125733,4.75,98,-1.5,4.3
1790100342100,53.6517730,-3.0125602,4.74,98,-1.2,4.2
1790100342200,53.6517765,-3.0125704,4.82,98,-0.7,3.9
1790100342300,53.6517738,-3.0125601,4.77,98,-1.6,4.4
1790100342400,53.6517783,-3.0125609,4.78,98,-0.6,4.4
1790100342500,53.6517744,-3.0125544,4.77,98,-0.6,4.5
1790100342600,53.6517785,-3.0125507,4.79,98,-1.2,4.5
1790100342700,53.6517737,-3.0125414,4.90,98,-1.2,4.0
1790100342800,53.6517758,-3.0125417,4.78,98,-0.2,4.5
1790100342900,53.6517721,-3.0125388,4.78,98,-0.8,4.1
1790100343000,53.6517788,-3.0125359,4.63,98,-1.5,4.0
1790100343100,53.6517783,-3.0125313,4.75,98,-0.6,4.5
1790100343200,53.6517763,-3.0125235,4.70,98,-1.4,4.4
1790100343300,53.6517774,-3.0125307,4.71,98,-1.1,4.3
1790100343400,53.6517768,-3.0125128,4.84,98,-0.9,3.8
1790100343500,53.6517762,-3.0125140,4.75,98,-0.4,3.7
1790100343600,53.6517705,-3.0125127,4.65,98,-0.0,3.7
1790100343700,53.6517690,-3.0125109,4.84,98,-0.6,3.6
1790100343800,53.6517718,-3.0125088,4.83,98,-0.4,3.6
1790100343900,53.6517724,-3.0124963,4.73,98,-1.0,3.6
1790100344000,53.6517720,-3.0125074,4.72,98,0.0,3.8
1790100344100,53.6517744,-3.0124942,4.74,98,-0.0,4.0
1790100344200,53.6517753,-3.0124856,4.69,98,0.4,3.6
1790100344300,53.6517698,-3.0124787,4.87,98,0.4,3.9
1790100344400,53.6517750,-3.0124823,4.76,98,-0.0,3.7
1790100344500,53.6517659,-3.0124855,4.87,98,-0.2,3.3
1790100344600,53.6517682,-3.0124729,4.65,98,0.4,3.2
1790100344700,53.6517676,-3.0124733,4.74,98,0.4,3.2
1790100344800,53.6517721,-3.0124689,4.74,98,-0.2,3.2
1790100344900,53.6517732,-3.0124656,4.71,98,0.3,3.5
1790100345000,53.6517639,-3.0124530,4.81,98,0.2,3.0
1790100345100,53.6517628,-3.0124499,4.83,98,0.1,3.1
1790100345200,53.6517657,-3.0124581,4.75,98,-0.4,3.1
1790100345300,53.6517633,-3.0124524,4.85,98,-0.5,2.8
1790100345400,53.6517706,-3.0124413,4.85,98,0.7,2.9
1790100345500,53.6517684,-3.0124466,4.75,98,0.7,3.4
1790100345600,53.6517656,-3.0124372,4.67,98,-0.5,3.1
1790100345700,53.6517681,-3.0124395,4.68,98,-0.0,2.8
1790100345800,53.6517629,-3.0124386,4.85,98,0.3,3.0
1790100345900,53.6517643,-3.0124342,4.73,98,-0.2,2.9
1790100346000,53.6517627,-3.0124249,4.72,98,-0.1,3.2
1790100346100,53.6517684,-3.0124301,4.68,98,-0.2,2.5
1790100346200,53.6517611,-3.0124192,4.60,98,-0.3,2.7
1790100346300,53.6517600,-3.0124208,4.87,98,-0.7,2.9
1790100346400,53.6517657,-3.0124174,4.64,98,0.5,2.5
1790100346500,53.6517598,-3.0124014,4.78,98,0.3,2.6
1790100346600,53.6517621,-3.0123981,4.83,98,-0.4,2.4
1790100346700,53.6517612,-3.0123945,4.79,98,0.5,2.6
1790100346800,53.6517647,-3.0123976,4.62,98,0.5,2.6
1790100346900,53.6517667,-3.0123900,4.83,98,0.3,2.1
1790100347000,53.6517613,-3.0123921,4.68,98,0.1,2.1
1790100347100,53.6517588,-3.0123786,4.65,98,-0.9,2.6
1790100347200,53.6517564,-3.0123859,4.63,98,-0.7,2.4
1790100347300,53.6517572,-3.0123801,4.64,98,-0.6,2.4
1790100347400,53.6517660,-3.0123778,4.63,98,-0.3,1.8
1790100347500,53.6517621,-3.0123776,4.66,98,0.2,2.3
1790100347600,53.6517576,-3.0123720,4.72,98,-0.7,1.8
1790100347700,53.6517607,-3.0123665,4.77,98,-0.3,2.3
1790100347800,53.6517573,-3.0123575,4.76,98,-0.7,1.9
1790100347900,53.6517552,-3.0123481,4.80,98,-0.4,1.7
1790100348000,53.6517539,-3.0123566,4.83,98,-1.0,1.9
1790100348100,53.6517599,-3.0123463,4.78,98,-0.2,2.3
1790100348200,53.6517593,-3.0123388,4.81,98,-1.0,1.6
1790100348300,53.6517592,-3.0123362,4.68,98,-1.3,1.8
1790100348400,53.6517528,-3.0123369,4.80,98,-0.8,2.0
1790100348500,53.6517614,-3.0123317,4.70,98,-1.2,1.6
1790100348600,53.6517583,-3.0123228,4.54,98,-1.3,1.7
1790100348700,53.6517619,-3.0123183,4.73,98,-1.5,1.8
1790100348800,53.6517516,-3.0123196,4.73,98,-0.5,1.5
1790100348900,53.6517567,-3.0123227,4.63,98,-1.4,1.6
1790100349000,53.6517561,-3.0123197,4.76,98,-1.7,1.9
1790100349100,53.6517509,-3.0123110,4.72,98,-2.0,1.7
1790100349200,53.6517563,-3.0123155,4.76,98,-2.2,1.9
1790100349300,53.6517574,-3.0123106,4.77,98,-2.1,1.4
1790100349400,53.6517493,-3.0122970,4.70,98,-1.0,2.1
1790100349500,53.6517530,-3.0122899,4.68,98,-2.4,1.7
1790100349600,53.6517561,-3.0122980,4.54,98,-1.2,2.1
1790100349700,53.6517529,-3.0122881,4.68,98,-2.1,2.0
1790100349800,53.6517543,-3.0122876,4.65,98,-2.3,1.8
1790100349900,53.6517508,-3.0122848,4.56,98,-2.4,1.7
1790100350000,53.6517576,-3.0122730,4.67,98,-2.0,1.6
1790100350100,53.6517544,-3.0122689,4.77,98,-2.0,1.5
1790100350200,53.6517524,-3.0122779,4.67,98,-2.4,1.8
1790100350300,53.6517558,-3.0122662,4.68,98,-2.6,2.0
1790100350400,53.6517530,-3.0122595,4.67,98,-2.7,2.3
1790100350500,53.6517501,-3.0122649,4.49,98,-3.2,2.0
1790100350600,53.6517504,-3.0122579,4.72,98,-2.3,2.3
1790100350700,53.6517473,-3.0122488,4.65,98,-3.1,1.8
1790100350800,53.6517462,-3.0122459,4.62,98,-2.1,2.0
1790100350900,53.6517468,-3.0122560,4.61,98,-2.6,2.4
1790100351000,53.6517451,-3.0122402,4.48,98,-3.2,2.4
1790100351100,53.6517506,-3.0122447,4.60,98,-3.6,2.0
1790100351200,53.6517497,-3.0122296,4.69,98,-3.3,2.4
1790100351300,53.6517542,-3.0122414,4.59,98,-3.3,2.0
1790100351400,53.6517516,-3.0122347,4.71,98,-2.6,2.4
1790100351500,53.6517532,-3.0122301,4.52,98,-3.6,2.0
1790100351600,53.6517443,-3.0122293,4.64,98,-2.9,2.6
1790100351700,53.6517441,-3.0122253,4.57,98,-4.1,2.6
1790100351800,53.6517514,-3.0122236,4.53,98,-3.0,2.5
1790100351900,53.6517526,-3.0122207,4.52,98,-3.4,2.1
1790100352000,53.6517421,-3.0122023,4.45,98,-4.4,2.4
1790100352100,53.6517464,-3.0122093,4.46,98,-4.5,2.8
1790100352200,53.6517491,-3.0122053,4.54,98,-3.2,2.6
1790100352300,53.6517511,-3.0121972,4.56,98,-4.0,2.6
1790100352400,53.6517416,-3.0122002,4.57,98,-4.7,3.0
1790100352500,53.6517506,-3.0121942,4.60,98,-4.2,3.0
1790100352600,53.6517421,-3.0121871,4.52,98,-4.6,2.7
1790100352700,53.6517443,-3.0121795,4.53,98,-4.7,3.1
1790100352800,53.6517469,-3.0121738,4.51,98,-4.0,2.7
1790100352900,53.6517407,-3.0121708,4.52,98,-5.0,3.0
1790100353000,53.6517387,-3.0121781,4.42,98,-4.2,3.0
1790100353100,53.6517433,-3.0121709,4.45,98,-4.5,3.0
1790100353200,53.6517385,-3.0121717,4.66,98,-4.3,3.5
1790100353300,53.6517413,-3.0121716,4.67,98,-4.0,3.4
1790100353400,53.6517433,-3.0121684,4.48,98,-4.2,3.3
1790100353500,53.6517389,-3.0121571,4.64,98,-3.9,3.2
1790100353600,53.6517471,-3.0121608,4.60,98,-4.8,3.1
1790100353700,53.6517400,-3.0121546,4.43,98,-5.3,3.4
1790100353800,53.6517450,-3.0121481,4.60,98,-4.9,3.3
1790100353900,53.6517426,-3.0121471,4.39,98,-4.1,3.6
1790100354000,53.6517413,-3.0121348,4.43,98,-4.9,3.7
1790100354100,53.6517411,-3.0121322,4.60,98,-5.3,3.6
1790100354200,53.6517399,-3.0121341,4.51,98,-5.6,3.3
1790100354300,53.6517387,-3.0121215,4.63,98,-4.4,3.3
1790100354400,53.6517352,-3.0121267,4.55,98,-4.2,3.9
1790100354500,53.6517365,-3.0121138,4.40,98,-4.3,3.4
1790100354600,53.6517351,-3.0121123,4.62,98,-5.0,3.5
1790100354700,53.6517359,-3.0121225,4.38,98,-4.3,4.0
1790100354800,53.6517398,-3.0121095,4.47,98,-5.6,4.0
1790100354900,53.6517357,-3.0121086,4.44,98,-4.7,4.1
1790100355000,53.6517423,-3.0121072,4.40,98,-4.7,3.9
1790100355100,53.6517342,-3.0121054,4.44,98,-5.3,4.3
1790100355200,53.6517388,-3.0120932,4.57,98,-4.5,4.3
1790100355300,53.6517419,-3.0120923,4.43,98,-4.6,4.0
1790100355400,53.6517410,-3.0120852,4.44,98,-4.8,3.9
1790100355500,53.6517382,-3.0120943,4.50,98,-5.3,4.1
1790100355600,53.6517415,-3.0120858,4.45,98,-4.6,4.2
1790100355700,53.6517390,-3.0120827,4.50,98,-4.7,4.1
1790100355800,53.6517328,-3.0120791,4.46,98,-4.3,4.2
1790100355900,53.6517327,-3.0120730,4.44,98,-5.7,4.5
1790100356000,53.6517308,-3.0120700,4.44,98,-5.2,4.3
1790100356100,53.6517348,-3.0120659,4.43,98,-5.1,4.4
1790100356200,53.6517396,-3.0120623,4.32,98,-4.2,4.1
1790100356300,53.6517328,-3.0120616,4.57,98,-5.2,3.8
1790100356400,53.6517326,-3.0120631,4.38,98,-5.1,4.4
1790100356500,53.6517362,-3.0120481,4.47,98,-4.6,4.4
1790100356600,53.6517335,-3.0120420,4.43,98,-5.3,3.9
1790100356700,53.6517330,-3.0120515,4.55,98,-5.2,4.3
1790100356800,53.6517303,-3.0120382,4.36,98,-5.2,3.9
1790100356900,53.6517345,-3.0120438,4.42,98,-5.2,4.0
1790100357000,53.6517298,-3.0120271,4.47,98,-5.3,4.2
1790100357100,53.6517275,-3.0120404,4.43,98,-5.3,3.8
1790100357200,53.6517329,-3.0120208,4.37,98,-4.4,4.3
1790100357300,53.6517368,-3.0120173,4.44,98,-4.5,4.1
1790100357400,53.6517264,-3.0120291,4.33,98,-4.3,4.4
1790100357500,53.6517316,-3.0120234,4.28,98,-4.3,3.9
1790100357600,53.6517277,-3.0120215,4.42,98,-4.6,3.9
1790100357700,53.6517272,-3.0120193,4.48,98,-4.0,3.9
1790100357800,53.6517264,-3.0120072,4.25,98,-4.4,4.3
1790100357900,53.6517335,-3.0120109,4.31,98,-4.1,4.1
1790100358000,53.6517252,-3.0120052,4.33,98,-4.5,4.1
1790100358100,53.6517316,-3.0119895,4.23,98,-4.4,4.0
1790100358200,53.6517282,-3.0119950,4.41,98,-4.5,4.0
1790100358300,53.6517338,-3.0119933,4.23,98,-4.0,3.5
1790100358400,53.6517244,-3.0119819,4.31,98,-4.2,3.8
1790100358500,53.6517279,-3.0119928,4.26,98,-3.8,3.6
1790100358600,53.6517240,-3.0119845,4.30,98,-3.7,4.0
1790100358700,53.6517292,-3.0119764,4.34,98,-3.6,3.5
1790100358800,53.6517280,-3.0119777,4.43,98,-3.9,3.6
1790100358900,53.6517267,-3.0119654,4.26,98,-3.4,3.4
1790100359000,53.6517303,-3.0119705,4.41,98,-3.0,3.2
1790100359100,53.6517244,-3.0119687,4.29,98,-3.2,3.5
1790100359200,53.6517223,-3.0119699,4.25,98,-3.7,3.5
1790100359300,53.6517300,-3.0119666,4.32,98,-2.6,3.3
1790100359400,53.6517233,-3.0119578,4.40,98,-2.8,3.5
1790100359500,53.6517208,-3.0119451,4.27,98,-3.3,3.2
1790100359600,53.6517216,-3.0119478,4.24,98,-2.6,3.5
1790100359700,53.6517294,-3.0119491,4.26,98,-2.7,2.8
1790100359800,53.6517236,-3.0119480,4.40,98,-2.3,3.5
1790100359900,53.6517215,-3.0119343,4.31,98,-3.1,3.0
1790100360000,53.6517269,-3.0119270,4.39,98,-2.1,3.3
1790100360100,53.6517263,-3.0119254,2.32,142,-0.8,2.7
1790100360200,53.6517178,-3.0119310,2.38,142,-0.6,3.2
1790100360300,53.6517208,-3.0119260,2.33,142,0.1,2.7
1790100360400,53.6517179,-3.0119230,2.43,142,-0.0,2.5
1790100360500,53.6517152,-3.0119375,2.47,142,0.8,2.5
1790100360600,53.6517170,-3.0119290,2.49,142,0.2,2.9
1790100360700,53.6517209,-3.0119312,2.52,142,0.4,2.8
1790100360800,53.6517203,-3.0119304,2.58,142,1.0,2.6
1790100360900,53.6517171,-3.0119321,2.57,142,0.1,2.4
1790100361000,53.6517196,-3.0119232,2.50,142,0.3,2.5
1790100361100,53.6517164,-3.0119298,2.67,142,0.6,2.5
1790100361200,53.6517150,-3.0119271,2.64,142,0.7,2.6
1790100361300,53.6517126,-3.0119242,2.60,142,1.4,2.8
1790100361400,53.6517143,-3.0119149,2.63,142,1.1,2.0
1790100361500,53.6517102,-3.0119220,2.68,142,0.7,2.1
1790100361600,53.6517071,-3.0119183,2.68,142,1.9,2.3
1790100361700,53.6517114,-3.0119198,2.78,142,1.7,2.4
1790100361800,53.6517029,-3.0119082,2.66,142,2.5,2.0
1790100361900,53.6517027,-3.0119148,2.74,142,2.2,2.1
1790100362000,53.6517003,-3.0119154,2.77,142,1.7,1.8
1790100362100,53.6517002,-3.0119104,2.76,142,2.1,2.4
1790100362200,53.6517008,-3.0119116,2.80,142,1.6,2.1
1790100362300,53.6516972,-3.0118982,2.85,142,2.0,2.1
1790100362400,53.6517024,-3.0119070,2.81,142,3.0,1.8
1790100362500,53.6517015,-3.0118985,2.91,142,2.5,1.9
1790100362600,53.6517018,-3.0119094,2.92,142,2.4,2.3
1790100362700,53.6516947,-3.0118959,2.97,142,2.7,1.8
1790100362800,53.6516969,-3.0118942,2.94,142,2.9,1.7
1790100362900,53.6516926,-3.0118913,2.98,142,2.9,1.6
1790100363000,53.6516952,-3.0119012,3.08,142,2.9,1.6
1790100363100,53.6516918,-3.0118994,3.09,142,2.7,1.6
1790100363200,53.6516872,-3.0118971,3.13,142,2.6,2.0
1790100363300,53.6516866,-3.0118880,3.07,142,3.0,1.6
1790100363400,53.6516893,-3.0118913,3.09,142,3.8,2.1
1790100363500,53.6516878,-3.0118893,3.12,142,2.8,1.8
1790100363600,53.6516904,-3.0118824,3.16,142,2.6,1.6
1790100363700,53.6516870,-3.0118924,3.10,142,3.3,1.8
1790100363800,53.6516867,-3.0118784,3.29,142,3.6,2.0
1790100363900,53.6516807,-3.0118823,3.27,142,3.1,1.5
1790100364000,53.6516871,-3.0118760,3.21,142,2.9,1.6
1790100364100,53.6516853,-3.0118876,3.29,142,3.1,2.0
1790100364200,53.6516858,-3.0118856,3.34,142,4.3,1.7
1790100364300,53.6516762,-3.0118770,3.34,142,4.4,1.9
1790100364400,53.6516810,-3.0118757,3.23,142,4.4,1.7
1790100364500,53.6516720,-3.0118764,3.29,142,3.5,1.5
1790100364600,53.6516750,-3.0118797,3.39,142,3.4,2.0
1790100364700,53.6516714,-3.0118711,3.50,142,4.1,1.8
1790100364800,53.6516766,-3.0118744,3.43,142,3.6,1.9
1790100364900,53.6516758,-3.0118705,3.32,142,3.7,1.7
1790100365000,53.6516752,-3.0118718,3.42,142,4.1,1.8
1790100365100,53.6516743,-3.0118721,3.44,142,4.0,1.8
1790100365200,53.6516715,-3.0118594,3.44,142,4.2,1.7
1790100365300,53.6516626,-3.0118679,3.65,142,4.8,2.2
1790100365400,53.6516676,-3.0118513,3.60,142,4.8,2.0
1790100365500,53.6516629,-3.0118589,3.59,142,3.6,2.4
1790100365600,53.6516589,-3.0118598,3.66,142,3.7,2.3
1790100365700,53.6516653,-3.0118502,3.54,142,3.6,2.4
1790100365800,53.6516567,-3.0118592,3.55,142,4.3,2.5
1790100365900,53.6516639,-3.0118516,3.63,142,3.8,2.3
1790100366000,53.6516536,-3.0118533,3.72,142,4.9,2.6
1790100366100,53.6516538,-3.0118478,3.76,142,4.3,2.4
1790100366200,53.6516509,-3.0118491,3.71,142,3.6,2.8
1790100366300,53.6516579,-3.0118488,3.73,142,4.7,2.3
1790100366400,53.6516518,-3.0118354,3.76,142,4.0,2.7
1790100366500,53.6516488,-3.0118307,3.83,142,4.9,2.5
1790100366600,53.6516458,-3.0118348,3.73,142,4.9,2.4
1790100366700,53.6516488,-3.0118376,3.81,142,3.5,2.6
1790100366800,53.6516485,-3.0118372,3.87,142,3.8,2.5
1790100366900,53.6516463,-3.0118321,3.79,142,4.0,2.8
1790100367000,53.6516424,-3.0118294,3.95,142,3.7,2.5
1790100367100,53.6516450,-3.0118190,3.93,142,4.5,2.7
1790100367200,53.6516452,-3.0118253,3.99,142,4.2,3.1
1790100367300,53.6516429,-3.0118275,3.89,142,4.6,3.2
1790100367400,53.6516362,-3.0118215,4.14,142,4.5,3.3
1790100367500,53.6516337,-3.0118229,4.04,142,4.7,3.2
1790100367600,53.6516314,-3.0118090,3.99,142,4.5,3.4
1790100367700,53.6516349,-3.0118071,4.01,142,3.6,3.2
1790100367800,53.6516319,-3.0118119,4.10,142,4.7,3.2
1790100367900,53.6516267,-3.0118203,4.16,142,4.7,3.6
1790100368000,53.6516292,-3.0118148,4.02,142,4.0,3.5
1790100368100,53.6516265,-3.0118097,4.11,142,3.9,3.4
1790100368200,53.6516281,-3.0118051,4.08,142,3.7,3.0
1790100368300,53.6516198,-3.0118056,4.27,142,3.0,3.4
1790100368400,53.6516258,-3.0118099,4.24,142,4.0,3.4
1790100368500,53.6516245,-3.0117917,4.12,142,3.8,3.5
1790100368600,53.6516191,-3.0118053,4.08,142,3.3,3.8
1790100368700,53.6516194,-3.0117944,4.14,142,3.0,3.3
1790100368800,53.6516124,-3.0117884,4.16,142,2.7,3.5
1790100368900,53.6516184,-3.0117974,4.03,142,3.5,3.5
1790100369000,53.6516198,-3.0117879,4.24,142,3.5,4.0
1790100369100,53.6516178,-3.0117851,4.20,142,2.7,3.9
1790100369200,53.6516089,-3.0117878,4.10,142,2.6,4.1
1790100369300,53.6516067,-3.0117925,4.15,142,2.4,4.2
1790100369400,53.6516059,-3.0117868,4.26,142,3.7,3.7
1790100369500,53.6516093,-3.0117865,4.06,142,2.8,3.8
1790100369600,53.6516078,-3.0117760,4.01,142,2.1,4.2
1790100369700,53.6516084,-3.0117708,4.08,142,3.3,4.2
1790100369800,53.6516017,-3.0117677,4.15,142,2.8,3.7
1790100369900,53.6515973,-3.0117794,4.21,142,2.2,4.3
1790100370000,53.6515964,-3.0117629,4.12,142,2.9,4.1
1790100370100,53.6515930,-3.0117618,4.23,142,2.0,4.0
1790100370200,53.6515919,-3.0117635,4.07,142,2.6,4.4
1790100370300,53.6515907,-3.0117719,4.27,142,1.6,4.1
1790100370400,53.6515907,-3.0117608,4.21,142,1.9,4.5
1790100370500,53.6515965,-3.0117576,4.14,142,2.2,4.1
1790100370600,53.6515869,-3.0117654,4.01,142,1.3,4.3
1790100370700,53.6515910,-3.0117582,4.27,142,1.9,4.0
1790100370800,53.6515860,-3.0117522,4.13,142,1.6,4.1
1790100370900,53.6515866,-3.0117500,4.23,142,2.1,4.2
1790100371000,53.6515875,-3.0117541,4.08,142,1.6,4.3
1790100371100,53.6515783,-3.0117495,4.09,142,2.3,3.8
1790100371200,53.6515797,-3.0117497,4.08,142,2.2,4.5
1790100371300,53.6515748,-3.0117530,4.00,142,2.1,4.1
1790100371400,53.6515782,-3.0117385,4.15,142,1.9,4.2
1790100371500,53.6515725,-3.0117461,4.14,142,1.6,4.3
1790100371600,53.6515792,-3.0117449,4.20,142,1.3,4.3
1790100371700,53.6515769,-3.0117367,4.22,142,1.8,4.2
1790100371800,53.6515744,-3.0117433,4.10,142,0.5,3.8
1790100371900,53.6515742,-3.0117374,4.06,142,0.5,3.8
1790100372000,53.6515702,-3.0117333,4.27,142,0.6,4.5
1790100372100,53.6515719,-3.0117296,4.23,142,0.3,4.4
1790100372200,53.6515692,-3.0117228,4.14,142,0.6,4.2
1790100372300,53.6515664,-3.0117199,4.25,142,0.3,3.9
1790100372400,53.6515666,-3.0117205,4.25,142,0.2,4.0
1790100372500,53.6515646,-3.0117266,4.20,142,1.3,4.1
1790100372600,53.6515590,-3.0117202,4.10,142,0.9,3.8
1790100372700,53.6515604,-3.0117252,4.22,142,0.0,4.2
1790100372800,53.6515590,-3.0117125,4.12,142,1.1,3.7
1790100372900,53.6515513,-3.0117102,4.07,142,1.2,3.5
1790100373000,53.6515584,-3.0117185,4.23,142,1.1,3.5
1790100373100,53.6515539,-3.0117105,4.06,142,0.9,3.3
1790100373200,53.6515545,-3.0116981,4.09,142,-0.0,3.9
1790100373300,53.6515516,-3.0116981,4.21,142,1.0,3.9
1790100373400,53.6515454,-3.0117078,4.05,142,0.6,3.9
1790100373500,53.6515466,-3.0117069,4.14,142,0.0,3.7
1790100373600,53.6515442,-3.0117043,4.23,142,0.8,3.7
1790100373700,53.6515393,-3.0116943,4.28,142,-0.5,3.1
1790100373800,53.6515463,-3.0117013,4.20,142,-0.3,3.1
1790100373900,53.6515350,-3.0117007,4.18,142,0.7,3.0
1790100374000,53.6515415,-3.0116846,4.10,142,0.0,3.1
1790100374100,53.6515394,-3.0116953,4.09,142,-0.4,3.2
1790100374200,53.6515334,-3.0116885,4.18,142,0.1,3.4
1790100374300,53.6515374,-3.0116812,4.09,142,0.0,2.9
1790100374400,53.6515374,-3.0116748,4.20,142,0.3,2.9
1790100374500,53.6515322,-3.0116802,4.21,142,-0.4,3.5
1790100374600,53.6515329,-3.0116825,4.22,142,0.2,2.8
1790100374700,53.6515299,-3.0116821,4.29,142,-0.3,3.1
1790100374800,53.6515226,-3.0116719,4.33,142,0.5,2.6
1790100374900,53.6515252,-3.0116788,4.29,142,-0.4,2.8
1790100375000,53.6515187,-3.0116745,4.33,142,0.3,2.6
1790100375100,53.6515253,-3.0116750,4.15,142,-0.5,2.5
1790100375200,53.6515175,-3.0116643,4.22,142,-0.5,2.4
1790100375300,53.6515183,-3.0116550,4.12,142,-0.4,3.0
1790100375400,53.6515147,-3.0116597,4.30,142,0.0,2.9
1790100375500,53.6515119,-3.0116534,4.25,142,0.6,2.5
1790100375600,53.6515120,-3.0116518,4.33,142,-0.6,2.3
1790100375700,53.6515132,-3.0116574,4.14,142,0.2,2.5
1790100375800,53.6515060,-3.0116605,4.13,142,-0.3,2.3
1790100375900,53.6515122,-3.0116599,4.29,142,-0.2,2.3
1790100376000,53.6515082,-3.0116422,4.22,142,-0.0,2.3
1790100376100,53.6515023,-3.0116402,4.19,142,0.5,2.0
1790100376200,53.6515003,-3.0116433,4.28,142,-0.4,2.4
1790100376300,53.6515040,-3.0116440,4.30,142,0.9,2.2
1790100376400,53.6515050,-3.0116468,4.38,142,0.1,2.5
1790100376500,53.6515025,-3.0116343,4.33,142,0.8,2.0
1790100376600,53.6514955,-3.0116302,4.19,142,0.6,1.8
1790100376700,53.6515002,-3.0116321,4.20,142,0.0,2.1
1790100376800,53.6514995,-3.0116295,4.34,142,1.2,2.1
1790100376900,53.6514962,-3.0116313,4.20,142,0.9,1.9
1790100377000,53.6514911,-3.0116251,4.22,142,1.2,2.2
1790100377100,53.6514942,-3.0116256,4.25,142,0.5,1.6
1790100377200,53.6514848,-3.0116295,4.17,142,1.2,1.9
1790100377300,53.6514842,-3.0116170,4.22,142,1.5,2.1
1790100377400,53.6514866,-3.0116257,4.29,142,1.2,2.0
1790100377500,53.6514869,-3.0116271,4.27,142,1.2,1.6
1790100377600,53.6514797,-3.0116190,4.18,142,0.8,2.1
1790100377700,53.6514818,-3.0116116,4.22,142,1.6,1.9
1790100377800,53.6514807,-3.0116173,4.32,142,1.4,2.0
1790100377900,53.6514823,-3.0116080,4.18,142,0.4,2.1
1790100378000,53.6514739,-3.0116044,4.19,142,0.5,1.8
1790100378100,53.6514807,-3.0116110,4.17,142,1.7,2.2
1790100378200,53.6514792,-3.0116073,4.27,142,1.2,1.4
1790100378300,53.6514726,-3.0115983,4.30,142,1.7,1.8
1790100378400,53.6514678,-3.0116008,4.36,142,1.8,1.7
1790100378500,53.6514745,-3.0115978,4.26,142,1.5,1.8
1790100378600,53.6514700,-3.0116034,4.30,142,1.7,1.5
1790100378700,53.6514618,-3.0115926,4.29,142,1.7,2.2
1790100378800,53.6514630,-3.0115897,4.42,142,1.1,1.8
1790100378900,53.6514666,-3.0115903,4.35,142,1.3,2.1
1790100379000,53.6514630,-3.0115947,4.39,142,2.5,1.5
1790100379100,53.6514606,-3.0115815,4.44,142,2.1,2.3
1790100379200,53.6514553,-3.0115880,4.36,142,2.1,1.7
1790100379300,53.6514526,-3.0115850,4.30,142,2.2,1.7
1790100379400,53.6514556,-3.0115826,4.29,142,2.0,2.3
1790100379500,53.6514524,-3.0115821,4.27,142,1.7,2.1
1790100379600,53.6514555,-3.0115831,4.44,142,1.8,2.2
1790100379700,53.6514461,-3.0115747,4.36,142,2.4,2.0
1790100379800,53.6514464,-3.0115790,4.22,142,3.0,2.1
1790100379900,53.6514453,-3.0115627,4.26,142,2.1,2.1
1790100380000,53.6514488,-3.0115677,4.33,142,2.3,2.1
1790100380100,53.6514398,-3.0115625,4.36,142,2.7,2.0
1790100380200,53.6514452,-3.0115599,4.39,142,3.1,2.1
1790100380300,53.6514361,-3.0115574,4.48,142,2.9,2.0
1790100380400,53.6514349,-3.0115671,4.28,142,3.3,2.6
1790100380500,53.6514354,-3.0115529,4.30,142,3.0,2.7
1790100380600,53.6514376,-3.0115580,4.32,142,2.7,2.6
1790100380700,53.6514326,-3.0115577,4.30,142,3.3,2.2
1790100380800,53.6514314,-3.0115578,4.46,142,3.1,2.3
1790100380900,53.6514285,-3.0115449,4.31,142,4.0,2.9
1790100381000,53.6514276,-3.0115516,4.47,142,3.0,2.8
1790100381100,53.6514295,-3.0115355,4.43,142,4.1,2.9
1790100381200,53.6514259,-3.0115433,4.31,142,3.2,3.0
1790100381300,53.6514237,-3.0115332,4.37,142,3.8,2.8
1790100381400,53.6514267,-3.0115401,4.49,142,3.7,2.5
1790100381500,53.6514172,-3.0115421,4.44,142,3.4,2.8
1790100381600,53.6514243,-3.0115278,4.31,142,3.7,2.9
1790100381700,53.6514196,-3.0115303,4.30,142,4.1,2.8
1790100381800,53.6514181,-3.0115340,4.34,142,4.4,3.3
1790100381900,53.6514138,-3.0115216,4.49,142,4.6,3.1
1790100382000,53.6514127,-3.0115309,4.38,142,3.6,3.0
1790100382100,53.6514081,-3.0115147,4.29,142,3.6,3.4
1790100382200,53.6514063,-3.0115198,4.48,142,4.6,2.9
1790100382300,53.6514044,-3.0115269,4.30,142,4.3,2.9
1790100382400,53.6514090,-3.0115108,4.34,142,4.8,3.0
1790100382500,53.6514097,-3.0115071,4.48,142,4.4,3.4
1790100382600,53.6514007,-3.0115129,4.31,142,4.2,3.3
1790100382700,53.6513982,-3.0115055,4.57,142,4.3,3.8
1790100382800,53.6514021,-3.0115108,4.38,142,4.1,3.8
1790100382900,53.6513977,-3.0114980,4.39,142,4.8,3.8
1790100383000,53.6513941,-3.0115030,4.44,142,4.4,3.5
1790100383100,53.6513967,-3.0115078,4.43,142,4.5,3.5
1790100383200,53.6513918,-3.0115009,4.41,142,4.1,3.6
1790100383300,53.6513894,-3.0115062,4.46,142,5.0,3.6
1790100383400,53.6513890,-3.0114998,4.53,142,4.9,3.4
1790100383500,53.6513860,-3.0114933,4.54,142,4.6,4.2
1790100383600,53.6513872,-3.0114935,4.53,142,5.5,3.8
1790100383700,53.6513870,-3.0114934,4.54,142,5.6,4.3
1790100383800,53.6513901,-3.0114850,4.43,142,5.6,3.7
1790100383900,53.6513860,-3.0114871,4.56,142,5.5,3.7
1790100384000,53.6513762,-3.0114774,4.52,142,4.7,4.0
1790100384100,53.6513779,-3.0114837,4.59,142,5.5,4.1
1790100384200,53.6513761,-3.0114837,4.56,142,5.6,4.4
1790100384300,53.6513734,-3.0114719,4.46,142,4.3,4.4
1790100384400,53.6513751,-3.0114693,4.52,142,5.7,3.8
1790100384500,53.6513694,-3.0114630,4.48,142,5.1,4.2
1790100384600,53.6513683,-3.0114642,4.63,142,4.6,4.3
1790100384700,53.6513742,-3.0114602,4.42,142,4.3,4.2
1790100384800,53.6513693,-3.0114733,4.60,142,4.7,4.1
1790100384900,53.6513712,-3.0114690,4.49,142,4.8,3.9
1790100385000,53.6513652,-3.0114638,4.42,142,5.5,4.0
1790100385100,53.6513622,-3.0114535,4.39,142,4.8,4.6
1790100385200,53.6513660,-3.0114489,4.59,142,4.7,4.2
1790100385300,53.6513641,-3.0114499,4.44,142,4.9,4.0
1790100385400,53.6513538,-3.0114488,4.67,142,4.4,3.9
1790100385500,53.6513521,-3.0114438,4.62,142,5.2,4.1
1790100385600,53.6513501,-3.0114449,4.57,142,5.3,4.5
1790100385700,53.6513583,-3.0114448,4.59,142,4.6,4.2
1790100385800,53.6513559,-3.0114461,4.61,142,5.1,4.3
1790100385900,53.6513452,-3.0114416,4.42,142,5.0,4.4
1790100386000,53.6513479,-3.0114416,4.55,142,5.1,4.3
1790100386100,53.6513451,-3.0114349,4.68,142,4.3,4.4
1790100386200,53.6513436,-3.0114282,4.56,142,4.3,4.5
1790100386300,53.6513384,-3.0114289,4.60,142,5.0,3.9
1790100386400,53.6513453,-3.0114373,4.65,142,4.0,3.9
1790100386500,53.6513349,-3.0114216,4.66,142,4.8,3.8
1790100386600,53.6513385,-3.0114225,4.50,142,4.6,4.3
1790100386700,53.6513403,-3.0114293,4.49,142,5.0,4.3
1790100386800,53.6513319,-3.0114288,4.70,142,4.5,4.2
1790100386900,53.6513333,-3.0114262,4.48,142,3.9,3.7
1790100387000,53.6513326,-3.0114169,4.71,142,4.6,3.6
1790100387100,53.6513333,-3.0114235,4.64,142,4.8,3.9
1790100387200,53.6513308,-3.0114106,4.63,142,3.4,4.1
1790100387300,53.6513220,-3.0114122,4.62,142,4.3,3.8
1790100387400,53.6513267,-3.0114072,4.50,142,4.0,3.8
1790100387500,53.6513205,-3.0114015,4.61,142,3.3,3.5
1790100387600,53.6513256,-3.0114092,4.50,142,3.8,4.0
1790100387700,53.6513194,-3.0113953,4.58,142,4.5,3.6
1790100387800,53.6513216,-3.0113908,4.71,142,3.3,3.3
1790100387900,53.6513114,-3.0114006,4.50,142,3.2,3.2
1790100388000,53.6513168,-3.0113875,4.57,142,3.4,3.3
1790100388100,53.6513105,-3.0114005,4.52,142,4.0,3.2
1790100388200,53.6513101,-3.0113953,4.64,142,3.9,3.5
1790100388300,53.6513089,-3.0113965,4.70,142,3.3,3.4
1790100388400,53.6513102,-3.0113848,4.49,142,3.7,3.7
1790100388500,53.6513019,-3.0113843,4.74,142,3.3,3.5
1790100388600,53.6513010,-3.0113831,4.51,142,3.8,3.2
1790100388700,53.6512981,-3.0113811,4.62,142,3.5,3.4
1790100388800,53.6513061,-3.0113738,4.55,142,3.5,3.0
1790100388900,53.6513036,-3.0113745,4.61,142,3.0,3.5
1790100389000,53.6513006,-3.0113732,4.75,142,3.5,3.3
1790100389100,53.6513006,-3.0113733,4.57,142,2.6,2.9
1790100389200,53.6512967,-3.0113606,4.69,142,2.0,3.1
1790100389300,53.6512980,-3.0113712,4.80,142,2.0,2.7
1790100389400,53.6512940,-3.0113587,4.66,142,2.5,3.1
1790100389500,53.6512941,-3.0113582,4.57,142,1.8,2.7
1790100389600,53.6512827,-3.0113524,4.69,142,2.9,2.8
1790100389700,53.6512837,-3.0113615,4.56,142,2.9,2.8
1790100389800,53.6512825,-3.0113577,4.80,142,1.8,2.8
1790100389900,53.6512860,-3.0113521,4.78,142,2.8,2.4
1790100390000,53.6512760,-3.0113555,4.71,142,1.6,2.2
1790100390100,53.6512842,-3.0113547,4.71,142,1.5,2.6
1790100390200,53.6512761,-3.0113466,4.56,142,1.4,2.3
1790100390300,53.6512804,-3.0113438,4.63,142,1.9,2.4
1790100390400,53.6512791,-3.0113405,4.72,142,1.6,2.0
1790100390500,53.6512766,-3.0113394,4.59,142,1.0,2.2
1790100390600,53.6512722,-3.0113324,4.61,142,1.2,2.2
1790100390700,53.6512741,-3.0113312,4.75,142,0.8,2.5
1790100390800,53.6512719,-3.0113255,4.83,142,1.2,2.5
1790100390900,53.6512686,-3.0113390,4.57,142,1.2,2.3
1790100391000,53.6512613,-3.0113328,4.69,142,0.9,2.3
1790100391100,53.6512592,-3.0113344,4.70,142,1.7,1.8
1790100391200,53.6512652,-3.0113239,4.65,142,1.0,2.0
1790100391300,53.6512556,-3.0113207,4.72,142,0.3,2.1
1790100391400,53.6512610,-3.0113267,4.72,142,0.8,1.8
1790100391500,53.6512559,-3.0113214,4.78,142,1.0,1.7
1790100391600,53.6512560,-3.0113160,4.67,142,0.6,2.1
1790100391700,53.6512535,-3.0113127,4.67,142,0.1,2.3
1790100391800,53.6512557,-3.0113178,4.74,142,0.9,2.0
1790100391900,53.6512510,-3.0113073,4.61,142,0.7,1.5
1790100392000,53.6512468,-3.0113061,4.78,142,0.3,2.2
1790100392100,53.6512498,-3.0113036,4.85,142,-0.1,1.9
1790100392200,53.6512385,-3.0112971,4.79,142,1.3,1.7
1790100392300,53.6512411,-3.0113006,4.84,142,1.2,2.1
1790100392400,53.6512349,-3.0112949,4.61,142,0.6,1.5
1790100392500,53.6512421,-3.0112862,4.74,142,0.4,2.0
1790100392600,53.6512410,-3.0112976,4.69,142,-0.4,1.6
1790100392700,53.6512320,-3.0112872,4.76,142,0.8,1.9
1790100392800,53.6512287,-3.0112962,4.59,142,-0.1,2.0
1790100392900,53.6512352,-3.0112780,4.72,142,0.6,2.0
1790100393000,53.6512346,-3.0112766,4.76,142,0.2,1.8
1790100393100,53.6512266,-3.0112840,4.84,142,-0.5,1.7
1790100393200,53.6512260,-3.0112768,4.84,142,0.1,1.9
1790100393300,53.6512259,-3.0112698,4.69,142,0.1,1.5
1790100393400,53.6512225,-3.0112724,4.72,142,0.0,2.0
1790100393500,53.6512227,-3.0112771,4.87,142,-0.5,2.0
1790100393600,53.6512227,-3.0112634,4.76,142,0.1,2.2
1790100393700,53.6512157,-3.0112666,4.86,142,0.6,2.2
1790100393800,53.6512122,-3.0112595,4.61,142,-0.7,1.8
1790100393900,53.6512194,-3.0112667,4.65,142,0.2,1.8
1790100394000,53.6512158,-3.0112598,4.63,142,0.7,1.9
1790100394100,53.6512120,-3.0112621,4.74,142,-0.6,2.4
1790100394200,53.6512060,-3.0112544,4.81,142,-0.1,1.7
1790100394300,53.6512126,-3.0112458,4.63,142,-0.2,2.3
1790100394400,53.6512020,-3.0112523,4.89,142,0.1,2.1
1790100394500,53.6512073,-3.0112428,4.71,142,-0.6,1.8
1790100394600,53.6512064,-3.0112472,4.67,142,0.7,2.5
1790100394700,53.6512010,-3.0112526,4.83,142,-0.0,2.0
1790100394800,53.6511938,-3.0112487,4.85,142,0.7,2.4
1790100394900,53.6511988,-3.0112343,4.84,142,-0.6,2.3
1790100395000,53.6511964,-3.0112354,4.65,142,-0.3,2.7
1790100395100,53.6511910,-3.0112344,4.86,142,0.0,2.5
1790100395200,53.6511898,-3.0112263,4.62,142,0.5,2.2
1790100395300,53.6511897,-3.0112338,4.76,142,0.6,2.6
1790100395400,53.6511866,-3.0112236,4.77,142,0.7,2.3
1790100395500,53.6511876,-3.0112307,4.87,142,-0.3,2.4
1790100395600,53.6511853,-3.0112174,4.80,142,0.4,2.8
1790100395700,53.6511863,-3.0112249,4.74,142,0.2,2.6
1790100395800,53.6511820,-3.0112240,4.80,142,-0.3,2.9
1790100395900,53.6511775,-3.0112144,4.72,142,0.4,3.2
1790100396000,53.6511820,-3.0112227,4.71,142,0.5,2.9
1790100396100,53.6511792,-3.0112186,4.73,142,0.5,3.0
1790100396200,53.6511775,-3.0112191,4.70,142,0.4,2.6
1790100396300,53.6511691,-3.0112084,4.86,142,-0.0,2.8
1790100396400,53.6511680,-3.0112067,4.92,142,0.7,3.3
1790100396500,53.6511735,-3.0112105,4.87,142,1.1,3.5
1790100396600,53.6511708,-3.0112027,4.86,142,0.9,3.3
1790100396700,53.6511646,-3.0112032,4.93,142,0.9,2.9
1790100396800,53.6511650,-3.0111923,4.84,142,1.4,3.1
1790100396900,53.6511601,-3.0111927,4.63,142,1.3,3.5
1790100397000,53.6511644,-3.0111855,4.72,142,1.6,3.6
1790100397100,53.6511577,-3.0111978,4.68,142,0.6,3.5
1790100397200,53.6511584,-3.0111918,4.83,142,1.7,3.4
1790100397300,53.6511498,-3.0111795,4.88,142,1.7,3.1
1790100397400,53.6511520,-3.0111764,4.88,142,1.0,3.3
1790100397500,53.6511553,-3.0111780,4.70,142,1.6,3.3
1790100397600,53.6511542,-3.0111793,4.84,142,1.3,3.5
1790100397700,53.6511495,-3.0111770,4.91,142,1.7,3.8
1790100397800,53.6511415,-3.0111654,4.78,142,0.8,3.5
1790100397900,53.6511400,-3.0111662,4.88,142,1.5,4.0
1790100398000,53.6511480,-3.0111637,4.87,142,2.0,4.0
1790100398100,53.6511458,-3.0111644,4.84,142,1.3,3.9
1790100398200,53.6511424,-3.0111615,4.72,142,2.1,3.5
1790100398300,53.6511345,-3.0111656,4.73,142,2.4,4.0
1790100398400,53.6511310,-3.0111528,4.78,142,1.9,3.9
1790100398500,53.6511305,-3.0111546,4.77,142,2.0,4.2
1790100398600,53.6511336,-3.0111501,4.79,142,1.4,4.2
1790100398700,53.6511287,-3.0111598,4.74,142,1.8,3.7
1790100398800,53.6511305,-3.0111553,4.89,142,1.9,4.3
1790100398900,53.6511308,-3.0111388,4.75,142,3.0,3.7
1790100399000,53.6511269,-3.0111365,4.88,142,2.1,4.2
1790100399100,53.6511289,-3.0111343,4.71,142,2.6,3.9
1790100399200,53.6511210,-3.0111322,4.89,142,3.2,4.3
1790100399300,53.6511193,-3.0111372,4.88,142,2.4,4.4
1790100399400,53.6511135,-3.0111415,4.76,142,2.8,3.9
1790100399500,53.6511163,-3.0111359,4.71,142,3.1,4.3
1790100399600,53.6511100,-3.0111316,4.66,142,2.4,4.2
1790100399700,53.6511185,-3.0111270,4.69,142,2.3,4.0
1790100399800,53.6511154,-3.0111213,4.68,142,2.7,4.2
1790100399900,53.6511103,-3.0111274,4.70,142,3.8,4.4
1790100400000,53.6511073,-3.0111255,4.66,142,3.2,4.4
1790100400100,53.6511060,-3.0111164,4.70,142,3.6,4.1
1790100400200,53.6511032,-3.0111111,4.70,142,3.0,4.3
1790100400300,53.6511023,-3.0111216,4.80,142,2.8,4.5
1790100400400,53.6511011,-3.0111046,4.80,142,3.2,4.0
1790100400500,53.6510964,-3.0111058,4.80,142,3.7,4.4
1790100400600,53.6510949,-3.0111159,4.82,142,3.5,4.5
1790100400700,53.6510973,-3.0111019,4.71,142,3.7,4.3
1790100400800,53.6510962,-3.0111059,4.86,142,4.4,4.3
1790100400900,53.6510942,-3.0111089,4.73,142,3.3,3.7
1790100401000,53.6510863,-3.0111007,4.72,142,4.2,4.0
1790100401100,53.6510863,-3.0110976,4.76,142,3.7,3.9
1790100401200,53.6510858,-3.0110964,4.71,142,4.4,3.7
1790100401300,53.6510886,-3.0110870,4.63,142,4.2,4.3
1790100401400,53.6510843,-3.0110976,4.66,142,3.6,4.1
1790100401500,53.6510853,-3.0110914,4.73,142,4.9,3.6
1790100401600,53.6510773,-3.0110831,4.76,142,3.6,4.1
1790100401700,53.6510824,-3.0110908,4.65,142,3.8,4.2
1790100401800,53.6510767,-3.0110731,4.79,142,4.4,3.7
1790100401900,53.6510736,-3.0110716,4.75,142,5.0,3.7
1790100402000,53.6510713,-3.0110790,4.64,142,4.5,3.9
1790100402100,53.6510722,-3.0110755,4.89,142,4.6,3.8
1790100402200,53.6510682,-3.0110645,4.70,142,3.9,3.9
1790100402300,53.6510631,-3.0110643,4.83,142,5.2,4.0
1790100402400,53.6510632,-3.0110709,4.83,142,4.2,3.5
1790100402500,53.6510656,-3.0110639,4.87,142,4.1,3.2
1790100402600,53.6510587,-3.0110654,4.81,142,4.2,3.1
1790100402700,53.6510562,-3.0110696,4.70,142,4.0,3.5
1790100402800,53.6510644,-3.0110636,4.62,142,4.2,3.2
1790100402900,53.6510532,-3.0110524,4.65,142,4.7,3.0
1790100403000,53.6510567,-3.0110616,4.81,142,4.3,3.4
1790100403100,53.6510518,-3.0110444,4.74,142,4.3,3.0
1790100403200,53.6510509,-3.0110427,4.77,142,5.1,3.1
1790100403300,53.6510462,-3.0110527,4.65,142,4.3,3.2
1790100403400,53.6510535,-3.0110453,4.79,142,5.2,3.2
1790100403500,53.6510433,-3.0110414,4.74,142,4.6,2.8
1790100403600,53.6510487,-3.0110394,4.61,142,5.0,2.8
1790100403700,53.6510464,-3.0110336,4.61,142,5.5,2.6
1790100403800,53.6510440,-3.0110383,4.64,142,4.9,2.6
1790100403900,53.6510400,-3.0110254,4.84,142,5.6,2.6
1790100404000,53.6510355,-3.0110373,4.76,142,5.4,2.5
1790100404100,53.6510392,-3.0110272,4.69,142,5.6,2.4
1790100404200,53.6510395,-3.0110309,4.68,142,5.6,2.8
1790100404300,53.6510324,-3.0110236,4.62,142,5.6,2.3
1790100404400,53.6510315,-3.0110289,4.66,142,5.4,2.9
1790100404500,53.6510308,-3.0110283,4.81,142,4.8,2.5
1790100404600,53.6510245,-3.0110153,4.75,142,4.6,2.5
1790100404700,53.6510244,-3.0110246,4.66,142,4.7,2.7
1790100404800,53.6510222,-3.0110074,4.78,142,4.8,2.5
1790100404900,53.6510201,-3.0110032,4.61,142,4.7,2.7
1790100405000,53.6510263,-3.0110165,4.55,142,4.9,2.1
1790100405100,53.6510252,-3.0110145,4.74,142,4.9,2.5
1790100405200,53.6510143,-3.0110028,4.68,142,4.5,2.5
1790100405300,53.6510163,-3.0110003,4.56,142,4.4,2.4
1790100405400,53.6510115,-3.0110033,4.77,142,4.1,2.1
1790100405500,53.6510143,-3.0109899,4.78,142,4.2,1.8
1790100405600,53.6510077,-3.0109870,4.79,142,4.4,1.7
1790100405700,53.6510068,-3.0109918,4.80,142,4.4,2.0
1790100405800,53.6510108,-3.0109962,4.68,142,4.6,2.3
1790100405900,53.6510025,-3.0109922,4.77,142,4.8,1.8
1790100406000,53.6510082,-3.0109783,4.55,142,4.9,1.6
1790100406100,53.6509985,-3.0109871,4.63,142,4.3,2.2
1790100406200,53.6510003,-3.0109904,4.76,142,5.1,1.7
1790100406300,53.6509998,-3.0109877,4.78,142,4.5,1.6
1790100406400,53.6509952,-3.0109783,4.57,142,5.0,1.9
1790100406500,53.6509913,-3.0109763,4.54,142,4.6,2.0
1790100406600,53.6509959,-3.0109728,4.60,142,4.8,2.1
1790100406700,53.6509920,-3.0109646,4.67,142,4.7,1.6
1790100406800,53.6509929,-3.0109679,4.71,142,3.5,1.9
1790100406900,53.6509871,-3.0109699,4.64,142,4.3,1.9
1790100407000,53.6509897,-3.0109687,4.57,142,3.3,1.9
1790100407100,53.6509836,-3.0109710,4.55,142,4.3,2.2
1790100407200,53.6509900,-3.0109680,4.53,142,3.1,2.1
1790100407300,53.6509835,-3.0109611,4.55,142,4.4,1.5
1790100407400,53.6509819,-3.0109523,4.71,142,3.5,1.9
1790100407500,53.6509810,-3.0109514,4.63,142,3.4,2.2
1790100407600,53.6509815,-3.0109587,4.60,142,3.6,1.5
1790100407700,53.6509742,-3.0109441,4.65,142,3.7,2.2
1790100407800,53.6509780,-3.0109379,4.70,142,3.5,1.7
1790100407900,53.6509705,-3.0109532,4.63,142,2.6,2.2
1790100408000,53.6509696,-3.0109399,4.65,142,3.8,2.1
1790100408100,53.6509711,-3.0109379,4.70,142,3.1,1.8
1790100408200,53.6509642,-3.0109347,4.59,142,3.3,2.2
1790100408300,53.6509656,-3.0109313,4.48,142,3.7,1.6
1790100408400,53.6509595,-3.0109412,4.51,142,2.8,1.8
1790100408500,53.6509597,-3.0109302,4.49,142,2.2,2.3
1790100408600,53.6509634,-3.0109334,4.72,142,2.1,2.1
1790100408700,53.6509615,-3.0109319,4.67,142,2.3,2.2
1790100408800,53.6509561,-3.0109242,4.70,142,2.3,2.0
1790100408900,53.6509609,-3.0109219,4.47,142,2.2,1.8
1790100409000,53.6509535,-3.0109164,4.52,142,2.2,2.6
1790100409100,53.6509558,-3.0109184,4.60,142,2.7,2.1
1790100409200,53.6509488,-3.0109115,4.62,142,1.9,2.2
1790100409300,53.6509529,-3.0109052,4.64,142,2.1,2.1
1790100409400,53.6509491,-3.0109052,4.58,142,1.7,2.5
1790100409500,53.6509467,-3.0109176,4.60,142,2.0,2.2
1790100409600,53.6509453,-3.0109123,4.47,142,2.6,2.7
1790100409700,53.6509425,-3.0109139,4.57,142,1.5,2.2
1790100409800,53.6509415,-3.0109063,4.67,142,1.8,2.3
1790100409900,53.6509447,-3.0109003,4.61,142,2.1,2.5
1790100410000,53.6509341,-3.0108917,4.64,142,1.2,2.5
1790100410100,53.6509363,-3.0109010,4.54,142,2.3,2.9
1790100410200,53.6509305,-3.0108854,4.41,142,1.8,2.9
1790100410300,53.6509313,-3.0108891,4.44,142,2.0,3.1
1790100410400,53.6509329,-3.0108862,4.46,142,2.1,2.6
1790100410500,53.6509308,-3.0108951,4.43,142,1.6,2.9
1790100410600,53.6509294,-3.0108895,4.52,142,1.1,3.3
1790100410700,53.6509259,-3.0108846,4.59,142,1.5,3.1
1790100410800,53.6509293,-3.0108796,4.45,142,0.4,2.8
1790100410900,53.6509191,-3.0108746,4.52,142,0.9,3.0
1790100411000,53.6509195,-3.0108754,4.62,142,0.4,3.0
1790100411100,53.6509183,-3.0108707,4.41,142,0.7,3.3
1790100411200,53.6509131,-3.0108686,4.44,142,0.7,3.1
1790100411300,53.6509147,-3.0108697,4.55,142,0.3,3.5
1790100411400,53.6509125,-3.0108741,4.57,142,0.2,3.5
1790100411500,53.6509082,-3.0108733,4.61,142,0.4,3.2
1790100411600,53.6509157,-3.0108713,4.54,142,1.2,3.6
1790100411700,53.6509113,-3.0108639,4.47,142,0.9,3.2
1790100411800,53.6509098,-3.0108680,4.49,142,-0.2,3.6
1790100411900,53.6509056,-3.0108552,4.57,142,0.5,3.7
1790100412000,53.6509008,-3.0108489,4.53,142,0.5,3.9
1790100412100,53.6509070,-3.0108514,4.57,142,0.3,3.8
1790100412200,53.6509000,-3.0108577,4.36,142,0.7,4.1
1790100412300,53.6509045,-3.0108460,4.35,142,0.6,4.1
1790100412400,53.6509037,-3.0108517,4.34,142,0.1,3.8
1790100412500,53.6508919,-3.0108481,4.44,142,-0.3,3.8
1790100412600,53.6508917,-3.0108475,4.35,142,0.5,3.8
1790100412700,53.6508886,-3.0108427,4.32,142,-0.1,4.0
1790100412800,53.6508920,-3.0108292,4.55,142,0.6,3.6
1790100412900,53.6508923,-3.0108295,4.40,142,-0.2,3.7
1790100413000,53.6508883,-3.0108356,4.47,142,0.0,4.3
1790100413100,53.6508829,-3.0108337,4.42,142,0.5,3.9
1790100413200,53.6508908,-3.0108216,4.45,142,-0.7,4.4
1790100413300,53.6508788,-3.0108264,4.39,142,0.2,4.0
1790100413400,53.6508802,-3.0108331,4.53,142,0.7,4.5
1790100413500,53.6508828,-3.0108320,4.31,142,-0.6,4.2
1790100413600,53.6508785,-3.0108183,4.35,142,-0.0,3.8
1790100413700,53.6508746,-3.0108162,4.41,142,-0.7,4.1
1790100413800,53.6508751,-3.0108124,4.31,142,0.2,4.3
1790100413900,53.6508772,-3.0108060,4.49,142,0.3,4.1
1790100414000,53.6508760,-3.0108155,4.45,142,-0.7,4.2
1790100414100,53.6508749,-3.0108068,4.46,142,-0.2,3.9
1790100414200,53.6508734,-3.0108096,4.36,142,0.1,4.4
1790100414300,53.6508636,-3.0108061,4.51,142,0.7,4.6
1790100414400,53.6508673,-3.0107960,4.38,142,-0.6,4.1
1790100414500,53.6508643,-3.0108108,4.41,142,0.6,4.5
1790100414600,53.6508640,-3.0108018,4.37,142,0.0,4.4
1790100414700,53.6508572,-3.0107976,4.22,142,0.5,4.3
1790100414800,53.6508569,-3.0108020,4.47,142,-0.4,4.1
1790100414900,53.6508546,-3.0107932,4.24,142,-0.2,4.2
1790100415000,53.6508551,-3.0107907,4.40,142,0.7,4.0
1790100415100,53.6508557,-3.0107904,4.43,142,-0.5,3.9
1790100415200,53.6508563,-3.0107897,4.45,142,-0.1,4.1
1790100415300,53.6508527,-3.0107939,4.31,142,0.7,4.2
1790100415400,53.6508534,-3.0107897,4.26,142,0.7,4.1
1790100415500,53.6508465,-3.0107766,4.20,142,0.2,4.3
1790100415600,53.6508474,-3.0107800,4.36,142,0.8,3.8
1790100415700,53.6508493,-3.0107736,4.35,142,0.3,3.8
1790100415800,53.6508454,-3.0107727,4.31,142,0.7,4.3
1790100415900,53.6508399,-3.0107663,4.22,142,-0.1,4.1
1790100416000,53.6508437,-3.0107712,4.32,142,1.3,3.8
1790100416100,53.6508419,-3.0107675,4.27,142,0.0,3.7
1790100416200,53.6508414,-3.0107611,4.40,142,0.7,3.8
1790100416300,53.6508347,-3.0107714,4.27,142,1.0,3.9
1790100416400,53.6508315,-3.0107628,4.21,142,1.5,3.7
1790100416500,53.6508325,-3.0107579,4.45,142,0.6,3.7
1790100416600,53.6508323,-3.0107670,4.21,142,0.4,3.4
1790100416700,53.6508291,-3.0107594,4.28,142,0.6,3.8
1790100416800,53.6508329,-3.0107570,4.23,142,1.8,3.8
1790100416900,53.6508312,-3.0107608,4.33,142,1.0,3.6
1790100417000,53.6508232,-3.0107523,4.35,142,1.2,3.2
1790100417100,53.6508203,-3.0107440,4.24,142,2.0,3.1
1790100417200,53.6508193,-3.0107541,4.33,142,0.7,3.6
1790100417300,53.6508210,-3.0107423,4.24,142,1.8,3.6
1790100417400,53.6508146,-3.0107396,4.35,142,0.8,3.7
1790100417500,53.6508127,-3.0107354,4.20,142,1.3,2.8
1790100417600,53.6508162,-3.0107378,4.18,142,1.3,3.3
1790100417700,53.6508187,-3.0107372,4.21,142,1.7,3.1
1790100417800,53.6508105,-3.0107314,4.30,142,2.3,2.7
1790100417900,53.6508083,-3.0107369,4.36,142,1.5,2.7
1790100418000,53.6508121,-3.0107320,4.29,142,2.6,3.3
1790100418100,53.6508131,-3.0107239,4.24,142,1.6,2.8
1790100418200,53.6508069,-3.0107301,4.31,142,2.2,2.9
1790100418300,53.6508085,-3.0107184,4.12,142,2.4,2.5
1790100418400,53.6508086,-3.0107253,4.26,142,2.6,2.6
1790100418500,53.6508027,-3.0107224,4.36,142,2.4,2.8
1790100418600,53.6507963,-3.0107179,4.31,142,2.9,2.4
1790100418700,53.6507975,-3.0107207,4.29,142,3.0,2.9
1790100418800,53.6507946,-3.0107203,4.28,142,3.0,2.3
1790100418900,53.6508012,-3.0107029,4.17,142,2.8,2.5
1790100419000,53.6507986,-3.0107046,4.11,142,2.1,2.8
1790100419100,53.6507921,-3.0107026,4.16,142,2.4,2.3
1790100419200,53.6507870,-3.0107124,4.26,142,3.4,2.7
1790100419300,53.6507863,-3.0107122,4.13,142,2.4,2.6
1790100419400,53.6507914,-3.0107026,4.16,142,3.3,2.6
1790100419500,53.6507921,-3.0106948,4.15,142,3.1,2.4
1790100419600,53.6507880,-3.0107016,4.21,142,3.7,1.9
1790100419700,53.6507810,-3.0106983,4.29,142,2.7,2.3
1790100419800,53.6507825,-3.0107001,4.25,142,4.0,2.5
1790100419900,53.6507832,-3.0106941,4.18,142,4.0,2.5
1790100420000,53.6507817,-3.0106927,4.23,142,3.3,2.2
1790100420100,53.6507815,-3.0106908,4.17,142,4.1,2.0
1790100420200,53.6507809,-3.0106912,4.29,142,3.9,2.2
1790100420300,53.6507790,-3.0106809,4.25,142,3.8,2.0
1790100420400,53.6507726,-3.0106833,4.25,142,3.3,2.2
1790100420500,53.6507753,-3.0106703,4.24,142,3.8,1.6
1790100420600,53.6507696,-3.0106834,4.09,142,3.3,1.9
1790100420700,53.6507656,-3.0106780,4.15,142,3.9,2.0
1790100420800,53.6507667,-3.0106752,4.20,142,4.3,2.0
1790100420900,53.6507690,-3.0106750,4.30,142,4.8,1.8
1790100421000,53.6507677,-3.0106766,4.18,142,3.6,2.1
1790100421100,53.6507649,-3.0106702,4.20,142,3.9,1.6
1790100421200,53.6507556,-3.0106687,4.12,142,3.8,2.2
1790100421300,53.6507638,-3.0106632,4.25,142,4.3,1.4
1790100421400,53.6507553,-3.0106685,4.30,142,4.2,1.5
1790100421500,53.6507599,-3.0106618,4.04,142,5.1,1.5
1790100421600,53.6507594,-3.0106492,4.11,142,4.4,1.4
1790100421700,53.6507560,-3.0106467,4.16,142,4.7,1.7
1790100421800,53.6507495,-3.0106562,4.25,142,4.3,1.6
1790100421900,53.6507477,-3.0106542,4.08,142,5.3,1.7
1790100422000,53.6507490,-3.0106565,4.17,142,4.8,2.2
1790100422100,53.6507436,-3.0106403,4.18,142,4.1,2.0
1790100422200,53.6507462,-3.0106436,4.19,142,4.2,1.7
1790100422300,53.6507475,-3.0106514,4.17,142,5.0,2.0
1790100422400,53.6507413,-3.0106347,4.13,142,5.1,2.2
1790100422500,53.6507359,-3.0106402,4.12,142,4.2,1.7
1790100422600,53.6507346,-3.0106401,4.17,142,4.5,2.0
1790100422700,53.6507433,-3.0106417,4.27,142,5.2,1.6
1790100422800,53.6507340,-3.0106336,4.31,142,4.9,2.1
1790100422900,53.6507334,-3.0106318,4.28,142,4.3,1.9
1790100423000,53.6507305,-3.0106246,4.18,142,5.0,2.1
1790100423100,53.6507272,-3.0106345,4.15,142,5.5,2.2
1790100423200,53.6507270,-3.0106250,4.07,142,4.9,2.1
1790100423300,53.6507255,-3.0106232,4.11,142,4.6,1.9
1790100423400,53.6507322,-3.0106142,4.05,142,4.6,2.3
1790100423500,53.6507231,-3.0106219,4.28,142,4.6,2.6
1790100423600,53.6507278,-3.0106144,4.24,142,4.4,2.4
1790100423700,53.6507251,-3.0106119,4.04,142,4.3,2.1
1790100423800,53.6507225,-3.0106109,4.24,142,5.2,2.6
1790100423900,53.6507233,-3.0106061,4.29,142,4.3,2.4
1790100424000,53.6507204,-3.0106062,4.03,142,5.5,2.1
1790100424100,53.6507119,-3.0106020,4.28,142,4.2,2.3
1790100424200,53.6507183,-3.0106028,4.28,142,4.8,2.4
1790100424300,53.6507094,-3.0106007,4.01,142,4.8,2.8
1790100424400,53.6507153,-3.0105931,4.11,142,4.5,2.9
1790100424500,53.6507116,-3.0106017,4.09,142,5.6,2.5
1790100424600,53.6507081,-3.0105972,4.25,142,4.9,2.4
1790100424700,53.6507035,-3.0105963,4.21,142,4.8,3.0
1790100424800,53.6507018,-3.0106003,4.15,142,4.8,2.9
1790100424900,53.6507081,-3.0105979,4.06,142,4.6,3.1
1790100425000,53.6507081,-3.0105975,4.04,142,4.7,2.9
1790100425100,53.6506978,-3.0105883,4.14,142,4.7,3.1
1790100425200,53.6506955,-3.0105876,4.03,142,4.5,3.3
1790100425300,53.6506934,-3.0105804,4.11,142,4.6,2.8
1790100425400,53.6507018,-3.0105865,4.07,142,4.5,3.2
1790100425500,53.6506975,-3.0105817,4.25,142,5.0,3.4
1790100425600,53.6506979,-3.0105780,4.06,142,4.3,3.2
1790100425700,53.6506907,-3.0105796,4.08,142,4.0,3.3
1790100425800,53.6506922,-3.0105819,4.13,142,5.0,3.6
1790100425900,53.6506880,-3.0105710,4.11,142,4.3,3.4
1790100426000,53.6506919,-3.0105758,4.19,142,4.7,3.6
1790100426100,53.6506851,-3.0105607,4.16,142,3.9,3.7
1790100426200,53.6506889,-3.0105598,4.23,142,4.7,3.3
1790100426300,53.6506787,-3.0105596,4.12,142,4.7,3.9
1790100426400,53.6506802,-3.0105600,4.25,142,4.1,3.6
1790100426500,53.6506851,-3.0105538,4.08,142,3.5,3.3
1790100426600,53.6506818,-3.0105633,4.26,142,3.5,3.9
1790100426700,53.6506779,-3.0105498,4.24,142,4.3,3.9
1790100426800,53.6506781,-3.0105560,4.11,142,3.2,3.4
1790100426900,53.6506746,-3.0105492,4.24,142,3.8,3.8
1790100427000,53.6506717,-3.0105441,4.02,142,3.6,3.5
1790100427100,53.6506740,-3.0105475,4.11,142,3.6,3.6
1790100427200,53.6506743,-3.0105471,4.15,142,2.9,4.2
1790100427300,53.6506706,-3.0105343,4.27,142,3.8,4.2
1790100427400,53.6506644,-3.0105334,4.22,142,3.1,4.1
1790100427500,53.6506676,-3.0105305,4.18,142,3.7,3.6
1790100427600,53.6506591,-3.0105455,4.14,142,2.6,4.4
1790100427700,53.6506610,-3.0105333,4.27,142,2.4,4.3
1790100427800,53.6506599,-3.0105365,4.27,142,2.3,4.3
1790100427900,53.6506604,-3.0105275,4.16,142,3.1,4.1
1790100428000,53.6506547,-3.0105289,4.06,142,3.5,4.1
1790100428100,53.6506555,-3.0105301,4.01,142,2.8,4.0
1790100428200,53.6506577,-3.0105230,4.24,142,3.3,4.3
1790100428300,53.6506574,-3.0105212,4.06,142,2.1,3.9
1790100428400,53.6506529,-3.0105295,4.23,142,2.7,4.4
1790100428500,53.6506526,-3.0105214,4.27,142,2.9,3.9
1790100428600,53.6506483,-3.0105177,4.05,142,2.4,4.1
1790100428700,53.6506511,-3.0105238,4.06,142,2.1,4.0
1790100428800,53.6506443,-3.0105188,4.16,142,1.5,4.2
1790100428900,53.6506451,-3.0105108,4.14,142,2.0,4.6
1790100429000,53.6506422,-3.0105076,4.23,142,2.0,4.2
1790100429100,53.6506358,-3.0105057,4.29,142,1.9,4.5
1790100429200,53.6506409,-3.0104985,4.09,142,2.5,4.4
1790100429300,53.6506392,-3.0105080,4.30,142,1.4,4.0
1790100429400,53.6506418,-3.0105039,4.19,142,1.3,4.4
1790100429500,53.6506316,-3.0104960,4.22,142,2.1,4.5
1790100429600,53.6506346,-3.0104904,4.08,142,2.1,4.1
1790100429700,53.6506266,-3.0104948,4.14,142,1.4,4.4
1790100429800,53.6506289,-3.0105006,4.24,142,1.5,4.2
1790100429900,53.6506312,-3.0104978,4.29,142,0.6,4.4
1790100430000,53.6506226,-3.0104946,4.20,142,0.9,3.9
1790100430100,53.6506254,-3.0104834,4.12,142,1.7,3.7
1790100430200,53.6506244,-3.0104757,4.19,142,1.8,4.4
1790100430300,53.6506239,-3.0104845,4.28,142,1.7,3.9
1790100430400,53.6506238,-3.0104757,4.10,142,0.6,3.9
1790100430500,53.6506144,-3.0104819,4.18,142,0.9,3.8
1790100430600,53.6506162,-3.0104742,4.17,142,0.5,4.2
1790100430700,53.6506142,-3.0104689,4.19,142,0.7,3.5
1790100430800,53.6506202,-3.0104717,4.09,142,0.6,3.9
1790100430900,53.6506190,-3.0104668,4.17,142,1.4,4.0
1790100431000,53.6506083,-3.0104779,4.21,142,1.1,3.5
1790100431100,53.6506102,-3.0104671,4.30,142,1.3,4.0
1790100431200,53.6506088,-3.0104570,4.19,142,0.2,3.6
1790100431300,53.6506026,-3.0104536,4.21,142,0.1,3.8
1790100431400,53.6506065,-3.0104677,4.27,142,1.1,3.9
1790100431500,53.6506064,-3.0104545,4.07,142,1.0,3.8
1790100431600,53.6506072,-3.0104616,4.12,142,0.9,3.5
1790100431700,53.6506015,-3.0104478,4.13,142,-0.1,3.3
1790100431800,53.6505989,-3.0104599,4.30,142,-0.2,3.2
1790100431900,53.6505972,-3.0104434,4.31,142,0.7,3.6
1790100432000,53.6505915,-3.0104403,4.24,142,0.4,3.1
1790100432100,53.6505963,-3.0104522,4.16,142,-0.5,2.9
1790100432200,53.6505892,-3.0104479,4.33,142,-0.0,3.0
1790100432300,53.6505970,-3.0104455,4.14,142,-0.5,2.8
1790100432400,53.6505957,-3.0104475,4.19,142,-0.0,3.2
1790100432500,53.6505912,-3.0104324,4.25,142,-0.1,3.0
1790100432600,53.6505892,-3.0104289,4.28,142,0.3,2.8
1790100432700,53.6505826,-3.0104325,4.26,142,0.7,2.7
1790100432800,53.6505859,-3.0104305,4.35,142,0.2,3.0
1790100432900,53.6505834,-3.0104221,4.14,142,0.5,2.6
1790100433000,53.6505806,-3.0104333,4.13,142,0.6,3.1
1790100433100,53.6505837,-3.0104312,4.20,142,-0.2,3.0
1790100433200,53.6505747,-3.0104219,4.17,142,-0.5,2.8
1790100433300,53.6505788,-3.0104202,4.27,142,-0.4,2.4
1790100433400,53.6505721,-3.0104263,4.16,142,0.4,2.9
1790100433500,53.6505740,-3.0104138,4.33,142,-0.2,2.4
1790100433600,53.6505691,-3.0104163,4.23,142,-0.3,2.7
1790100433700,53.6505708,-3.0104131,4.23,142,-0.1,2.7
1790100433800,53.6505683,-3.0104209,4.23,142,-0.3,2.5
1790100433900,53.6505724,-3.0104040,4.35,142,-0.3,2.1
1790100434000,53.6505684,-3.0104122,4.26,142,-0.6,2.4
1790100434100,53.6505598,-3.0103977,4.25,142,-0.7,2.0
1790100434200,53.6505644,-3.0103971,4.20,142,0.3,2.2
1790100434300,53.6505645,-3.0104094,4.31,142,-0.4,2.3
1790100434400,53.6505594,-3.0104070,4.32,142,0.8,1.7
1790100434500,53.6505601,-3.0103958,4.25,142,0.2,2.4
1790100434600,53.6505514,-3.0103889,4.39,142,0.2,2.2
1790100434700,53.6505602,-3.0104023,4.34,142,-0.2,1.9
1790100434800,53.6505519,-3.0103907,4.40,142,0.1,1.7
1790100434900,53.6505544,-3.0103876,4.18,142,-0.3,2.0
1790100435000,53.6505540,-3.0103875,4.28,142,0.4,1.6
1790100435100,53.6505486,-3.0103895,4.38,142,1.1,2.2
1790100435200,53.6505479,-3.0103829,4.24,142,0.2,2.1
1790100435300,53.6505441,-3.0103726,4.26,142,0.8,1.7
1790100435400,53.6505445,-3.0103790,4.23,142,0.9,1.6
1790100435500,53.6505464,-3.0103723,4.38,142,1.1,1.7
1790100435600,53.6505459,-3.0103825,4.37,142,0.6,1.8
1790100435700,53.6505434,-3.0103677,4.27,142,0.1,1.7
1790100435800,53.6505418,-3.0103650,4.36,142,1.1,2.2
1790100435900,53.6505323,-3.0103667,4.47,142,0.4,1.7
1790100436000,53.6505293,-3.0103700,4.40,142,1.3,2.1
1790100436100,53.6505295,-3.0103581,4.37,142,1.4,1.5
1790100436200,53.6505363,-3.0103636,4.32,142,1.1,1.5
1790100436300,53.6505346,-3.0103519,4.24,142,0.7,1.6
1790100436400,53.6505281,-3.0103562,4.27,142,1.4,2.0
1790100436500,53.6505244,-3.0103525,4.26,142,0.9,1.6
1790100436600,53.6505266,-3.0103485,4.33,142,2.0,2.1
1790100436700,53.6505278,-3.0103503,4.27,142,1.7,1.8
1790100436800,53.6505233,-3.0103555,4.30,142,1.8,2.1
1790100436900,53.6505220,-3.0103430,4.38,142,1.9,1.6
1790100437000,53.6505170,-3.0103420,4.24,142,1.3,2.2
1790100437100,53.6505223,-3.0103487,4.43,142,1.3,1.7
1790100437200,53.6505165,-3.0103367,4.27,142,1.3,2.3
1790100437300,53.6505177,-3.0103384,4.28,142,1.4,1.6
1790100437400,53.6505166,-3.0103318,4.30,142,2.1,2.2
1790100437500,53.6505073,-3.0103402,4.46,142,2.3,1.8
1790100437600,53.6505142,-3.0103292,4.42,142,2.4,2.0
1790100437700,53.6505066,-3.0103335,4.31,142,2.6,1.8
1790100437800,53.6505115,-3.0103326,4.28,142,1.5,1.8
1790100437900,53.6505023,-3.0103186,4.43,142,2.2,2.4
1790100438000,53.6505061,-3.0103339,4.52,142,2.9,2.0
1790100438100,53.6504961,-3.0103248,4.34,142,3.1,2.0
1790100438200,53.6504998,-3.0103227,4.41,142,2.9,2.0
1790100438300,53.6504930,-3.0103164,4.28,142,2.2,2.4
1790100438400,53.6504946,-3.0103172,4.40,142,3.2,2.2
1790100438500,53.6504940,-3.0103214,4.42,142,2.4,2.7
1790100438600,53.6504953,-3.0103043,4.52,142,2.5,2.6
1790100438700,53.6504966,-3.0103037,4.42,142,3.1,2.6
1790100438800,53.6504851,-3.0102993,4.52,142,3.4,2.8
1790100438900,53.6504834,-3.0103126,4.48,142,3.2,2.3
1790100439000,53.6504865,-3.0102987,4.36,142,3.6,2.6
1790100439100,53.6504900,-3.0102988,4.37,142,3.8,2.7
1790100439200,53.6504843,-3.0102917,4.52,142,2.6,2.4
1790100439300,53.6504793,-3.0103044,4.52,142,2.8,2.7
1790100439400,53.6504762,-3.0102924,4.44,142,4.0,2.9
1790100439500,53.6504785,-3.0103000,4.44,142,3.6,3.3
1790100439600,53.6504728,-3.0102907,4.37,142,3.6,3.1
1790100439700,53.6504737,-3.0102952,4.52,142,3.9,2.8
1790100439800,53.6504768,-3.0102828,4.38,142,4.4,3.2
1790100439900,53.6504769,-3.0102879,4.46,142,4.4,2.9
1790100440000,53.6504707,-3.0102779,4.56,142,4.1,3.6
1790100440100,53.6504683,-3.0102793,4.38,142,4.4,3.6
1790100440200,53.6504665,-3.0102730,4.53,142,4.5,3.5
1790100440300,53.6504693,-3.0102733,4.49,142,4.0,3.2
1790100440400,53.6504618,-3.0102682,4.55,142,4.3,3.4
1790100440500,53.6504656,-3.0102656,4.51,142,4.0,3.8
1790100440600,53.6504653,-3.0102687,4.37,142,4.1,3.3
1790100440700,53.6504539,-3.0102594,4.39,142,4.8,3.4
1790100440800,53.6504533,-3.0102580,4.44,142,4.7,3.8
1790100440900,53.6504539,-3.0102550,4.56,142,4.1,3.6
1790100441000,53.6504547,-3.0102572,4.58,142,5.0,3.6
1790100441100,53.6504540,-3.0102651,4.46,142,3.8,3.9
1790100441200,53.6504536,-3.0102610,4.38,142,4.9,4.0
1790100441300,53.6504486,-3.0102522,4.40,142,4.7,4.0
1790100441400,53.6504430,-3.0102459,4.51,142,5.3,4.1
1790100441500,53.6504418,-3.0102440,4.60,142,4.5,3.7
1790100441600,53.6504445,-3.0102447,4.50,142,5.1,4.2
1790100441700,53.6504425,-3.0102447,4.40,142,4.1,3.8
1790100441800,53.6504433,-3.0102394,4.65,142,5.5,4.2
1790100441900,53.6504445,-3.0102466,4.39,142,5.0,4.1
1790100442000,53.6504393,-3.0102422,4.49,142,5.1,4.1
1790100442100,53.6504331,-3.0102374,4.56,142,5.0,3.9
1790100442200,53.6504305,-3.0102369,4.62,142,5.2,3.9
1790100442300,53.6504348,-3.0102288,4.58,142,5.5,4.0
1790100442400,53.6504351,-3.0102280,4.49,142,5.0,3.7
1790100442500,53.6504317,-3.0102243,4.49,142,5.6,4.0
1790100442600,53.6504234,-3.0102292,4.62,142,5.7,4.0
1790100442700,53.6504232,-3.0102239,4.61,142,4.3,4.3
1790100442800,53.6504213,-3.0102174,4.52,142,4.5,4.0
1790100442900,53.6504177,-3.0102196,4.56,142,5.0,4.5
1790100443000,53.6504186,-3.0102250,4.51,142,5.0,4.3
1790100443100,53.6504155,-3.0102169,4.65,142,5.5,4.2
1790100443200,53.6504204,-3.0102142,4.49,142,5.5,4.0
1790100443300,53.6504169,-3.0102090,4.56,142,4.7,4.0
1790100443400,53.6504133,-3.0102089,4.63,142,5.4,4.4
1790100443500,53.6504130,-3.0102155,4.65,142,5.0,3.8
1790100443600,53.6504113,-3.0101989,4.59,142,5.1,4.1
1790100443700,53.6504070,-3.0102102,4.71,142,4.8,3.9
1790100443800,53.6504035,-3.0101940,4.56,142,5.4,4.5
1790100443900,53.6504102,-3.0102044,4.44,142,4.3,4.3
1790100444000,53.6504086,-3.0101964,4.53,142,4.6,4.2
1790100444100,53.6504016,-3.0101957,4.53,142,4.5,3.9
1790100444200,53.6503969,-3.0101825,4.70,142,4.2,3.7
1790100444300,53.6504020,-3.0101955,4.73,142,4.5,3.7
1790100444400,53.6503978,-3.0101812,2.51,98,1.7,4.3
1790100444500,53.6504047,-3.0101774,2.59,98,2.6,3.7
1790100444600,53.6504044,-3.0101819,2.55,98,2.0,3.9
1790100444700,53.6503976,-3.0101830,2.66,98,1.8,4.0
1790100444800,53.6504035,-3.0101817,2.64,98,2.3,3.8
1790100444900,53.6504028,-3.0101787,2.64,98,2.0,3.6
1790100445000,53.6503982,-3.0101791,2.75,98,1.5,4.2
1790100445100,53.6504000,-3.0101789,2.70,98,1.1,3.6
1790100445200,53.6504023,-3.0101748,2.85,98,2.0,4.0
1790100445300,53.6504020,-3.0101677,2.82,98,2.2,4.0
1790100445400,53.6503990,-3.0101734,2.75,98,1.7,3.9
1790100445500,53.6503950,-3.0101699,2.88,98,0.8,3.4
1790100445600,53.6504022,-3.0101535,2.78,98,1.6,3.4
1790100445700,53.6503928,-3.0101571,2.85,98,1.5,3.7
1790100445800,53.6504011,-3.0101551,2.96,98,0.4,3.5
1790100445900,53.6503996,-3.0101544,2.91,98,1.5,3.7
1790100446000,53.6503985,-3.0101450,3.07,98,0.4,3.7
1790100446100,53.6503927,-3.0101523,3.00,98,0.6,3.4
1790100446200,53.6504004,-3.0101569,3.02,98,0.9,3.4
1790100446300,53.6503949,-3.0101407,3.04,98,0.8,3.5
1790100446400,53.6503954,-3.0101347,3.11,98,0.4,3.4
1790100446500,53.6503933,-3.0101327,3.19,98,-0.3,3.6
1790100446600,53.6503962,-3.0101307,3.15,98,-0.3,2.8
1790100446700,53.6503982,-3.0101363,3.21,98,0.0,3.3
1790100446800,53.6503908,-3.0101333,3.28,98,0.1,2.6
1790100446900,53.6503943,-3.0101268,3.31,98,-0.4,2.9
1790100447000,53.6503986,-3.0101266,3.16,98,-0.6,3.2
1790100447100,53.6503923,-3.0101216,3.29,98,0.3,3.2
1790100447200,53.6503918,-3.0101323,3.24,98,0.1,2.6
1790100447300,53.6503958,-3.0101136,3.42,98,-0.6,3.1
1790100447400,53.6503889,-3.0101254,3.44,98,-0.5,2.4
1790100447500,53.6503982,-3.0101137,3.31,98,-0.7,2.9
1790100447600,53.6503894,-3.0101186,3.45,98,-1.5,2.6
1790100447700,53.6503947,-3.0101172,3.38,98,-1.1,2.7
1790100447800,53.6503902,-3.0101109,3.47,98,-1.7,2.8
1790100447900,53.6503943,-3.0101090,3.41,98,-0.7,2.4
1790100448000,53.6503917,-3.0101084,3.62,98,-1.5,2.1
1790100448100,53.6503884,-3.0101017,3.49,98,-1.8,2.2
1790100448200,53.6503903,-3.0101026,3.58,98,-1.4,2.3
1790100448300,53.6503954,-3.0100851,3.70,98,-1.1,1.9
1790100448400,53.6503942,-3.0100928,3.64,98,-1.5,2.6
1790100448500,53.6503902,-3.0100954,3.69,98,-1.9,2.1
1790100448600,53.6503934,-3.0100840,3.71,98,-2.0,2.3
1790100448700,53.6503913,-3.0100739,3.67,98,-2.3,2.2
1790100448800,53.6503917,-3.0100750,3.87,98,-1.5,2.2
1790100448900,53.6503947,-3.0100780,3.84,98,-1.6,1.8
1790100449000,53.6503898,-3.0100789,3.71,98,-3.0,2.3
1790100449100,53.6503865,-3.0100728,3.74,98,-2.2,2.0
1790100449200,53.6503920,-3.0100603,3.86,98,-2.9,2.1
1790100449300,53.6503911,-3.0100638,3.88,98,-2.4,1.6
1790100449400,53.6503840,-3.0100690,3.92,98,-2.8,1.9
1790100449500,53.6503887,-3.0100511,4.06,98,-2.9,1.7
1790100449600,53.6503913,-3.0100504,4.01,98,-2.9,2.2
1790100449700,53.6503867,-3.0100532,4.09,98,-2.9,2.1
1790100449800,53.6503873,-3.0100573,4.02,98,-3.9,1.7
1790100449900,53.6503887,-3.0100488,4.04,98,-3.1,1.6
1790100450000,53.6503916,-3.0100413,4.21,98,-3.8,2.0
1790100450100,53.6503851,-3.0100366,4.16,98,-3.2,1.8
1790100450200,53.6503904,-3.0100313,4.05,98,-3.9,2.1
1790100450300,53.6503891,-3.0100301,4.19,98,-3.5,2.1
1790100450400,53.6503888,-3.0100370,4.25,98,-4.0,1.7
1790100450500,53.6503838,-3.0100250,4.15,98,-4.0,1.9
1790100450600,53.6503834,-3.0100192,4.20,98,-4.0,2.2
1790100450700,53.6503861,-3.0100154,4.20,98,-4.0,1.6
1790100450800,53.6503857,-3.0100248,4.32,98,-4.3,1.8
1790100450900,53.6503881,-3.0100174,4.34,98,-4.6,2.0
1790100451000,53.6503834,-3.0100171,4.33,98,-4.6,1.6
1790100451100,53.6503857,-3.0099980,4.43,98,-4.3,1.7
1790100451200,53.6503865,-3.0100098,4.55,98,-3.9,2.0
1790100451300,53.6503853,-3.0099957,4.38,98,-3.8,2.1
1790100451400,53.6503886,-3.0099935,4.54,98,-3.8,2.0
1790100451500,53.6503842,-3.0099968,4.62,98,-3.9,2.2
1790100451600,53.6503836,-3.0099819,4.46,98,-4.2,1.7
1790100451700,53.6503835,-3.0099862,4.67,98,-4.2,2.1
1790100451800,53.6503784,-3.0099775,4.71,98,-5.3,2.0
1790100451900,53.6503827,-3.0099731,4.52,98,-4.8,2.3
1790100452000,53.6503816,-3.0099745,4.68,98,-4.5,2.2
1790100452100,53.6503869,-3.0099769,4.79,98,-4.2,2.0
1790100452200,53.6503814,-3.0099696,4.63,98,-4.7,2.5
1790100452300,53.6503821,-3.0099682,4.85,98,-4.4,2.0
1790100452400,53.6503850,-3.0099640,4.82,98,-5.2,2.2
1790100452500,53.6503838,-3.0099612,4.83,98,-4.7,2.5
1790100452600,53.6503806,-3.0099604,4.87,98,-4.9,2.3
1790100452700,53.6503788,-3.0099573,4.86,98,-5.5,2.1
1790100452800,53.6503784,-3.0099415,4.75,98,-5.6,2.3
1790100452900,53.6503811,-3.0099394,4.90,98,-5.2,2.2
1790100453000,53.6503783,-3.0099291,4.80,98,-4.6,2.4
1790100453100,53.6503751,-3.0099380,4.73,98,-4.4,2.8
1790100453200,53.6503813,-3.0099289,4.71,98,-4.5,2.6
1790100453300,53.6503814,-3.0099287,4.88,98,-4.7,2.3
1790100453400,53.6503785,-3.0099280,4.87,98,-5.4,2.3
1790100453500,53.6503772,-3.0099190,4.72,98,-4.6,2.6
1790100453600,53.6503730,-3.0099074,4.64,98,-5.0,2.6
1790100453700,53.6503805,-3.0099075,4.88,98,-5.4,2.8
1790100453800,53.6503770,-3.0099035,4.78,98,-4.7,2.8
1790100453900,53.6503738,-3.0099074,4.73,98,-4.8,2.5
1790100454000,53.6503810,-3.0099080,4.81,98,-5.1,2.8
1790100454100,53.6503734,-3.0099039,4.92,98,-4.4,3.4
1790100454200,53.6503768,-3.0099018,4.89,98,-4.6,2.9
1790100454300,53.6503757,-3.0098816,4.77,98,-4.5,3.1
1790100454400,53.6503784,-3.0098903,4.86,98,-5.0,3.5
1790100454500,53.6503792,-3.0098839,4.65,98,-5.3,3.3
1790100454600,53.6503716,-3.0098818,4.79,98,-5.0,3.6
1790100454700,53.6503744,-3.0098694,4.64,98,-4.9,3.2
1790100454800,53.6503696,-3.0098703,4.89,98,-3.9,3.1
1790100454900,53.6503735,-3.0098649,4.79,98,-4.1,3.2
1790100455000,53.6503714,-3.0098661,4.72,98,-4.0,3.6
1790100455100,53.6503743,-3.0098601,4.67,98,-4.3,3.6
1790100455200,53.6503734,-3.0098510,4.78,98,-3.8,3.8
1790100455300,53.6503740,-3.0098548,4.87,98,-4.8,4.0
1790100455400,53.6503692,-3.0098408,4.91,98,-3.7,3.3
1790100455500,53.6503666,-3.0098461,4.66,98,-3.6,3.8
1790100455600,53.6503755,-3.0098416,4.72,98,-3.3,3.5
1790100455700,53.6503731,-3.0098473,4.81,98,-4.5,4.1
1790100455800,53.6503664,-3.0098434,4.91,98,-3.5,4.2
1790100455900,53.6503739,-3.0098371,4.66,98,-3.2,3.8
1790100456000,53.6503688,-3.0098248,4.72,98,-4.4,3.7
1790100456100,53.6503707,-3.0098164,4.72,98,-3.0,3.9
1790100456200,53.6503720,-3.0098236,4.76,98,-4.3,4.0
1790100456300,53.6503642,-3.0098159,4.72,98,-3.5,4.3
1790100456400,53.6503717,-3.0098140,4.74,98,-3.7,4.2
1790100456500,53.6503686,-3.0098041,4.81,98,-3.1,3.8
1790100456600,53.6503650,-3.0098142,4.72,98,-2.9,3.8
1790100456700,53.6503724,-3.0097985,4.85,98,-2.7,3.8
1790100456800,53.6503646,-3.0097957,4.83,98,-2.8,4.1
1790100456900,53.6503697,-3.0097891,4.75,98,-3.4,3.9
1790100457000,53.6503616,-3.0097913,4.73,98,-2.6,4.5
1790100457100,53.6503636,-3.0097940,4.64,98,-3.6,3.8
1790100457200,53.6503670,-3.0097780,4.80,98,-3.3,3.9
1790100457300,53.6503666,-3.0097781,4.76,98,-2.3,4.1
1790100457400,53.6503655,-3.0097692,4.86,98,-2.8,4.5
1790100457500,53.6503628,-3.0097740,4.69,98,-2.9,4.4
1790100457600,53.6503635,-3.0097665,4.86,98,-1.8,4.3
1790100457700,53.6503642,-3.0097595,4.83,98,-2.8,4.3
1790100457800,53.6503652,-3.0097580,4.66,98,-2.8,4.4
1790100457900,53.6503613,-3.0097558,4.86,98,-2.4,4.5
1790100458000,53.6503602,-3.0097518,4.83,98,-2.2,4.1
1790100458100,53.6503637,-3.0097574,4.84,98,-2.2,3.9
1790100458200,53.6503657,-3.0097490,4.70,98,-2.0,4.3
1790100458300,53.6503643,-3.0097425,4.89,98,-2.2,3.9
1790100458400,53.6503669,-3.0097327,4.75,98,-1.9,4.5
1790100458500,53.6503650,-3.0097436,4.80,98,-2.1,3.9
1790100458600,53.6503657,-3.0097345,4.81,98,-2.0,4.3
1790100458700,53.6503562,-3.0097303,4.62,98,-1.0,3.8
1790100458800,53.6503610,-3.0097156,4.78,98,-1.5,4.3
1790100458900,53.6503604,-3.0097266,4.59,98,-1.0,4.2
1790100459000,53.6503563,-3.0097202,4.82,98,-0.9,4.3
1790100459100,53.6503585,-3.0097062,4.67,98,-1.1,4.1
1790100459200,53.6503586,-3.0097054,4.77,98,-1.1,4.2
1790100459300,53.6503561,-3.0097050,4.79,98,-1.4,3.6
1790100459400,53.6503558,-3.0096972,4.60,98,-1.7,3.9
1790100459500,53.6503537,-3.0096995,4.74,98,-0.8,4.1
1790100459600,53.6503618,-3.0096888,4.79,98,-0.3,4.0
1790100459700,53.6503576,-3.0096958,4.81,98,-1.6,3.5
1790100459800,53.6503576,-3.0096819,4.78,98,-0.3,3.9
1790100459900,53.6503589,-3.0096853,4.79,98,-0.9,3.5
1790100460000,53.6503552,-3.0096795,4.76,98,-0.2,3.7
1790100460100,53.6503551,-3.0096716,4.80,98,-0.5,3.5
1790100460200,53.6503617,-3.0096734,4.69,98,-1.4,3.7
1790100460300,53.6503596,-3.0096762,4.68,98,-0.2,3.1
1790100460400,53.6503575,-3.0096730,4.65,98,-0.0,3.8
1790100460500,53.6503603,-3.0096584,4.77,98,0.2,3.1
1790100460600,53.6503567,-3.0096594,4.68,98,0.2,3.6
1790100460700,53.6503544,-3.0096483,4.78,98,-0.4,3.2
1790100460800,53.6503506,-3.0096591,4.63,98,0.1,3.2
1790100460900,53.6503581,-3.0096491,4.60,98,0.2,3.6
1790100461000,53.6503534,-3.0096404,4.72,98,-0.8,2.8
1790100461100,53.6503489,-3.0096352,4.81,98,0.1,3.2
1790100461200,53.6503588,-3.0096351,4.74,98,0.1,3.1
1790100461300,53.6503517,-3.0096322,4.60,98,0.5,3.2
1790100461400,53.6503497,-3.0096368,4.56,98,-0.0,3.3
1790100461500,53.6503539,-3.0096337,4.68,98,0.1,2.7
1790100461600,53.6503536,-3.0096155,4.57,98,0.5,2.6
1790100461700,53.6503476,-3.0096169,4.60,98,-0.5,3.0
1790100461800,53.6503536,-3.0096168,4.77,98,0.4,2.4
1790100461900,53.6503506,-3.0096155,4.73,98,-0.2,2.7
1790100462000,53.6503558,-3.0096106,4.62,98,-0.3,3.0
1790100462100,53.6503482,-3.0095973,4.70,98,-0.6,2.4
1790100462200,53.6503518,-3.0095967,4.60,98,0.4,2.5
1790100462300,53.6503525,-3.0096047,4.70,98,-0.1,2.6
1790100462400,53.6503460,-3.0095864,4.65,98,0.6,2.2
1790100462500,53.6503450,-3.0095983,4.75,98,0.4,2.2
1790100462600,53.6503532,-3.0095802,4.65,98,0.7,2.4
1790100462700,53.6503499,-3.0095826,4.78,98,0.0,2.6
1790100462800,53.6503516,-3.0095791,4.53,98,0.7,2.5
1790100462900,53.6503535,-3.0095706,4.58,98,-0.3,2.5
1790100463000,53.6503445,-3.0095645,4.70,98,-0.7,1.8
1790100463100,53.6503428,-3.0095621,4.66,98,-0.8,2.3
1790100463200,53.6503497,-3.0095608,4.75,98,-0.2,1.8
1790100463300,53.6503450,-3.0095529,4.56,98,0.2,2.0
1790100463400,53.6503456,-3.0095492,4.67,98,-0.6,2.2
1790100463500,53.6503445,-3.0095466,4.61,98,0.4,1.8
1790100463600,53.6503482,-3.0095479,4.74,98,-0.7,2.3
1790100463700,53.6503512,-3.0095383,4.73,98,-0.5,2.2
1790100463800,53.6503443,-3.0095357,4.73,98,-0.6,1.6
1790100463900,53.6503405,-3.0095372,4.52,98,-0.7,2.2
1790100464000,53.6503438,-3.0095366,4.59,98,-0.1,2.1
1790100464100,53.6503435,-3.0095266,4.60,98,-0.2,2.2
1790100464200,53.6503462,-3.0095322,4.52,98,-0.5,2.1
1790100464300,53.6503425,-3.0095172,4.46,98,0.3,1.6
1790100464400,53.6503493,-3.0095308,4.47,98,-0.6,2.0
1790100464500,53.6503476,-3.0095270,4.53,98,-0.3,1.4
1790100464600,53.6503445,-3.0095101,4.54,98,-0.5,1.7
1790100464700,53.6503452,-3.0095056,4.58,98,-1.0,2.1
1790100464800,53.6503451,-3.0095045,4.72,98,-0.2,1.8
1790100464900,53.6503419,-3.0095121,4.56,98,-0.6,1.9
1790100465000,53.6503438,-3.0095013,4.53,98,-0.5,1.4
1790100465100,53.6503464,-3.0094923,4.60,98,-1.3,2.0
1790100465200,53.6503386,-3.0094897,4.61,98,-1.4,2.1
1790100465300,53.6503451,-3.0094923,4.64,98,-0.3,1.7
1790100465400,53.6503425,-3.0094813,4.66,98,-1.5,1.9
1790100465500,53.6503410,-3.0094810,4.65,98,-0.6,2.2
1790100465600,53.6503391,-3.0094796,4.44,98,-0.7,1.5
1790100465700,53.6503357,-3.0094771,4.44,98,-1.0,1.5
1790100465800,53.6503423,-3.0094764,4.57,98,-0.6,2.2
1790100465900,53.6503428,-3.0094723,4.51,98,-1.0,1.8
1790100466000,53.6503360,-3.0094661,4.61,98,-0.9,1.8
1790100466100,53.6503366,-3.0094696,4.63,98,-2.1,2.1
1790100466200,53.6503379,-3.0094630,4.58,98,-1.7,2.2
1790100466300,53.6503398,-3.0094486,4.48,98,-1.7,1.8
1790100466400,53.6503377,-3.0094502,4.40,98,-1.8,2.1
1790100466500,53.6503346,-3.0094434,4.58,98,-1.5,2.0
1790100466600,53.6503402,-3.0094413,4.44,98,-1.4,2.4
1790100466700,53.6503355,-3.0094374,4.50,98,-2.5,1.7
1790100466800,53.6503367,-3.0094433,4.44,98,-1.8,2.0
1790100466900,53.6503317,-3.0094270,4.52,98,-1.8,2.4
1790100467000,53.6503333,-3.0094300,4.53,98,-1.5,2.1
1790100467100,53.6503393,-3.0094310,4.56,98,-2.8,2.7
1790100467200,53.6503370,-3.0094316,4.47,98,-2.0,2.3
1790100467300,53.6503389,-3.0094288,4.53,98,-3.2,2.3
1790100467400,53.6503344,-3.0094087,4.59,98,-3.0,2.3
1790100467500,53.6503375,-3.0094145,4.56,98,-2.1,2.7
1790100467600,53.6503332,-3.0094018,4.51,98,-3.2,2.3
1790100467700,53.6503374,-3.0094008,4.57,98,-3.5,2.8
1790100467800,53.6503314,-3.0094072,4.46,98,-3.5,2.6
1790100467900,53.6503291,-3.0094061,4.46,98,-3.3,2.8
1790100468000,53.6503321,-3.0093866,4.58,98,-3.7,2.7
1790100468100,53.6503324,-3.0093905,4.40,98,-2.8,2.9
1790100468200,53.6503361,-3.0093962,4.39,98,-3.1,3.2
1790100468300,53.6503339,-3.0093905,4.58,98,-3.2,3.0
1790100468400,53.6503367,-3.0093877,4.59,98,-2.9,2.7
1790100468500,53.6503317,-3.0093787,4.45,98,-3.8,3.4
1790100468600,53.6503330,-3.0093751,4.44,98,-2.8,3.1
1790100468700,53.6503351,-3.0093664,4.32,98,-4.2,3.0
1790100468800,53.6503329,-3.0093615,4.33,98,-3.3,3.4
1790100468900,53.6503351,-3.0093657,4.53,98,-3.6,3.4
1790100469000,53.6503281,-3.0093642,4.55,98,-3.7,3.4
1790100469100,53.6503252,-3.0093575,4.51,98,-3.7,3.2
1790100469200,53.6503318,-3.0093453,4.45,98,-3.6,3.4
1790100469300,53.6503322,-3.0093441,4.47,98,-4.4,3.3
1790100469400,53.6503344,-3.0093453,4.57,98,-4.7,3.7
1790100469500,53.6503324,-3.0093399,4.33,98,-3.4,3.3
1790100469600,53.6503286,-3.0093332,4.54,98,-3.6,3.2
1790100469700,53.6503332,-3.0093330,4.52,98,-4.7,3.2
1790100469800,53.6503276,-3.0093418,4.55,98,-4.0,3.5
1790100469900,53.6503267,-3.0093306,4.43,98,-3.7,4.0
1790100470000,53.6503329,-3.0093201,4.35,98,-3.7,3.4
1790100470100,53.6503232,-3.0093179,4.51,98,-4.7,3.6
1790100470200,53.6503239,-3.0093145,4.44,98,-4.9,4.0
1790100470300,53.6503223,-3.0093078,4.36,98,-4.6,3.5
1790100470400,53.6503301,-3.0093076,4.41,98,-5.0,3.7
1790100470500,53.6503262,-3.0093167,4.39,98,-5.0,4.1
1790100470600,53.6503271,-3.0093065,4.25,98,-5.2,4.0
1790100470700,53.6503232,-3.0093071,4.28,98,-4.7,4.1
1790100470800,53.6503259,-3.0093029,4.34,98,-4.8,3.8
1790100470900,53.6503297,-3.0093049,4.35,98,-4.1,4.2
1790100471000,53.6503201,-3.0092883,4.48,98,-5.4,3.7
1790100471100,53.6503197,-3.0092813,4.30,98,-5.5,3.8
1790100471200,53.6503195,-3.0092843,4.35,98,-5.5,4.0
1790100471300,53.6503236,-3.0092752,4.30,98,-4.9,4.4
1790100471400,53.6503198,-3.0092826,4.30,98,-5.0,4.4
1790100471500,53.6503272,-3.0092791,4.29,98,-5.5,4.1
1790100471600,53.6503209,-3.0092688,4.23,98,-5.6,3.9
1790100471700,53.6503191,-3.0092611,4.36,98,-4.3,3.9
1790100471800,53.6503237,-3.0092609,4.25,98,-4.7,4.2
1790100471900,53.6503258,-3.0092688,4.48,98,-5.3,4.6
1790100472000,53.6503230,-3.0092504,4.32,98,-4.8,4.3
1790100472100,53.6503222,-3.0092619,4.38,98,-4.6,3.9
1790100472200,53.6503188,-3.0092489,4.43,98,-5.3,4.2
1790100472300,53.6503252,-3.0092582,4.23,98,-4.4,3.8
1790100472400,53.6503253,-3.0092436,4.26,98,-4.6,4.2
1790100472500,53.6503215,-3.0092406,4.25,98,-4.9,3.9
1790100472600,53.6503218,-3.0092421,4.43,98,-4.7,4.4
1790100472700,53.6503154,-3.0092281,4.39,98,-4.3,4.0
1790100472800,53.6503155,-3.0092395,4.41,98,-5.6,4.1
1790100472900,53.6503164,-3.0092217,4.27,98,-4.7,4.1
1790100473000,53.6503164,-3.0092317,4.39,98,-4.4,4.3
1790100473100,53.6503225,-3.0092217,4.29,98,-5.4,4.1
1790100473200,53.6503159,-3.0092249,4.24,98,-4.7,4.4
1790100473300,53.6503195,-3.0092071,4.23,98,-4.7,3.8
1790100473400,53.6503170,-3.0092190,4.41,98,-4.9,4.1
1790100473500,53.6503213,-3.0092030,4.32,98,-5.3,4.3
1790100473600,53.6503187,-3.0092003,4.31,98,-4.8,3.7
1790100473700,53.6503174,-3.0092018,4.14,98,-5.4,4.1
1790100473800,53.6503197,-3.0092051,4.35,98,-4.9,4.1
1790100473900,53.6503128,-3.0091982,4.35,98,-4.6,3.7
1790100474000,53.6503176,-3.0091944,4.37,98,-5.0,3.7
1790100474100,53.6503194,-3.0091945,4.32,98,-4.5,3.9
1790100474200,53.6503119,-3.0091921,4.41,98,-4.7,4.0
1790100474300,53.6503161,-3.0091761,4.34,98,-3.8,3.5
1790100474400,53.6503183,-3.0091804,4.27,98,-4.2,3.7
1790100474500,53.6503143,-3.0091721,4.30,98,-3.8,3.3
1790100474600,53.6503198,-3.0091672,4.28,98,-4.9,3.4
1790100474700,53.6503147,-3.0091644,4.16,98,-3.6,3.8
1790100474800,53.6503108,-3.0091719,4.13,98,-4.3,3.4
1790100474900,53.6503143,-3.0091657,4.22,98,-4.3,3.7
1790100475000,53.6503126,-3.0091556,4.24,98,-3.4,3.4
1790100475100,53.6503133,-3.0091483,4.24,98,-4.7,3.0
1790100475200,53.6503110,-3.0091475,4.39,98,-3.3,3.4
1790100475300,53.6503173,-3.0091430,4.12,98,-3.3,3.6
1790100475400,53.6503149,-3.0091377,4.17,98,-4.3,3.3
1790100475500,53.6503100,-3.0091453,4.31,98,-3.2,3.3
1790100475600,53.6503109,-3.0091465,4.33,98,-3.1,3.2
1790100475700,53.6503069,-3.0091325,4.26,98,-4.3,2.6
1790100475800,53.6503080,-3.0091418,4.30,98,-3.3,2.9
1790100475900,53.6503161,-3.0091261,4.32,98,-3.3,2.9
1790100476000,53.6503111,-3.0091288,4.19,98,-2.7,2.9
1790100476100,53.6503116,-3.0091215,4.14,98,-2.6,3.2
1790100476200,53.6503073,-3.0091151,4.13,98,-3.8,2.6
1790100476300,53.6503105,-3.0091193,4.32,98,-3.6,3.0
1790100476400,53.6503152,-3.0091136,4.14,98,-3.5,3.0
1790100476500,53.6503143,-3.0091021,4.35,98,-2.6,2.4
1790100476600,53.6503103,-3.0091027,4.12,98,-3.4,2.6
1790100476700,53.6503092,-3.0091128,4.09,98,-3.2,2.2
1790100476800,53.6503139,-3.0091095,4.15,98,-2.3,2.5
1790100476900,53.6503097,-3.0090895,4.06,98,-2.9,2.6
1790100477000,53.6503049,-3.0090911,4.15,98,-2.0,2.4
1790100477100,53.6503056,-3.0090953,4.10,98,-2.6,2.0
1790100477200,53.6503090,-3.0090882,4.15,98,-2.6,2.4
1790100477300,53.6503063,-3.0090783,4.15,98,-2.1,1.9
1790100477400,53.6503059,-3.0090787,4.24,98,-2.2,2.3
1790100477500,53.6503028,-3.0090705,4.07,98,-1.7,2.2
1790100477600,53.6503026,-3.0090729,4.15,98,-1.8,2.4
1790100477700,53.6503083,-3.0090650,4.17,98,-1.7,1.9
1790100477800,53.6503073,-3.0090640,4.15,98,-2.6,2.2
1790100477900,53.6503067,-3.0090631,4.19,98,-2.1,2.1
1790100478000,53.6503112,-3.0090573,4.09,98,-1.8,2.1
1790100478100,53.6503105,-3.0090646,4.10,98,-1.6,2.3
1790100478200,53.6503018,-3.0090637,4.31,98,-1.7,1.7
1790100478300,53.6503097,-3.0090560,4.27,98,-1.9,2.0
1790100478400,53.6503037,-3.0090525,4.05,98,-1.9,1.7
1790100478500,53.6502991,-3.0090509,4.06,98,-1.6,2.1
1790100478600,53.6503088,-3.0090454,4.19,98,-0.7,1.8
1790100478700,53.6502988,-3.0090332,4.20,98,-1.3,1.5
1790100478800,53.6503023,-3.0090293,4.21,98,-1.1,2.2
1790100478900,53.6503073,-3.0090278,4.06,98,-1.4,2.0
1790100479000,53.6503049,-3.0090349,4.13,98,-0.9,1.8
1790100479100,53.6503012,-3.0090288,4.08,98,-1.6,1.6
1790100479200,53.6503016,-3.0090205,4.09,98,-1.1,1.4
1790100479300,53.6503038,-3.0090268,4.27,98,-1.0,1.8
1790100479400,53.6503005,-3.0090216,4.09,98,-1.4,1.6
1790100479500,53.6503054,-3.0090128,4.08,98,-0.7,1.5
1790100479600,53.6503026,-3.0090146,4.31,98,-0.6,1.5
1790100479700,53.6503009,-3.0090166,4.05,98,-1.1,2.0
1790100479800,53.6502972,-3.0090100,4.13,98,-1.0,1.9
1790100479900,53.6502993,-3.0089930,4.07,98,-0.6,1.7
1790100480000,53.6502975,-3.0090000,4.22,98,-1.2,1.9
1790100480100,53.6503051,-3.0089911,4.29,98,-0.1,1.8
1790100480200,53.6502961,-3.0089913,4.26,98,-0.3,2.0
1790100480300,53.6503011,-3.0089856,4.28,98,-0.5,1.8
1790100480400,53.6503047,-3.0089927,4.22,98,-0.4,2.3
1790100480500,53.6503017,-3.0089809,4.11,98,0.2,1.6
1790100480600,53.6502951,-3.0089752,4.29,98,-0.2,1.8
1790100480700,53.6502995,-3.0089766,4.13,98,-0.3,2.0
1790100480800,53.6503027,-3.0089726,4.23,98,-0.7,2.0
1790100480900,53.6503001,-3.0089667,4.30,98,-0.7,2.0
1790100481000,53.6502947,-3.0089727,4.14,98,0.2,2.0
1790100481100,53.6502989,-3.0089664,4.28,98,-0.4,2.4
1790100481200,53.6502988,-3.0089555,4.14,98,-0.5,2.0
1790100481300,53.6502987,-3.0089501,4.06,98,0.1,2.1
1790100481400,53.6502994,-3.0089476,4.13,98,-0.5,2.5
1790100481500,53.6502913,-3.0089518,4.06,98,0.6,2.5
1790100481600,53.6502937,-3.0089396,4.25,98,-0.3,2.5
1790100481700,53.6502951,-3.0089504,4.06,98,0.3,2.1
1790100481800,53.6502957,-3.0089421,4.21,98,0.6,2.5
1790100481900,53.6502906,-3.0089393,4.10,98,-0.7,2.8
1790100482000,53.6502951,-3.0089404,4.23,98,-0.0,2.4
1790100482100,53.6502903,-3.0089365,4.05,98,0.1,2.3
1790100482200,53.6502962,-3.0089321,4.25,98,-0.2,2.9
1790100482300,53.6502975,-3.0089201,4.13,98,0.7,2.7
1790100482400,53.6502894,-3.0089224,4.14,98,-0.4,2.9
1790100482500,53.6502967,-3.0089198,4.12,98,0.6,3.1
1790100482600,53.6502952,-3.0089134,4.19,98,0.0,2.9
1790100482700,53.6502896,-3.0089090,4.18,98,0.1,2.6
1790100482800,53.6502905,-3.0089082,4.22,98,0.1,3.1
1790100482900,53.6502945,-3.0088995,4.18,98,-0.9,3.1
1790100483000,53.6502947,-3.0088940,4.13,98,0.6,3.3
1790100483100,53.6502877,-3.0089017,4.15,98,0.1,2.8
1790100483200,53.6502955,-3.0089025,4.26,98,-0.9,2.8
1790100483300,53.6502968,-3.0088976,4.09,98,-0.0,3.2
1790100483400,53.6502937,-3.0088886,4.25,98,-0.6,3.0
1790100483500,53.6502858,-3.0088773,4.20,98,-0.2,2.9
1790100483600,53.6502906,-3.0088907,4.15,98,0.1,3.5
1790100483700,53.6502959,-3.0088735,4.16,98,-1.1,3.7
1790100483800,53.6502934,-3.0088789,4.21,98,0.2,3.2
1790100483900,53.6502927,-3.0088809,4.10,98,0.3,3.7
1790100484000,53.6502929,-3.0088712,4.23,98,-0.8,3.5
1790100484100,53.6502946,-3.0088593,4.22,98,-1.0,3.5
1790100484200,53.6502855,-3.0088692,4.19,98,-0.9,3.3
1790100484300,53.6502941,-3.0088601,4.27,98,-0.6,3.8
1790100484400,53.6502879,-3.0088503,4.12,98,-0.2,3.6
1790100484500,53.6502919,-3.0088503,4.18,98,-0.7,4.0
1790100484600,53.6502869,-3.0088415,4.11,98,-0.6,3.4
1790100484700,53.6502910,-3.0088490,4.21,98,-1.1,4.2
1790100484800,53.6502887,-3.0088441,4.15,98,-1.6,3.6
1790100484900,53.6502874,-3.0088391,4.05,98,-0.5,4.2
1790100485000,53.6502867,-3.0088347,4.27,98,-1.8,4.0
1790100485100,53.6502857,-3.0088405,4.12,98,-1.5,4.0
1790100485200,53.6502884,-3.0088220,4.14,98,-0.6,3.9
1790100485300,53.6502880,-3.0088211,4.10,98,-1.7,3.8
1790100485400,53.6502811,-3.0088274,4.13,98,-1.9,4.1
1790100485500,53.6502895,-3.0088257,4.21,98,-1.6,4.3
1790100485600,53.6502810,-3.0088146,4.08,98,-2.2,4.0
1790100485700,53.6502836,-3.0088222,4.28,98,-1.9,4.3
1790100485800,53.6502801,-3.0088138,4.16,98,-1.7,4.5
1790100485900,53.6502845,-3.0088102,4.14,98,-1.1,3.9
1790100486000,53.6502860,-3.0088107,4.09,98,-1.8,4.1
1790100486100,53.6502842,-3.0087994,4.29,98,-1.9,3.8
1790100486200,53.6502868,-3.0087970,4.13,98,-1.7,4.1
1790100486300,53.6502864,-3.0087996,4.19,98,-2.6,4.5
1790100486400,53.6502816,-3.0087862,4.21,98,-2.2,4.3
1790100486500,53.6502879,-3.0087937,4.17,98,-2.2,4.2
1790100486600,53.6502798,-3.0087858,4.11,98,-1.6,4.2
1790100486700,53.6502781,-3.0087883,4.15,98,-2.2,4.3
1790100486800,53.6502824,-3.0087864,4.21,98,-3.0,4.1
1790100486900,53.6502767,-3.0087683,4.16,98,-3.0,3.9
1790100487000,53.6502797,-3.0087774,4.26,98,-3.2,3.8
1790100487100,53.6502846,-3.0087640,4.15,98,-2.1,3.9
1790100487200,53.6502812,-3.0087751,4.18,98,-2.9,3.9
1790100487300,53.6502780,-3.0087692,4.13,98,-2.2,3.9
1790100487400,53.6502843,-3.0087679,4.29,98,-3.5,4.3
1790100487500,53.6502752,-3.0087640,4.27,98,-2.8,3.8
1790100487600,53.6502748,-3.0087610,4.18,98,-3.1,3.7
1790100487700,53.6502811,-3.0087462,4.26,98,-2.7,3.9
1790100487800,53.6502744,-3.0087428,4.27,98,-3.4,3.9
1790100487900,53.6502824,-3.0087442,4.33,98,-3.2,3.7
1790100488000,53.6502818,-3.0087455,4.30,98,-3.0,3.8
1790100488100,53.6502814,-3.0087334,4.20,98,-4.2,3.9
1790100488200,53.6502791,-3.0087384,4.33,98,-3.4,4.3
1790100488300,53.6502741,-3.0087339,4.19,98,-3.6,3.6
1790100488400,53.6502805,-3.0087193,4.09,98,-3.5,4.0
1790100488500,53.6502772,-3.0087220,4.11,98,-3.6,3.4
1790100488600,53.6502743,-3.0087200,4.10,98,-4.1,3.5
1790100488700,53.6502735,-3.0087133,4.26,98,-4.4,3.9
1790100488800,53.6502745,-3.0087098,4.29,98,-4.1,3.6
1790100488900,53.6502789,-3.0087034,4.13,98,-3.4,3.9
1790100489000,53.6502717,-3.0086997,4.34,98,-3.4,3.2
1790100489100,53.6502768,-3.0086980,4.25,98,-4.4,3.6
1790100489200,53.6502811,-3.0087061,4.29,98,-3.6,3.9
1790100489300,53.6502703,-3.0087034,4.37,98,-4.8,3.5
1790100489400,53.6502756,-3.0087003,4.22,98,-4.4,3.5
1790100489500,53.6502698,-3.0086945,4.19,98,-4.5,3.2
1790100489600,53.6502759,-3.0086961,4.36,98,-4.9,3.2
1790100489700,53.6502790,-3.0086921,4.16,98,-4.4,3.3
1790100489800,53.6502730,-3.0086886,4.19,98,-4.7,3.2
1790100489900,53.6502792,-3.0086760,4.28,98,-5.1,2.8
1790100490000,53.6502695,-3.0086835,4.31,98,-4.3,3.3
1790100490100,53.6502716,-3.0086695,4.22,98,-3.9,2.9
1790100490200,53.6502729,-3.0086702,4.41,98,-4.1,3.0
1790100490300,53.6502762,-3.0086693,4.16,98,-4.5,3.0
1790100490400,53.6502679,-3.0086621,4.13,98,-5.3,2.8
1790100490500,53.6502760,-3.0086663,4.31,98,-4.1,2.5
1790100490600,53.6502699,-3.0086566,4.32,98,-4.4,2.6
1790100490700,53.6502681,-3.0086501,4.19,98,-4.4,3.0
1790100490800,53.6502749,-3.0086511,4.16,98,-4.2,2.9
1790100490900,53.6502704,-3.0086398,4.42,98,-4.4,2.5
1790100491000,53.6502677,-3.0086444,4.42,98,-4.4,2.6
1790100491100,53.6502713,-3.0086349,4.23,98,-4.8,2.8
1790100491200,53.6502688,-3.0086280,4.35,98,-5.2,2.4
1790100491300,53.6502702,-3.0086395,4.19,98,-4.3,2.2
1790100491400,53.6502709,-3.0086349,4.30,98,-4.3,2.7
1790100491500,53.6502741,-3.0086182,4.16,98,-5.5,2.1
1790100491600,53.6502719,-3.0086258,4.41,98,-4.3,2.5
1790100491700,53.6502686,-3.0086208,4.28,98,-5.5,2.1
1790100491800,53.6502712,-3.0086099,4.23,98,-5.0,2.4
1790100491900,53.6502734,-3.0086080,4.32,98,-5.3,2.0
1790100492000,53.6502729,-3.0086119,4.30,98,-5.1,1.9
1790100492100,53.6502702,-3.0086052,4.41,98,-4.3,2.5
1790100492200,53.6502631,-3.0085984,4.28,98,-5.1,1.9
1790100492300,53.6502713,-3.0085919,4.26,98,-5.3,1.7
1790100492400,53.6502646,-3.0085922,4.33,98,-4.8,2.0
1790100492500,53.6502704,-3.0086013,4.26,98,-5.5,2.4
1790100492600,53.6502660,-3.0085943,4.42,98,-4.5,1.9
1790100492700,53.6502677,-3.0085782,4.32,98,-4.5,1.7
1790100492800,53.6502645,-3.0085912,4.21,98,-4.7,1.9
1790100492900,53.6502612,-3.0085861,4.22,98,-5.5,1.5
1790100493000,53.6502656,-3.0085761,4.39,98,-5.3,2.0
1790100493100,53.6502687,-3.0085785,4.33,98,-5.2,2.2
1790100493200,53.6502661,-3.0085612,4.35,98,-5.1,2.2
1790100493300,53.6502632,-3.0085604,4.32,98,-4.5,1.6
1790100493400,53.6502622,-3.0085636,4.36,98,-4.0,2.2
1790100493500,53.6502661,-3.0085598,4.24,98,-5.0,1.7
1790100493600,53.6502681,-3.0085645,4.38,98,-3.9,1.8
1790100493700,53.6502625,-3.0085567,4.39,98,-4.3,1.9
1790100493800,53.6502579,-3.0085530,4.42,98,-4.3,1.6
1790100493900,53.6502649,-3.0085430,4.26,98,-4.6,2.0
1790100494000,53.6502615,-3.0085470,4.34,98,-4.7,1.9
1790100494100,53.6502661,-3.0085416,4.41,98,-4.0,2.1
1790100494200,53.6502654,-3.0085389,4.44,98,-4.7,1.7
1790100494300,53.6502626,-3.0085308,4.41,98,-3.8,2.2
1790100494400,53.6502657,-3.0085363,4.27,98,-3.4,1.6
1790100494500,53.6502586,-3.0085180,4.53,98,-4.4,1.6
1790100494600,53.6502646,-3.0085258,4.38,98,-4.6,2.0
1790100494700,53.6502590,-3.0085224,4.47,98,-3.3,1.7
1790100494800,53.6502636,-3.0085135,4.28,98,-4.6,2.2
1790100494900,53.6502633,-3.0085052,4.49,98,-3.2,2.0
1790100495000,53.6502608,-3.0085167,4.36,98,-3.2,1.9
1790100495100,53.6502618,-3.0085105,4.47,98,-3.3,1.8
1790100495200,53.6502547,-3.0084946,4.54,98,-2.9,2.4
1790100495300,53.6502619,-3.0084995,4.45,98,-3.5,2.3
1790100495400,53.6502631,-3.0084868,4.39,98,-3.3,2.0
1790100495500,53.6502586,-3.0084962,4.31,98,-3.3,1.9
1790100495600,53.6502528,-3.0084920,4.33,98,-3.8,2.5
1790100495700,53.6502600,-3.0084775,4.47,98,-2.5,2.3
1790100495800,53.6502562,-3.0084780,4.46,98,-3.7,2.2
1790100495900,53.6502568,-3.0084740,4.35,98,-3.4,2.2
1790100496000,53.6502540,-3.0084676,4.43,98,-3.4,2.6
1790100496100,53.6502617,-3.0084744,4.54,98,-2.7,2.5
1790100496200,53.6502601,-3.0084684,4.51,98,-3.0,2.7
1790100496300,53.6502546,-3.0084699,4.32,98,-2.9,2.0
1790100496400,53.6502567,-3.0084576,4.59,98,-2.2,2.8
1790100496500,53.6502595,-3.0084546,4.43,98,-3.1,2.5
1790100496600,53.6502519,-3.0084515,4.36,98,-1.9,2.7
1790100496700,53.6502575,-3.0084503,4.43,98,-1.7,3.0
1790100496800,53.6502572,-3.0084419,4.38,98,-2.8,2.4
1790100496900,53.6502585,-3.0084343,4.59,98,-2.2,2.8
1790100497000,53.6502576,-3.0084387,4.43,98,-1.9,2.7
1790100497100,53.6502546,-3.0084330,4.52,98,-1.6,2.6
1790100497200,53.6502485,-3.0084366,4.59,98,-2.2,2.9
1790100497300,53.6502562,-3.0084288,4.59,98,-1.8,2.9
1790100497400,53.6502527,-3.0084292,4.45,98,-2.4,2.7
1790100497500,53.6502538,-3.0084251,4.46,98,-2.4,2.7
1790100497600,53.6502550,-3.0084111,4.60,98,-2.1,3.1
1790100497700,53.6502500,-3.0084123,4.51,98,-1.1,2.9
1790100497800,53.6502481,-3.0084171,4.45,98,-1.5,3.4
1790100497900,53.6502489,-3.0084136,4.45,98,-0.8,3.2
1790100498000,53.6502524,-3.0084098,4.57,98,-1.5,3.2
1790100498100,53.6502464,-3.0084057,4.53,98,-1.9,3.3
1790100498200,53.6502485,-3.0083927,4.48,98,-1.4,3.7
1790100498300,53.6502525,-3.0083971,4.39,98,-1.4,3.3
1790100498400,53.6502471,-3.0083892,4.40,98,-1.5,3.7
1790100498500,53.6502463,-3.0083866,4.60,98,-0.5,3.3
1790100498600,53.6502528,-3.0083850,4.43,98,-1.5,3.7
1790100498700,53.6502491,-3.0083751,4.55,98,-1.6,3.9
1790100498800,53.6502481,-3.0083684,4.58,98,-0.5,3.9
1790100498900,53.6502502,-3.0083738,4.40,98,-0.6,3.8
1790100499000,53.6502496,-3.0083639,4.48,98,-0.3,3.8
1790100499100,53.6502530,-3.0083755,4.67,98,-0.2,3.9
1790100499200,53.6502446,-3.0083713,4.64,98,-1.0,3.6
1790100499300,53.6502514,-3.0083681,4.61,98,-0.5,4.1
1790100499400,53.6502490,-3.0083596,4.62,98,-0.1,4.0
1790100499500,53.6502515,-3.0083442,4.59,98,-0.4,3.7
1790100499600,53.6502464,-3.0083499,4.48,98,-0.3,4.2
1790100499700,53.6502444,-3.0083444,4.71,98,-0.7,4.0
1790100499800,53.6502407,-3.0083417,4.50,98,0.3,4.3
1790100499900,53.6502449,-3.0083368,4.58,98,0.3,4.2
1790100500000,53.6502489,-3.0083361,4.63,98,-0.5,4.3
1790100500100,53.6502435,-3.0083245,4.54,98,-0.6,4.2
1790100500200,53.6502488,-3.0083199,4.53,98,0.4,3.8
1790100500300,53.6502399,-3.0083279,4.58,98,0.4,4.3
1790100500400,53.6502468,-3.0083124,4.58,98,0.4,4.3
1790100500500,53.6502457,-3.0083232,4.68,98,-0.4,3.8
1790100500600,53.6502446,-3.0083126,4.57,98,-0.6,3.8
1790100500700,53.6502443,-3.0083104,4.63,98,-0.4,4.5
1790100500800,53.6502375,-3.0083050,4.72,98,-0.7,4.1
1790100500900,53.6502404,-3.0083036,4.73,98,0.3,4.3
1790100501000,53.6502432,-3.0082952,4.49,98,0.4,4.2
1790100501100,53.6502407,-3.0082924,4.72,98,-0.6,4.0
1790100501200,53.6502402,-3.0082890,4.64,98,0.6,4.3
1790100501300,53.6502387,-3.0082825,4.65,98,0.1,4.1
1790100501400,53.6502391,-3.0082863,4.72,98,0.1,4.4
1790100501500,53.6502414,-3.0082784,4.61,98,0.4,4.4
1790100501600,53.6502396,-3.0082695,4.61,98,-0.1,3.9
1790100501700,53.6502363,-3.0082740,4.63,98,0.4,4.2
1790100501800,53.6502372,-3.0082644,4.55,98,-0.4,4.2
1790100501900,53.6502409,-3.0082629,4.54,98,0.6,4.4
1790100502000,53.6502383,-3.0082675,4.52,98,-0.0,4.4
1790100502100,53.6502440,-3.0082666,4.72,98,0.0,3.8
1790100502200,53.6502334,-3.0082528,4.74,98,-0.7,3.8
1790100502300,53.6502392,-3.0082483,4.75,98,-0.3,3.9
1790100502400,53.6502361,-3.0082464,4.72,98,-0.8,3.6
1790100502500,53.6502380,-3.0082495,4.61,98,-0.9,3.9
1790100502600,53.6502362,-3.0082364,4.73,98,-0.6,4.3
1790100502700,53.6502405,-3.0082430,4.64,98,-0.4,3.9
1790100502800,53.6502395,-3.0082298,4.63,98,-0.7,4.2
1790100502900,53.6502349,-3.0082296,4.53,98,-1.0,3.5
1790100503000,53.6502406,-3.0082284,4.65,98,-0.7,3.8
1790100503100,53.6502337,-3.0082315,4.76,98,0.2,3.6
1790100503200,53.6502358,-3.0082172,4.76,98,-0.1,3.9
1790100503300,53.6502358,-3.0082227,4.58,98,0.2,3.3
1790100503400,53.6502352,-3.0082099,4.60,98,-0.2,4.0
1790100503500,53.6502301,-3.0082050,4.65,98,-0.8,3.7
1790100503600,53.6502370,-3.0081968,4.78,98,-0.3,3.7
1790100503700,53.6502380,-3.0082063,4.57,98,-0.6,3.8
1790100503800,53.6502315,-3.0081963,4.61,98,-1.2,3.7
1790100503900,53.6502288,-3.0081913,4.73,98,-0.5,3.4
1790100504000,53.6502344,-3.0082003,4.58,98,-1.0,3.6
1790100504100,53.6502353,-3.0081941,4.79,98,-0.7,3.2
1790100504200,53.6502377,-3.0081786,4.65,98,-1.6,3.2
1790100504300,53.6502303,-3.0081728,4.81,98,-1.3,3.6
1790100504400,53.6502341,-3.0081774,4.79,98,-1.5,3.1
1790100504500,53.6502292,-3.0081811,4.77,98,-0.7,3.3
1790100504600,53.6502277,-3.0081653,4.67,98,-1.9,2.9
1790100504700,53.6502329,-3.0081699,4.70,98,-1.4,3.1
1790100504800,53.6502282,-3.0081585,4.84,98,-0.9,3.3
1790100504900,53.6502356,-3.0081625,4.81,98,-1.7,2.9
1790100505000,53.6502292,-3.0081516,4.78,98,-1.5,3.1
1790100505100,53.6502274,-3.0081471,4.79,98,-2.1,2.9
1790100505200,53.6502315,-3.0081459,4.62,98,-2.3,3.1
1790100505300,53.6502294,-3.0081524,4.63,98,-1.1,2.6
1790100505400,53.6502241,-3.0081384,4.83,98,-2.1,2.4
1790100505500,53.6502285,-3.0081300,4.66,98,-1.2,2.6
1790100505600,53.6502249,-3.0081357,4.84,98,-2.6,2.7
1790100505700,53.6502316,-3.0081231,4.73,98,-2.5,2.4
1790100505800,53.6502246,-3.0081332,4.78,98,-2.3,2.1
1790100505900,53.6502319,-3.0081184,4.60,98,-1.7,2.3
1790100506000,53.6502267,-3.0081190,4.63,98,-2.9,2.7
1790100506100,53.6502267,-3.0081199,4.66,98,-2.6,2.3
1790100506200,53.6502267,-3.0081082,4.80,98,-2.2,2.4
1790100506300,53.6502317,-3.0081007,4.62,98,-3.2,2.6
1790100506400,53.6502290,-3.0081041,4.72,98,-3.1,2.4
1790100506500,53.6502205,-3.0081034,4.82,98,-2.6,2.4
1790100506600,53.6502214,-3.0080966,4.63,98,-2.6,1.8
1790100506700,53.6502223,-3.0080843,4.83,98,-2.8,2.4
1790100506800,53.6502206,-3.0080816,4.69,98,-3.1,1.7
1790100506900,53.6502256,-3.0080817,4.82,98,-3.3,1.6
1790100507000,53.6502265,-3.0080775,4.79,98,-3.8,1.7
1790100507100,53.6502200,-3.0080794,4.67,98,-3.4,1.7
1790100507200,53.6502241,-3.0080800,4.82,98,-3.5,2.0
1790100507300,53.6502241,-3.0080633,4.78,98,-2.7,2.2
1790100507400,53.6502181,-3.0080609,4.82,98,-3.9,1.8
1790100507500,53.6502214,-3.0080723,4.74,98,-3.9,1.5
1790100507600,53.6502229,-3.0080674,4.71,98,-3.7,2.1
1790100507700,53.6502265,-3.0080592,4.61,98,-4.0,1.7
1790100507800,53.6502225,-3.0080531,4.75,98,-3.8,2.1
1790100507900,53.6502225,-3.0080434,4.73,98,-3.6,1.9
1790100508000,53.6502225,-3.0080371,4.69,98,-3.8,1.7
1790100508100,53.6502168,-3.0080367,4.76,98,-4.4,1.6
1790100508200,53.6502157,-3.0080340,4.67,98,-4.4,1.4
1790100508300,53.6502180,-3.0080403,4.82,98,-3.4,1.6
1790100508400,53.6502163,-3.0080292,4.77,98,-4.8,1.7
1790100508500,53.6502246,-3.0080242,4.63,98,-4.5,2.1
1790100508600,53.6502227,-3.0080242,4.80,98,-4.6,1.9
1790100508700,53.6502137,-3.0080187,4.85,98,-4.5,1.8
1790100508800,53.6502209,-3.0080108,4.86,98,-4.3,2.1
1790100508900,53.6502165,-3.0080078,4.72,98,-4.8,1.9
1790100509000,53.6502133,-3.0080099,4.64,98,-4.2,2.2
1790100509100,53.6502154,-3.0080130,4.86,98,-4.3,2.0
1790100509200,53.6502138,-3.0080068,4.73,98,-4.9,1.5
1790100509300,53.6502211,-3.0079904,4.91,98,-5.2,2.2
1790100509400,53.6502119,-3.0080003,4.80,98,-4.6,2.1
1790100509500,53.6502133,-3.0079898,4.76,98,-4.2,1.7
1790100509600,53.6502158,-3.0079951,4.70,98,-4.8,1.7
1790100509700,53.6502169,-3.0079841,4.77,98,-5.4,2.2
1790100509800,53.6502187,-3.0079698,4.88,98,-4.2,2.1
1790100509900,53.6502169,-3.0079774,4.92,98,-4.7,2.2
1790100510000,53.6502137,-3.0079684,4.81,98,-4.7,2.4
1790100510100,53.6502143,-3.0079641,4.93,98,-4.5,2.2
1790100510200,53.6502173,-3.0079549,4.77,98,-5.2,2.1
1790100510300,53.6502134,-3.0079617,4.64,98,-5.4,2.4
1790100510400,53.6502111,-3.0079642,4.81,98,-4.7,2.0
1790100510500,53.6502104,-3.0079463,4.78,98,-5.5,2.0
1790100510600,53.6502134,-3.0079500,4.89,98,-5.6,2.4
1790100510700,53.6502082,-3.0079493,4.68,98,-4.4,2.5
1790100510800,53.6502155,-3.0079386,4.74,98,-5.1,2.5
1790100510900,53.6502082,-3.0079399,4.75,98,-4.4,2.7
1790100511000,53.6502105,-3.0079293,4.82,98,-4.3,2.2
1790100511100,53.6502067,-3.0079355,4.77,98,-5.3,2.7
1790100511200,53.6502151,-3.0079222,4.68,98,-4.7,2.2
1790100511300,53.6502142,-3.0079180,4.85,98,-5.6,2.4
1790100511400,53.6502156,-3.0079232,4.86,98,-5.1,2.6
1790100511500,53.6502119,-3.0079088,4.93,98,-5.4,3.0
1790100511600,53.6502123,-3.0079108,4.76,98,-5.3,3.0
1790100511700,53.6502086,-3.0079039,4.89,98,-4.3,3.2
1790100511800,53.6502107,-3.0079133,4.67,98,-5.1,3.1
1790100511900,53.6502051,-3.0079045,4.67,98,-5.5,2.6
1790100512000,53.6502095,-3.0078886,4.86,98,-5.4,2.8
1790100512100,53.6502039,-3.0078916,4.73,98,-4.4,3.0
1790100512200,53.6502044,-3.0078933,4.86,98,-4.7,2.9
1790100512300,53.6502131,-3.0078816,4.67,98,-4.9,3.6
1790100512400,53.6502102,-3.0078864,4.81,98,-5.1,3.2
1790100512500,53.6502060,-3.0078699,4.67,98,-4.9,3.3
1790100512600,53.6502041,-3.0078811,4.70,98,-5.3,3.2
1790100512700,53.6502022,-3.0078683,4.76,98,-4.6,3.3
1790100512800,53.6502111,-3.0078760,4.77,98,-5.3,3.8
1790100512900,53.6502077,-3.0078577,4.83,98,-5.0,3.2
1790100513000,53.6502073,-3.0078581,4.72,98,-5.1,3.6
1790100513100,53.6502068,-3.0078518,4.79,98,-4.6,3.5
1790100513200,53.6501998,-3.0078612,4.74,98,-4.9,3.3
1790100513300,53.6502071,-3.0078443,4.76,98,-4.2,3.5
1790100513400,53.6502083,-3.0078417,4.81,98,-4.6,4.1
1790100513500,53.6502081,-3.0078411,4.76,98,-4.3,3.9
1790100513600,53.6502038,-3.0078472,4.66,98,-3.8,3.8
1790100513700,53.6502029,-3.0078393,4.63,98,-4.6,3.6
1790100513800,53.6502004,-3.0078319,4.74,98,-4.1,4.3
1790100513900,53.6502039,-3.0078293,4.63,98,-4.2,4.3
1790100514000,53.6501989,-3.0078196,4.73,98,-3.4,4.3
1790100514100,53.6502002,-3.0078268,4.73,98,-4.6,4.4
1790100514200,53.6501985,-3.0078193,4.79,98,-3.7,3.7
1790100514300,53.6502041,-3.0078070,4.63,98,-3.9,4.4
1790100514400,53.6501968,-3.0078127,4.80,98,-3.2,4.3
1790100514500,53.6501967,-3.0077979,4.67,98,-4.1,4.3
1790100514600,53.6501955,-3.0078025,4.88,98,-3.6,3.8
1790100514700,53.6502001,-3.0077923,4.64,98,-4.1,4.4
1790100514800,53.6502029,-3.0077972,4.78,98,-3.5,4.4
1790100514900,53.6501998,-3.0077857,4.87,98,-3.6,4.1
1790100515000,53.6502004,-3.0077913,4.84,98,-3.9,4.5
1790100515100,53.6502031,-3.0077773,4.84,98,-3.8,4.0
1790100515200,53.6502036,-3.0077814,4.80,98,-3.6,4.0
1790100515300,53.6502021,-3.0077768,4.73,98,-2.4,4.0
1790100515400,53.6501979,-3.0077662,4.80,98,-3.0,3.9
1790100515500,53.6501936,-3.0077730,4.71,98,-2.6,4.3
1790100515600,53.6502001,-3.0077636,4.74,98,-2.4,4.5
1790100515700,53.6501949,-3.0077579,4.78,98,-2.8,4.5
1790100515800,53.6501943,-3.0077541,4.82,98,-2.1,4.5
1790100515900,53.6501978,-3.0077572,4.69,98,-2.2,4.3
1790100516000,53.6501985,-3.0077483,4.78,98,-1.9,4.0
1790100516100,53.6502008,-3.0077454,4.64,98,-3.1,4.3
1790100516200,53.6501992,-3.0077345,4.79,98,-2.7,4.1
1790100516300,53.6501963,-3.0077348,4.70,98,-1.8,4.4
1790100516400,53.6501992,-3.0077396,4.71,98,-2.5,4.1
1790100516500,53.6501999,-3.0077252,4.69,98,-1.9,4.2
1790100516600,53.6501969,-3.0077213,4.61,98,-2.1,4.4
1790100516700,53.6501898,-3.0077278,4.64,98,-1.6,4.0
1790100516800,53.6501899,-3.0077282,4.61,98,-2.3,3.9
1790100516900,53.6501978,-3.0077228,4.56,98,-2.2,4.3
1790100517000,53.6501910,-3.0077078,4.79,98,-2.3,3.7
1790100517100,53.6501950,-3.0077145,4.68,98,-1.1,4.2
1790100517200,53.6501976,-3.0077011,4.82,98,-1.7,3.9
1790100517300,53.6501906,-3.0076976,4.81,98,-0.8,3.6
1790100517400,53.6501967,-3.0077084,4.64,98,-1.7,4.1
1790100517500,53.6501904,-3.0076883,4.66,98,-1.2,3.6
1790100517600,53.6501925,-3.0076841,4.57,98,-1.6,3.5
1790100517700,53.6501954,-3.0076960,4.67,98,-1.3,4.1
1790100517800,53.6501874,-3.0076908,4.65,98,-1.6,3.3
1790100517900,53.6501923,-3.0076743,4.60,98,-1.4,3.6
1790100518000,53.6501920,-3.0076804,4.81,98,-1.6,3.2
1790100518100,53.6501947,-3.0076832,4.79,98,-1.7,3.7
1790100518200,53.6501911,-3.0076629,4.78,98,-0.9,3.5
1790100518300,53.6501932,-3.0076725,4.73,98,-0.1,3.1
1790100518400,53.6501922,-3.0076621,4.66,98,-0.4,3.3
1790100518500,53.6501913,-3.0076687,4.59,98,-0.7,3.2
1790100518600,53.6501936,-3.0076621,4.65,98,-0.9,3.2
1790100518700,53.6501834,-3.0076439,4.54,98,0.1,3.4
1790100518800,53.6501869,-3.0076438,4.65,98,0.0,3.2
1790100518900,53.6501859,-3.0076462,4.56,98,-0.2,3.2
1790100519000,53.6501879,-3.0076399,4.59,98,-0.4,2.7
1790100519100,53.6501883,-3.0076417,4.70,98,-0.8,2.9
1790100519200,53.6501871,-3.0076336,4.55,98,0.1,2.9
1790100519300,53.6501848,-3.0076227,4.64,98,-0.3,2.5
1790100519400,53.6501825,-3.0076328,4.53,98,-0.6,2.5
1790100519500,53.6501814,-3.0076196,4.66,98,-0.6,2.5
1790100519600,53.6501822,-3.0076128,4.77,98,-0.8,2.6
1790100519700,53.6501829,-3.0076260,4.68,98,0.4,2.4
1790100519800,53.6501871,-3.0076190,4.77,98,-0.7,2.5
1790100519900,53.6501902,-3.0076182,4.64,98,-0.7,2.9
1790100520000,53.6501811,-3.0076106,4.55,98,0.1,2.6
1790100520100,53.6501846,-3.0076021,4.73,98,0.2,2.7
1790100520200,53.6501850,-3.0076035,4.56,98,0.0,2.3
1790100520300,53.6501795,-3.0075915,4.70,98,-0.4,2.6
1790100520400,53.6501801,-3.0075862,4.63,98,-0.5,2.5
1790100520500,53.6501855,-3.0075854,4.77,98,-0.2,2.7
1790100520600,53.6501872,-3.0075780,4.55,98,0.2,2.3
1790100520700,53.6501853,-3.0075842,4.69,98,-0.3,2.3
1790100520800,53.6501864,-3.0075819,4.57,98,-0.6,2.3
1790100520900,53.6501838,-3.0075768,4.48,98,0.7,1.8
1790100521000,53.6501838,-3.0075637,4.72,98,0.3,2.3
1790100521100,53.6501817,-3.0075726,4.47,98,-0.7,2.0
1790100521200,53.6501780,-3.0075608,4.71,98,-0.4,2.0
1790100521300,53.6501757,-3.0075687,4.71,98,-0.4,1.9
1790100521400,53.6501821,-3.0075478,4.71,98,-0.7,2.2
1790100521500,53.6501776,-3.0075486,4.45,98,-0.3,2.0
1790100521600,53.6501822,-3.0075458,4.70,98,-0.8,2.0
1790100521700,53.6501822,-3.0075409,4.57,98,0.2,2.1
1790100521800,53.6501780,-3.0075476,4.70,98,-0.8,1.9
1790100521900,53.6501752,-3.0075394,4.42,98,-0.7,2.0
1790100522000,53.6501753,-3.0075260,4.44,98,0.2,1.8
1790100522100,53.6501831,-3.0075363,4.67,98,0.1,1.9
1790100522200,53.6501735,-3.0075202,4.53,98,-0.7,1.5
1790100522300,53.6501761,-3.0075222,4.61,98,-0.3,2.1
1790100522400,53.6501780,-3.0075169,4.54,98,0.0,1.9
1790100522500,53.6501720,-3.0075121,4.44,98,-0.4,1.5
1790100522600,53.6501794,-3.0075092,4.50,98,-0.8,1.4
1790100522700,53.6501728,-3.0075148,4.59,98,-0.8,1.6
1790100522800,53.6501806,-3.0075114,4.54,98,-0.4,2.0
1790100522900,53.6501797,-3.0074990,4.57,98,-0.7,2.0
1790100523000,53.6501703,-3.0074951,4.64,98,-0.2,1.9
1790100523100,53.6501783,-3.0074950,4.38,98,-0.0,1.9
1790100523200,53.6501727,-3.0074976,4.46,98,-0.9,2.2
1790100523300,53.6501723,-3.0074850,4.58,98,-0.2,2.1
1790100523400,53.6501716,-3.0074788,4.42,98,-1.5,1.5
1790100523500,53.6501746,-3.0074801,4.48,98,-1.3,1.7
1790100523600,53.6501709,-3.0074712,4.53,98,-1.5,1.6
1790100523700,53.6501698,-3.0074694,4.55,98,-0.6,1.5
1790100523800,53.6501743,-3.0074733,4.56,98,-1.7,1.8
1790100523900,53.6501745,-3.0074619,4.44,98,-0.6,1.9
1790100524000,53.6501775,-3.0074624,4.58,98,-1.4,2.0
1790100524100,53.6501746,-3.0074540,4.58,98,-1.6,1.8
1790100524200,53.6501704,-3.0074613,4.64,98,-1.6,2.2
1790100524300,53.6501766,-3.0074485,4.51,98,-1.5,2.2
1790100524400,53.6501685,-3.0074559,4.45,98,-1.2,1.8
1790100524500,53.6501716,-3.0074432,4.38,98,-1.3,2.1
1790100524600,53.6501713,-3.0074395,4.54,98,-2.3,2.4
1790100524700,53.6501732,-3.0074444,4.37,98,-1.5,2.1
1790100524800,53.6501655,-3.0074337,4.53,98,-1.3,2.2
1790100524900,53.6501719,-3.0074415,4.36,98,-1.8,2.4
1790100525000,53.6501727,-3.0074355,4.32,98,-2.5,2.3
1790100525100,53.6501672,-3.0074333,4.53,98,-2.6,2.4
1790100525200,53.6501703,-3.0074248,4.38,98,-2.4,2.4
1790100525300,53.6501653,-3.0074159,4.49,98,-2.5,2.5
1790100525400,53.6501715,-3.0074175,4.45,98,-1.8,2.5
1790100525500,53.6501641,-3.0074070,4.58,98,-2.5,2.9
1790100525600,53.6501672,-3.0074033,4.50,98,-2.7,2.5
1790100525700,53.6501683,-3.0074087,4.49,98,-2.2,2.8
1790100525800,53.6501706,-3.0073939,4.32,98,-2.8,3.0
1790100525900,53.6501644,-3.0073936,4.55,98,-2.8,2.7
1790100526000,53.6501655,-3.0074021,4.29,98,-3.0,2.4
1790100526100,53.6501698,-3.0073977,4.44,98,-2.5,3.0
1790100526200,53.6501700,-3.0073842,4.50,98,-2.8,2.9
1790100526300,53.6501623,-3.0073828,4.41,98,-2.2,3.2
1790100526400,53.6501638,-3.0073888,4.49,98,-3.3,2.7
1790100526500,53.6501638,-3.0073820,2.40,142,-1.3,2.7
1790100526600,53.6501688,-3.0073803,2.43,142,-0.7,2.8
1790100526700,53.6501639,-3.0073697,2.52,142,-1.2,3.5
1790100526800,53.6501587,-3.0073778,2.53,142,-0.5,3.3
1790100526900,53.6501627,-3.0073737,2.50,142,-0.2,3.4
1790100527000,53.6501620,-3.0073661,2.60,142,-0.2,3.5
1790100527100,53.6501644,-3.0073664,2.60,142,-0.8,3.1
1790100527200,53.6501569,-3.0073677,2.58,142,-1.2,3.1
1790100527300,53.6501614,-3.0073701,2.59,142,-0.3,3.5
1790100527400,53.6501591,-3.0073672,2.63,142,-0.6,3.4
1790100527500,53.6501516,-3.0073677,2.64,142,-1.1,3.7
1790100527600,53.6501546,-3.0073623,2.66,142,-1.1,3.3
1790100527700,53.6501557,-3.0073635,2.62,142,-1.1,3.9
1790100527800,53.6501505,-3.0073562,2.66,142,-1.0,3.9
1790100527900,53.6501567,-3.0073557,2.74,142,-1.1,3.6
1790100528000,53.6501540,-3.0073629,2.81,142,-0.7,3.7
1790100528100,53.6501498,-3.0073577,2.79,142,-1.2,4.0
1790100528200,53.6501527,-3.0073521,2.85,142,-1.7,3.6
1790100528300,53.6501428,-3.0073607,2.77,142,-1.5,4.1
1790100528400,53.6501476,-3.0073548,2.90,142,-1.0,3.9
1790100528500,53.6501491,-3.0073636,2.86,142,-1.3,3.9
1790100528600,53.6501405,-3.0073495,2.86,142,-2.1,3.8
1790100528700,53.6501425,-3.0073595,2.86,142,-1.0,3.8
1790100528800,53.6501462,-3.0073487,3.00,142,-1.8,3.8
1790100528900,53.6501381,-3.0073519,2.93,142,-1.2,4.1
1790100529000,53.6501354,-3.0073398,2.92,142,-0.9,3.9
1790100529100,53.6501375,-3.0073545,2.92,142,-1.4,4.3
1790100529200,53.6501406,-3.0073520,2.96,142,-2.0,4.5
1790100529300,53.6501323,-3.0073372,3.06,142,-1.7,4.4
1790100529400,53.6501365,-3.0073468,3.16,142,-1.1,4.5
1790100529500,53.6501384,-3.0073360,3.02,142,-1.4,4.2
1790100529600,53.6501309,-3.0073366,3.18,142,-1.9,3.8
1790100529700,53.6501369,-3.0073416,3.15,142,-1.8,4.5
1790100529800,53.6501333,-3.0073321,3.16,142,-1.8,4.0
1790100529900,53.6501332,-3.0073424,3.19,142,-1.4,4.0
1790100530000,53.6501274,-3.0073245,3.30,142,-1.4,4.5
1790100530100,53.6501281,-3.0073270,3.31,142,-1.1,3.9
1790100530200,53.6501239,-3.0073305,3.32,142,-1.8,4.0
1790100530300,53.6501290,-3.0073307,3.35,142,-1.9,4.6
1790100530400,53.6501285,-3.0073342,3.33,142,-1.5,4.2
1790100530500,53.6501249,-3.0073179,3.23,142,-1.0,4.1
1790100530600,53.6501207,-3.0073168,3.41,142,-0.8,4.4
1790100530700,53.6501227,-3.0073163,3.35,142,-1.0,3.8
1790100530800,53.6501172,-3.0073130,3.30,142,-1.3,3.9
1790100530900,53.6501202,-3.0073127,3.40,142,-0.4,3.9
1790100531000,53.6501191,-3.0073185,3.40,142,-1.1,3.8
1790100531100,53.6501198,-3.0073245,3.36,142,-0.5,3.9
1790100531200,53.6501132,-3.0073089,3.52,142,-0.4,4.4
1790100531300,53.6501182,-3.0073210,3.39,142,-0.3,3.9
1790100531400,53.6501065,-3.0073176,3.56,142,-0.4,3.8
1790100531500,53.6501065,-3.0073044,3.60,142,-0.7,4.1
1790100531600,53.6501092,-3.0073125,3.54,142,-1.3,3.8
1790100531700,53.6501088,-3.0073063,3.52,142,-1.3,4.0
1790100531800,53.6501112,-3.0073004,3.58,142,-1.4,3.6
1790100531900,53.6501022,-3.0072983,3.66,142,-0.8,3.7
1790100532000,53.6501020,-3.0073006,3.73,142,-1.2,3.6
1790100532100,53.6500989,-3.0072934,3.79,142,-0.6,3.4
1790100532200,53.6501048,-3.0073027,3.70,142,-1.0,3.4
1790100532300,53.6500949,-3.0072898,3.64,142,0.3,3.7
1790100532400,53.6500954,-3.0072933,3.76,142,-0.4,3.9
1790100532500,53.6500944,-3.0073004,3.75,142,-0.3,3.2
1790100532600,53.6500966,-3.0072806,3.78,142,-0.2,3.4
1790100532700,53.6500959,-3.0072953,3.79,142,-0.5,3.1
1790100532800,53.6500948,-3.0072866,3.74,142,0.1,3.3
1790100532900,53.6500965,-3.0072909,3.95,142,0.4,3.1
1790100533000,53.6500886,-3.0072863,3.83,142,0.7,2.9
1790100533100,53.6500887,-3.0072874,3.81,142,-0.4,3.6
1790100533200,53.6500895,-3.0072732,3.81,142,0.2,3.1
1790100533300,53.6500812,-3.0072724,3.90,142,1.1,3.2
1790100533400,53.6500792,-3.0072834,4.01,142,1.3,3.0
1790100533500,53.6500869,-3.0072809,4.02,142,0.4,3.1
1790100533600,53.6500825,-3.0072794,4.10,142,0.5,2.6
1790100533700,53.6500754,-3.0072701,3.91,142,1.1,2.6
1790100533800,53.6500836,-3.0072638,3.92,142,0.9,2.6
1790100533900,53.6500751,-3.0072628,3.95,142,0.4,2.5
1790100534000,53.6500798,-3.0072567,4.01,142,1.1,2.4
1790100534100,53.6500736,-3.0072528,4.17,142,0.9,3.0
1790100534200,53.6500766,-3.0072564,4.04,142,1.8,2.6
1790100534300,53.6500725,-3.0072508,4.16,142,1.7,3.0
1790100534400,53.6500667,-3.0072578,4.17,142,2.3,2.5
1790100534500,53.6500686,-3.0072601,4.17,142,1.7,2.4
1790100534600,53.6500714,-3.0072462,4.09,142,2.2,2.4
1790100534700,53.6500617,-3.0072523,4.16,142,1.8,2.8
1790100534800,53.6500646,-3.0072516,4.08,142,1.2,2.1
1790100534900,53.6500633,-3.0072400,4.13,142,1.5,2.6
1790100535000,53.6500578,-3.0072441,4.19,142,2.8,2.6
1790100535100,53.6500634,-3.0072394,4.30,142,2.4,2.2
1790100535200,53.6500565,-3.0072344,4.28,142,2.2,2.3
1790100535300,53.6500546,-3.0072364,4.03,142,1.7,2.0
1790100535400,53.6500523,-3.0072419,4.09,142,2.3,2.2
1790100535500,53.6500492,-3.0072329,4.29,142,2.7,1.9
1790100535600,53.6500553,-3.0072317,4.11,142,2.2,2.3
1790100535700,53.6500505,-3.0072278,4.19,142,3.1,1.7
1790100535800,53.6500458,-3.0072194,4.27,142,3.4,1.7
1790100535900,53.6500491,-3.0072219,4.05,142,2.8,1.9
1790100536000,53.6500475,-3.0072314,4.16,142,3.0,2.3
1790100536100,53.6500482,-3.0072273,4.16,142,2.3,2.0
1790100536200,53.6500439,-3.0072259,4.19,142,2.9,1.8
1790100536300,53.6500411,-3.0072250,4.05,142,3.6,2.2
1790100536400,53.6500444,-3.0072180,4.29,142,3.1,2.1
1790100536500,53.6500332,-3.0072179,4.28,142,3.6,1.5
1790100536600,53.6500319,-3.0072092,4.28,142,4.0,2.0
1790100536700,53.6500388,-3.0072014,4.17,142,3.1,1.9
1790100536800,53.6500355,-3.0071996,4.14,142,3.7,1.5
1790100536900,53.6500340,-3.0072131,4.11,142,4.3,1.6
1790100537000,53.6500355,-3.0072100,4.26,142,3.0,2.0
1790100537100,53.6500249,-3.0071998,4.11,142,4.3,1.9
1790100537200,53.6500224,-3.0071931,4.17,142,4.5,1.7
1790100537300,53.6500204,-3.0071899,4.28,142,4.1,1.5
1790100537400,53.6500214,-3.0071938,4.13,142,4.1,1.6
1790100537500,53.6500258,-3.0071932,4.09,142,3.5,1.8
1790100537600,53.6500159,-3.0071909,4.11,142,4.7,1.5
1790100537700,53.6500206,-3.0071963,4.10,142,3.7,1.6
1790100537800,53.6500223,-3.0071860,4.26,142,4.0,1.9
1790100537900,53.6500202,-3.0071800,4.20,142,4.9,1.8
1790100538000,53.6500103,-3.0071760,4.26,142,3.6,1.9
1790100538100,53.6500091,-3.0071818,4.26,142,4.9,2.0
1790100538200,53.6500103,-3.0071715,4.20,142,4.2,2.1
1790100538300,53.6500079,-3.0071783,4.20,142,4.9,1.8
1790100538400,53.6500079,-3.0071776,4.23,142,3.8,1.9
1790100538500,53.6500109,-3.0071687,4.13,142,4.5,1.6
1790100538600,53.6500056,-3.0071678,4.08,142,4.3,1.9
1790100538700,53.6500061,-3.0071671,4.04,142,3.9,2.4
1790100538800,53.6500079,-3.0071610,4.03,142,5.2,1.7
1790100538900,53.6500027,-3.0071575,4.06,142,5.0,2.0
1790100539000,53.6499948,-3.0071595,4.23,142,5.2,2.2
1790100539100,53.6500031,-3.0071696,4.04,142,4.6,2.0
1790100539200,53.6500014,-3.0071649,4.06,142,4.8,1.9
1790100539300,53.6500005,-3.0071563,4.19,142,4.5,2.1
1790100539400,53.6499936,-3.0071567,4.24,142,5.1,2.4
1790100539500,53.6499891,-3.0071508,4.10,142,4.3,2.2
1790100539600,53.6499889,-3.0071589,4.20,142,5.5,2.2
1790100539700,53.6499903,-3.0071430,4.09,142,5.6,2.6
1790100539800,53.6499902,-3.0071518,4.23,142,5.6,2.5
1790100539900,53.6499853,-3.0071398,4.03,142,5.4,2.1
1790100540000,53.6499823,-3.0071417,4.11,142,5.0,2.5
1790100540100,53.6499835,-3.0071354,4.16,142,4.4,2.5
1790100540200,53.6499805,-3.0071348,4.24,142,5.2,2.4
1790100540300,53.6499773,-3.0071324,4.21,142,4.8,2.8
1790100540400,53.6499771,-3.0071421,4.11,142,5.6,3.0
1790100540500,53.6499782,-3.0071257,4.03,142,5.7,2.5
1790100540600,53.6499752,-3.0071406,4.26,142,5.0,3.2
1790100540700,53.6499792,-3.0071378,4.18,142,5.1,2.7
1790100540800,53.6499732,-3.0071248,4.17,142,4.4,2.7
1790100540900,53.6499708,-3.0071314,4.09,142,5.4,3.2
1790100541000,53.6499656,-3.0071236,4.26,142,4.4,3.1
1790100541100,53.6499695,-3.0071222,4.24,142,5.7,3.4
1790100541200,53.6499677,-3.0071217,4.07,142,4.8,2.8
1790100541300,53.6499663,-3.0071133,4.14,142,4.8,3.5
1790100541400,53.6499660,-3.0071097,4.15,142,5.3,3.6
1790100541500,53.6499649,-3.0071078,4.08,142,5.6,3.4
1790100541600,53.6499578,-3.0071058,4.18,142,4.3,3.4
1790100541700,53.6499642,-3.0071162,4.14,142,5.2,3.1
1790100541800,53.6499536,-3.0071071,4.20,142,4.7,3.6
1790100541900,53.6499612,-3.0071120,4.13,142,4.2,3.7
1790100542000,53.6499554,-3.0071066,4.16,142,5.3,4.0
1790100542100,53.6499494,-3.0071044,4.26,142,5.1,3.5
1790100542200,53.6499566,-3.0070992,4.28,142,5.2,3.9
1790100542300,53.6499504,-3.0071016,4.15,142,4.7,3.8
1790100542400,53.6499488,-3.0070909,4.22,142,5.1,3.7
1790100542500,53.6499446,-3.0071020,4.25,142,3.7,3.9
1790100542600,53.6499485,-3.0070884,4.24,142,4.7,4.0
1790100542700,53.6499479,-3.0070807,4.06,142,4.0,4.0
1790100542800,53.6499393,-3.0070787,4.06,142,3.7,4.0
1790100542900,53.6499447,-3.0070932,4.29,142,3.8,4.3
1790100543000,53.6499381,-3.0070879,4.25,142,4.0,3.9
1790100543100,53.6499397,-3.0070882,4.16,142,3.9,3.7
1790100543200,53.6499319,-3.0070825,4.06,142,3.8,4.3
1790100543300,53.6499390,-3.0070766,4.20,142,3.8,4.0
1790100543400,53.6499384,-3.0070830,4.18,142,4.4,4.2
1790100543500,53.6499280,-3.0070823,4.31,142,4.4,4.2
1790100543600,53.6499286,-3.0070715,4.07,142,3.9,3.9
1790100543700,53.6499254,-3.0070735,4.14,142,3.9,4.3
1790100543800,53.6499242,-3.0070669,4.05,142,3.7,4.1
1790100543900,53.6499213,-3.0070724,4.07,142,3.1,4.5
1790100544000,53.6499276,-3.0070604,4.28,142,3.0,4.6
1790100544100,53.6499270,-3.0070581,4.18,142,2.9,3.8
1790100544200,53.6499210,-3.0070544,4.19,142,2.7,4.2
1790100544300,53.6499142,-3.0070661,4.16,142,2.7,4.5
1790100544400,53.6499225,-3.0070531,4.13,142,3.2,4.0
1790100544500,53.6499209,-3.0070464,4.21,142,3.6,3.9
1790100544600,53.6499140,-3.0070488,4.24,142,3.1,4.3
1790100544700,53.6499152,-3.0070424,4.31,142,3.2,3.9
1790100544800,53.6499111,-3.0070395,4.20,142,3.3,4.2
1790100544900,53.6499133,-3.0070402,4.26,142,3.5,4.2
1790100545000,53.6499117,-3.0070452,4.23,142,2.8,3.8
1790100545100,53.6499044,-3.0070326,4.17,142,3.3,4.0
1790100545200,53.6499048,-3.0070460,4.19,142,3.2,4.4
1790100545300,53.6499096,-3.0070394,4.07,142,2.2,4.3
1790100545400,53.6499024,-3.0070275,4.36,142,2.3,4.2
1790100545500,53.6498986,-3.0070253,4.20,142,3.0,3.9
1790100545600,53.6498946,-3.0070345,4.11,142,1.8,3.7
1790100545700,53.6499018,-3.0070360,4.22,142,1.9,3.7
1790100545800,53.6498923,-3.0070250,4.37,142,2.5,3.7
1790100545900,53.6498967,-3.0070217,4.19,142,2.3,3.7
1790100546000,53.6498883,-3.0070228,4.22,142,2.3,3.6
1790100546100,53.6498880,-3.0070212,4.31,142,1.6,3.9
1790100546200,53.6498888,-3.0070113,4.34,142,1.9,3.9
1790100546300,53.6498852,-3.0070167,4.21,142,1.3,3.7
1790100546400,53.6498855,-3.0070103,4.13,142,1.6,4.1
1790100546500,53.6498850,-3.0070092,4.11,142,1.2,4.1
1790100546600,53.6498800,-3.0070061,4.30,142,2.0,3.4
1790100546700,53.6498862,-3.0070086,4.30,142,1.6,3.8
1790100546800,53.6498796,-3.0070023,4.36,142,1.4,3.8
1790100546900,53.6498802,-3.0070128,4.30,142,0.9,3.9
1790100547000,53.6498792,-3.0070007,4.38,142,1.8,3.5
1790100547100,53.6498779,-3.0070033,4.18,142,0.7,3.8
1790100547200,53.6498695,-3.0070064,4.33,142,1.5,3.2
1790100547300,53.6498681,-3.0070032,4.37,142,1.0,3.2
1790100547400,53.6498699,-3.0070021,4.22,142,0.9,3.2
1790100547500,53.6498649,-3.0069990,4.24,142,0.6,3.1
1790100547600,53.6498693,-3.0069924,4.31,142,0.9,2.9
1790100547700,53.6498676,-3.0069888,4.26,142,0.3,3.2
1790100547800,53.6498703,-3.0069859,4.28,142,1.3,3.4
1790100547900,53.6498646,-3.0069915,4.21,142,0.8,2.9
1790100548000,53.6498649,-3.0069786,4.38,142,-0.0,3.2
1790100548100,53.6498613,-3.0069889,4.38,142,0.5,3.3
1790100548200,53.6498613,-3.0069845,4.26,142,0.0,2.6
1790100548300,53.6498604,-3.0069667,4.40,142,0.6,2.7
1790100548400,53.6498510,-3.0069740,4.37,142,1.0,2.9
1790100548500,53.6498576,-3.0069764,4.25,142,0.8,2.7
1790100548600,53.6498553,-3.0069652,4.19,142,0.7,2.4
1790100548700,53.6498563,-3.0069710,4.20,142,-0.2,2.7
1790100548800,53.6498471,-3.0069645,4.29,142,0.9,2.5
1790100548900,53.6498430,-3.0069571,4.22,142,0.8,2.2
1790100549000,53.6498448,-3.0069608,4.23,142,0.1,2.4
1790100549100,53.6498491,-3.0069655,4.26,142,0.4,2.1
1790100549200,53.6498453,-3.0069570,4.31,142,0.1,2.1
1790100549300,53.6498474,-3.0069611,4.21,142,-0.5,2.1
1790100549400,53.6498357,-3.0069505,4.29,142,-0.2,2.0
1790100549500,53.6498392,-3.0069574,4.35,142,-0.6,2.2
1790100549600,53.6498340,-3.0069481,4.25,142,0.2,1.9
1790100549700,53.6498311,-3.0069445,4.40,142,0.4,2.2
1790100549800,53.6498365,-3.0069361,4.28,142,-0.4,1.8
1790100549900,53.6498284,-3.0069452,4.46,142,0.1,2.0
1790100550000,53.6498332,-3.0069352,4.29,142,0.4,2.2
1790100550100,53.6498254,-3.0069300,4.24,142,-0.6,2.4
1790100550200,53.6498287,-3.0069424,4.42,142,-0.0,2.0
1790100550300,53.6498218,-3.0069263,4.41,142,-0.4,1.6
1790100550400,53.6498263,-3.0069363,4.41,142,0.2,1.6
1790100550500,53.6498280,-3.0069245,4.41,142,-0.6,1.8
1790100550600,53.6498171,-3.0069271,4.28,142,0.5,1.6
1790100550700,53.6498147,-3.0069214,4.26,142,-0.3,1.6
1790100550800,53.6498130,-3.0069199,4.34,142,0.3,1.7
1790100550900,53.6498186,-3.0069225,4.26,142,-0.0,1.6
1790100551000,53.6498166,-3.0069246,4.30,142,0.8,1.5
1790100551100,53.6498115,-3.0069106,4.26,142,0.7,1.9
1790100551200,53.6498107,-3.0069232,4.26,142,0.5,1.8
1790100551300,53.6498071,-3.0069194,4.27,142,-0.1,1.6
1790100551400,53.6498059,-3.0069131,4.49,142,0.6,1.8
1790100551500,53.6498053,-3.0069108,4.29,142,0.5,1.6
1790100551600,53.6498014,-3.0068989,4.37,142,0.5,2.2
1790100551700,53.6498071,-3.0069012,4.40,142,0.2,1.8
1790100551800,53.6498079,-3.0068969,4.30,142,-0.2,2.2
1790100551900,53.6497991,-3.0069027,4.47,142,0.1,1.8
1790100552000,53.6497998,-3.0068954,4.53,142,0.2,2.0
1790100552100,53.6497937,-3.0068991,4.46,142,1.0,2.0
1790100552200,53.6497935,-3.0069006,4.44,142,0.7,2.0
1790100552300,53.6497894,-3.0068963,4.43,142,0.9,2.2
1790100552400,53.6497911,-3.0068975,4.39,142,0.1,1.6
1790100552500,53.6497945,-3.0068886,4.39,142,1.2,1.6
1790100552600,53.6497863,-3.0068885,4.57,142,0.9,1.9
1790100552700,53.6497858,-3.0068857,4.36,142,0.9,2.2
1790100552800,53.6497901,-3.0068847,4.33,142,0.4,1.8
1790100552900,53.6497803,-3.0068838,4.56,142,0.3,2.1
1790100553000,53.6497858,-3.0068709,4.51,142,1.4,2.0
1790100553100,53.6497802,-3.0068714,4.59,142,1.5,2.2
1790100553200,53.6497760,-3.0068746,4.47,142,0.5,2.2
1790100553300,53.6497830,-3.0068776,4.38,142,1.2,2.3
1790100553400,53.6497712,-3.0068695,4.55,142,0.7,2.1
1790100553500,53.6497730,-3.0068668,4.42,142,2.0,1.8
1790100553600,53.6497722,-3.0068566,4.58,142,1.1,2.2
1790100553700,53.6497761,-3.0068598,4.49,142,1.1,2.6
1790100553800,53.6497669,-3.0068578,4.58,142,1.2,2.3
1790100553900,53.6497736,-3.0068628,4.37,142,1.0,2.4
1790100554000,53.6497624,-3.0068612,4.60,142,1.3,2.0
1790100554100,53.6497600,-3.0068564,4.39,142,2.2,2.5
1790100554200,53.6497653,-3.0068599,4.35,142,1.7,2.1
1790100554300,53.6497585,-3.0068553,4.58,142,2.1,2.7
1790100554400,53.6497593,-3.0068386,4.36,142,1.5,2.2
1790100554500,53.6497534,-3.0068524,4.60,142,2.6,2.3
1790100554600,53.6497528,-3.0068384,4.43,142,1.5,2.3
1790100554700,53.6497505,-3.0068337,4.44,142,1.7,3.0
1790100554800,53.6497490,-3.0068380,4.41,142,2.1,2.8
1790100554900,53.6497534,-3.0068370,4.64,142,2.3,3.0
1790100555000,53.6497511,-3.0068273,4.54,142,2.8,3.1
1790100555100,53.6497514,-3.0068321,4.43,142,2.7,2.8
1790100555200,53.6497438,-3.0068224,4.52,142,2.2,3.2
1790100555300,53.6497423,-3.0068235,4.41,142,3.3,2.8
1790100555400,53.6497485,-3.0068324,4.47,142,3.1,3.3
1790100555500,53.6497474,-3.0068267,4.52,142,3.5,2.8
1790100555600,53.6497359,-3.0068179,4.62,142,3.7,3.5
1790100555700,53.6497428,-3.0068198,4.64,142,3.5,3.2
1790100555800,53.6497393,-3.0068245,4.44,142,3.4,3.1
1790100555900,53.6497353,-3.0068118,4.60,142,3.3,2.9
1790100556000,53.6497294,-3.0068089,4.46,142,4.0,3.1
1790100556100,53.6497336,-3.0068161,4.63,142,3.5,3.5
1790100556200,53.6497361,-3.0068074,4.46,142,3.1,3.8
1790100556300,53.6497289,-3.0068068,4.46,142,3.8,3.9
1790100556400,53.6497311,-3.0068101,4.56,142,3.5,3.7
1790100556500,53.6497281,-3.0068067,4.57,142,3.5,4.0
1790100556600,53.6497210,-3.0068027,4.57,142,3.6,3.7
1790100556700,53.6497173,-3.0068060,4.62,142,3.7,4.0
1790100556800,53.6497179,-3.0067931,4.48,142,3.5,3.4
1790100556900,53.6497138,-3.0067951,4.61,142,4.7,4.2
1790100557000,53.6497200,-3.0067951,4.60,142,3.7,3.6
1790100557100,53.6497168,-3.0067867,4.66,142,4.3,4.0
1790100557200,53.6497160,-3.0067934,4.72,142,4.6,3.6
1790100557300,53.6497145,-3.0067782,4.57,142,3.9,3.8
1790100557400,53.6497060,-3.0067739,4.61,142,3.8,3.9
1790100557500,53.6497059,-3.0067886,4.69,142,5.0,4.0
1790100557600,53.6497119,-3.0067737,4.72,142,4.4,4.1
1790100557700,53.6497075,-3.0067813,4.46,142,4.6,3.7
1790100557800,53.6496988,-3.0067732,4.58,142,4.3,4.2
1790100557900,53.6497019,-3.0067719,4.66,142,3.9,4.2
1790100558000,53.6496973,-3.0067628,4.61,142,4.7,4.2
1790100558100,53.6496990,-3.0067649,4.48,142,4.6,3.9
1790100558200,53.6497009,-3.0067610,4.70,142,5.2,4.2
1790100558300,53.6496988,-3.0067595,4.57,142,4.4,4.1
1790100558400,53.6496935,-3.0067526,4.67,142,5.1,4.0
1790100558500,53.6496918,-3.0067586,4.76,142,5.3,4.5
1790100558600,53.6496895,-3.0067644,4.76,142,4.2,4.4
1790100558700,53.6496910,-3.0067606,4.50,142,4.9,4.3
1790100558800,53.6496907,-3.0067547,4.68,142,4.7,4.4
1790100558900,53.6496811,-3.0067559,4.66,142,4.2,3.9
1790100559000,53.6496886,-3.0067446,4.59,142,4.4,4.2
1790100559100,53.6496799,-3.0067495,4.74,142,4.3,4.5
1790100559200,53.6496769,-3.0067460,4.50,142,5.7,4.5
1790100559300,53.6496804,-3.0067474,4.70,142,4.9,4.2
1790100559400,53.6496777,-3.0067322,4.64,142,5.1,4.4
1790100559500,53.6496770,-3.0067288,4.56,142,5.0,4.4
1790100559600,53.6496783,-3.0067258,4.59,142,4.6,4.1
1790100559700,53.6496772,-3.0067233,4.62,142,5.6,4.1
1790100559800,53.6496648,-3.0067269,4.63,142,5.2,4.0
1790100559900,53.6496646,-3.0067251,4.58,142,5.3,3.8
1790100560000,53.6496689,-3.0067218,4.81,142,5.7,3.9
1790100560100,53.6496691,-3.0067139,4.74,142,4.7,4.2
1790100560200,53.6496580,-3.0067148,4.74,142,5.1,3.6
1790100560300,53.6496663,-3.0067248,4.61,142,5.6,4.1
1790100560400,53.6496585,-3.0067144,4.67,142,4.4,3.8
1790100560500,53.6496611,-3.0067217,4.72,142,5.1,3.8
1790100560600,53.6496528,-3.0067189,4.68,142,5.2,4.1
1790100560700,53.6496506,-3.0067143,4.65,142,4.5,4.0
1790100560800,53.6496564,-3.0067104,4.71,142,4.5,3.7
1790100560900,53.6496528,-3.0067047,4.83,142,4.6,3.5
1790100561000,53.6496538,-3.0067025,4.80,142,4.8,4.0
1790100561100,53.6496435,-3.0066990,4.61,142,4.4,3.6
1790100561200,53.6496501,-3.0067057,4.77,142,4.7,3.7
1790100561300,53.6496443,-3.0066994,4.59,142,4.4,3.2
1790100561400,53.6496392,-3.0066861,4.69,142,5.0,3.7
1790100561500,53.6496411,-3.0066899,4.63,142,4.7,3.5
1790100561600,53.6496396,-3.0066968,4.62,142,4.3,3.6
1790100561700,53.6496333,-3.0066859,4.59,142,4.7,3.2
1790100561800,53.6496333,-3.0066767,4.76,142,5.0,3.6
1790100561900,53.6496359,-3.0066847,4.75,142,4.0,3.7
1790100562000,53.6496348,-3.0066767,4.73,142,4.9,3.6
1790100562100,53.6496324,-3.0066700,4.63,142,4.8,3.2
1790100562200,53.6496279,-3.0066718,4.86,142,3.6,3.3
1790100562300,53.6496300,-3.0066809,4.82,142,3.9,3.0
1790100562400,53.6496206,-3.0066733,4.85,142,4.1,3.4
1790100562500,53.6496193,-3.0066646,4.82,142,4.5,3.0
1790100562600,53.6496194,-3.0066609,4.87,142,3.7,3.0
1790100562700,53.6496164,-3.0066697,4.81,142,3.7,3.2
1790100562800,53.6496166,-3.0066596,4.68,142,3.5,2.6
1790100562900,53.6496177,-3.0066558,4.80,142,4.2,2.7
1790100563000,53.6496116,-3.0066549,4.85,142,3.4,2.6
1790100563100,53.6496146,-3.0066482,4.75,142,4.1,2.8
1790100563200,53.6496167,-3.0066512,4.79,142,3.7,2.3
1790100563300,53.6496134,-3.0066540,4.64,142,3.0,2.4
1790100563400,53.6496125,-3.0066454,4.77,142,3.4,2.3
1790100563500,53.6496021,-3.0066410,4.72,142,3.6,2.8
1790100563600,53.6496024,-3.0066450,4.73,142,3.6,2.7
1790100563700,53.6496083,-3.0066367,4.72,142,2.7,2.3
1790100563800,53.6496064,-3.0066351,4.76,142,2.8,2.5
1790100563900,53.6496000,-3.0066289,4.77,142,3.0,2.1
1790100564000,53.6496004,-3.0066358,4.84,142,3.0,2.0
1790100564100,53.6495992,-3.0066366,4.76,142,2.3,2.3
1790100564200,53.6495990,-3.0066310,4.83,142,2.2,2.3
1790100564300,53.6495959,-3.0066174,4.81,142,2.7,2.0
1790100564400,53.6495912,-3.0066195,4.86,142,3.2,2.4
1790100564500,53.6495924,-3.0066216,4.69,142,2.2,2.4
1790100564600,53.6495844,-3.0066223,4.62,142,3.2,2.3
1790100564700,53.6495827,-3.0066177,4.90,142,3.3,2.2
1790100564800,53.6495839,-3.0066236,4.85,142,2.1,2.3
1790100564900,53.6495871,-3.0066217,4.89,142,2.6,1.7
1790100565000,53.6495786,-3.0066061,4.67,142,1.7,2.3
1790100565100,53.6495750,-3.0066127,4.79,142,2.6,1.8
1790100565200,53.6495802,-3.0066024,4.74,142,1.9,1.7
1790100565300,53.6495735,-3.0065984,4.76,142,1.3,2.0
1790100565400,53.6495712,-3.0066081,4.68,142,2.0,1.7
1790100565500,53.6495698,-3.0065899,4.62,142,1.2,1.6
1790100565600,53.6495724,-3.0065963,4.87,142,1.9,1.9
1790100565700,53.6495727,-3.0066000,4.92,142,2.2,1.9
1790100565800,53.6495636,-3.0065918,4.90,142,1.1,1.6
1790100565900,53.6495666,-3.0065834,4.72,142,1.9,2.0
1790100566000,53.6495669,-3.0065879,4.71,142,2.1,2.0
1790100566100,53.6495560,-3.0065792,4.87,142,1.9,1.8
1790100566200,53.6495623,-3.0065830,4.88,142,1.2,2.1
1790100566300,53.6495621,-3.0065837,4.66,142,1.4,1.4
1790100566400,53.6495586,-3.0065798,4.87,142,1.5,2.1
1790100566500,53.6495492,-3.0065782,4.67,142,1.6,1.9
1790100566600,53.6495517,-3.0065714,4.89,142,0.6,1.8
1790100566700,53.6495489,-3.0065660,4.66,142,1.0,1.9
1790100566800,53.6495526,-3.0065756,4.76,142,1.5,1.5
1790100566900,53.6495517,-3.0065628,4.85,142,0.6,2.3
1790100567000,53.6495458,-3.0065701,4.69,142,0.1,1.6
1790100567100,53.6495394,-3.0065617,4.83,142,1.3,1.9
1790100567200,53.6495444,-3.0065598,4.73,142,0.3,1.6
1790100567300,53.6495421,-3.0065645,4.75,142,0.1,2.0
1790100567400,53.6495428,-3.0065574,4.82,142,0.2,2.0
1790100567500,53.6495366,-3.0065507,4.85,142,0.8,2.1
1790100567600,53.6495343,-3.0065587,4.79,142,1.1,2.4
1790100567700,53.6495304,-3.0065487,4.84,142,0.9,2.1
1790100567800,53.6495294,-3.0065427,4.85,142,0.4,2.4
1790100567900,53.6495260,-3.0065460,4.86,142,-0.2,2.1
1790100568000,53.6495247,-3.0065469,4.64,142,0.4,1.8
1790100568100,53.6495307,-3.0065306,4.74,142,1.0,2.5
1790100568200,53.6495202,-3.0065386,4.82,142,0.2,2.1
1790100568300,53.6495222,-3.0065335,4.76,142,0.8,2.6
1790100568400,53.6495176,-3.0065290,4.87,142,-0.3,2.7
1790100568500,53.6495197,-3.0065355,4.76,142,0.4,2.8
1790100568600,53.6495213,-3.0065309,4.76,142,-0.0,2.5
1790100568700,53.6495135,-3.0065186,4.76,142,0.6,2.7
1790100568800,53.6495113,-3.0065234,4.72,142,-0.1,2.9
1790100568900,53.6495131,-3.0065278,4.72,142,-0.1,2.4
1790100569000,53.6495070,-3.0065271,4.72,142,0.4,2.6
1790100569100,53.6495077,-3.0065138,4.79,142,0.1,2.9
1790100569200,53.6495085,-3.0065191,4.78,142,0.1,3.0
1790100569300,53.6495054,-3.0065126,4.74,142,0.1,2.5
1790100569400,53.6495009,-3.0065095,4.79,142,-0.3,2.9
1790100569500,53.6495004,-3.0065156,4.67,142,-0.1,3.0
1790100569600,53.6494955,-3.0065017,4.62,142,-0.2,3.0
1790100569700,53.6495022,-3.0065024,4.65,142,0.6,2.6
1790100569800,53.6494930,-3.0065021,4.74,142,0.5,3.3
1790100569900,53.6494899,-3.0064934,4.74,142,-0.2,2.9
1790100570000,53.6494937,-3.0064905,4.79,142,0.2,2.9
1790100570100,53.6494926,-3.0064965,4.79,142,-0.3,3.4
1790100570200,53.6494924,-3.0064939,4.84,142,0.2,2.9
1790100570300,53.6494893,-3.0064922,4.80,142,0.2,3.1
1790100570400,53.6494860,-3.0064796,4.65,142,-0.4,3.4
1790100570500,53.6494886,-3.0064812,4.88,142,0.1,3.8
1790100570600,53.6494832,-3.0064742,4.90,142,0.7,3.1
1790100570700,53.6494818,-3.0064722,4.81,142,-0.1,3.2
1790100570800,53.6494768,-3.0064777,4.86,142,-0.2,3.2
1790100570900,53.6494827,-3.0064730,4.77,142,0.0,3.8
1790100571000,53.6494735,-3.0064693,4.81,142,0.2,3.8
1790100571100,53.6494708,-3.0064647,4.80,142,-0.3,3.5
1790100571200,53.6494690,-3.0064767,4.80,142,0.1,4.1
1790100571300,53.6494748,-3.0064603,4.73,142,-0.2,4.1
1790100571400,53.6494707,-3.0064547,4.69,142,0.1,3.5
1790100571500,53.6494692,-3.0064658,4.63,142,0.6,3.8
1790100571600,53.6494707,-3.0064572,4.68,142,0.8,3.6
1790100571700,53.6494663,-3.0064567,4.85,142,0.1,3.7
1790100571800,53.6494608,-3.0064627,4.78,142,0.7,3.7
1790100571900,53.6494601,-3.0064460,4.62,142,0.1,4.2
1790100572000,53.6494533,-3.0064483,4.84,142,1.4,4.1
1790100572100,53.6494622,-3.0064498,4.85,142,0.7,4.4
1790100572200,53.6494568,-3.0064370,4.87,142,1.0,4.2
1790100572300,53.6494506,-3.0064460,4.84,142,1.4,4.4
1790100572400,53.6494494,-3.0064343,4.77,142,0.9,4.3
1790100572500,53.6494472,-3.0064475,4.83,142,1.8,4.5
1790100572600,53.6494502,-3.0064421,4.86,142,0.9,4.3
1790100572700,53.6494415,-3.0064250,4.60,142,1.6,4.4
1790100572800,53.6494496,-3.0064325,4.86,142,1.3,4.2
1790100572900,53.6494403,-3.0064248,4.72,142,2.0,4.4
1790100573000,53.6494401,-3.0064325,4.79,142,1.2,4.0
1790100573100,53.6494444,-3.0064333,4.66,142,1.4,3.8
1790100573200,53.6494342,-3.0064206,4.82,142,0.9,3.9
1790100573300,53.6494381,-3.0064274,4.62,142,2.2,4.5
1790100573400,53.6494302,-3.0064111,4.60,142,1.2,4.2
1790100573500,53.6494296,-3.0064241,4.62,142,1.5,3.8
1790100573600,53.6494268,-3.0064120,4.77,142,1.4,4.4
1790100573700,53.6494307,-3.0064135,4.62,142,1.2,4.0
1790100573800,53.6494225,-3.0064150,4.68,142,2.2,3.9
1790100573900,53.6494238,-3.0063996,4.70,142,2.7,3.8
1790100574000,53.6494270,-3.0064074,4.56,142,1.5,3.9
1790100574100,53.6494276,-3.0064016,4.69,142,2.3,4.1
1790100574200,53.6494243,-3.0064006,4.79,142,2.6,3.8
1790100574300,53.6494166,-3.0064000,4.64,142,2.1,4.2
1790100574400,53.6494227,-3.0064035,4.62,142,2.6,4.4
1790100574500,53.6494169,-3.0063980,4.79,142,3.2,3.9
1790100574600,53.6494136,-3.0063900,4.79,142,2.8,3.7
1790100574700,53.6494141,-3.0063883,4.70,142,2.1,4.3
1790100574800,53.6494120,-3.0063931,4.60,142,3.0,3.8
1790100574900,53.6494054,-3.0063858,4.55,142,2.1,4.0
1790100575000,53.6494121,-3.0063797,4.69,142,3.1,3.7
1790100575100,53.6494039,-3.0063831,4.74,142,2.9,4.0
1790100575200,53.6494083,-3.0063747,4.55,142,3.5,3.5
1790100575300,53.6493986,-3.0063828,4.68,142,3.6,3.8
1790100575400,53.6494013,-3.0063768,4.67,142,3.8,3.6
1790100575500,53.6494016,-3.0063754,4.77,142,3.0,3.4
1790100575600,53.6493936,-3.0063651,4.62,142,3.1,4.0
1790100575700,53.6493991,-3.0063677,4.69,142,3.3,3.9
1790100575800,53.6493906,-3.0063636,4.64,142,3.2,3.9
1790100575900,53.6493939,-3.0063580,4.67,142,3.8,3.4
1790100576000,53.6493877,-3.0063590,4.69,142,3.0,3.6
1790100576100,53.6493885,-3.0063637,4.58,142,3.1,3.2
1790100576200,53.6493891,-3.0063625,4.74,142,4.4,3.6
1790100576300,53.6493812,-3.0063609,4.68,142,4.5,3.4
1790100576400,53.6493818,-3.0063561,4.65,142,4.0,2.9
1790100576500,53.6493815,-3.0063461,4.55,142,3.7,3.4
1790100576600,53.6493759,-3.0063440,4.76,142,4.4,3.5
1790100576700,53.6493771,-3.0063446,4.62,142,4.5,3.4
1790100576800,53.6493713,-3.0063388,4.68,142,4.1,3.4
1790100576900,53.6493711,-3.0063415,4.52,142,4.8,2.7
1790100577000,53.6493706,-3.0063407,4.49,142,3.7,2.9
1790100577100,53.6493750,-3.0063262,4.56,142,5.0,3.0
1790100577200,53.6493714,-3.0063253,4.72,142,4.8,2.5
1790100577300,53.6493730,-3.0063272,4.72,142,5.0,3.2
1790100577400,53.6493651,-3.0063303,4.59,142,4.9,2.9
1790100577500,53.6493669,-3.0063282,4.55,142,3.8,2.6
1790100577600,53.6493580,-3.0063242,4.59,142,3.9,2.6
1790100577700,53.6493642,-3.0063133,4.58,142,4.2,2.9
1790100577800,53.6493652,-3.0063228,4.52,142,5.1,2.5
1790100577900,53.6493598,-3.0063232,4.47,142,4.8,2.7
1790100578000,53.6493577,-3.0063092,4.72,142,4.1,2.2
1790100578100,53.6493506,-3.0063138,4.70,142,4.8,2.0
1790100578200,53.6493539,-3.0063064,4.67,142,5.4,2.3
1790100578300,53.6493526,-3.0063132,4.50,142,5.3,2.6
1790100578400,53.6493449,-3.0063006,4.55,142,4.2,2.1
1790100578500,53.6493497,-3.0063114,4.47,142,4.8,2.5
1790100578600,53.6493430,-3.0063063,4.67,142,4.2,1.8
1790100578700,53.6493402,-3.0062968,4.44,142,4.7,1.8
1790100578800,53.6493389,-3.0063025,4.69,142,5.2,2.4
1790100578900,53.6493373,-3.0063011,4.67,142,5.0,2.1
1790100579000,53.6493354,-3.0062976,4.68,142,5.7,2.2
1790100579100,53.6493335,-3.0062982,4.50,142,4.3,1.9
1790100579200,53.6493404,-3.0062952,4.62,142,5.5,1.7
1790100579300,53.6493351,-3.0062925,4.45,142,4.7,2.1
1790100579400,53.6493314,-3.0062936,4.49,142,4.9,2.1
1790100579500,53.6493299,-3.0062902,4.55,142,4.8,2.2
1790100579600,53.6493337,-3.0062751,4.61,142,4.3,1.5
1790100579700,53.6493275,-3.0062710,4.50,142,4.8,1.5
1790100579800,53.6493219,-3.0062784,4.60,142,5.7,2.1
1790100579900,53.6493204,-3.0062709,4.59,142,4.8,1.8
1790100580000,53.6493221,-3.0062744,4.53,142,4.9,1.7
1790100580100,53.6493230,-3.0062690,4.65,142,5.5,1.9
1790100580200,53.6493225,-3.0062588,4.49,142,4.7,1.5
1790100580300,53.6493191,-3.0062671,4.58,142,4.6,1.7
1790100580400,53.6493123,-3.0062581,4.63,142,4.5,1.6
1790100580500,53.6493121,-3.0062621,4.46,142,4.4,1.7
1790100580600,53.6493122,-3.0062530,4.37,142,5.3,2.1
1790100580700,53.6493091,-3.0062538,4.47,142,5.2,1.5
1790100580800,53.6493066,-3.0062571,4.45,142,4.5,1.9
1790100580900,53.6493120,-3.0062454,4.56,142,5.2,1.6
1790100581000,53.6493056,-3.0062463,4.47,142,4.8,1.5
1790100581100,53.6493042,-3.0062479,4.51,142,5.1,1.7
1790100581200,53.6493013,-3.0062399,4.61,142,5.0,1.5
1790100581300,53.6492966,-3.0062443,4.43,142,4.3,2.1
1790100581400,53.6492963,-3.0062432,4.46,142,3.9,1.9
1790100581500,53.6492999,-3.0062440,4.53,142,3.9,2.1
1790100581600,53.6492919,-3.0062331,4.56,142,3.7,2.1
1790100581700,53.6492907,-3.0062359,4.55,142,3.8,1.9
1790100581800,53.6492969,-3.0062413,4.50,142,3.7,1.9
1790100581900,53.6492917,-3.0062215,4.45,142,4.4,2.2
1790100582000,53.6492900,-3.0062210,4.34,142,4.8,1.9
1790100582100,53.6492942,-3.0062333,4.58,142,3.8,2.2
1790100582200,53.6492856,-3.0062204,4.52,142,4.3,2.2
1790100582300,53.6492902,-3.0062159,4.34,142,4.3,1.8
1790100582400,53.6492849,-3.0062269,4.37,142,3.6,2.5
1790100582500,53.6492826,-3.0062086,4.31,142,3.5,2.0
1790100582600,53.6492786,-3.0062128,4.49,142,4.3,2.6
1790100582700,53.6492753,-3.0062046,4.30,142,4.1,1.9
1790100582800,53.6492826,-3.0062129,4.46,142,4.2,2.1
1790100582900,53.6492716,-3.0062061,4.36,142,3.7,2.3
1790100583000,53.6492754,-3.0062081,4.28,142,4.0,2.3
1790100583100,53.6492741,-3.0062135,4.31,142,3.3,2.6
1790100583200,53.6492663,-3.0062106,4.47,142,2.6,2.8
1790100583300,53.6492712,-3.0061942,4.44,142,2.7,2.7
1790100583400,53.6492677,-3.0061999,4.29,142,2.9,3.0
1790100583500,53.6492610,-3.0061877,4.54,142,3.4,2.5
1790100583600,53.6492659,-3.0061979,4.37,142,3.1,2.9
1790100583700,53.6492593,-3.0061877,4.35,142,3.0,2.5
1790100583800,53.6492642,-3.0061816,4.53,142,2.1,3.1
1790100583900,53.6492597,-3.0061965,4.49,142,2.3,2.8
1790100584000,53.6492601,-3.0061831,4.52,142,2.6,3.1
1790100584100,53.6492547,-3.0061859,4.25,142,2.2,3.2
1790100584200,53.6492552,-3.0061769,4.46,142,3.2,2.7
1790100584300,53.6492498,-3.0061845,4.26,142,2.0,3.3
1790100584400,53.6492499,-3.0061840,4.25,142,2.2,3.3
1790100584500,53.6492491,-3.0061743,4.35,142,2.9,3.0
1790100584600,53.6492469,-3.0061779,4.27,142,1.9,3.2
1790100584700,53.6492464,-3.0061763,4.30,142,2.4,3.4
1790100584800,53.6492483,-3.0061774,4.49,142,1.8,3.6
1790100584900,53.6492444,-3.0061635,4.26,142,2.0,3.3
1790100585000,53.6492411,-3.0061708,4.28,142,2.3,3.4
1790100585100,53.6492443,-3.0061545,4.20,142,2.5,3.6
1790100585200,53.6492399,-3.0061646,4.23,142,2.5,3.4
1790100585300,53.6492357,-3.0061542,4.36,142,2.1,3.5
1790100585400,53.6492356,-3.0061537,4.30,142,1.9,3.3
1790100585500,53.6492367,-3.0061529,4.34,142,1.1,4.0
1790100585600,53.6492284,-3.0061580,4.26,142,1.6,3.7
1790100585700,53.6492341,-3.0061458,4.34,142,1.6,3.7
1790100585800,53.6492350,-3.0061416,4.22,142,1.8,3.9
1790100585900,53.6492239,-3.0061446,4.18,142,0.6,4.2
1790100586000,53.6492261,-3.0061405,4.41,142,1.3,3.8
1790100586100,53.6492281,-3.0061413,4.24,142,1.6,3.8
1790100586200,53.6492252,-3.0061495,4.21,142,0.7,3.6
1790100586300,53.6492200,-3.0061372,4.38,142,1.0,3.8
1790100586400,53.6492196,-3.0061370,4.28,142,0.9,4.1
1790100586500,53.6492151,-3.0061313,4.30,142,0.9,3.9
1790100586600,53.6492137,-3.0061394,4.20,142,1.3,3.9
1790100586700,53.6492183,-3.0061339,4.38,142,0.2,4.0
1790100586800,53.6492139,-3.0061215,4.41,142,-0.1,4.2
1790100586900,53.6492157,-3.0061299,4.34,142,0.5,4.3
1790100587000,53.6492102,-3.0061257,4.26,142,1.0,3.9
1790100587100,53.6492139,-3.0061278,4.25,142,1.0,3.8
1790100587200,53.6492035,-3.0061254,4.13,142,0.1,3.9
1790100587300,53.6492034,-3.0061130,4.23,142,0.0,4.5
1790100587400,53.6492073,-3.0061208,4.31,142,0.2,4.2
1790100587500,53.6492020,-3.0061113,4.25,142,0.6,4.3
1790100587600,53.6492021,-3.0061135,4.28,142,1.0,4.5
1790100587700,53.6491995,-3.0061065,4.34,142,0.8,4.0
1790100587800,53.6491998,-3.0061125,4.22,142,0.1,4.0
1790100587900,53.6491996,-3.0060979,4.19,142,0.1,4.2
1790100588000,53.6491969,-3.0061113,4.31,142,-0.1,3.9
1790100588100,53.6491900,-3.0061027,4.16,142,0.8,4.4
1790100588200,53.6491899,-3.0061057,4.18,142,-0.4,4.1
1790100588300,53.6491888,-3.0061048,4.13,142,0.6,4.6
1790100588400,53.6491949,-3.0060963,4.32,142,0.1,3.9
1790100588500,53.6491832,-3.0060897,4.12,142,-0.1,3.8
1790100588600,53.6491823,-3.0060950,4.25,142,0.3,3.8
1790100588700,53.6491801,-3.0060893,4.14,142,0.3,4.4
1790100588800,53.6491800,-3.0060892,4.21,142,-0.6,4.2
1790100588900,53.6491812,-3.0060767,4.14,142,0.1,4.4
1790100589000,53.6491774,-3.0060881,4.11,142,0.0,4.2
1790100589100,53.6491768,-3.0060834,4.14,142,0.1,4.1
1790100589200,53.6491753,-3.0060780,4.32,142,0.5,3.8
1790100589300,53.6491760,-3.0060765,4.13,142,0.5,4.0
1790100589400,53.6491721,-3.0060762,4.10,142,0.1,3.9
1790100589500,53.6491777,-3.0060733,4.31,142,0.3,4.2
1790100589600,53.6491729,-3.0060642,4.15,142,0.1,4.1
1790100589700,53.6491695,-3.0060681,4.27,142,-0.4,3.8
1790100589800,53.6491698,-3.0060728,4.09,142,0.4,3.7
1790100589900,53.6491643,-3.0060695,4.15,142,0.1,3.5
1790100590000,53.6491624,-3.0060604,4.23,142,-0.6,3.6
1790100590100,53.6491586,-3.0060613,4.21,142,0.4,4.0
1790100590200,53.6491676,-3.0060655,4.28,142,0.6,3.6
1790100590300,53.6491563,-3.0060595,4.11,142,0.9,3.3
1790100590400,53.6491584,-3.0060463,4.20,142,-0.0,3.3
1790100590500,53.6491623,-3.0060463,4.17,142,-0.1,3.8
1790100590600,53.6491572,-3.0060556,4.13,142,0.8,3.1
1790100590700,53.6491565,-3.0060552,4.31,142,0.8,3.4
1790100590800,53.6491576,-3.0060486,4.23,142,1.1,3.4
1790100590900,53.6491522,-3.0060521,4.11,142,0.6,3.6
1790100591000,53.6491528,-3.0060371,4.15,142,0.6,2.9
1790100591100,53.6491487,-3.0060369,4.08,142,1.2,3.1
1790100591200,53.6491458,-3.0060441,4.33,142,-0.1,2.9
1790100591300,53.6491438,-3.0060395,4.33,142,0.3,3.2
1790100591400,53.6491411,-3.0060349,4.17,142,0.1,2.8
1790100591500,53.6491451,-3.0060247,4.16,142,0.5,2.6
1790100591600,53.6491383,-3.0060289,4.29,142,1.1,3.0
1790100591700,53.6491356,-3.0060342,4.25,142,1.6,2.9
1790100591800,53.6491329,-3.0060232,4.08,142,1.0,2.5
1790100591900,53.6491410,-3.0060315,4.04,142,1.7,2.9
1790100592000,53.6491343,-3.0060255,4.03,142,1.6,2.5
1790100592100,53.6491338,-3.0060165,4.05,142,0.4,2.8
1790100592200,53.6491346,-3.0060258,4.11,142,1.7,2.7
1790100592300,53.6491307,-3.0060210,4.13,142,1.1,2.7
1790100592400,53.6491327,-3.0060154,4.19,142,1.5,2.3
1790100592500,53.6491303,-3.0060112,4.22,142,1.2,2.1
1790100592600,53.6491260,-3.0060104,4.13,142,0.7,2.5
1790100592700,53.6491230,-3.0060128,4.22,142,2.2,2.3
1790100592800,53.6491209,-3.0060022,4.18,142,0.8,2.3
1790100592900,53.6491167,-3.0059976,4.03,142,1.0,2.3
1790100593000,53.6491199,-3.0060001,4.08,142,1.0,2.3
1790100593100,53.6491139,-3.0060089,4.03,142,1.7,1.9
1790100593200,53.6491129,-3.0059914,4.12,142,2.6,2.4
1790100593300,53.6491115,-3.0059887,4.19,142,2.5,2.3
1790100593400,53.6491180,-3.0059888,4.17,142,1.9,1.7
1790100593500,53.6491167,-3.0059848,4.15,142,2.5,2.2
1790100593600,53.6491095,-3.0059992,4.28,142,2.7,1.7
1790100593700,53.6491087,-3.0059902,4.02,142,2.2,1.7
1790100593800,53.6491075,-3.0059798,4.23,142,1.8,2.0
1790100593900,53.6491035,-3.0059776,4.17,142,2.5,1.9
1790100594000,53.6491069,-3.0059859,4.21,142,2.3,1.9
1790100594100,53.6490982,-3.0059738,4.26,142,2.1,2.0
1790100594200,53.6491058,-3.0059721,4.28,142,2.8,1.9
1790100594300,53.6491010,-3.0059829,4.11,142,3.1,2.1
1790100594400,53.6491021,-3.0059665,4.17,142,2.3,1.7
1790100594500,53.6490949,-3.0059739,4.20,142,2.3,1.9
1790100594600,53.6491009,-3.0059637,4.17,142,2.7,1.4
1790100594700,53.6490929,-3.0059747,4.18,142,3.3,1.5
1790100594800,53.6490897,-3.0059671,4.18,142,3.6,1.8
1790100594900,53.6490868,-3.0059638,4.01,142,3.1,1.6
1790100595000,53.6490933,-3.0059557,4.22,142,3.7,2.2
1790100595100,53.6490900,-3.0059538,4.19,142,3.9,1.6
1790100595200,53.6490817,-3.0059617,4.24,142,3.5,1.8
1790100595300,53.6490845,-3.0059541,4.05,142,3.1,1.4
1790100595400,53.6490796,-3.0059533,4.28,142,4.0,1.6
1790100595500,53.6490847,-3.0059598,4.29,142,4.3,1.7
1790100595600,53.6490808,-3.0059604,4.21,142,4.2,1.9
1790100595700,53.6490755,-3.0059407,4.03,142,3.7,2.2
1790100595800,53.6490806,-3.0059510,4.17,142,4.6,1.9
1790100595900,53.6490790,-3.0059382,4.02,142,4.1,1.8
1790100596000,53.6490746,-3.0059376,4.09,142,3.3,2.1
1790100596100,53.6490736,-3.0059398,4.02,142,4.8,2.2
1790100596200,53.6490717,-3.0059363,4.09,142,4.8,1.9
1790100596300,53.6490660,-3.0059304,4.21,142,4.3,1.7
1790100596400,53.6490654,-3.0059319,4.17,142,4.0,2.0
1790100596500,53.6490646,-3.0059246,4.23,142,4.2,1.9
1790100596600,53.6490666,-3.0059232,4.20,142,5.1,2.2
1790100596700,53.6490597,-3.0059308,4.19,142,4.7,2.0
1790100596800,53.6490594,-3.0059357,4.13,142,4.4,2.3
1790100596900,53.6490615,-3.0059250,4.15,142,4.5,1.8
1790100597000,53.6490608,-3.0059301,4.23,142,4.4,2.0
1790100597100,53.6490546,-3.0059218,4.08,142,4.4,2.5
1790100597200,53.6490599,-3.0059237,4.08,142,4.3,2.5
1790100597300,53.6490583,-3.0059095,4.22,142,5.1,2.2
1790100597400,53.6490554,-3.0059085,4.21,142,5.0,2.7
1790100597500,53.6490520,-3.0059118,4.25,142,5.5,2.1
1790100597600,53.6490472,-3.0059157,4.13,142,5.1,2.1
1790100597700,53.6490501,-3.0059171,4.21,142,5.4,2.7
1790100597800,53.6490486,-3.0059161,4.22,142,5.3,2.7
1790100597900,53.6490426,-3.0059021,4.03,142,4.5,2.5
1790100598000,53.6490396,-3.0059064,4.19,142,4.3,2.6
1790100598100,53.6490465,-3.0058925,4.03,142,5.3,3.0
1790100598200,53.6490445,-3.0059055,4.05,142,5.1,2.7
1790100598300,53.6490353,-3.0058905,4.17,142,4.8,2.5
1790100598400,53.6490358,-3.0058948,4.27,142,5.2,3.1
1790100598500,53.6490319,-3.0058925,4.28,142,5.4,3.0
1790100598600,53.6490324,-3.0058962,4.22,142,4.5,2.9
1790100598700,53.6490341,-3.0058980,4.17,142,5.7,3.1
1790100598800,53.6490319,-3.0058944,4.03,142,4.5,2.9
1790100598900,53.6490257,-3.0058906,4.07,142,5.7,3.1
1790100599000,53.6490267,-3.0058868,4.27,142,4.4,2.9
1790100599100,53.6490275,-3.0058872,4.15,142,5.3,3.5
1790100599200,53.6490291,-3.0058739,4.10,142,5.3,3.4
1790100599300,53.6490285,-3.0058782,4.23,142,5.1,3.1
1790100599400,53.6490278,-3.0058727,4.25,142,5.4,3.1
1790100599500,53.6490189,-3.0058672,4.21,142,4.8,3.1
1790100599600,53.6490242,-3.0058698,4.11,142,5.2,3.7
1790100599700,53.6490141,-3.0058612,4.08,142,4.3,3.6
1790100599800,53.6490203,-3.0058757,4.16,142,5.4,3.8
1790100599900,53.6490146,-3.0058627,4.28,142,4.6,3.5
1790100600000,53.6490175,-3.0058713,4.19,142,4.5,3.8
1790100600100,53.6490146,-3.0058685,4.27,142,5.4,3.6
1790100600200,53.6490147,-3.0058610,4.31,142,4.2,4.0
1790100600300,53.6490063,-3.0058573,4.26,142,4.6,3.8
1790100600400,53.6490116,-3.0058531,4.15,142,4.2,4.0
1790100600500,53.6490032,-3.0058577,4.18,142,4.2,4.0
1790100600600,53.6490096,-3.0058436,4.27,142,4.8,4.0
1790100600700,53.6490065,-3.0058538,4.21,142,4.0,4.0
1790100600800,53.6490051,-3.0058517,4.29,142,5.2,4.3
1790100600900,53.6489977,-3.0058435,4.35,142,4.3,3.6
1790100601000,53.6489940,-3.0058402,4.12,142,5.0,3.7
1790100601100,53.6489983,-3.0058414,4.29,142,4.4,4.2
1790100601200,53.6489957,-3.0058449,4.21,142,4.7,3.8
1790100601300,53.6489980,-3.0058408,4.12,142,4.3,4.1
1790100601400,53.6489909,-3.0058360,4.26,142,4.9,4.3
1790100601500,53.6489909,-3.0058255,4.25,142,3.7,4.5
1790100601600,53.6489875,-3.0058275,4.32,142,3.6,4.2
1790100601700,53.6489855,-3.0058255,4.10,142,4.5,4.0
1790100601800,53.6489850,-3.0058218,4.21,142,4.5,4.0
1790100601900,53.6489856,-3.0058159,4.28,142,4.1,3.9
1790100602000,53.6489878,-3.0058203,4.13,142,3.9,4.3
1790100602100,53.6489790,-3.0058188,4.28,142,4.4,4.2
1790100602200,53.6489835,-3.0058235,4.18,142,4.0,4.5
1790100602300,53.6489823,-3.0058257,4.33,142,3.2,4.1
1790100602400,53.6489737,-3.0058215,4.19,142,3.5,4.4
1790100602500,53.6489768,-3.0058187,4.15,142,3.3,3.8
1790100602600,53.6489749,-3.0058140,4.31,142,4.1,4.3
1790100602700,53.6489737,-3.0058165,4.26,142,3.6,4.0
1790100602800,53.6489707,-3.0058110,4.16,142,3.6,4.5
1790100602900,53.6489672,-3.0058037,4.35,142,3.3,4.1
1790100603000,53.6489707,-3.0058024,4.16,142,2.6,4.0
1790100603100,53.6489632,-3.0057952,4.26,142,3.4,3.8
1790100603200,53.6489619,-3.0058067,4.26,142,2.2,4.2
1790100603300,53.6489630,-3.0058029,4.25,142,3.4,4.3
1790100603400,53.6489588,-3.0057956,5.28,80,7.4,1.7
1790100603500,53.6489626,-3.0057846,5.11,80,6.4,1.4
1790100603600,53.6489598,-3.0057763,5.17,80,7.4,1.8
1790100603700,53.6489687,-3.0057894,5.21,80,7.2,1.2
1790100603800,53.6489688,-3.0057701,5.15,80,7.5,1.1
1790100603900,53.6489604,-3.0057670,5.33,80,7.0,1.0
1790100604000,53.6489695,-3.0057726,5.06,80,7.3,1.1
1790100604100,53.6489615,-3.0057723,5.19,80,6.8,1.7
1790100604200,53.6489620,-3.0057520,5.23,80,6.4,1.3
1790100604300,53.6489691,-3.0057598,5.05,80,7.3,1.2
1790100604400,53.6489723,-3.0057612,5.14,80,6.8,1.4
1790100604500,53.6489707,-3.0057495,5.29,80,6.7,1.3
1790100604600,53.6489652,-3.0057453,5.20,80,6.9,0.9
1790100604700,53.6489706,-3.0057329,5.37,80,6.9,0.7
1790100604800,53.6489692,-3.0057400,5.15,80,5.4,0.8
1790100604900,53.6489682,-3.0057349,5.04,80,5.5,0.7
1790100605000,53.6489676,-3.0057322,5.35,80,5.8,1.2
1790100605100,53.6489718,-3.0057209,5.21,80,6.3,1.2
1790100605200,53.6489676,-3.0057272,5.21,80,5.3,0.9
1790100605300,53.6489681,-3.0057206,5.30,80,6.4,1.0
1790100605400,53.6489666,-3.0057047,5.14,80,6.4,0.9
1790100605500,53.6489770,-3.0057019,5.28,80,5.3,0.9
1790100605600,53.6489740,-3.0057137,5.14,80,5.2,0.7
1790100605700,53.6489695,-3.0056923,5.24,80,5.5,0.7
1790100605800,53.6489774,-3.0057018,5.26,80,6.0,0.5
1790100605900,53.6489714,-3.0056906,5.07,80,5.4,0.2
1790100606000,53.6489721,-3.0056932,5.23,80,4.7,0.5
1790100606100,53.6489746,-3.0056769,5.15,80,5.4,0.1
1790100606200,53.6489755,-3.0056858,5.20,80,5.1,0.0
1790100606300,53.6489741,-3.0056850,5.38,80,5.7,0.4
1790100606400,53.6489788,-3.0056677,5.32,80,4.7,0.0
1790100606500,53.6489720,-3.0056692,5.23,80,5.7,-0.1
1790100606600,53.6489782,-3.0056604,5.24,80,5.6,-0.1
1790100606700,53.6489775,-3.0056563,5.36,80,4.8,0.3
1790100606800,53.6489825,-3.0056501,5.25,80,4.8,-0.4
1790100606900,53.6489834,-3.0056476,5.18,80,5.2,0.3
1790100607000,53.6489788,-3.0056466,5.38,80,4.7,0.2
1790100607100,53.6489763,-3.0056502,5.37,80,4.9,-0.5
1790100607200,53.6489796,-3.0056338,5.32,80,4.8,0.0
1790100607300,53.6489760,-3.0056391,5.15,80,4.8,-0.1
1790100607400,53.6489817,-3.0056232,5.36,80,5.2,-0.4
1790100607500,53.6489815,-3.0056284,5.24,80,4.0,-0.4
1790100607600,53.6489860,-3.0056256,5.23,80,4.9,-0.1
1790100607700,53.6489823,-3.0056257,5.48,80,4.2,-0.0
1790100607800,53.6489833,-3.0056228,5.26,80,4.8,-0.2
1790100607900,53.6489821,-3.0056137,5.31,80,4.4,-0.8
1790100608000,53.6489877,-3.0056104,5.47,80,4.6,-0.4
1790100608100,53.6489858,-3.0056036,5.23,80,4.0,-0.8
1790100608200,53.6489810,-3.0056036,5.37,80,4.0,-0.4
1790100608300,53.6489847,-3.0055938,5.22,80,4.7,-0.8
1790100608400,53.6489861,-3.0055938,5.36,80,4.1,-0.5
1790100608500,53.6489803,-3.0055874,5.36,80,5.2,-0.3
1790100608600,53.6489839,-3.0055804,5.37,80,3.8,-0.8
1790100608700,53.6489830,-3.0055792,5.39,80,4.7,-0.6
1790100608800,53.6489914,-3.0055756,5.18,80,3.9,-0.8
1790100608900,53.6489886,-3.0055705,5.50,80,3.9,-1.0
1790100609000,53.6489878,-3.0055619,5.24,80,4.7,-0.4
1790100609100,53.6489881,-3.0055558,5.38,80,4.8,-0.9
1790100609200,53.6489878,-3.0055543,5.26,80,4.9,-0.7
1790100609300,53.6489879,-3.0055541,5.26,80,5.0,-0.9
1790100609400,53.6489914,-3.0055546,5.40,80,4.7,-0.6
1790100609500,53.6489884,-3.0055392,5.49,80,4.6,-0.7
1790100609600,53.6489947,-3.0055490,5.29,80,3.9,-0.8
1790100609700,53.6489886,-3.0055424,5.47,80,4.2,-0.7
1790100609800,53.6489931,-3.0055320,5.43,80,4.9,-0.3
1790100609900,53.6489885,-3.0055247,5.47,80,5.2,-0.7
1790100610000,53.6489868,-3.0055214,5.36,80,5.5,-1.0
1790100610100,53.6489872,-3.0055259,5.49,80,4.9,-0.3
1790100610200,53.6489941,-3.0055207,5.39,80,4.5,-0.4
1790100610300,53.6489938,-3.0055085,5.53,80,5.4,-0.9
1790100610400,53.6489922,-3.0055099,5.44,80,4.8,-0.3
1790100610500,53.6489980,-3.0055081,5.42,80,5.4,-0.7
1790100610600,53.6489992,-3.0054915,5.50,80,5.7,-0.9
1790100610700,53.6489926,-3.0054901,5.45,80,5.2,-0.8
1790100610800,53.6489988,-3.0054890,5.50,80,5.9,-0.3
1790100610900,53.6489963,-3.0054818,5.48,80,5.7,-0.8
1790100611000,53.6489926,-3.0054778,5.34,80,5.9,-0.4
1790100611100,53.6489997,-3.0054785,5.35,80,5.1,-0.1
1790100611200,53.6489925,-3.0054679,5.58,80,5.4,-0.6
1790100611300,53.6489964,-3.0054718,5.59,80,5.0,-0.2
1790100611400,53.6489952,-3.0054665,5.56,80,5.6,-0.5
1790100611500,53.6489930,-3.0054617,5.62,80,5.6,-0.3
1790100611600,53.6489984,-3.0054561,5.63,80,5.6,-0.4
1790100611700,53.6489941,-3.0054523,5.46,80,5.3,-0.2
1790100611800,53.6489978,-3.0054439,5.36,80,5.0,0.1
1790100611900,53.6489962,-3.0054435,5.42,80,6.5,0.1
1790100612000,53.6490001,-3.0054450,5.55,80,6.1,0.0
1790100612100,53.6490046,-3.0054325,5.63,80,5.7,0.1
1790100612200,53.6490058,-3.0054340,5.64,80,6.5,0.1
1790100612300,53.6489978,-3.0054326,5.44,80,5.7,0.3
1790100612400,53.6490070,-3.0054294,5.52,80,6.8,0.2
1790100612500,53.6490070,-3.0054177,5.38,80,5.6,0.2
1790100612600,53.6489998,-3.0054104,5.53,80,6.9,-0.1
1790100612700,53.6490091,-3.0054172,5.53,80,6.3,0.7
1790100612800,53.6490063,-3.0054060,5.50,80,6.2,0.6
1790100612900,53.6490051,-3.0054082,5.51,80,6.8,0.3
1790100613000,53.6490089,-3.0053903,5.49,80,7.4,0.3
1790100613100,53.6490040,-3.0053938,5.52,80,6.5,0.6
1790100613200,53.6490085,-3.0053818,5.49,80,7.0,0.6
1790100613300,53.6490056,-3.0053895,5.63,80,6.3,0.8
1790100613400,53.6490043,-3.0053801,5.47,80,7.6,0.6
1790100613500,53.6490125,-3.0053741,5.55,80,7.4,0.9
1790100613600,53.6490121,-3.0053727,5.59,80,6.9,0.9
1790100613700,53.6490084,-3.0053773,5.62,80,7.1,0.8
1790100613800,53.6490105,-3.0053562,5.41,80,7.9,1.2
1790100613900,53.6490128,-3.0053624,5.71,80,7.8,1.3
1790100614000,53.6490125,-3.0053597,5.52,80,7.6,0.9
1790100614100,53.6490111,-3.0053505,5.61,80,7.9,1.1
1790100614200,53.6490140,-3.0053516,5.72,80,8.0,0.8
1790100614300,53.6490137,-3.0053342,5.59,80,8.1,0.7
1790100614400,53.6490163,-3.0053339,5.58,80,8.0,1.0
1790100614500,53.6490120,-3.0053371,5.48,80,7.6,1.0
1790100614600,53.6490073,-3.0053385,5.66,80,8.3,1.5
1790100614700,53.6490131,-3.0053214,5.70,80,8.1,1.3
1790100614800,53.6490169,-3.0053154,5.60,80,8.7,1.6
1790100614900,53.6490145,-3.0053189,5.65,80,8.0,1.1
1790100615000,53.6490111,-3.0053054,5.77,80,7.6,1.8
1790100615100,53.6490165,-3.0053127,5.55,80,9.0,1.5
1790100615200,53.6490122,-3.0053147,4.04,258,-9.0,0.1
1790100615300,53.6490126,-3.0053198,4.14,258,-7.9,-0.0
1790100615400,53.6490185,-3.0053123,3.92,258,-8.2,-0.3
1790100615500,53.6490083,-3.0053197,3.92,258,-8.1,0.4
1790100615600,53.6490150,-3.0053208,3.91,258,-8.7,-0.1
1790100615700,53.6490154,-3.0053337,3.93,258,-7.7,-0.1
1790100615800,53.6490110,-3.0053219,4.00,258,-7.5,0.5
1790100615900,53.6490133,-3.0053393,4.00,258,-8.1,0.2
1790100616000,53.6490164,-3.0053426,4.15,258,-8.3,-0.1
1790100616100,53.6490148,-3.0053424,4.13,258,-8.3,-0.2
1790100616200,53.6490109,-3.0053400,4.01,258,-7.9,0.4
1790100616300,53.6490107,-3.0053402,4.09,258,-7.7,0.1
1790100616400,53.6490072,-3.0053548,3.92,258,-7.9,-0.1
1790100616500,53.6490086,-3.0053585,4.08,258,-8.3,-0.2
1790100616600,53.6490103,-3.0053572,4.09,258,-7.8,0.5
1790100616700,53.6490137,-3.0053499,4.00,258,-8.3,-0.1
1790100616800,53.6490035,-3.0053544,3.96,258,-7.7,0.3
1790100616900,53.6490074,-3.0053614,4.15,258,-7.6,0.3
1790100617000,53.6490088,-3.0053708,4.08,258,-7.4,0.3
1790100617100,53.6490047,-3.0053725,4.07,258,-8.1,-0.1
1790100617200,53.6490018,-3.0053803,4.10,258,-7.5,0.2
1790100617300,53.6490046,-3.0053834,4.10,258,-7.1,0.5
1790100617400,53.6490100,-3.0053810,4.04,258,-7.1,-0.1
1790100617500,53.6490057,-3.0053821,4.05,258,-7.3,-0.1
1790100617600,53.6490074,-3.0053865,4.17,258,-7.8,0.4
1790100617700,53.6490033,-3.0053914,3.98,258,-7.3,0.2
1790100617800,53.6490037,-3.0053898,4.12,258,-7.6,0.1
1790100617900,53.6490005,-3.0054003,4.05,258,-8.1,-0.3
1790100618000,53.6490002,-3.0053896,4.12,258,-7.2,0.2
1790100618100,53.6490028,-3.0054022,4.14,258,-7.1,0.0
1790100618200,53.6489977,-3.0054026,4.06,258,-7.8,-0.0
1790100618300,53.6489991,-3.0054144,4.04,258,-8.1,0.2
1790100618400,53.6490004,-3.0054056,4.03,258,-7.0,-0.0
1790100618500,53.6490021,-3.0054141,4.15,258,-6.8,0.1
1790100618600,53.6490037,-3.0054170,4.03,258,-6.9,-0.5
1790100618700,53.6489966,-3.0054140,4.06,258,-7.0,-0.6
1790100618800,53.6489982,-3.0054272,4.07,258,-7.1,-0.6
1790100618900,53.6489987,-3.0054252,4.09,258,-7.4,-0.5
1790100619000,53.6489994,-3.0054275,4.08,258,-8.1,-0.3
1790100619100,53.6490042,-3.0054256,4.13,258,-7.4,-0.7
1790100619200,53.6489982,-3.0054301,4.12,258,-7.2,-0.6
1790100619300,53.6489996,-3.0054345,4.11,258,-8.1,-0.6
1790100619400,53.6489933,-3.0054376,4.05,258,-7.0,-0.8
1790100619500,53.6490014,-3.0054360,4.18,258,-7.9,-0.5
1790100619600,53.6489944,-3.0054557,4.12,258,-8.3,-0.7
1790100619700,53.6489997,-3.0054448,4.11,258,-7.9,-0.4
1790100619800,53.6489938,-3.0054490,4.02,258,-8.5,-0.6
1790100619900,53.6489973,-3.0054612,4.16,258,-8.4,-1.2
1790100620000,53.6489996,-3.0054664,4.10,258,-7.6,-1.1
1790100620100,53.6489980,-3.0054686,4.08,258,-8.3,-0.7
1790100620200,53.6489953,-3.0054707,4.00,258,-8.0,-1.2
1790100620300,53.6489932,-3.0054637,4.05,258,-7.8,-1.4
1790100620400,53.6489984,-3.0054750,4.02,258,-8.0,-1.2
1790100620500,53.6489940,-3.0054726,4.14,258,-7.9,-1.1
1790100620600,53.6489919,-3.0054869,4.09,258,-8.7,-0.9
1790100620700,53.6489980,-3.0054884,4.11,258,-7.5,-0.9
1790100620800,53.6489908,-3.0054893,4.03,258,-8.1,-1.6
1790100620900,53.6489926,-3.0054830,4.08,258,-8.0,-1.6
1790100621000,53.6489884,-3.0054837,4.21,258,-8.7,-1.4
1790100621100,53.6489943,-3.0054982,4.12,258,-8.7,-1.1
1790100621200,53.6489868,-3.0054993,4.18,258,-8.2,-1.1
1790100621300,53.6489863,-3.0054954,4.10,258,-8.7,-1.6
1790100621400,53.6489920,-3.0055036,4.03,258,-9.4,-1.9
1790100621500,53.6489939,-3.0055001,4.10,258,-9.2,-1.8
1790100621600,53.6489880,-3.0055043,4.20,258,-8.3,-1.8
1790100621700,53.6489834,-3.0055195,4.18,258,-8.6,-1.5
1790100621800,53.6489847,-3.0055132,4.07,258,-9.3,-1.5
1790100621900,53.6489846,-3.0055281,4.05,258,-9.6,-1.7
1790100622000,53.6489875,-3.0055147,4.13,258,-8.5,-1.8
1790100622100,53.6489837,-3.0055304,4.13,258,-9.8,-2.0
1790100622200,53.6489821,-3.0055360,4.05,258,-9.9,-1.5
1790100622300,53.6489817,-3.0055282,4.04,258,-9.2,-1.8
1790100622400,53.6489879,-3.0055313,4.18,258,-8.7,-2.2
1790100622500,53.6489843,-3.0055432,4.24,258,-9.9,-1.7
1790100622600,53.6489812,-3.0055429,4.15,258,-9.3,-2.0
1790100622700,53.6489824,-3.0055510,4.10,258,-8.9,-2.1
1790100622800,53.6489834,-3.0055436,4.07,258,-10.2,-2.4
1790100622900,53.6489845,-3.0055595,4.17,258,-10.4,-2.3
1790100623000,53.6489797,-3.0055498,4.04,258,-10.3,-1.8
1790100623100,53.6489864,-3.0055630,4.12,258,-10.5,-1.9
1790100623200,53.6489873,-3.0055533,4.16,258,-9.3,-2.2
1790100623300,53.6489843,-3.0055566,4.09,258,-10.1,-2.3
1790100623400,53.6489823,-3.0055642,4.09,258,-9.8,-2.3
1790100623500,53.6489823,-3.0055690,4.06,258,-10.6,-2.6
1790100623600,53.6489859,-3.0055767,4.12,258,-10.4,-1.9
1790100623700,53.6489862,-3.0055687,4.08,258,-9.8,-2.4
1790100623800,53.6489770,-3.0055790,4.02,258,-11.0,-2.1
1790100623900,53.6489855,-3.0055837,4.00,258,-11.3,-2.0
1790100624000,53.6489755,-3.0055771,4.09,258,-10.1,-2.0
1790100624100,53.6489800,-3.0055850,4.19,258,-10.5,-2.0
1790100624200,53.6489765,-3.0055829,4.15,258,-10.7,-2.5
1790100624300,53.6489778,-3.0055923,4.14,258,-10.2,-2.4
1790100624400,53.6489825,-3.0056043,4.02,258,-10.4,-2.2
1790100624500,53.6489793,-3.0056069,4.12,258,-11.1,-1.9
1790100624600,53.6489731,-3.0056058,4.19,258,-11.5,-2.4
1790100624700,53.6489805,-3.0056158,4.15,258,-11.2,-2.0
1790100624800,53.6489772,-3.0056184,4.04,258,-10.6,-2.3
1790100624900,53.6489796,-3.0056187,4.09,258,-10.7,-2.1
1790100625000,53.6489742,-3.0056177,4.08,258,-11.2,-2.3
1790100625100,53.6489781,-3.0056266,4.15,258,-10.9,-2.2
1790100625200,53.6489778,-3.0056222,4.17,258,-12.1,-1.7
1790100625300,53.6489741,-3.0056239,4.04,258,-11.4,-1.7
1790100625400,53.6489732,-3.0056254,4.08,258,-11.2,-1.9
1790100625500,53.6489720,-3.0056350,4.01,258,-11.2,-1.7
1790100625600,53.6489728,-3.0056402,4.10,258,-12.0,-1.8
1790100625700,53.6489685,-3.0056373,4.06,258,-12.5,-1.6
1790100625800,53.6489675,-3.0056452,4.09,258,-11.3,-1.7
1790100625900,53.6489729,-3.0056429,4.21,258,-12.5,-1.5
1790100626000,53.6489683,-3.0056453,4.10,258,-11.3,-1.4
1790100626100,53.6489753,-3.0056529,4.18,258,-12.1,-1.7
1790100626200,53.6489746,-3.0056518,4.11,258,-12.6,-1.4
1790100626300,53.6489655,-3.0056546,4.14,258,-11.7,-1.8
1790100626400,53.6489726,-3.0056578,4.06,258,-12.3,-1.2
1790100626500,53.6489729,-3.0056597,4.04,258,-12.9,-1.4
1790100626600,53.6489651,-3.0056722,4.01,258,-12.1,-1.8
1790100626700,53.6489708,-3.0056628,4.13,258,-12.5,-1.4
1790100626800,53.6489727,-3.0056741,4.09,258,-12.7,-1.7
1790100626900,53.6489690,-3.0056766,4.00,258,-13.1,-1.1
1790100627000,53.6489691,-3.0056740,4.07,258,-12.2,-1.0
1790100627100,53.6489663,-3.0056737,4.18,258,-12.8,-1.3
1790100627200,53.6489646,-3.0056847,4.12,258,-12.0,-0.8
1790100627300,53.6489700,-3.0056974,4.24,258,-12.4,-1.5
1790100627400,53.6489639,-3.0056933,4.18,258,-13.0,-1.1
1790100627500,53.6489627,-3.0057002,4.09,258,-11.9,-1.2
1790100627600,53.6489649,-3.0056999,4.03,258,-12.6,-1.2
1790100627700,53.6489685,-3.0056993,4.10,258,-13.1,-0.7
1790100627800,53.6489653,-3.0057041,4.15,258,-12.7,-0.5
1790100627900,53.6489612,-3.0056992,4.20,258,-12.0,-1.2
1790100628000,53.6489684,-3.0057049,4.10,258,-12.9,-0.5
1790100628100,53.6489688,-3.0057069,4.05,258,-12.0,-0.9
1790100628200,53.6489594,-3.0057218,4.06,258,-12.4,-0.9
1790100628300,53.6489636,-3.0057248,4.14,258,-12.6,-0.7
1790100628400,53.6489657,-3.0057301,4.16,258,-12.0,-0.6
1790100628500,53.6489597,-3.0057259,4.08,258,-12.0,-0.8
1790100628600,53.6489641,-3.0057344,4.17,258,-12.4,-0.4
1790100628700,53.6489563,-3.0057392,4.05,258,-13.2,-0.2
1790100628800,53.6489653,-3.0057374,4.17,258,-13.0,-0.7
1790100628900,53.6489570,-3.0057435,4.02,258,-13.0,-0.7
1790100629000,53.6489580,-3.0057402,4.18,258,-12.9,-0.2
1790100629100,53.6489591,-3.0057434,4.07,258,-11.8,-0.3
1790100629200,53.6489579,-3.0057442,3.98,258,-12.8,-0.3
1790100629300,53.6489625,-3.0057450,4.16,258,-12.7,0.0
1790100629400,53.6489606,-3.0057566,4.11,258,-12.8,0.0
1790100629500,53.6489544,-3.0057632,4.05,258,-12.1,-0.2
1790100629600,53.6489569,-3.0057693,4.05,258,-12.8,-0.3
1790100629700,53.6489521,-3.0057635,4.02,258,-11.9,0.0
1790100629800,53.6489598,-3.0057624,4.08,258,-12.2,0.2
1790100629900,53.6489555,-3.0057695,4.02,258,-12.2,-0.2
1790100630000,53.6489539,-3.0057658,4.03,258,-11.9,-0.2
1790100630100,53.6489547,-3.0057772,4.00,258,-11.7,0.4
1790100630200,53.6489513,-3.0057770,4.12,258,-12.0,-0.2
1790100630300,53.6489579,-3.0057882,3.97,258,-11.8,0.5
1790100630400,53.6489507,-3.0057823,3.97,258,-11.5,-0.1
1790100630500,53.6489564,-3.0057840,4.04,258,-11.1,0.6
1790100630600,53.6489550,-3.0057973,4.14,258,-12.2,0.5
1790100630700,53.6489507,-3.0057896,4.17,258,-12.0,-0.2
1790100630800,53.6489506,-3.0057921,4.10,258,-12.1,0.0
1790100630900,53.6489487,-3.0057976,4.09,258,-11.7,0.5
1790100631000,53.6489522,-3.0058114,4.08,258,-11.8,0.5
1790100631100,53.6489524,-3.0058123,4.02,258,-11.6,-0.1
1790100631200,53.6489465,-3.0058057,3.96,258,-11.4,0.3
1790100631300,53.6489554,-3.0058204,4.05,258,-10.5,0.6
1790100631400,53.6489454,-3.0058180,4.06,258,-11.0,0.5
1790100631500,53.6489523,-3.0058246,4.05,258,-10.8,0.3
1790100631600,53.6489485,-3.0058251,4.08,258,-11.7,-0.2
1790100631700,53.6489465,-3.0058295,4.12,258,-11.5,-0.1
1790100631800,53.6489544,-3.0058271,4.01,258,-10.8,0.1
1790100631900,53.6489527,-3.0058365,3.92,258,-10.2,0.3
1790100632000,53.6489443,-3.0058428,3.96,258,-11.1,-0.2
1790100632100,53.6489448,-3.0058398,4.01,258,-11.1,0.3
1790100632200,53.6489433,-3.0058493,4.13,258,-10.0,-0.2
1790100632300,53.6489489,-3.0058409,3.98,258,-11.0,-0.2
1790100632400,53.6489490,-3.0058410,3.94,258,-9.9,0.1
1790100632500,53.6489443,-3.0058545,3.98,258,-10.1,0.3
1790100632600,53.6489445,-3.0058471,4.11,258,-10.8,-0.3
1790100632700,53.6489476,-3.0058530,3.96,258,-10.5,0.3
1790100632800,53.6489455,-3.0058652,4.05,258,-10.2,0.1
1790100632900,53.6489421,-3.0058686,4.04,258,-10.5,-0.1
1790100633000,53.6489413,-3.0058593,4.01,258,-9.2,-0.3
1790100633100,53.6489447,-3.0058598,3.98,258,-9.2,-0.2
1790100633200,53.6489420,-3.0058789,3.89,258,-9.6,-0.6
1790100633300,53.6489480,-3.0058701,4.06,258,-9.7,0.1
1790100633400,53.6489436,-3.0058786,4.07,258,-9.8,-0.1
1790100633500,53.6489450,-3.0058827,3.92,258,-8.9,-0.4
1790100633600,53.6489390,-3.0058814,3.88,258,-8.8,-0.6
1790100633700,53.6489402,-3.0058816,3.92,258,-9.8,-0.7
1790100633800,53.6489455,-3.0058986,3.85,258,-9.7,-0.6
1790100633900,53.6489432,-3.0058840,4.06,258,-8.7,-0.2
1790100634000,53.6489406,-3.0058894,4.09,258,-9.5,-0.6
1790100634100,53.6489422,-3.0058977,3.96,258,-8.9,-0.3
1790100634200,53.6489393,-3.0059032,3.98,258,-9.2,-0.6
1790100634300,53.6489409,-3.0058961,4.07,258,-8.8,-0.4
1790100634400,53.6489392,-3.0059109,3.92,258,-8.9,-0.6
1790100634500,53.6489434,-3.0059061,3.90,258,-8.5,-0.6
1790100634600,53.6489434,-3.0059172,3.90,258,-8.9,-1.1
1790100634700,53.6489403,-3.0059147,3.86,258,-9.2,-1.2
1790100634800,53.6489341,-3.0059248,4.01,258,-9.0,-0.9
1790100634900,53.6489328,-3.0059279,3.96,258,-8.8,-1.0
1790100635000,53.6489383,-3.0059306,3.92,258,-9.0,-1.2
1790100635100,53.6489401,-3.0059274,3.95,258,-7.9,-1.0
1790100635200,53.6489307,-3.0059259,3.94,258,-8.4,-1.4
1790100635300,53.6489340,-3.0059439,3.92,258,-8.8,-1.2
1790100635400,53.6489332,-3.0059390,3.92,258,-8.3,-1.3
1790100635500,53.6489330,-3.0059424,4.00,258,-8.2,-1.4
1790100635600,53.6489298,-3.0059422,3.99,258,-7.4,-1.6
1790100635700,53.6489314,-3.0059523,4.01,258,-7.4,-1.8
1790100635800,53.6489310,-3.0059513,3.87,258,-8.2,-1.7
1790100635900,53.6489325,-3.0059549,3.93,258,-8.5,-1.3
1790100636000,53.6489321,-3.0059573,3.87,258,-7.7,-2.0
1790100636100,53.6489333,-3.0059522,3.86,258,-7.8,-1.3
1790100636200,53.6489350,-3.0059641,3.93,258,-7.2,-1.6
1790100636300,53.6489372,-3.0059640,3.93,258,-7.9,-2.1
1790100636400,53.6489315,-3.0059694,3.87,258,-8.4,-1.6
1790100636500,53.6489282,-3.0059697,4.02,258,-7.0,-2.1
1790100636600,53.6489296,-3.0059832,3.93,258,-8.1,-2.0
1790100636700,53.6489356,-3.0059862,3.98,258,-7.1,-2.2
1790100636800,53.6489258,-3.0059868,3.86,258,-7.7,-2.1
1790100636900,53.6489339,-3.0059847,3.94,258,-7.1,-1.9
1790100637000,53.6489294,-3.0059836,3.95,258,-7.3,-2.0
1790100637100,53.6489316,-3.0059878,3.93,258,-7.4,-2.2
1790100637200,53.6489249,-3.0059941,3.93,258,-7.8,-1.9
1790100637300,53.6489269,-3.0059951,3.85,258,-7.4,-2.1
1790100637400,53.6489302,-3.0059892,3.79,258,-7.5,-2.3
1790100637500,53.6489293,-3.0060098,3.88,258,-6.8,-2.3
1790100637600,53.6489265,-3.0060003,3.97,258,-7.7,-1.7
1790100637700,53.6489309,-3.0060088,3.74,258,-7.7,-2.0
1790100637800,53.6489295,-3.0060028,3.90,258,-7.3,-2.1
1790100637900,53.6489301,-3.0060096,3.94,258,-8.1,-2.5
1790100638000,53.6489207,-3.0060092,3.82,258,-7.5,-2.5
1790100638100,53.6489291,-3.0060198,3.86,258,-8.1,-2.0
1790100638200,53.6489240,-3.0060132,3.85,258,-7.1,-2.2
1790100638300,53.6489231,-3.0060308,3.93,258,-7.9,-2.1
1790100638400,53.6489261,-3.0060217,3.84,258,-8.3,-1.9
1790100638500,53.6489229,-3.0060267,3.91,258,-7.2,-2.0
1790100638600,53.6489183,-3.0060321,3.71,258,-8.2,-2.6
1790100638700,53.6489198,-3.0060424,3.88,258,-7.2,-2.1
1790100638800,53.6489227,-3.0060442,3.85,258,-8.2,-2.2
1790100638900,53.6489260,-3.0060358,3.84,258,-8.4,-2.4
1790100639000,53.6489227,-3.0060512,3.87,258,-7.8,-2.1
1790100639100,53.6489211,-3.0060506,3.89,258,-7.0,-2.0
1790100639200,53.6489253,-3.0060484,3.71,258,-7.1,-2.0
1790100639300,53.6489155,-3.0060615,3.74,258,-7.2,-1.9
1790100639400,53.6489209,-3.0060541,3.82,258,-8.3,-2.4
1790100639500,53.6489185,-3.0060506,3.80,258,-7.8,-1.8
1790100639600,53.6489207,-3.0060700,3.72,258,-8.7,-2.1
1790100639700,53.6489168,-3.0060649,3.84,258,-7.2,-2.2
1790100639800,53.6489195,-3.0060750,3.82,258,-8.5,-1.7
1790100639900,53.6489222,-3.0060641,3.79,258,-8.0,-2.1
1790100640000,53.6489227,-3.0060676,3.74,258,-8.0,-2.2
1790100640100,53.6489204,-3.0060683,3.74,258,-8.8,-1.6
1790100640200,53.6489207,-3.0060814,3.73,258,-7.8,-1.5
1790100640300,53.6489140,-3.0060894,3.76,258,-7.6,-2.0
1790100640400,53.6489167,-3.0060860,3.74,258,-8.2,-1.8
1790100640500,53.6489198,-3.0060909,3.77,258,-8.4,-1.7
1790100640600,53.6489177,-3.0060931,3.67,258,-8.0,-1.4
1790100640700,53.6489155,-3.0060983,3.80,258,-9.2,-1.8
1790100640800,53.6489202,-3.0061035,3.81,258,-8.2,-1.9
1790100640900,53.6489200,-3.0061074,3.72,258,-8.5,-1.4
1790100641000,53.6489179,-3.0061051,3.77,258,-9.4,-1.8
1790100641100,53.6489111,-3.0061137,3.69,258,-8.4,-1.3
1790100641200,53.6489169,-3.0061153,3.65,258,-8.9,-1.3
1790100641300,53.6489158,-3.0061190,3.76,258,-8.7,-1.0
1790100641400,53.6489144,-3.0061076,3.80,258,-8.3,-1.5
1790100641500,53.6489138,-3.0061237,3.86,258,-8.7,-0.9
1790100641600,53.6489107,-3.0061155,3.74,258,-8.6,-1.2
1790100641700,53.6489092,-3.0061243,3.76,258,-9.9,-0.9
1790100641800,53.6489108,-3.0061311,3.74,258,-10.0,-1.4
1790100641900,53.6489096,-3.0061315,3.77,258,-8.7,-1.0
1790100642000,53.6489088,-3.0061251,3.78,258,-10.0,-0.7
1790100642100,53.6489104,-3.0061329,3.73,258,-9.9,-0.7
1790100642200,53.6489058,-3.0061407,3.78,258,-10.0,-1.1
1790100642300,53.6489113,-3.0061376,3.85,258,-10.1,-0.5
1790100642400,53.6489072,-3.0061356,3.75,258,-9.4,-1.0
1790100642500,53.6489060,-3.0061427,3.82,258,-9.9,-0.4
1790100642600,53.6489075,-3.0061435,3.72,258,-9.8,-0.7
1790100642700,53.6489058,-3.0061468,3.71,258,-10.2,-0.5
1790100642800,53.6489080,-3.0061632,3.61,258,-10.1,-1.0
1790100642900,53.6489032,-3.0061485,3.75,258,-9.6,-0.6
1790100643000,53.6489033,-3.0061593,3.79,258,-9.9,-0.4
1790100643100,53.6489066,-3.0061591,3.73,258,-10.9,-0.8
1790100643200,53.6489084,-3.0061692,3.65,258,-9.9,-0.3
1790100643300,53.6489085,-3.0061649,3.80,258,-10.3,-0.4
1790100643400,53.6489046,-3.0061726,3.74,258,-11.3,-0.2
1790100643500,53.6489031,-3.0061823,3.64,258,-10.2,-0.0
1790100643600,53.6489004,-3.0061747,3.79,258,-10.8,0.1
1790100643700,53.6489034,-3.0061794,3.70,258,-11.5,0.1
1790100643800,53.6489026,-3.0061859,3.58,258,-10.2,-0.4
1790100643900,53.6489061,-3.0061830,3.71,258,-10.9,0.2
1790100644000,53.6489057,-3.0061805,3.77,258,-11.3,0.1
1790100644100,53.6489052,-3.0061881,3.59,258,-11.6,-0.4
1790100644200,53.6489001,-3.0062011,3.71,258,-11.8,0.1
1790100644300,53.6489001,-3.0062016,3.59,258,-11.7,0.1
1790100644400,53.6489069,-3.0062004,3.68,258,-11.8,0.1
1790100644500,53.6489010,-3.0061991,3.70,258,-10.8,-0.1
1790100644600,53.6488993,-3.0062125,3.65,258,-11.3,0.4
1790100644700,53.6489035,-3.0062082,3.76,258,-11.1,-0.1
1790100644800,53.6488988,-3.0062029,3.69,258,-11.8,-0.2
1790100644900,53.6488962,-3.0062125,3.56,258,-12.1,0.3
1790100645000,53.6489025,-3.0062187,3.67,258,-11.1,0.4
1790100645100,53.6488965,-3.0062104,3.73,258,-11.7,0.1
1790100645200,53.6488950,-3.0062251,3.66,258,-11.6,0.2
1790100645300,53.6489012,-3.0062257,3.55,258,-12.6,0.6
1790100645400,53.6488973,-3.0062185,3.73,258,-11.8,0.5
1790100645500,53.6488963,-3.0062357,3.66,258,-11.7,-0.1
1790100645600,53.6489002,-3.0062397,3.70,258,-12.1,0.6
1790100645700,53.6489008,-3.0062404,3.54,258,-12.2,0.5
1790100645800,53.6489019,-3.0062465,3.69,258,-12.0,0.3
1790100645900,53.6488918,-3.0062431,3.65,258,-12.0,-0.0
1790100646000,53.6488954,-3.0062376,3.58,258,-12.6,0.3
1790100646100,53.6488963,-3.0062431,3.62,258,-13.0,-0.2
1790100646200,53.6488936,-3.0062582,3.61,258,-12.0,0.3
1790100646300,53.6489010,-3.0062441,3.62,258,-11.6,0.1
1790100646400,53.6488974,-3.0062523,3.62,258,-12.3,-0.3
1790100646500,53.6488921,-3.0062665,3.62,258,-12.3,-0.1
1790100646600,53.6488988,-3.0062568,3.61,258,-12.9,-0.0
1790100646700,53.6488923,-3.0062717,3.62,258,-12.6,-0.1
1790100646800,53.6488958,-3.0062680,3.66,258,-13.1,-0.1
1790100646900,53.6488977,-3.0062636,3.55,258,-12.7,0.2
1790100647000,53.6488923,-3.0062746,3.58,258,-12.0,-0.1
1790100647100,53.6488898,-3.0062811,3.65,258,-13.2,-0.3
1790100647200,53.6488899,-3.0062709,3.53,258,-12.8,-0.4
1790100647300,53.6488882,-3.0062742,3.56,258,-12.9,-0.3
1790100647400,53.6488890,-3.0062825,3.74,258,-13.0,0.1
1790100647500,53.6488914,-3.0062899,3.61,258,-13.1,0.2
1790100647600,53.6488912,-3.0062937,3.51,258,-12.2,-0.2
1790100647700,53.6488917,-3.0062905,3.54,258,-13.2,-0.3
1790100647800,53.6488883,-3.0062962,3.72,258,-13.0,-0.6
1790100647900,53.6488950,-3.0062957,3.68,258,-13.0,-0.3
1790100648000,53.6488950,-3.0062907,3.56,258,-13.2,-0.4
1790100648100,53.6488938,-3.0062979,3.72,258,-12.3,-0.1
1790100648200,53.6488883,-3.0063006,3.61,258,-11.8,-0.2
1790100648300,53.6488872,-3.0063122,3.57,258,-12.1,-0.9
1790100648400,53.6488858,-3.0063105,3.63,258,-11.8,-0.3
1790100648500,53.6488878,-3.0063066,3.53,258,-12.9,-0.4
1790100648600,53.6488920,-3.0063129,3.52,258,-13.0,-0.4
1790100648700,53.6488876,-3.0063123,3.53,258,-11.8,-0.9
1790100648800,53.6488819,-3.0063232,3.66,258,-12.8,-0.6
1790100648900,53.6488900,-3.0063241,3.67,258,-11.8,-1.0
1790100649000,53.6488893,-3.0063259,3.55,258,-12.9,-1.0
1790100649100,53.6488816,-3.0063333,3.70,258,-12.2,-0.9
1790100649200,53.6488845,-3.0063398,3.54,258,-12.7,-1.1
1790100649300,53.6488897,-3.0063332,3.59,258,-11.8,-1.5
1790100649400,53.6488884,-3.0063423,3.73,258,-11.5,-1.1
1790100649500,53.6488871,-3.0063437,3.61,258,-11.9,-0.8
1790100649600,53.6488833,-3.0063514,3.65,258,-11.4,-1.2
1790100649700,53.6488803,-3.0063528,3.53,258,-12.5,-1.4
1790100649800,53.6488817,-3.0063416,3.53,258,-12.0,-1.6
1790100649900,53.6488883,-3.0063487,3.57,258,-12.2,-1.6
1790100650000,53.6488805,-3.0063624,3.66,258,-12.5,-1.8
1790100650100,53.6488778,-3.0063547,3.67,258,-11.7,-1.8
1790100650200,53.6488777,-3.0063643,3.47,258,-11.3,-1.4
1790100650300,53.6488789,-3.0063556,3.66,258,-11.6,-1.6
1790100650400,53.6488833,-3.0063636,3.55,258,-12.2,-1.6
1790100650500,53.6488766,-3.0063638,3.56,258,-11.6,-1.8
1790100650600,53.6488810,-3.0063635,3.56,258,-10.7,-1.4
1790100650700,53.6488768,-3.0063694,3.55,258,-10.7,-1.6
1790100650800,53.6488843,-3.0063841,3.54,258,-11.1,-2.0
1790100650900,53.6488769,-3.0063787,3.64,258,-10.6,-2.0
1790100651000,53.6488825,-3.0063819,3.61,258,-11.7,-2.0
1790100651100,53.6488793,-3.0063789,3.48,258,-11.4,-1.6
1790100651200,53.6488792,-3.0063921,3.49,258,-11.2,-1.5
1790100651300,53.6488804,-3.0063815,3.50,258,-10.7,-2.0
1790100651400,53.6488771,-3.0063978,3.68,258,-10.1,-2.1
1790100651500,53.6488775,-3.0063963,3.67,258,-11.0,-2.1
1790100651600,53.6488745,-3.0064005,3.58,258,-11.0,-2.4
1790100651700,53.6488785,-3.0064060,3.59,258,-10.5,-1.9
1790100651800,53.6488757,-3.0063973,3.50,258,-10.1,-2.0
1790100651900,53.6488796,-3.0064044,3.52,258,-9.9,-2.0
1790100652000,53.6488759,-3.0064013,3.53,258,-10.9,-2.2
1790100652100,53.6488735,-3.0064101,3.65,258,-10.3,-2.3
1790100652200,53.6488806,-3.0064204,3.56,258,-9.9,-2.5
1790100652300,53.6488735,-3.0064221,3.49,258,-10.4,-2.2
1790100652400,53.6488754,-3.0064205,3.57,258,-10.1,-2.6
1790100652500,53.6488758,-3.0064189,3.47,258,-10.3,-2.0
1790100652600,53.6488693,-3.0064284,3.62,258,-9.6,-2.2
1790100652700,53.6488751,-3.0064314,3.59,258,-9.9,-2.3
1790100652800,53.6488741,-3.0064273,3.62,258,-9.8,-2.6
1790100652900,53.6488734,-3.0064374,3.52,258,-10.0,-2.4
1790100653000,53.6488711,-3.0064391,3.63,258,-8.8,-1.9
1790100653100,53.6488760,-3.0064309,3.57,258,-9.8,-2.2
1790100653200,53.6488746,-3.0064336,3.51,258,-8.7,-2.0
1790100653300,53.6488703,-3.0064515,3.49,258,-9.7,-2.4
1790100653400,53.6488718,-3.0064532,3.59,258,-9.0,-2.1
1790100653500,53.6488709,-3.0064451,3.66,258,-9.3,-2.4
1790100653600,53.6488708,-3.0064541,3.50,258,-9.4,-2.0
1790100653700,53.6488652,-3.0064540,3.57,258,-8.3,-1.8
1790100653800,53.6488658,-3.0064599,3.49,258,-9.3,-1.8
1790100653900,53.6488736,-3.0064622,3.70,258,-9.1,-1.8
1790100654000,53.6488712,-3.0064599,3.65,258,-8.5,-2.0
1790100654100,53.6488689,-3.0064701,3.52,258,-8.7,-2.1
1790100654200,53.6488669,-3.0064745,3.67,258,-8.5,-2.4
1790100654300,53.6488687,-3.0064654,3.64,258,-8.4,-2.3
1790100654400,53.6488627,-3.0064733,3.50,258,-7.8,-1.9
1790100654500,53.6488630,-3.0064682,3.55,258,-8.8,-2.1
1790100654600,53.6488712,-3.0064756,3.64,258,-7.9,-1.6
1790100654700,53.6488675,-3.0064854,3.51,258,-7.6,-1.7
1790100654800,53.6488678,-3.0064842,3.62,258,-8.5,-1.7
1790100654900,53.6488638,-3.0064884,3.68,258,-8.2,-1.7
1790100655000,53.6488676,-3.0064915,3.54,258,-8.1,-2.0
1790100655100,53.6488689,-3.0064839,3.57,258,-7.6,-2.0
1790100655200,53.6488653,-3.0064966,3.62,258,-8.2,-1.4
1790100655300,53.6488615,-3.0065060,3.72,258,-7.9,-1.6
1790100655400,53.6488609,-3.0064941,3.54,258,-8.1,-1.8
1790100655500,53.6488664,-3.0064952,3.68,258,-7.9,-1.5
1790100655600,53.6488630,-3.0065123,3.64,258,-7.9,-1.7
1790100655700,53.6488629,-3.0065044,3.50,258,-7.8,-1.4
1790100655800,53.6488593,-3.0065157,3.58,258,-7.1,-1.1
1790100655900,53.6488629,-3.0065081,3.60,258,-7.6,-1.0
1790100656000,53.6488657,-3.0065243,3.55,258,-7.4,-1.5
1790100656100,53.6488653,-3.0065245,3.53,258,-7.4,-1.5
1790100656200,53.6488660,-3.0065181,3.68,258,-7.7,-1.0
1790100656300,53.6488646,-3.0065298,3.66,258,-7.4,-1.0
1790100656400,53.6488588,-3.0065358,3.66,258,-7.0,-1.2
1790100656500,53.6488632,-3.0065336,3.68,258,-8.1,-0.8
1790100656600,53.6488559,-3.0065285,3.55,258,-8.2,-0.6
1790100656700,53.6488649,-3.0065369,3.51,258,-7.5,-0.8
1790100656800,53.6488546,-3.0065384,3.73,258,-7.7,-0.5
1790100656900,53.6488599,-3.0065450,3.51,258,-7.6,-0.5
1790100657000,53.6488567,-3.0065402,3.66,258,-7.6,-0.4
1790100657100,53.6488568,-3.0065503,3.56,258,-7.9,-0.8
1790100657200,53.6488556,-3.0065575,3.61,258,-7.2,-0.6
1790100657300,53.6488594,-3.0065521,3.72,258,-6.8,-0.4
1790100657400,53.6488612,-3.0065647,3.51,258,-7.4,-0.5
1790100657500,53.6488624,-3.0065543,3.55,258,-8.0,-0.2
1790100657600,53.6488612,-3.0065678,3.55,258,-6.9,-0.5
1790100657700,53.6488574,-3.0065706,3.58,258,-7.9,-0.1
1790100657800,53.6488536,-3.0065686,3.67,258,-7.0,0.1
1790100657900,53.6488544,-3.0065772,3.60,258,-7.2,0.1
1790100658000,53.6488502,-3.0065785,3.57,258,-7.9,-0.6
1790100658100,53.6488547,-3.0065723,3.63,258,-8.2,-0.2
1790100658200,53.6488525,-3.0065867,3.55,258,-8.3,-0.3
1790100658300,53.6488536,-3.0065744,3.71,258,-7.0,0.2
1790100658400,53.6488563,-3.0065882,3.69,258,-8.3,0.1
1790100658500,53.6488532,-3.0065805,3.70,258,-7.2,-0.3
1790100658600,53.6488539,-3.0065859,3.74,258,-8.5,0.2
1790100658700,53.6488503,-3.0065879,3.61,258,-7.8,0.3
1790100658800,53.6488515,-3.0065957,3.76,258,-7.3,-0.2
1790100658900,53.6488492,-3.0065953,3.59,258,-7.7,0.0
1790100659000,53.6488469,-3.0066010,3.63,258,-7.4,-0.3
1790100659100,53.6488537,-3.0065955,3.67,258,-8.1,0.3
1790100659200,53.6488468,-3.0066049,3.72,258,-7.7,0.0
1790100659300,53.6488538,-3.0066090,3.73,258,-8.4,0.3
1790100659400,53.6488522,-3.0066101,3.59,258,-8.0,0.1
1790100659500,53.6488461,-3.0066169,3.75,258,-7.4,0.5
1790100659600,53.6488463,-3.0066146,3.65,258,-8.5,0.2
1790100659700,53.6488480,-3.0066170,3.75,258,-8.9,0.6
1790100659800,53.6488532,-3.0066284,3.72,258,-7.9,0.2
1790100659900,53.6488509,-3.0066224,3.65,258,-8.1,-0.2
1790100660000,53.6488510,-3.0066275,3.61,258,-9.0,-0.1
1790100660100,53.6488518,-3.0066257,3.64,258,-8.3,0.5
1790100660200,53.6488508,-3.0066428,3.79,258,-9.2,0.2
1790100660300,53.6488503,-3.0066298,3.69,258,-8.1,0.3
1790100660400,53.6488447,-3.0066465,3.78,258,-8.0,-0.2
1790100660500,53.6488498,-3.0066362,3.68,258,-8.5,0.5
1790100660600,53.6488435,-3.0066435,3.81,258,-8.8,0.0
1790100660700,53.6488413,-3.0066492,3.70,258,-8.2,0.3
1790100660800,53.6488491,-3.0066479,3.74,258,-9.6,-0.1
1790100660900,53.6488400,-3.0066486,3.75,258,-9.1,0.4
1790100661000,53.6488460,-3.0066550,3.64,258,-8.5,-0.3
1790100661100,53.6488481,-3.0066611,3.65,258,-9.6,0.2
1790100661200,53.6488475,-3.0066586,3.78,258,-8.7,0.3
1790100661300,53.6488472,-3.0066612,3.74,258,-9.9,-0.0
1790100661400,53.6488431,-3.0066679,3.79,258,-9.5,0.0
1790100661500,53.6488476,-3.0066627,3.82,258,-9.2,0.1
1790100661600,53.6488407,-3.0066761,3.69,258,-9.9,-0.1
1790100661700,53.6488406,-3.0066682,3.80,258,-10.2,0.2
1790100661800,53.6488417,-3.0066779,3.64,258,-9.4,0.2
1790100661900,53.6488363,-3.0066913,3.69,258,-10.0,0.1
1790100662000,53.6488376,-3.0066833,3.78,258,-10.6,-0.5
1790100662100,53.6488415,-3.0066884,3.75,258,-9.3,-0.5
1790100662200,53.6488364,-3.0066862,3.77,258,-10.5,-0.5
1790100662300,53.6488396,-3.0066923,3.84,258,-9.6,-0.4
1790100662400,53.6488399,-3.0066896,3.81,258,-10.8,-0.2
1790100662500,53.6488343,-3.0066949,3.65,258,-10.5,-0.3
1790100662600,53.6488378,-3.0067118,3.81,258,-10.4,-0.2
1790100662700,53.6488424,-3.0067013,3.83,258,-10.3,-0.6
1790100662800,53.6488356,-3.0067060,3.67,258,-10.8,-0.9
1790100662900,53.6488352,-3.0067161,3.71,258,-11.2,-0.6
1790100663000,53.6488355,-3.0067073,3.68,258,-10.5,-0.9
1790100663100,53.6488388,-3.0067100,3.75,258,-10.6,-0.9
1790100663200,53.6488339,-3.0067280,3.74,258,-10.5,-1.1
1790100663300,53.6488326,-3.0067316,3.86,258,-10.2,-1.2
1790100663400,53.6488309,-3.0067267,3.72,258,-10.8,-1.3
1790100663500,53.6488351,-3.0067271,3.84,258,-10.8,-1.1
1790100663600,53.6488386,-3.0067344,3.85,258,-11.3,-1.3
1790100663700,53.6488382,-3.0067355,3.88,258,-11.7,-1.3
1790100663800,53.6488388,-3.0067382,3.75,258,-11.2,-1.2
1790100663900,53.6488312,-3.0067431,3.70,258,-11.8,-0.8
1790100664000,53.6488383,-3.0067461,3.75,258,-11.7,-1.0
1790100664100,53.6488374,-3.0067416,3.69,258,-11.6,-1.4
1790100664200,53.6488324,-3.0067490,3.69,258,-11.7,-1.6
1790100664300,53.6488365,-3.0067550,3.72,258,-11.0,-1.5
1790100664400,53.6488279,-3.0067505,3.88,258,-10.9,-1.2
1790100664500,53.6488276,-3.0067620,3.71,258,-11.8,-1.2
1790100664600,53.6488320,-3.0067602,3.86,258,-12.2,-1.1
1790100664700,53.6488302,-3.0067657,3.73,258,-11.3,-1.7
1790100664800,53.6488361,-3.0067620,3.80,258,-12.2,-1.5
1790100664900,53.6488329,-3.0067686,3.77,258,-11.7,-1.5
1790100665000,53.6488313,-3.0067699,3.92,258,-12.3,-1.6
1790100665100,53.6488274,-3.0067829,3.81,258,-11.7,-1.7
1790100665200,53.6488337,-3.0067691,3.92,258,-12.5,-2.0
1790100665300,53.6488252,-3.0067820,3.71,258,-12.4,-1.4
1790100665400,53.6488339,-3.0067783,3.88,258,-12.2,-1.6
1790100665500,53.6488265,-3.0067816,3.89,258,-11.7,-2.1
1790100665600,53.6488227,-3.0067811,3.75,258,-11.6,-2.1
1790100665700,53.6488231,-3.0067946,3.90,258,-12.4,-1.6
1790100665800,53.6488272,-3.0067893,3.78,258,-11.9,-1.9
1790100665900,53.6488272,-3.0067899,3.75,258,-11.7,-2.2
1790100666000,53.6488266,-3.0068072,3.81,258,-12.5,-2.4
1790100666100,53.6488220,-3.0068097,3.88,258,-12.8,-2.2
1790100666200,53.6488286,-3.0068051,3.88,258,-11.8,-2.4
1790100666300,53.6488230,-3.0068173,3.92,258,-12.9,-1.8
1790100666400,53.6488283,-3.0068145,3.85,258,-11.7,-2.3
1790100666500,53.6488265,-3.0068073,3.95,258,-12.2,-1.9
1790100666600,53.6488252,-3.0068272,3.88,258,-12.3,-2.3
1790100666700,53.6488261,-3.0068161,3.86,258,-12.4,-2.0
1790100666800,53.6488257,-3.0068319,3.99,258,-13.0,-2.1
1790100666900,53.6488186,-3.0068244,3.92,258,-12.0,-2.5
1790100667000,53.6488219,-3.0068294,3.76,258,-12.2,-1.9
1790100667100,53.6488252,-3.0068424,3.94,258,-12.9,-2.4
1790100667200,53.6488239,-3.0068340,3.88,258,-11.8,-2.5
1790100667300,53.6488184,-3.0068355,3.96,258,-12.6,-2.6
1790100667400,53.6488234,-3.0068487,3.87,258,-12.5,-2.4
1790100667500,53.6488173,-3.0068538,3.97,258,-13.0,-2.1
1790100667600,53.6488177,-3.0068418,3.85,258,-12.2,-1.9
1790100667700,53.6488230,-3.0068563,3.89,258,-11.8,-2.0
1790100667800,53.6488201,-3.0068633,3.92,258,-12.9,-1.9
1790100667900,53.6488239,-3.0068622,3.99,258,-12.2,-2.5
1790100668000,53.6488176,-3.0068542,3.99,258,-12.4,-2.1
1790100668100,53.6488187,-3.0068677,3.82,258,-12.6,-2.5
1790100668200,53.6488232,-3.0068711,3.97,258,-13.0,-2.3
1790100668300,53.6488138,-3.0068748,3.78,258,-11.6,-1.9
1790100668400,53.6488197,-3.0068809,3.90,258,-12.7,-1.8
1790100668500,53.6488125,-3.0068790,3.88,258,-12.9,-1.6
1790100668600,53.6488131,-3.0068846,3.86,258,-11.7,-2.0
1790100668700,53.6488168,-3.0068800,3.93,258,-12.2,-1.7
1790100668800,53.6488107,-3.0068834,4.00,258,-11.5,-2.3
1790100668900,53.6488164,-3.0068958,3.92,258,-12.1,-1.8
1790100669000,53.6488119,-3.0068939,4.03,258,-11.7,-1.6
1790100669100,53.6488131,-3.0068858,3.98,258,-12.1,-1.8
1790100669200,53.6488158,-3.0068906,3.93,258,-12.1,-1.9
1790100669300,53.6488128,-3.0068930,3.93,258,-11.4,-1.9
1790100669400,53.6488181,-3.0069069,4.02,258,-11.9,-1.7
1790100669500,53.6488142,-3.0069009,4.05,258,-11.6,-1.6
1790100669600,53.6488159,-3.0069174,4.04,258,-11.8,-1.9
1790100669700,53.6488119,-3.0069043,3.91,258,-11.5,-1.7
1790100669800,53.6488153,-3.0069203,3.86,258,-11.7,-1.6
1790100669900,53.6488107,-3.0069191,3.93,258,-12.0,-1.1
1790100670000,53.6488126,-3.0069222,3.85,258,-11.3,-1.5
1790100670100,53.6488062,-3.0069192,4.06,258,-12.0,-1.5
1790100670200,53.6488151,-3.0069203,3.89,258,-11.3,-1.1
1790100670300,53.6488114,-3.0069373,3.98,258,-11.9,-1.5
1790100670400,53.6488150,-3.0069255,3.86,258,-11.6,-1.5
1790100670500,53.6488085,-3.0069316,3.93,258,-10.8,-1.3
1790100670600,53.6488070,-3.0069475,4.06,258,-11.5,-1.3
1790100670700,53.6488048,-3.0069459,3.90,258,-11.1,-0.9
1790100670800,53.6488101,-3.0069461,3.97,258,-10.7,-1.2
1790100670900,53.6488114,-3.0069561,4.06,258,-11.2,-1.3
1790100671000,53.6488065,-3.0069439,4.04,258,-10.1,-0.8
1790100671100,53.6488056,-3.0069498,4.01,258,-10.7,-0.5
1790100671200,53.6488062,-3.0069660,4.06,258,-10.8,-1.0
1790100671300,53.6488025,-3.0069599,3.94,258,-9.8,-1.1
1790100671400,53.6488015,-3.0069589,3.95,258,-11.0,-0.5
1790100671500,53.6488062,-3.0069627,4.00,258,-10.5,-0.9
1790100671600,53.6488010,-3.0069772,4.02,258,-10.1,-0.8
1790100671700,53.6488059,-3.0069729,3.95,258,-10.3,-0.6
1790100671800,53.6488064,-3.0069795,3.91,258,-9.6,-0.9
1790100671900,53.6488071,-3.0069708,4.02,258,-9.9,-0.5
1790100672000,53.6488013,-3.0069731,4.02,258,-10.1,-0.6
1790100672100,53.6488071,-3.0069888,4.00,258,-10.4,-0.2
1790100672200,53.6487978,-3.0069847,4.05,258,-9.2,-0.5
1790100672300,53.6488001,-3.0069952,4.07,258,-10.0,-0.2
1790100672400,53.6488044,-3.0069928,4.13,258,-9.4,-0.5
1790100672500,53.6487972,-3.0069878,4.03,258,-9.0,0.0
1790100672600,53.6488001,-3.0070028,3.98,258,-9.4,0.1
1790100672700,53.6487974,-3.0069978,4.12,258,-9.5,-0.2
1790100672800,53.6487961,-3.0070041,3.99,258,-8.5,0.2
1790100672900,53.6488040,-3.0070023,3.95,258,-9.4,0.2
1790100673000,53.6487993,-3.0070058,4.04,258,-8.7,-0.1
1790100673100,53.6488040,-3.0070097,4.13,258,-9.1,0.0
1790100673200,53.6488027,-3.0070136,3.96,258,-8.6,-0.0
1790100673300,53.6487974,-3.0070231,4.09,258,-8.4,0.4
1790100673400,53.6487931,-3.0070189,4.06,258,-8.9,0.1
1790100673500,53.6487947,-3.0070224,4.01,258,-8.2,0.4
1790100673600,53.6488024,-3.0070288,4.04,258,-8.2,0.2
1790100673700,53.6487983,-3.0070258,4.03,258,-9.3,0.2
1790100673800,53.6488004,-3.0070360,4.10,258,-7.9,0.4
1790100673900,53.6487919,-3.0070484,4.07,258,-7.8,-0.1
1790100674000,53.6488007,-3.0070452,4.14,258,-8.9,0.5
1790100674100,53.6487933,-3.0070476,4.15,258,-8.6,0.5
1790100674200,53.6487958,-3.0070426,3.96,258,-8.8,0.0
1790100674300,53.6487910,-3.0070448,4.10,258,-8.0,0.3
1790100674400,53.6487935,-3.0070571,4.11,258,-8.1,0.3
1790100674500,53.6487929,-3.0070513,4.08,258,-8.4,-0.1
1790100674600,53.6487962,-3.0070692,4.14,258,-7.5,0.1
1790100674700,53.6487980,-3.0070731,3.99,258,-7.6,-0.1
1790100674800,53.6487891,-3.0070704,4.16,258,-8.1,0.3
1790100674900,53.6487881,-3.0070623,3.97,258,-8.6,-0.2
1790100675000,53.6487882,-3.0070707,4.10,258,-8.5,0.4
1790100675100,53.6487951,-3.0070856,4.00,258,-7.9,0.3
1790100675200,53.6487887,-3.0070846,4.12,258,-8.2,-0.2
1790100675300,53.6487926,-3.0070802,3.99,258,-7.8,0.2
1790100675400,53.6487937,-3.0070879,4.03,258,-8.3,0.4
1790100675500,53.6487906,-3.0070925,4.03,258,-7.3,-0.2
1790100675600,53.6487883,-3.0070952,4.09,258,-7.5,0.4
1790100675700,53.6487907,-3.0071020,3.99,258,-8.2,0.0
1790100675800,53.6487877,-3.0070973,4.06,258,-7.1,-0.3
1790100675900,53.6487864,-3.0071051,4.14,258,-8.2,-0.4
1790100676000,53.6487927,-3.0071078,4.17,258,-7.5,-0.0
1790100676100,53.6487911,-3.0071011,4.09,258,-7.6,-0.1
1790100676200,53.6487914,-3.0071057,4.15,258,-7.1,-0.4
1790100676300,53.6487831,-3.0071235,4.13,258,-7.4,-0.2
1790100676400,53.6487852,-3.0071223,4.04,258,-7.3,-0.6
1790100676500,53.6487891,-3.0071233,4.19,258,-7.6,0.2
1790100676600,53.6487872,-3.0071177,4.17,258,-8.0,-0.5
1790100676700,53.6487822,-3.0071200,4.09,258,-7.9,-0.1
1790100676800,53.6487829,-3.0071236,4.06,258,-7.4,-0.2
1790100676900,53.6487849,-3.0071277,4.03,258,-8.0,-0.1
1790100677000,53.6487810,-3.0071435,4.14,258,-7.6,-0.7
1790100677100,53.6487846,-3.0071332,4.15,258,-7.9,-0.2
1790100677200,53.6487877,-3.0071467,4.00,258,-7.6,-0.5
1790100677300,53.6487790,-3.0071525,4.04,258,-7.2,-0.6
1790100677400,53.6487840,-3.0071473,4.12,258,-7.3,-0.9
1790100677500,53.6487810,-3.0071587,4.10,258,-7.5,-0.3
1790100677600,53.6487825,-3.0071607,4.18,258,-7.9,-0.5
1790100677700,53.6487848,-3.0071667,4.16,258,-7.8,-0.5
1790100677800,53.6487861,-3.0071595,4.07,258,-6.9,-0.6
1790100677900,53.6487801,-3.0071586,4.14,258,-7.0,-0.5
1790100678000,53.6487801,-3.0071706,4.10,258,-7.8,-0.8
1790100678100,53.6487790,-3.0071665,4.20,258,-7.6,-0.8
1790100678200,53.6487756,-3.0071801,4.02,258,-7.1,-1.3
1790100678300,53.6487786,-3.0071858,4.15,258,-7.3,-1.4
1790100678400,53.6487753,-3.0071775,4.05,258,-8.5,-1.0
1790100678500,53.6487746,-3.0071787,4.16,258,-8.5,-1.1
1790100678600,53.6487829,-3.0071953,4.20,258,-7.7,-1.3
1790100678700,53.6487752,-3.0071925,4.10,258,-8.1,-1.0
1790100678800,53.6487722,-3.0071845,4.03,258,-8.5,-1.6
1790100678900,53.6487795,-3.0071892,4.04,258,-7.4,-1.1
1790100679000,53.6487782,-3.0072018,4.03,258,-8.3,-1.3
1790100679100,53.6487716,-3.0072081,4.07,258,-8.5,-1.6
1790100679200,53.6487716,-3.0072106,4.05,258,-7.5,-1.6
1790100679300,53.6487771,-3.0072130,4.16,258,-8.7,-1.9
1790100679400,53.6487736,-3.0072170,4.08,258,-8.1,-2.0
1790100679500,53.6487748,-3.0072152,4.15,258,-8.4,-1.9
1790100679600,53.6487745,-3.0072264,4.02,258,-7.8,-1.6
1790100679700,53.6487686,-3.0072239,4.06,258,-7.9,-1.4
1790100679800,53.6487687,-3.0072311,4.04,258,-8.2,-2.2
1790100679900,53.6487698,-3.0072203,4.09,258,-9.2,-2.1
1790100680000,53.6487726,-3.0072239,4.17,258,-8.7,-1.7
1790100680100,53.6487676,-3.0072418,4.16,258,-9.4,-2.2
1790100680200,53.6487753,-3.0072435,4.08,258,-8.4,-1.6
1790100680300,53.6487756,-3.0072420,4.01,258,-8.4,-2.3
1790100680400,53.6487693,-3.0072455,4.04,258,-8.9,-2.1
1790100680500,53.6487712,-3.0072513,4.05,258,-9.2,-2.4
1790100680600,53.6487743,-3.0072519,4.03,258,-9.4,-2.2
1790100680700,53.6487748,-3.0072520,4.13,258,-9.9,-2.0
1790100680800,53.6487650,-3.0072598,4.17,258,-8.6,-2.4
1790100680900,53.6487655,-3.0072652,4.03,258,-9.2,-1.7
1790100681000,53.6487659,-3.0072654,4.11,258,-10.0,-2.0
1790100681100,53.6487716,-3.0072611,4.16,258,-9.1,-2.0
1790100681200,53.6487708,-3.0072714,4.07,258,-10.2,-2.3
1790100681300,53.6487703,-3.0072631,4.21,258,-9.6,-2.3
1790100681400,53.6487656,-3.0072719,4.22,258,-10.4,-2.4
1790100681500,53.6487665,-3.0072859,4.09,258,-10.4,-2.4
1790100681600,53.6487641,-3.0072773,4.15,258,-10.2,-2.4
1790100681700,53.6487686,-3.0072804,4.19,258,-9.3,-2.5
1790100681800,53.6487707,-3.0072851,4.13,258,-10.6,-2.4
1790100681900,53.6487669,-3.0072940,4.20,258,-10.2,-2.2
1790100682000,53.6487660,-3.0072876,4.00,258,-10.4,-2.0
1790100682100,53.6487643,-3.0072881,4.13,258,-11.0,-2.0
1790100682200,53.6487602,-3.0072993,4.04,258,-10.7,-2.5
1790100682300,53.6487623,-3.0072996,4.05,258,-11.2,-2.5
1790100682400,53.6487604,-3.0073067,4.00,258,-11.0,-2.1
1790100682500,53.6487619,-3.0073148,4.03,258,-11.4,-2.0
1790100682600,53.6487647,-3.0073076,4.21,258,-11.2,-2.2
1790100682700,53.6487627,-3.0073223,4.19,258,-11.4,-2.2
1790100682800,53.6487598,-3.0073171,4.05,258,-10.8,-2.2
1790100682900,53.6487611,-3.0073155,4.03,258,-10.6,-2.3
1790100683000,53.6487629,-3.0073316,4.07,258,-11.3,-2.3
1790100683100,53.6487555,-3.0073243,4.18,258,-11.0,-2.2
1790100683200,53.6487639,-3.0073311,4.04,258,-11.2,-2.3
1790100683300,53.6487596,-3.0073412,4.10,258,-11.6,-1.9
1790100683400,53.6487580,-3.0073393,4.19,258,-11.5,-1.7
1790100683500,53.6487635,-3.0073354,4.20,258,-10.7,-2.1
1790100683600,53.6487582,-3.0073416,3.99,258,-12.2,-2.1
1790100683700,53.6487620,-3.0073376,4.11,258,-12.0,-1.7
1790100683800,53.6487617,-3.0073502,4.19,258,-10.9,-1.7
1790100683900,53.6487542,-3.0073496,4.22,258,-11.7,-1.7
1790100684000,53.6487533,-3.0073554,4.11,258,-11.2,-1.6
1790100684100,53.6487531,-3.0073653,4.10,258,-11.3,-1.2
1790100684200,53.6487590,-3.0073646,4.12,258,-12.2,-1.9
1790100684300,53.6487608,-3.0073577,4.19,258,-12.5,-1.2
1790100684400,53.6487509,-3.0073687,4.03,258,-12.2,-1.6
1790100684500,53.6487541,-3.0073695,4.14,258,-12.7,-1.2
1790100684600,53.6487531,-3.0073764,4.15,258,-11.7,-1.3
1790100684700,53.6487494,-3.0073705,4.12,258,-12.0,-1.0
1790100684800,53.6487484,-3.0073773,4.02,258,-12.3,-0.9
1790100684900,53.6487569,-3.0073759,4.09,258,-12.8,-1.1
1790100685000,53.6487484,-3.0073810,4.05,258,-12.6,-1.3
1790100685100,53.6487524,-3.0073920,4.01,258,-12.7,-1.2
1790100685200,53.6487560,-3.0073921,4.15,258,-12.5,-1.3
1790100685300,53.6487494,-3.0073944,4.00,258,-12.6,-0.7
1790100685400,53.6487545,-3.0073904,4.05,258,-13.1,-0.8
1790100685500,53.6487497,-3.0074113,4.08,258,-12.8,-0.8
1790100685600,53.6487542,-3.0074001,4.15,258,-12.5,-1.0
1790100685700,53.6487553,-3.0074044,4.18,258,-11.9,-0.9
1790100685800,53.6487523,-3.0074050,4.18,258,-13.0,-1.1
1790100685900,53.6487491,-3.0074144,4.11,258,-12.7,-0.6
1790100686000,53.6487541,-3.0074251,4.08,258,-12.9,-0.9
1790100686100,53.6487492,-3.0074178,4.11,258,-12.0,-0.7
1790100686200,53.6487532,-3.0074213,4.16,258,-12.7,-0.8
1790100686300,53.6487509,-3.0074291,4.16,258,-12.6,-0.6
1790100686400,53.6487428,-3.0074285,4.07,258,-11.8,-0.6
1790100686500,53.6487443,-3.0074366,4.13,258,-12.2,-0.0
1790100686600,53.6487498,-3.0074348,3.98,258,-12.3,-0.3
1790100686700,53.6487450,-3.0074336,4.12,258,-12.5,-0.6
1790100686800,53.6487431,-3.0074498,4.09,258,-12.9,-0.7
1790100686900,53.6487476,-3.0074455,4.01,258,-13.0,-0.2
1790100687000,53.6487416,-3.0074435,3.94,258,-12.5,-0.2
1790100687100,53.6487455,-3.0074533,4.00,258,-13.0,-0.3
1790100687200,53.6487397,-3.0074565,4.11,258,-12.3,-0.2
1790100687300,53.6487488,-3.0074616,4.10,258,-13.1,-0.4
1790100687400,53.6487383,-3.0074684,4.01,258,-13.1,-0.0
1790100687500,53.6487459,-3.0074603,4.02,258,-12.1,0.3
1790100687600,53.6487462,-3.0074646,3.95,258,-12.0,-0.0
1790100687700,53.6487399,-3.0074703,2.26,342,-2.6,0.2
1790100687800,53.6487492,-3.0074739,2.21,342,-1.7,-0.2
1790100687900,53.6487443,-3.0074691,2.32,342,-2.3,0.1
1790100688000,53.6487418,-3.0074629,2.29,342,-1.8,-0.2
1790100688100,53.6487449,-3.0074652,2.33,342,-1.4,-0.1
1790100688200,53.6487464,-3.0074705,2.31,342,-1.3,-0.0
1790100688300,53.6487474,-3.0074709,2.37,342,-1.6,-0.0
1790100688400,53.6487530,-3.0074756,2.38,342,-1.3,-0.1
1790100688500,53.6487553,-3.0074663,2.43,342,-1.0,0.4
1790100688600,53.6487567,-3.0074661,2.38,342,-0.7,0.2
1790100688700,53.6487529,-3.0074820,2.41,342,-0.7,0.5
1790100688800,53.6487509,-3.0074672,2.43,342,0.1,-0.1
1790100688900,53.6487562,-3.0074756,2.44,342,0.2,0.0
1790100689000,53.6487537,-3.0074845,2.49,342,-0.8,0.6
1790100689100,53.6487558,-3.0074853,2.51,342,0.8,0.5
1790100689200,53.6487605,-3.0074688,2.52,342,0.6,0.3
1790100689300,53.6487561,-3.0074808,2.55,342,0.7,0.6
1790100689400,53.6487610,-3.0074785,2.67,342,1.2,0.1
1790100689500,53.6487599,-3.0074755,2.63,342,1.4,0.4
1790100689600,53.6487646,-3.0074719,2.59,342,0.8,0.4
1790100689700,53.6487638,-3.0074769,2.62,342,0.9,-0.2
1790100689800,53.6487682,-3.0074816,2.72,342,1.9,0.3
1790100689900,53.6487660,-3.0074875,2.64,342,2.4,0.3
1790100690000,53.6487663,-3.0074870,2.71,342,1.4,0.3
1790100690100,53.6487644,-3.0074910,2.71,342,2.4,0.1
1790100690200,53.6487759,-3.0074746,2.76,342,2.6,0.4
1790100690300,53.6487688,-3.0074878,2.70,342,3.0,-0.3
1790100690400,53.6487765,-3.0074806,2.73,342,2.3,-0.0
1790100690500,53.6487772,-3.0074766,2.86,342,2.5,-0.4
1790100690600,53.6487721,-3.0074849,2.83,342,3.3,-0.2
1790100690700,53.6487812,-3.0074929,2.93,342,2.5,-0.4
1790100690800,53.6487800,-3.0074927,2.78,342,3.3,-0.1
1790100690900,53.6487794,-3.0074900,2.85,342,2.9,-0.4
1790100691000,53.6487828,-3.0074912,2.90,342,3.2,-0.0
1790100691100,53.6487772,-3.0074948,2.93,342,3.9,-0.6
1790100691200,53.6487824,-3.0074835,2.88,342,4.7,-0.7
1790100691300,53.6487883,-3.0074932,2.90,342,4.6,-0.2
1790100691400,53.6487908,-3.0074934,3.01,342,5.4,-0.2
1790100691500,53.6487919,-3.0074945,3.08,342,4.2,-0.6
1790100691600,53.6487932,-3.0074919,3.13,342,4.5,-0.2
1790100691700,53.6487904,-3.0074915,3.12,342,4.5,-0.9
1790100691800,53.6487960,-3.0074863,3.06,342,5.2,-0.6
1790100691900,53.6487944,-3.0074881,3.15,342,5.1,-0.4
1790100692000,53.6487935,-3.0074891,3.20,342,6.5,-0.7
1790100692100,53.6487988,-3.0074885,3.19,342,6.1,-0.5
1790100692200,53.6487953,-3.0075016,3.14,342,6.4,-0.8
1790100692300,53.6488012,-3.0074950,3.17,342,6.5,-1.1
1790100692400,53.6488008,-3.0075008,3.22,342,7.0,-0.7
1790100692500,53.6487961,-3.0075027,3.17,342,6.7,-0.8
1790100692600,53.6488061,-3.0074927,3.19,342,7.2,-1.4
1790100692700,53.6488002,-3.0074932,3.26,342,6.8,-1.4
1790100692800,53.6488062,-3.0075029,3.17,342,7.1,-1.4
1790100692900,53.6488018,-3.0075072,3.19,342,7.5,-0.8
1790100693000,53.6488089,-3.0075102,3.27,342,8.0,-1.5
1790100693100,53.6488074,-3.0075040,3.31,342,8.2,-1.1
1790100693200,53.6488089,-3.0075120,3.38,342,8.7,-1.3
1790100693300,53.6488089,-3.0075135,3.27,342,7.9,-1.6
1790100693400,53.6488107,-3.0075049,3.43,342,8.5,-1.1
1790100693500,53.6488113,-3.0075136,3.40,342,9.4,-1.1
1790100693600,53.6488176,-3.0075036,3.52,342,9.2,-1.4
1790100693700,53.6488165,-3.0075020,3.47,342,8.7,-1.8
1790100693800,53.6488188,-3.0075171,3.39,342,9.0,-1.9
1790100693900,53.6488176,-3.0075032,3.39,342,10.2,-1.9
1790100694000,53.6488189,-3.0075048,3.58,342,9.2,-1.4
1790100694100,53.6488290,-3.0075184,3.53,342,10.3,-2.0
1790100694200,53.6488231,-3.0075141,3.43,342,10.8,-1.9
1790100694300,53.6488287,-3.0075207,3.55,342,10.4,-1.8
1790100694400,53.6488277,-3.0075214,3.55,342,9.8,-1.6
1790100694500,53.6488269,-3.0075222,3.57,342,10.9,-2.2
1790100694600,53.6488290,-3.0075189,3.59,342,10.8,-1.9
1790100694700,53.6488388,-3.0075149,3.58,342,10.4,-1.6
1790100694800,53.6488318,-3.0075158,3.75,342,11.3,-2.2
1790100694900,53.6488405,-3.0075178,3.58,342,11.1,-2.2
1790100695000,53.6488438,-3.0075240,3.78,342,11.6,-1.8
1790100695100,53.6488392,-3.0075138,3.68,342,10.9,-1.7
1790100695200,53.6488441,-3.0075233,3.75,342,12.3,-2.0
1790100695300,53.6488442,-3.0075205,3.64,342,12.3,-1.9
1790100695400,53.6488485,-3.0075165,3.81,342,11.8,-2.4
1790100695500,53.6488526,-3.0075332,3.85,342,12.7,-2.2
1790100695600,53.6488542,-3.0075291,3.88,342,12.1,-2.4
1790100695700,53.6488482,-3.0075187,3.88,342,11.9,-1.8
1790100695800,53.6488539,-3.0075201,3.82,342,12.8,-2.1
1790100695900,53.6488535,-3.0075228,3.85,342,12.0,-2.4
1790100696000,53.6488609,-3.0075366,3.92,342,12.7,-2.3
1790100696100,53.6488602,-3.0075230,3.87,342,12.7,-2.1
1790100696200,53.6488575,-3.0075287,3.88,342,11.8,-1.8
1790100696300,53.6488599,-3.0075290,3.70,342,12.0,-2.4
1790100696400,53.6488617,-3.0075266,3.85,342,12.7,-1.8
1790100696500,53.6488685,-3.0075408,3.92,342,12.0,-2.0
1790100696600,53.6488649,-3.0075307,3.81,342,11.8,-2.1
1790100696700,53.6488724,-3.0075391,3.77,342,12.6,-1.9
1790100696800,53.6488733,-3.0075315,3.73,342,11.8,-2.3
1790100696900,53.6488725,-3.0075453,3.85,342,12.1,-1.9
1790100697000,53.6488758,-3.0075380,3.84,342,11.8,-2.1
1790100697100,53.6488766,-3.0075389,3.75,342,13.0,-1.7
1790100697200,53.6488799,-3.0075380,3.88,342,12.6,-2.2
1790100697300,53.6488762,-3.0075369,3.78,342,12.5,-1.7
1790100697400,53.6488765,-3.0075381,3.88,342,11.7,-1.9
1790100697500,53.6488795,-3.0075352,3.88,342,11.6,-1.9
1790100697600,53.6488839,-3.0075477,3.83,342,11.9,-2.2
1790100697700,53.6488835,-3.0075391,3.70,342,12.8,-1.8
1790100697800,53.6488874,-3.0075481,3.78,342,11.8,-1.9
1790100697900,53.6488886,-3.0075432,3.87,342,12.6,-2.2
1790100698000,53.6488946,-3.0075452,3.88,342,12.5,-2.0
1790100698100,53.6488889,-3.0075480,3.85,342,12.7,-1.6
1790100698200,53.6488890,-3.0075487,3.79,342,11.9,-2.0
1790100698300,53.6488896,-3.0075548,3.66,342,12.4,-1.9
1790100698400,53.6488964,-3.0075472,3.87,342,11.3,-1.3
1790100698500,53.6488995,-3.0075591,3.64,342,11.7,-2.0
1790100698600,53.6488962,-3.0075541,3.81,342,11.2,-1.2
1790100698700,53.6489040,-3.0075568,3.74,342,11.2,-1.6
1790100698800,53.6489055,-3.0075542,3.81,342,11.5,-1.7
1790100698900,53.6489059,-3.0075527,3.80,342,11.2,-1.2
1790100699000,53.6489096,-3.0075638,3.67,342,11.0,-1.6
1790100699100,53.6489051,-3.0075519,3.74,342,11.4,-1.2
1790100699200,53.6489104,-3.0075535,3.80,342,11.8,-1.5
1790100699300,53.6489158,-3.0075632,3.69,342,11.8,-1.6
1790100699400,53.6489167,-3.0075675,3.70,342,11.2,-1.0
1790100699500,53.6489145,-3.0075612,3.62,342,10.8,-1.4
1790100699600,53.6489206,-3.0075629,3.59,342,11.6,-1.3
1790100699700,53.6489131,-3.0075575,3.66,342,11.8,-0.7
1790100699800,53.6489143,-3.0075703,3.76,342,11.6,-1.1
1790100699900,53.6489240,-3.0075654,3.61,342,10.3,-0.5
1790100700000,53.6489262,-3.0075595,3.63,342,10.1,-0.9
1790100700100,53.6489226,-3.0075726,3.67,342,10.4,-0.9
1790100700200,53.6489272,-3.0075635,3.58,342,11.0,-1.1
1790100700300,53.6489317,-3.0075629,3.63,342,10.3,-0.5
1790100700400,53.6489283,-3.0075724,3.79,342,11.0,-0.4
1790100700500,53.6489341,-3.0075766,3.67,342,10.3,-0.8
1790100700600,53.6489295,-3.0075773,3.78,342,11.1,-0.4
1790100700700,53.6489351,-3.0075662,3.70,342,9.8,-0.7
1790100700800,53.6489395,-3.0075781,3.72,342,10.0,-0.2
1790100700900,53.6489395,-3.0075665,3.76,342,9.7,-0.4
1790100701000,53.6489382,-3.0075683,3.75,342,9.4,-0.7
1790100701100,53.6489350,-3.0075823,3.74,342,10.7,-0.1
1790100701200,53.6489431,-3.0075781,3.77,342,10.3,-0.3
1790100701300,53.6489487,-3.0075858,3.57,342,9.8,-0.4
1790100701400,53.6489440,-3.0075825,3.60,342,10.4,-0.4
1790100701500,53.6489473,-3.0075761,3.57,342,10.3,-0.5
1790100701600,53.6489478,-3.0075746,3.71,342,9.4,0.1
1790100701700,53.6489479,-3.0075887,3.59,342,9.0,-0.4
1790100701800,53.6489508,-3.0075880,3.57,342,8.8,-0.1
1790100701900,53.6489519,-3.0075756,3.61,342,9.9,-0.3
1790100702000,53.6489581,-3.0075852,3.71,342,9.0,0.2
1790100702100,53.6489571,-3.0075801,3.60,342,8.9,-0.1
1790100702200,53.6489527,-3.0075800,3.55,342,9.7,0.2
1790100702300,53.6489618,-3.0075896,3.58,342,9.2,0.0
1790100702400,53.6489623,-3.0075942,3.72,342,9.0,-0.0
1790100702500,53.6489658,-3.0075926,3.75,342,8.3,-0.1
1790100702600,53.6489597,-3.0075924,3.59,342,9.1,-0.0
1790100702700,53.6489625,-3.0075948,3.74,342,9.2,0.4
1790100702800,53.6489621,-3.0075852,3.74,342,8.6,0.6
1790100702900,53.6489696,-3.0075881,3.55,342,8.8,0.5
1790100703000,53.6489708,-3.0075859,3.57,342,8.0,0.0
1790100703100,53.6489680,-3.0075872,3.56,342,8.7,-0.1
1790100703200,53.6489685,-3.0076004,3.56,342,8.4,-0.1
1790100703300,53.6489787,-3.0075928,3.67,342,8.9,0.1
1790100703400,53.6489795,-3.0076041,3.58,342,8.5,0.3
1790100703500,53.6489802,-3.0075956,3.57,342,8.2,-0.0
1790100703600,53.6489830,-3.0075948,3.65,342,8.6,-0.2
1790100703700,53.6489818,-3.0076037,3.67,342,8.8,0.1
1790100703800,53.6489883,-3.0075928,3.66,342,8.7,0.5
1790100703900,53.6489857,-3.0076051,3.55,342,8.6,0.5
1790100704000,53.6489813,-3.0075929,3.64,342,8.4,-0.1
1790100704100,53.6489906,-3.0076070,3.59,342,7.5,0.2
1790100704200,53.6489907,-3.0076062,3.68,342,7.1,0.5
1790100704300,53.6489926,-3.0076092,3.57,342,8.4,-0.1
1790100704400,53.6489925,-3.0075963,3.71,342,7.6,-0.1
1790100704500,53.6489926,-3.0076095,3.67,342,7.6,-0.2
1790100704600,53.6489972,-3.0076019,3.66,342,7.0,-0.3
1790100704700,53.6489972,-3.0076016,3.49,342,7.3,0.0
1790100704800,53.6489975,-3.0076024,3.60,342,8.1,0.2
1790100704900,53.6489982,-3.0076138,3.55,342,7.7,-0.2
1790100705000,53.6490056,-3.0076084,3.63,342,7.5,-0.1
1790100705100,53.6490014,-3.0076035,3.66,342,7.8,-0.1
1790100705200,53.6490044,-3.0076114,3.64,342,8.2,-0.0
1790100705300,53.6490041,-3.0076157,3.51,342,6.9,-0.5
1790100705400,53.6490134,-3.0076080,3.48,342,6.9,-0.4
1790100705500,53.6490132,-3.0076094,3.61,342,7.1,-0.0
1790100705600,53.6490146,-3.0076091,3.56,342,7.6,-0.2
1790100705700,53.6490159,-3.0076083,3.61,342,7.1,-0.5
1790100705800,53.6490140,-3.0076246,3.47,342,7.6,-0.6
1790100705900,53.6490164,-3.0076180,3.60,342,7.0,-0.6
1790100706000,53.6490142,-3.0076184,3.52,342,6.8,-0.8
1790100706100,53.6490204,-3.0076162,3.70,342,7.0,-0.6
1790100706200,53.6490221,-3.0076137,3.68,342,6.9,-1.0
1790100706300,53.6490219,-3.0076146,3.52,342,7.0,-0.9
1790100706400,53.6490271,-3.0076245,3.64,342,7.2,-0.5
1790100706500,53.6490304,-3.0076226,3.63,342,8.2,-1.1
1790100706600,53.6490300,-3.0076319,3.52,342,7.4,-0.5
1790100706700,53.6490283,-3.0076302,3.65,342,7.1,-0.7
1790100706800,53.6490271,-3.0076325,3.70,342,8.2,-1.3
1790100706900,53.6490333,-3.0076317,3.60,342,7.5,-1.1
1790100707000,53.6490294,-3.0076274,3.53,342,8.2,-1.0
1790100707100,53.6490318,-3.0076362,3.67,342,8.1,-1.1
1790100707200,53.6490384,-3.0076205,3.51,342,8.3,-1.5
1790100707300,53.6490374,-3.0076265,3.63,342,8.1,-1.1
1790100707400,53.6490408,-3.0076227,3.64,342,7.2,-1.6
1790100707500,53.6490407,-3.0076246,3.53,342,7.1,-1.0
1790100707600,53.6490402,-3.0076299,3.54,342,7.3,-1.2
1790100707700,53.6490437,-3.0076405,3.52,342,8.0,-1.6
1790100707800,53.6490448,-3.0076374,3.63,342,7.4,-1.5
1790100707900,53.6490474,-3.0076385,3.57,342,7.6,-1.8
1790100708000,53.6490475,-3.0076289,3.69,342,8.1,-1.9
1790100708100,53.6490478,-3.0076394,3.53,342,8.7,-1.3
1790100708200,53.6490574,-3.0076419,3.46,342,8.2,-2.0
1790100708300,53.6490567,-3.0076305,3.67,342,8.7,-2.0
1790100708400,53.6490588,-3.0076318,3.49,342,8.4,-1.9
1790100708500,53.6490617,-3.0076321,3.67,342,8.8,-1.9
1790100708600,53.6490538,-3.0076366,3.62,342,8.3,-2.0
1790100708700,53.6490558,-3.0076411,3.67,342,8.4,-1.6
1790100708800,53.6490576,-3.0076363,3.56,342,8.1,-1.7
1790100708900,53.6490585,-3.0076386,3.62,342,8.8,-2.1
1790100709000,53.6490636,-3.0076360,3.66,342,8.1,-2.1
1790100709100,53.6490697,-3.0076532,3.70,342,9.1,-2.0
1790100709200,53.6490640,-3.0076542,3.67,342,8.8,-1.7
1790100709300,53.6490661,-3.0076450,3.69,342,8.6,-2.2
1790100709400,53.6490739,-3.0076408,3.58,342,8.2,-2.1
1790100709500,53.6490759,-3.0076566,3.53,342,8.6,-2.4
1790100709600,53.6490801,-3.0076567,3.55,342,8.7,-2.0
1790100709700,53.6490756,-3.0076568,3.55,342,8.7,-2.0
1790100709800,53.6490779,-3.0076515,3.67,342,9.2,-2.0
1790100709900,53.6490822,-3.0076453,3.62,342,9.9,-2.2
1790100710000,53.6490778,-3.0076499,3.66,342,9.8,-2.1
1790100710100,53.6490832,-3.0076467,3.59,342,9.6,-2.2
1790100710200,53.6490872,-3.0076598,3.68,342,9.8,-1.9
1790100710300,53.6490855,-3.0076580,3.58,342,8.9,-1.9
1790100710400,53.6490838,-3.0076516,3.62,342,10.4,-2.0
1790100710500,53.6490914,-3.0076600,3.53,342,10.3,-2.6
1790100710600,53.6490866,-3.0076519,3.59,342,9.2,-2.1
1790100710700,53.6490947,-3.0076637,3.62,342,9.2,-2.5
1790100710800,53.6490926,-3.0076558,3.49,342,9.5,-2.6
1790100710900,53.6490926,-3.0076593,3.50,342,10.2,-2.4
1790100711000,53.6490995,-3.0076663,3.65,342,10.7,-1.9
1790100711100,53.6491035,-3.0076656,3.66,342,10.6,-1.8
1790100711200,53.6491044,-3.0076696,3.57,342,11.0,-2.0
1790100711300,53.6491021,-3.0076649,3.53,342,10.3,-1.8
1790100711400,53.6491080,-3.0076690,3.64,342,10.9,-2.4
1790100711500,53.6491047,-3.0076713,3.64,342,10.5,-2.0
1790100711600,53.6491094,-3.0076765,3.61,342,10.4,-1.8
1790100711700,53.6491046,-3.0076753,3.56,342,10.6,-1.9
1790100711800,53.6491092,-3.0076634,3.51,342,11.1,-1.7
1790100711900,53.6491074,-3.0076767,3.58,342,10.9,-2.4
1790100712000,53.6491176,-3.0076761,3.70,342,10.4,-1.9
1790100712100,53.6491110,-3.0076685,3.59,342,10.6,-2.2
1790100712200,53.6491178,-3.0076718,3.54,342,10.5,-1.8
1790100712300,53.6491131,-3.0076768,3.60,342,11.6,-1.8
1790100712400,53.6491161,-3.0076719,3.74,342,11.6,-1.9
1790100712500,53.6491223,-3.0076754,3.50,342,12.0,-1.8
1790100712600,53.6491176,-3.0076714,3.58,342,11.0,-2.2
1790100712700,53.6491189,-3.0076734,3.70,342,10.8,-2.0
1790100712800,53.6491296,-3.0076728,3.54,342,12.1,-2.1
1790100712900,53.6491312,-3.0076791,3.67,342,12.0,-1.3
1790100713000,53.6491314,-3.0076766,3.67,342,11.1,-1.5
1790100713100,53.6491310,-3.0076858,3.68,342,11.3,-1.5
1790100713200,53.6491284,-3.0076848,3.61,342,12.1,-1.3
1790100713300,53.6491377,-3.0076776,3.71,342,12.1,-1.5
1790100713400,53.6491392,-3.0076865,3.72,342,11.4,-1.8
1790100713500,53.6491412,-3.0076856,3.62,342,11.3,-1.7
1790100713600,53.6491401,-3.0076930,3.56,342,11.8,-1.5
1790100713700,53.6491379,-3.0076866,3.63,342,12.5,-1.5
1790100713800,53.6491407,-3.0076783,3.55,342,12.4,-1.2
1790100713900,53.6491470,-3.0076859,3.59,342,12.5,-1.4
1790100714000,53.6491500,-3.0076866,3.55,342,11.8,-1.1
1790100714100,53.6491497,-3.0076963,3.60,342,12.3,-1.2
1790100714200,53.6491477,-3.0076850,3.73,342,12.5,-0.8
1790100714300,53.6491529,-3.0076825,3.60,342,12.8,-1.3
1790100714400,53.6491548,-3.0076994,3.51,342,13.0,-1.2
1790100714500,53.6491549,-3.0076968,3.54,342,13.1,-1.0
1790100714600,53.6491513,-3.0076938,3.66,342,12.0,-0.6
1790100714700,53.6491510,-3.0076874,3.68,342,11.9,-0.6
1790100714800,53.6491626,-3.0076873,3.76,342,12.6,-0.8
1790100714900,53.6491637,-3.0076908,3.56,342,12.1,-1.0
1790100715000,53.6491620,-3.0077001,3.69,342,12.8,-0.3
1790100715100,53.6491621,-3.0076947,3.55,342,12.8,-0.3
1790100715200,53.6491591,-3.0076964,3.68,342,13.1,-0.5
1790100715300,53.6491653,-3.0076958,3.53,342,12.7,-0.1
1790100715400,53.6491712,-3.0077020,3.55,342,13.1,-0.7
1790100715500,53.6491662,-3.0076976,3.74,342,12.7,-0.3
1790100715600,53.6491701,-3.0076967,3.53,342,12.6,-0.7
1790100715700,53.6491733,-3.0077096,3.67,342,12.6,0.0
1790100715800,53.6491768,-3.0076975,3.56,342,12.2,-0.4
1790100715900,53.6491696,-3.0077108,3.58,342,13.0,-0.5
1790100716000,53.6491720,-3.0077008,3.69,342,12.6,-0.1
1790100716100,53.6491787,-3.0076981,3.69,342,12.3,-0.4
1790100716200,53.6491808,-3.0077136,3.65,342,11.8,-0.4
1790100716300,53.6491807,-3.0077131,3.58,342,11.9,-0.1
1790100716400,53.6491859,-3.0077119,3.76,342,12.0,0.1
1790100716500,53.6491833,-3.0077134,3.67,342,12.8,0.1
1790100716600,53.6491891,-3.0077192,3.72,342,12.0,-0.1
1790100716700,53.6491859,-3.0077056,3.78,342,11.9,0.1
1790100716800,53.6491845,-3.0077145,3.62,342,12.9,-0.0
1790100716900,53.6491937,-3.0077141,3.70,342,11.6,0.2
1790100717000,53.6491955,-3.0077182,3.74,342,12.8,0.1
1790100717100,53.6491971,-3.0077162,3.73,342,12.0,-0.2
1790100717200,53.6491963,-3.0077159,3.75,342,11.9,0.2
1790100717300,53.6491981,-3.0077115,3.78,342,12.9,0.3
1790100717400,53.6491996,-3.0077255,3.63,342,12.5,0.0
1790100717500,53.6492023,-3.0077279,3.60,342,12.0,0.2
1790100717600,53.6492039,-3.0077195,3.58,342,11.7,-0.1
1790100717700,53.6492002,-3.0077139,3.73,342,12.6,0.5
1790100717800,53.6492009,-3.0077296,3.71,342,11.2,-0.0
1790100717900,53.6492039,-3.0077215,3.70,342,11.7,0.4
1790100718000,53.6492133,-3.0077171,3.73,342,11.2,0.3
1790100718100,53.6492129,-3.0077195,3.71,342,12.1,0.2
1790100718200,53.6492146,-3.0077285,3.60,342,12.3,0.3
1790100718300,53.6492176,-3.0077316,3.80,342,11.4,0.2
1790100718400,53.6492171,-3.0077347,3.73,342,11.5,0.5
1790100718500,53.6492128,-3.0077325,3.83,342,11.9,0.2
1790100718600,53.6492164,-3.0077338,3.69,342,10.8,-0.3
1790100718700,53.6492190,-3.0077309,3.79,342,12.1,0.2
1790100718800,53.6492243,-3.0077315,3.72,342,11.6,0.1
1790100718900,53.6492244,-3.0077262,3.85,342,11.9,0.1
1790100719000,53.6492237,-3.0077292,3.68,342,11.2,0.4
1790100719100,53.6492243,-3.0077341,3.79,342,11.4,0.3
1790100719200,53.6492240,-3.0077296,3.76,342,10.5,-0.3
1790100719300,53.6492305,-3.0077437,3.87,342,11.3,0.2
1790100719400,53.6492293,-3.0077406,3.80,342,10.2,0.2
1790100719500,53.6492297,-3.0077377,3.83,342,10.4,0.2
1790100719600,53.6492377,-3.0077323,3.70,342,10.2,0.2
1790100719700,53.6492363,-3.0077414,3.65,342,10.5,-0.0
1790100719800,53.6492336,-3.0077378,3.83,342,10.9,-0.2
1790100719900,53.6492418,-3.0077416,3.81,342,10.0,-0.0
1790100720000,53.6492414,-3.0077495,3.82,342,10.0,0.1
1790100720100,53.6492406,-3.0077373,3.73,342,10.7,0.1
1790100720200,53.6492413,-3.0077526,3.70,342,10.7,-0.2
1790100720300,53.6492464,-3.0077456,3.69,342,11.0,-0.8
1790100720400,53.6492439,-3.0077366,3.85,342,10.5,-0.6
1790100720500,53.6492535,-3.0077416,3.75,342,9.8,-0.3
1790100720600,53.6492484,-3.0077518,3.75,342,9.8,-0.8
1790100720700,53.6492547,-3.0077423,3.83,342,9.2,-0.5
1790100720800,53.6492556,-3.0077566,3.78,342,9.3,-0.7
1790100720900,53.6492524,-3.0077414,3.78,342,9.1,-0.6
1790100721000,53.6492541,-3.0077509,3.90,342,9.9,-0.8
1790100721100,53.6492653,-3.0077494,3.89,342,9.6,-0.8
1790100721200,53.6492632,-3.0077526,3.89,342,9.3,-0.8
1790100721300,53.6492657,-3.0077604,3.70,342,10.1,-0.9
1790100721400,53.6492654,-3.0077493,3.81,342,9.8,-1.4
1790100721500,53.6492644,-3.0077501,3.76,342,9.5,-1.2
1790100721600,53.6492706,-3.0077525,3.75,342,9.9,-0.9
1790100721700,53.6492742,-3.0077512,3.76,342,9.2,-1.2
1790100721800,53.6492738,-3.0077502,3.86,342,9.5,-1.0
1790100721900,53.6492741,-3.0077628,3.75,342,8.8,-0.9
1790100722000,53.6492765,-3.0077610,3.77,342,8.9,-1.6
1790100722100,53.6492803,-3.0077603,3.86,342,8.1,-1.5
1790100722200,53.6492808,-3.0077592,3.75,342,8.4,-1.4
1790100722300,53.6492828,-3.0077655,3.94,342,8.4,-1.6
1790100722400,53.6492790,-3.0077666,3.90,342,8.3,-1.4
1790100722500,53.6492843,-3.0077563,3.90,342,8.3,-1.9
1790100722600,53.6492825,-3.0077671,3.79,342,8.7,-1.9
1790100722700,53.6492881,-3.0077708,3.82,342,8.6,-1.8
1790100722800,53.6492847,-3.0077668,3.93,342,8.4,-1.6
1790100722900,53.6492923,-3.0077679,3.74,342,7.9,-1.7
1790100723000,53.6492948,-3.0077681,3.83,342,8.6,-1.4
1790100723100,53.6492925,-3.0077774,3.84,342,8.8,-1.9
1790100723200,53.6492940,-3.0077642,3.93,342,7.9,-1.5
1790100723300,53.6492936,-3.0077716,3.84,342,8.8,-2.2
1790100723400,53.6493025,-3.0077710,3.93,342,7.7,-1.6
1790100723500,53.6493026,-3.0077759,3.93,342,8.5,-1.6
1790100723600,53.6493038,-3.0077766,3.86,342,8.2,-2.3
1790100723700,53.6493072,-3.0077747,3.79,342,8.0,-2.3
1790100723800,53.6493052,-3.0077691,3.96,342,7.9,-1.7
1790100723900,53.6493026,-3.0077717,3.84,342,7.4,-2.3
1790100724000,53.6493061,-3.0077738,3.90,342,7.3,-2.1
1790100724100,53.6493072,-3.0077847,3.83,342,7.1,-1.8
1790100724200,53.6493081,-3.0077782,3.87,342,7.3,-2.0
1790100724300,53.6493112,-3.0077766,3.80,342,8.2,-2.0
1790100724400,53.6493197,-3.0077814,3.89,342,8.1,-2.0
1790100724500,53.6493209,-3.0077820,3.86,342,7.2,-2.3
1790100724600,53.6493160,-3.0077850,3.86,342,8.3,-2.0
1790100724700,53.6493229,-3.0077860,3.99,342,7.5,-1.9
1790100724800,53.6493188,-3.0077873,3.94,342,8.0,-2.4
1790100724900,53.6493261,-3.0077859,3.94,342,7.7,-2.2
1790100725000,53.6493276,-3.0077918,3.84,342,6.9,-2.1
1790100725100,53.6493269,-3.0077925,3.99,342,7.7,-2.5
1790100725200,53.6493268,-3.0077890,4.03,342,7.3,-2.0
1790100725300,53.6493320,-3.0077895,3.99,342,7.9,-2.3
1790100725400,53.6493342,-3.0077987,4.00,342,8.1,-1.9
1790100725500,53.6493337,-3.0077945,3.95,342,8.2,-1.8
1790100725600,53.6493337,-3.0077942,4.04,342,7.7,-1.9
1790100725700,53.6493371,-3.0077999,3.84,342,7.7,-2.0
1790100725800,53.6493428,-3.0077955,4.06,342,7.9,-2.3
1790100725900,53.6493422,-3.0078045,3.97,342,6.8,-2.3
1790100726000,53.6493413,-3.0077952,4.05,342,7.4,-2.1
1790100726100,53.6493426,-3.0078068,3.85,342,7.5,-2.0
1790100726200,53.6493438,-3.0078059,3.84,342,7.2,-2.0
1790100726300,53.6493496,-3.0078076,3.88,342,7.6,-1.7
1790100726400,53.6493490,-3.0077983,3.93,342,7.0,-1.7
1790100726500,53.6493528,-3.0078008,4.04,342,7.8,-2.2
1790100726600,53.6493494,-3.0078045,3.97,342,8.4,-1.8
1790100726700,53.6493531,-3.0078074,4.00,342,8.0,-1.7
1790100726800,53.6493616,-3.0078116,4.00,342,8.4,-2.0
1790100726900,53.6493634,-3.0077983,3.93,342,7.5,-1.9
1790100727000,53.6493630,-3.0078091,4.07,342,8.0,-1.6
1790100727100,53.6493651,-3.0078006,3.85,342,8.5,-1.8
1790100727200,53.6493645,-3.0078085,3.99,342,7.3,-2.0
1790100727300,53.6493662,-3.0078078,3.97,342,7.9,-2.0
1790100727400,53.6493651,-3.0078189,4.00,342,8.0,-1.8
1790100727500,53.6493728,-3.0078204,3.90,342,7.9,-1.3
1790100727600,53.6493740,-3.0078196,3.88,342,8.8,-1.9
1790100727700,53.6493722,-3.0078060,3.93,342,8.5,-1.1
1790100727800,53.6493752,-3.0078106,3.98,342,8.6,-1.2
1790100727900,53.6493797,-3.0078219,4.00,342,8.8,-1.7
1790100728000,53.6493838,-3.0078226,3.93,342,8.1,-1.6
1790100728100,53.6493778,-3.0078223,3.99,342,9.1,-1.2
1790100728200,53.6493809,-3.0078140,4.02,342,8.2,-1.0
1790100728300,53.6493882,-3.0078261,4.11,342,8.0,-1.0
1790100728400,53.6493828,-3.0078183,3.98,342,9.2,-0.9
1790100728500,53.6493878,-3.0078156,4.07,342,8.8,-0.8
1790100728600,53.6493892,-3.0078262,4.02,342,8.6,-0.9
1790100728700,53.6493931,-3.0078297,4.05,342,9.3,-1.3
1790100728800,53.6493968,-3.0078164,3.98,342,8.7,-1.0
1790100728900,53.6493966,-3.0078273,4.02,342,9.4,-1.2
1790100729000,53.6493964,-3.0078298,4.06,342,9.5,-0.6
1790100729100,53.6493992,-3.0078331,3.96,342,9.2,-0.5
1790100729200,53.6494021,-3.0078277,3.99,342,9.8,-1.0
1790100729300,53.6493963,-3.0078332,4.13,342,9.2,-0.8
1790100729400,53.6494003,-3.0078379,4.06,342,9.4,-0.6
1790100729500,53.6494094,-3.0078310,4.05,342,8.7,-0.6
1790100729600,53.6494077,-3.0078399,4.16,342,9.8,-0.9
1790100729700,53.6494122,-3.0078299,3.95,342,9.6,-0.4
1790100729800,53.6494074,-3.0078430,4.05,342,9.5,-0.2
1790100729900,53.6494136,-3.0078372,4.02,342,9.7,-0.5
1790100730000,53.6494167,-3.0078379,4.05,342,9.4,-0.6
1790100730100,53.6494106,-3.0078334,3.96,342,9.7,-0.5
1790100730200,53.6494229,-3.0078395,4.05,342,9.2,-0.2
1790100730300,53.6494145,-3.0078342,3.94,342,9.9,0.1
1790100730400,53.6494211,-3.0078427,4.00,342,10.3,-0.1
1790100730500,53.6494226,-3.0078448,4.02,342,10.1,-0.1
1790100730600,53.6494270,-3.0078400,3.99,342,9.9,-0.3
1790100730700,53.6494265,-3.0078359,4.14,342,10.8,-0.1
1790100730800,53.6494271,-3.0078448,3.95,342,11.1,0.3
1790100730900,53.6494267,-3.0078420,4.09,342,10.1,0.0
1790100731000,53.6494311,-3.0078457,4.09,342,10.6,-0.3
1790100731100,53.6494386,-3.0078379,4.09,342,10.4,-0.1
1790100731200,53.6494314,-3.0078521,3.99,342,10.4,-0.3
1790100731300,53.6494365,-3.0078490,3.96,342,11.4,0.2
1790100731400,53.6494412,-3.0078415,4.19,342,10.8,-0.0
1790100731500,53.6494384,-3.0078475,4.00,342,10.7,0.3
1790100731600,53.6494380,-3.0078601,3.98,342,10.7,0.2
1790100731700,53.6494428,-3.0078499,4.10,342,11.8,0.0
1790100731800,53.6494429,-3.0078538,4.17,342,11.6,0.2
1790100731900,53.6494426,-3.0078580,4.06,342,10.6,0.2
1790100732000,53.6494527,-3.0078573,4.20,342,11.2,0.1
1790100732100,53.6494482,-3.0078480,4.10,342,11.7,0.2
1790100732200,53.6494479,-3.0078608,4.04,342,11.4,0.3
1790100732300,53.6494577,-3.0078618,4.02,342,11.6,0.3
1790100732400,53.6494594,-3.0078650,4.00,342,11.9,0.1
1790100732500,53.6494537,-3.0078603,4.13,342,12.2,0.4
1790100732600,53.6494657,-3.0078704,4.18,342,12.4,0.0
1790100732700,53.6494590,-3.0078593,4.14,342,11.8,0.4
1790100732800,53.6494688,-3.0078583,4.05,342,11.6,0.3
1790100732900,53.6494662,-3.0078598,4.22,342,12.4,0.4
1790100733000,53.6494724,-3.0078720,4.02,342,12.5,0.0
1790100733100,53.6494717,-3.0078638,4.06,342,11.2,0.4
1790100733200,53.6494688,-3.0078711,4.10,342,12.5,0.5
1790100733300,53.6494735,-3.0078618,4.13,342,12.1,0.2
1790100733400,53.6494699,-3.0078726,4.08,342,12.3,0.1
1790100733500,53.6494715,-3.0078666,4.11,342,12.8,0.4
1790100733600,53.6494760,-3.0078679,4.03,342,11.7,0.1
1790100733700,53.6494801,-3.0078736,4.03,342,12.5,-0.3
1790100733800,53.6494858,-3.0078728,4.07,342,12.5,-0.2
1790100733900,53.6494890,-3.0078683,4.00,342,13.0,-0.0
1790100734000,53.6494805,-3.0078763,4.14,342,12.8,-0.1
1790100734100,53.6494909,-3.0078697,4.23,342,11.9,-0.1
1790100734200,53.6494936,-3.0078833,4.14,342,12.5,-0.2
1790100734300,53.6494918,-3.0078722,4.15,342,12.4,-0.3
1790100734400,53.6494975,-3.0078744,4.19,342,12.7,-0.3
1790100734500,53.6494937,-3.0078731,4.00,342,12.9,-0.6
1790100734600,53.6494920,-3.0078855,4.15,342,12.1,0.0
1790100734700,53.6494971,-3.0078864,3.99,342,12.0,-0.3
1790100734800,53.6495046,-3.0078779,4.06,342,13.1,-0.2
1790100734900,53.6495049,-3.0078883,4.15,342,12.6,-0.4
1790100735000,53.6495066,-3.0078813,4.10,342,13.1,-0.8
1790100735100,53.6495024,-3.0078776,4.20,342,13.2,-0.7
1790100735200,53.6495113,-3.0078860,4.01,342,12.4,-0.9
1790100735300,53.6495042,-3.0078848,4.16,342,12.2,-0.9
1790100735400,53.6495122,-3.0078814,4.08,342,12.9,-0.6
1790100735500,53.6495173,-3.0078845,4.03,342,12.4,-0.7
1790100735600,53.6495098,-3.0078989,4.18,342,12.1,-0.5
1790100735700,53.6495126,-3.0078873,4.17,342,12.6,-1.0
1790100735800,53.6495147,-3.0078853,4.09,342,12.7,-0.7
1790100735900,53.6495221,-3.0079004,4.12,342,12.6,-0.7
1790100736000,53.6495195,-3.0078908,4.10,342,12.2,-0.7
1790100736100,53.6495234,-3.0079020,4.00,342,12.8,-0.9
1790100736200,53.6495275,-3.0079057,4.09,342,11.8,-1.3
1790100736300,53.6495256,-3.0078959,4.05,342,12.4,-1.6
1790100736400,53.6495333,-3.0079023,4.12,342,12.8,-1.3
1790100736500,53.6495268,-3.0078992,4.17,342,13.0,-0.9
1790100736600,53.6495358,-3.0079052,4.17,342,12.9,-1.5
1790100736700,53.6495292,-3.0079040,4.11,342,12.5,-1.1
1790100736800,53.6495352,-3.0079096,4.15,342,11.9,-1.6
1790100736900,53.6495402,-3.0078994,4.21,342,12.2,-1.4
1790100737000,53.6495448,-3.0079108,4.15,342,12.4,-1.7
1790100737100,53.6495460,-3.0079001,4.13,342,12.1,-1.7
1790100737200,53.6495488,-3.0079031,4.22,342,11.9,-1.3
1790100737300,53.6495440,-3.0079124,4.15,342,12.0,-2.1
1790100737400,53.6495405,-3.0079112,5.78,258,-5.2,-0.5
1790100737500,53.6495407,-3.0079165,5.75,258,-5.7,0.1
1790100737600,53.6495438,-3.0079153,5.71,258,-5.9,-0.5
1790100737700,53.6495403,-3.0079218,5.66,258,-6.0,-0.7
1790100737800,53.6495372,-3.0079324,5.65,258,-4.9,-0.5
1790100737900,53.6495410,-3.0079394,5.79,258,-6.1,-0.3
1790100738000,53.6495368,-3.0079476,5.68,258,-5.6,-0.4
1790100738100,53.6495362,-3.0079379,5.75,258,-5.2,-0.2
1790100738200,53.6495456,-3.0079504,5.70,258,-4.9,-0.8
1790100738300,53.6495385,-3.0079572,5.91,258,-6.4,-0.5
1790100738400,53.6495394,-3.0079569,5.82,258,-5.9,-0.8
1790100738500,53.6495340,-3.0079659,5.81,258,-6.0,-0.9
1790100738600,53.6495364,-3.0079656,5.87,258,-6.0,-0.4
1790100738700,53.6495338,-3.0079680,5.63,258,-5.4,-0.8
1790100738800,53.6495326,-3.0079824,5.62,258,-6.0,-0.5
1790100738900,53.6495385,-3.0079810,5.77,258,-6.6,-0.4
1790100739000,53.6495307,-3.0079854,5.88,258,-6.8,-0.9
1790100739100,53.6495342,-3.0079911,5.67,258,-6.6,-0.7
1790100739200,53.6495311,-3.0079843,5.91,258,-5.9,-0.5
1790100739300,53.6495369,-3.0080012,5.69,258,-6.0,-0.9
1790100739400,53.6495377,-3.0079919,5.93,258,-7.1,-0.9
1790100739500,53.6495346,-3.0079999,5.93,258,-6.0,-0.7
1790100739600,53.6495312,-3.0080134,5.80,258,-6.2,-0.4
1790100739700,53.6495325,-3.0080055,5.93,258,-6.2,-0.4
1790100739800,53.6495366,-3.0080143,5.91,258,-7.1,-0.5
1790100739900,53.6495335,-3.0080228,5.78,258,-7.1,-0.5
1790100740000,53.6495345,-3.0080303,5.66,258,-6.8,-0.7
1790100740100,53.6495325,-3.0080319,5.79,258,-6.4,-0.6
1790100740200,53.6495270,-3.0080429,5.81,258,-6.6,-0.7
1790100740300,53.6495256,-3.0080371,5.65,258,-7.7,-0.8
1790100740400,53.6495326,-3.0080464,5.85,258,-7.8,-0.8
1790100740500,53.6495243,-3.0080538,5.91,258,-6.9,-0.5
1790100740600,53.6495284,-3.0080506,5.76,258,-7.7,-0.8
1790100740700,53.6495288,-3.0080533,5.89,258,-8.2,-0.4
1790100740800,53.6495223,-3.0080673,5.87,258,-7.7,-0.9
1790100740900,53.6495243,-3.0080596,5.79,258,-7.9,-0.3
1790100741000,53.6495230,-3.0080776,5.64,258,-7.0,-0.5
1790100741100,53.6495260,-3.0080730,5.64,258,-7.2,-0.2
1790100741200,53.6495267,-3.0080835,5.85,258,-8.5,-0.2
1790100741300,53.6495215,-3.0080855,5.59,258,-7.5,-0.0
1790100741400,53.6495263,-3.0080907,5.65,258,-7.3,-0.7
1790100741500,53.6495176,-3.0080880,5.61,258,-8.1,-0.1
1790100741600,53.6495245,-3.0080890,5.68,258,-7.8,-0.3
1790100741700,53.6495158,-3.0080978,5.62,258,-8.3,-0.1
1790100741800,53.6495174,-3.0081143,5.87,258,-8.1,-0.4
1790100741900,53.6495221,-3.0081096,5.64,258,-7.7,-0.4
1790100742000,53.6495229,-3.0081106,5.59,258,-8.8,-0.2
1790100742100,53.6495232,-3.0081179,5.71,258,-8.6,-0.3
1790100742200,53.6495225,-3.0081210,5.87,258,-9.1,0.1
1790100742300,53.6495172,-3.0081307,5.89,258,-8.0,-0.3
1790100742400,53.6495182,-3.0081377,5.85,258,-9.1,0.5
1790100742500,53.6495177,-3.0081367,5.87,258,-8.5,0.0
1790100742600,53.6495179,-3.0081467,5.60,258,-9.5,0.6
1790100742700,53.6495156,-3.0081529,5.77,258,-9.4,0.3
1790100742800,53.6495188,-3.0081457,5.76,258,-8.6,0.5
1790100742900,53.6495179,-3.0081613,5.78,258,-9.4,0.8
1790100743000,53.6495111,-3.0081607,5.75,258,-9.0,0.1
1790100743100,53.6495122,-3.0081585,5.78,258,-9.3,0.5
1790100743200,53.6495113,-3.0081622,5.79,258,-8.5,0.8
1790100743300,53.6495111,-3.0081770,5.80,258,-9.0,0.8
1790100743400,53.6495067,-3.0081786,5.52,258,-9.3,0.9
1790100743500,53.6495074,-3.0081766,5.55,258,-9.6,0.7
1790100743600,53.6495098,-3.0081762,5.76,258,-9.1,0.8
1790100743700,53.6495109,-3.0081923,5.61,258,-9.9,1.2
1790100743800,53.6495039,-3.0082004,5.61,258,-8.7,1.0
1790100743900,53.6495078,-3.0082050,5.71,258,-9.0,1.2
1790100744000,53.6495031,-3.0082083,5.56,258,-9.7,0.6
1790100744100,53.6495086,-3.0082073,5.64,258,-9.5,0.6
1790100744200,53.6495075,-3.0082110,5.56,258,-9.5,1.2
1790100744300,53.6495027,-3.0082202,5.57,258,-9.1,0.9
1790100744400,53.6495035,-3.0082155,5.53,258,-9.1,1.3
1790100744500,53.6495000,-3.0082240,5.54,258,-9.3,1.2
1790100744600,53.6495085,-3.0082357,5.61,258,-9.8,1.1
1790100744700,53.6495092,-3.0082267,5.78,258,-9.4,1.5
1790100744800,53.6495059,-3.0082392,5.57,258,-9.3,1.0
1790100744900,53.6494991,-3.0082410,5.60,258,-10.0,1.0
1790100745000,53.6494988,-3.0082484,5.65,258,-9.8,1.7
1790100745100,53.6495019,-3.0082539,5.51,258,-9.1,1.7
1790100745200,53.6494990,-3.0082581,5.71,258,-9.6,1.7
1790100745300,53.6495026,-3.0082595,5.73,258,-9.0,1.4
1790100745400,53.6494980,-3.0082599,5.62,258,-9.4,1.8
1790100745500,53.6495012,-3.0082684,5.64,258,-9.1,1.5
1790100745600,53.6495039,-3.0082652,5.54,258,-9.0,1.7
1790100745700,53.6494969,-3.0082810,5.56,258,-9.8,1.8
1790100745800,53.6495020,-3.0082827,5.70,258,-10.0,1.6
1790100745900,53.6495016,-3.0082868,5.63,258,-9.5,1.7
1790100746000,53.6494965,-3.0082802,5.60,258,-9.0,2.0
1790100746100,53.6494969,-3.0082859,5.75,258,-8.7,2.0
1790100746200,53.6494960,-3.0083037,5.46,258,-8.9,1.7
1790100746300,53.6494914,-3.0083022,5.57,258,-9.4,1.5
1790100746400,53.6494977,-3.0083031,5.55,258,-8.8,1.8
1790100746500,53.6494948,-3.0083012,5.48,258,-9.1,1.7
1790100746600,53.6494901,-3.0083137,5.49,258,-8.7,1.3
1790100746700,53.6494956,-3.0083142,5.55,258,-8.9,2.1
1790100746800,53.6494879,-3.0083125,5.48,258,-9.4,1.9
1790100746900,53.6494943,-3.0083225,5.42,258,-8.6,1.7
1790100747000,53.6494903,-3.0083252,5.70,258,-8.5,1.3
1790100747100,53.6494942,-3.0083364,5.43,258,-9.0,1.9
1790100747200,53.6494956,-3.0083348,5.44,258,-9.4,1.7
1790100747300,53.6494909,-3.0083479,5.60,258,-8.8,1.9
1790100747400,53.6494869,-3.0083403,5.48,258,-8.7,1.4
1790100747500,53.6494893,-3.0083588,5.71,258,-8.8,1.4
1790100747600,53.6494881,-3.0083496,5.61,258,-8.4,1.3
1790100747700,53.6494891,-3.0083594,5.53,258,-9.0,1.7
1790100747800,53.6494916,-3.0083652,5.60,258,-8.2,1.8
1790100747900,53.6494879,-3.0083649,5.48,258,-8.1,1.8
1790100748000,53.6494911,-3.0083714,5.46,258,-8.3,1.7
1790100748100,53.6494832,-3.0083725,5.57,258,-7.6,1.2
1790100748200,53.6494836,-3.0083858,5.61,258,-8.1,1.7
1790100748300,53.6494804,-3.0083865,5.47,258,-8.6,1.7
1790100748400,53.6494870,-3.0083910,5.60,258,-7.7,1.1
1790100748500,53.6494794,-3.0084021,5.59,258,-8.7,1.3
1790100748600,53.6494864,-3.0083888,5.49,258,-8.0,1.7
1790100748700,53.6494830,-3.0083998,5.48,258,-8.5,1.1
1790100748800,53.6494811,-3.0083967,5.40,258,-8.1,1.2
1790100748900,53.6494802,-3.0084110,5.44,258,-8.0,1.1
1790100749000,53.6494761,-3.0084171,5.36,258,-7.9,0.8
1790100749100,53.6494776,-3.0084198,5.46,258,-7.5,1.5
1790100749200,53.6494822,-3.0084291,5.37,258,-8.1,1.2
1790100749300,53.6494788,-3.0084174,5.36,258,-7.7,1.4
1790100749400,53.6494770,-3.0084308,5.57,258,-7.9,0.8
1790100749500,53.6494833,-3.0084429,5.57,258,-6.9,1.2
1790100749600,53.6494738,-3.0084322,5.61,258,-6.7,0.9
1790100749700,53.6494798,-3.0084491,5.59,258,-7.1,0.6
1790100749800,53.6494794,-3.0084540,5.38,258,-6.9,0.8
1790100749900,53.6494805,-3.0084587,5.46,258,-7.0,0.8
1790100750000,53.6494783,-3.0084590,5.43,258,-6.8,0.9
1790100750100,53.6494767,-3.0084651,5.29,258,-7.4,0.4
1790100750200,53.6494762,-3.0084706,5.44,258,-6.5,0.7
1790100750300,53.6494723,-3.0084696,5.62,258,-6.0,0.2
1790100750400,53.6494756,-3.0084679,5.35,258,-6.2,0.6
1790100750500,53.6494695,-3.0084682,5.51,258,-6.4,0.7
1790100750600,53.6494751,-3.0084803,5.59,258,-6.3,0.7
1790100750700,53.6494741,-3.0084762,5.36,258,-5.6,0.6
1790100750800,53.6494665,-3.0084894,5.48,258,-5.9,0.5
1790100750900,53.6494685,-3.0084930,5.26,258,-5.5,0.6
1790100751000,53.6494658,-3.0084921,5.39,258,-5.4,0.4
1790100751100,53.6494692,-3.0085007,5.50,258,-6.1,0.3
1790100751200,53.6494712,-3.0085115,5.45,258,-5.5,0.0
1790100751300,53.6494742,-3.0085028,5.40,258,-5.6,0.3
1790100751400,53.6494734,-3.0085225,5.35,258,-5.7,0.1
1790100751500,53.6494682,-3.0085258,5.52,258,-5.6,-0.1
1790100751600,53.6494700,-3.0085255,5.52,258,-5.9,-0.5
1790100751700,53.6494618,-3.0085202,5.37,258,-6.1,-0.2
1790100751800,53.6494642,-3.0085375,5.24,258,-5.7,-0.1
1790100751900,53.6494656,-3.0085352,5.35,258,-6.0,-0.6
1790100752000,53.6494654,-3.0085406,5.44,258,-5.7,-0.6
1790100752100,53.6494612,-3.0085340,5.43,258,-5.0,-0.2
1790100752200,53.6494654,-3.0085548,5.30,258,-4.7,-0.0
1790100752300,53.6494654,-3.0085522,5.40,258,-5.6,-0.3
1790100752400,53.6494658,-3.0085547,5.34,258,-5.0,-0.7
1790100752500,53.6494678,-3.0085578,5.35,258,-5.6,-0.7
1790100752600,53.6494654,-3.0085563,5.30,258,-4.9,-0.2
1790100752700,53.6494657,-3.0085641,5.30,258,-5.0,-0.6
1790100752800,53.6494593,-3.0085683,5.48,258,-5.4,-0.8
1790100752900,53.6494603,-3.0085782,5.30,258,-5.0,-0.5
1790100753000,53.6494653,-3.0085724,5.22,258,-5.5,-0.9
1790100753100,53.6494640,-3.0085913,5.39,258,-5.2,-0.3
1790100753200,53.6494571,-3.0085949,5.19,258,-5.4,-0.5
1790100753300,53.6494554,-3.0085970,5.17,258,-5.0,-1.0
1790100753400,53.6494530,-3.0085953,5.43,258,-4.4,-0.9
1790100753500,53.6494558,-3.0086076,5.45,258,-4.9,-0.9
1790100753600,53.6494622,-3.0085949,5.27,258,-4.4,-1.0
1790100753700,53.6494532,-3.0086069,5.18,258,-5.0,-0.4
1790100753800,53.6494509,-3.0086194,5.25,258,-4.4,-0.5
1790100753900,53.6494552,-3.0086109,5.34,258,-5.1,-0.9
1790100754000,53.6494597,-3.0086265,5.28,258,-4.0,-0.3
1790100754100,53.6494556,-3.0086172,5.21,258,-4.3,-0.5
1790100754200,53.6494562,-3.0086190,5.34,258,-5.2,-1.1
1790100754300,53.6494487,-3.0086232,5.32,258,-4.0,-0.5
1790100754400,53.6494499,-3.0086396,5.34,258,-4.8,-1.0
1790100754500,53.6494517,-3.0086429,5.19,258,-4.0,-0.8
1790100754600,53.6494487,-3.0086524,5.27,258,-3.8,-0.3
1790100754700,53.6494547,-3.0086530,5.14,258,-4.3,-0.7
1790100754800,53.6494553,-3.0086445,5.29,258,-4.6,-0.8
1790100754900,53.6494500,-3.0086468,5.43,258,-3.8,-0.6
1790100755000,53.6494510,-3.0086578,5.26,258,-4.1,-0.7
1790100755100,53.6494465,-3.0086592,5.34,258,-3.8,-0.4
1790100755200,53.6494448,-3.0086605,5.26,258,-3.8,-0.9
1790100755300,53.6494445,-3.0086739,5.40,258,-4.0,-0.5
1790100755400,53.6494458,-3.0086778,5.32,258,-4.8,-0.2
1790100755500,53.6494473,-3.0086717,5.24,258,-4.8,-0.7
1790100755600,53.6494425,-3.0086767,5.37,258,-4.3,-0.0
1790100755700,53.6494472,-3.0086849,5.30,258,-5.3,-0.3
1790100755800,53.6494409,-3.0086912,5.30,258,-4.7,-0.1
1790100755900,53.6494496,-3.0086906,5.12,258,-4.2,-0.2
1790100756000,53.6494423,-3.0087000,5.20,258,-4.7,0.1
1790100756100,53.6494454,-3.0087098,5.23,258,-4.3,0.1
1790100756200,53.6494395,-3.0087130,5.06,258,-4.7,-0.4
1790100756300,53.6494457,-3.0087123,5.07,258,-5.6,-0.1
1790100756400,53.6494394,-3.0087106,5.01,258,-4.8,0.2
1790100756500,53.6494375,-3.0087218,5.09,258,-4.4,0.2
1790100756600,53.6494427,-3.0087146,5.27,258,-5.3,-0.2
1790100756700,53.6494394,-3.0087240,5.15,258,-4.8,0.3
1790100756800,53.6494357,-3.0087317,5.28,258,-4.4,0.4
1790100756900,53.6494436,-3.0087419,5.29,258,-5.5,0.4
1790100757000,53.6494393,-3.0087477,5.19,258,-5.5,-0.2
1790100757100,53.6494340,-3.0087370,5.25,258,-5.5,0.6
1790100757200,53.6494432,-3.0087417,5.29,258,-4.9,0.1
1790100757300,53.6494399,-3.0087497,5.30,258,-5.3,0.5
1790100757400,53.6494403,-3.0087477,5.30,258,-5.8,0.7
1790100757500,53.6494415,-3.0087568,5.30,258,-5.2,0.2
1790100757600,53.6494351,-3.0087664,5.19,258,-5.3,0.2
1790100757700,53.6494343,-3.0087646,5.23,258,-6.2,0.7
1790100757800,53.6494344,-3.0087682,5.11,258,-5.0,0.4
1790100757900,53.6494303,-3.0087815,5.15,258,-5.1,0.5
1790100758000,53.6494336,-3.0087769,5.11,258,-5.8,0.7
1790100758100,53.6494355,-3.0087804,5.03,258,-6.1,1.0
1790100758200,53.6494287,-3.0087910,5.00,258,-5.7,0.5
1790100758300,53.6494346,-3.0087844,5.04,258,-5.9,0.7
